Activity Date,Activity Name,distance_miles,duration_min,pace_min_per_mile,avg_hr,max_hr,csv_distance_miles,csv_duration_min,csv_pace,csv_avg_hr,csv_max_hr,csv_elevation_gain,csv_calories,fit_distance_miles,fit_duration_min,fit_pace,fit_avg_hr,fit_max_hr,fit_min_hr,fit_zone1_pct,fit_zone2_pct,fit_zone3_pct,fit_zone4_pct,fit_zone5_pct,fit_elevation_gain_m,fit_elevation_loss_m,fit_avg_cadence,fit_pace_variability,is_long_run,is_tempo,is_speed_work,is_easy,is_marathon,is_bonked
"May 18, 2026, 11:26:39 PM",Evening Run,6.04,56.63,9.38,145.8,160,6.04,56.63,9.38,146.0,160.0,73.0,589.0,6.04,56.63,9.38,145.8,160,76,0.6,1.3,83.7,14.3,0.0,0,0,187.3,,False,False,False,True,False,False
"May 18, 2026, 12:00:31 AM",Evening Run,5.2,44.73,8.6,154.6,164,5.2,44.73,8.6,155.0,164.0,37.0,495.0,5.2,44.73,8.6,154.6,164,76,0.9,1.5,10.8,86.8,0.0,0,0,188.2,,False,False,False,False,False,False
"May 15, 2026, 4:26:16 PM",Lunch Run,6.41,60.0,9.35,145.3,165,6.41,59.5,9.28,145.0,165.0,62.0,592.0,6.41,60.0,9.35,145.3,165,86,0.9,0.9,90.3,7.8,0.0,0,0,187.4,,False,False,False,True,False,False
"May 14, 2026, 9:44:32 PM",Afternoon Run,5.17,47.12,9.11,144.5,157,5.17,47.12,9.11,145.0,157.0,42.0,487.0,5.17,47.12,9.11,144.5,157,82,0.7,1.7,95.8,1.8,0.0,0,0,188.3,,False,False,False,True,False,False
"May 13, 2026, 10:40:38 PM",Evening Run,5.16,51.45,9.96,144.7,171,5.16,48.32,9.36,145.0,171.0,100.0,476.0,5.16,51.45,9.96,144.7,171,62,2.0,2.6,71.9,23.1,0.3,0,0,183.7,,False,False,False,True,False,False
"May 12, 2026, 9:55:42 PM",Afternoon Run,7.28,68.07,9.35,145.9,153,7.28,66.73,9.17,146.0,153.0,26.0,669.0,7.28,68.07,9.35,145.9,153,65,0.9,3.4,93.5,2.2,0.0,0,0,188.4,,False,False,False,True,False,False
"May 11, 2026, 1:27:14 PM",Morning Run,6.34,57.78,9.12,151.8,161,6.34,57.78,9.11,152.0,161.0,60.0,612.0,6.34,57.78,9.12,151.8,161,84,0.8,0.7,31.3,67.2,0.0,0,0,185.5,,False,False,False,True,False,False
"May 11, 2026, 12:23:41 AM",Evening Run,3.49,29.55,8.47,153.4,164,3.49,29.55,8.47,153.0,164.0,29.0,326.0,3.49,29.55,8.47,153.4,164,90,1.0,0.8,24.5,73.7,0.0,0,0,190.1,,False,False,False,False,False,False
"May 8, 2026, 4:32:49 PM",Lunch Run,6.38,60.42,9.47,145.1,157,6.38,60.42,9.47,145.0,157.0,65.0,594.0,6.38,60.42,9.47,145.1,157,67,1.0,2.3,91.3,5.5,0.0,0,0,184.2,,False,False,False,True,False,False
"May 7, 2026, 9:36:20 PM",Afternoon Run,5.28,48.93,9.27,141.1,149,5.28,48.93,9.27,141.0,149.0,41.0,486.0,5.28,48.93,9.27,141.1,149,96,0.9,4.2,94.9,0.0,0.0,0,0,186.7,,False,False,False,True,False,False
"May 6, 2026, 10:07:21 PM",Evening Run,6.27,58.75,9.38,147.0,157,6.27,57.7,9.2,147.0,157.0,59.0,588.0,6.27,58.75,9.38,147.0,157,91,1.1,2.7,75.9,20.3,0.0,0,0,182.2,,False,False,False,True,False,False
"May 5, 2026, 10:25:04 PM",Evening Run,6.24,65.0,10.42,145.3,172,6.24,60.05,9.62,145.0,172.0,62.0,603.0,6.24,65.0,10.42,145.3,172,68,1.7,7.1,72.3,18.4,0.5,0,0,179.6,,False,False,False,True,False,False
"May 3, 2026, 4:03:48 PM",Lunch Run,5.2,51.58,9.92,148.8,162,5.2,51.58,9.92,149.0,162.0,52.0,525.0,5.2,51.58,9.92,148.8,162,77,0.7,0.7,66.1,32.4,0.0,0,0,179.3,,False,False,False,True,False,False
"May 2, 2026, 4:27:36 PM",Lunch Run,5.13,47.58,9.28,150.7,187,5.13,47.58,9.27,151.0,187.0,43.0,500.0,5.13,47.58,9.28,150.7,187,72,0.7,1.8,72.1,14.3,11.0,0,0,185.5,,False,False,False,True,False,False
"May 1, 2026, 5:19:46 PM",Afternoon Run,3.53,39.93,11.32,148.0,171,3.53,33.72,9.55,140.0,171.0,0.0,353.0,3.53,39.93,11.32,148.0,171,84,2.2,5.9,51.1,40.7,0.0,0,0,172.9,,False,False,False,True,False,False
"Apr 30, 2026, 9:29:35 PM",Afternoon Run,3.52,35.62,10.11,147.3,157,3.52,35.62,10.12,147.0,157.0,33.0,366.0,3.52,35.62,10.11,147.3,157,84,0.9,1.8,75.9,21.5,0.0,0,0,179.5,,False,False,False,True,False,False
"Apr 29, 2026, 10:10:00 PM",Evening Run,0.57,5.65,9.89,136.1,143,0.57,5.65,9.91,136.0,143.0,0.0,53.0,0.57,5.65,9.89,136.1,143,103,2.4,11.8,85.9,0.0,0.0,0,0,180.6,,False,False,False,True,False,False
"Apr 29, 2026, 9:31:48 PM",Afternoon Run,3.54,34.08,9.64,142.5,152,3.54,33.98,9.6,143.0,152.0,30.0,347.0,3.54,34.08,9.64,142.5,152,84,1.4,1.3,96.7,0.7,0.0,0,0,186.2,,False,False,False,True,False,False
"Apr 25, 2026, 9:16:05 PM",Afternoon Run,4.1,37.42,9.12,149.4,175,4.1,36.83,8.98,149.0,175.0,10.0,405.0,4.1,37.42,9.12,149.4,175,93,0.8,2.1,56.2,38.0,2.8,0,0,184.9,,False,False,False,True,False,False
"Apr 19, 2026, 5:36:26 PM",Afternoon Run,4.73,49.97,10.56,146.1,165,4.73,46.47,9.82,146.0,165.0,67.0,495.0,4.73,49.97,10.56,146.1,165,91,1.3,14.1,39.0,45.6,0.0,0,0,173.4,,False,False,False,True,False,False
"Apr 12, 2026, 4:17:12 AM",Night Run,2.55,30.15,11.82,,,2.55,30.15,11.82,,,67.7,316.0,,,,,,,,,,,,,,,,False,False,False,True,False,False
"Apr 11, 2026, 12:00:40 PM",Morning Run,60.34,970.97,16.09,139.0,171,60.34,970.45,16.08,141.0,171.0,3277.0,6760.0,60.34,970.97,16.09,139.0,171,74,5.4,24.7,51.1,18.8,0.0,0,0,148.0,,True,False,False,True,False,False
"Apr 6, 2026, 4:19:13 PM",Lunch Run,6.22,54.37,8.75,153.9,183,6.22,53.13,8.54,154.0,183.0,122.0,616.0,6.22,54.37,8.75,153.9,183,90,0.5,1.0,50.1,36.4,12.0,0,0,186.2,,False,False,False,False,False,False
"Apr 4, 2026, 6:27:40 PM",Afternoon Run,7.25,68.0,9.37,143.9,159,7.25,68.0,9.38,144.0,159.0,119.0,725.0,7.25,68.0,9.37,143.9,159,81,0.6,1.7,85.8,11.9,0.0,0,0,184.9,,False,False,False,True,False,False
"Apr 3, 2026, 2:53:44 PM",Morning Run,6.05,65.47,10.82,137.6,148,6.05,58.77,9.71,135.0,148.0,0.0,578.0,6.05,65.47,10.82,137.6,148,78,0.8,10.4,88.7,0.0,0.0,0,0,177.7,,False,False,False,True,False,False
"Apr 2, 2026, 4:18:28 PM",Lunch Run,6.02,59.08,9.81,148.8,164,6.02,57.15,9.49,148.0,164.0,0.0,634.0,6.02,59.08,9.81,148.8,164,96,0.7,4.0,50.6,44.7,0.0,0,0,180.1,,False,False,False,True,False,False
"Apr 1, 2026, 4:12:27 PM",Lunch Run,7.03,85.55,12.16,144.4,159,7.03,68.63,9.76,135.0,159.0,0.0,729.0,7.03,85.55,12.16,144.4,159,82,1.1,2.9,83.6,12.3,0.0,0,0,176.0,,False,False,False,True,False,False
"Mar 31, 2026, 3:42:30 PM",Lunch Run,7.03,69.17,9.83,156.1,178,7.03,66.53,9.46,155.0,178.0,0.0,774.0,7.03,69.17,9.83,156.1,178,75,0.8,6.3,20.8,61.3,10.7,0,0,177.8,,False,False,False,True,False,False
"Mar 30, 2026, 11:00:06 PM",Evening Run,3.52,34.27,9.75,149.1,168,3.52,34.27,9.74,149.0,168.0,0.0,386.0,3.52,34.27,9.75,149.1,168,82,0.9,1.9,54.7,42.5,0.0,0,0,179.9,,False,False,False,True,False,False
"Mar 21, 2026, 2:38:51 PM",Morning Run,6.03,51.02,8.45,151.1,164,6.03,51.02,8.46,151.0,164.0,0.0,573.0,6.03,51.02,8.45,151.1,164,98,0.9,1.4,48.6,49.1,0.0,0,0,182.2,,False,False,False,False,False,False
"Mar 18, 2026, 9:56:20 PM",Afternoon Run,8.02,79.78,9.94,148.9,168,8.02,74.98,9.35,147.0,168.0,0.0,809.0,8.02,79.78,9.94,148.9,168,82,1.6,9.2,43.1,46.1,0.0,0,0,179.0,,False,False,False,True,False,False
"Mar 17, 2026, 10:36:40 PM",Evening Run,4.08,40.75,10.0,137.4,166,4.08,38.78,9.5,136.0,166.0,0.0,394.0,4.08,40.75,10.0,137.4,166,92,2.2,31.9,48.6,17.2,0.0,0,0,181.9,,False,False,False,True,False,False
"Mar 17, 2026, 1:39:05 AM",Night Run,3.13,30.7,9.82,143.0,156,3.13,29.57,9.45,142.0,156.0,0.0,317.0,3.13,30.7,9.82,143.0,156,89,1.0,16.0,66.4,16.6,0.0,0,0,180.3,,False,False,False,True,False,False
"Mar 14, 2026, 8:09:51 PM",Afternoon Run,7.15,70.47,9.85,144.0,159,7.15,70.08,9.8,144.0,159.0,279.0,729.0,7.15,70.47,9.85,144.0,159,96,0.5,3.8,86.2,9.5,0.0,0,0,183.3,,False,False,False,True,False,False
"Mar 13, 2026, 9:39:52 PM",Afternoon Run,3.02,29.5,9.76,133.1,143,3.02,28.77,9.53,133.0,143.0,0.0,286.0,3.02,29.5,9.76,133.1,143,83,3.1,29.2,67.7,0.0,0.0,0,0,179.8,,False,False,False,True,False,False
"Mar 12, 2026, 12:15:40 AM",Evening Run,10.08,92.47,9.17,141.3,150,10.08,92.47,9.17,141.0,150.0,326.0,949.0,10.08,92.47,9.17,141.3,150,112,0.1,1.0,98.9,0.0,0.0,0,0,186.2,,False,False,False,True,False,False
"Mar 11, 2026, 7:41:38 PM",Afternoon Run,10.04,98.82,9.84,142.3,155,10.04,97.83,9.74,142.0,155.0,404.0,998.0,10.04,98.82,9.84,142.3,155,101,0.4,4.2,90.8,4.5,0.0,0,0,182.3,,False,False,False,True,False,False
"Mar 11, 2026, 12:28:25 AM",Evening Run,15.04,142.57,9.48,149.6,160,15.04,136.98,9.11,150.0,160.0,396.0,1458.0,15.04,142.57,9.48,149.6,160,100,0.2,1.2,62.4,36.2,0.0,0,0,185.2,,True,False,False,True,False,False
"Mar 10, 2026, 9:34:43 PM",Afternoon Run,10.03,97.07,9.68,155.0,168,10.03,95.45,9.52,155.0,168.0,394.0,1045.0,10.03,97.07,9.68,155.0,168,100,0.5,0.8,15.5,83.2,0.0,0,0,183.2,,False,False,False,True,False,False
"Mar 8, 2026, 9:28:34 PM",Afternoon Run,6.28,62.07,9.89,147.2,158,6.28,59.58,9.49,147.0,158.0,167.0,643.0,6.28,62.07,9.89,147.2,158,86,0.6,4.0,67.7,27.7,0.0,0,0,183.4,,False,False,False,True,False,False
"Mar 8, 2026, 2:46:15 AM",Night Run,10.1,91.88,9.09,144.4,152,10.1,90.73,8.98,144.0,152.0,296.0,990.0,10.1,91.88,9.09,144.4,152,107,0.3,0.9,98.7,0.1,0.0,0,0,184.7,,False,False,False,True,False,False
"Mar 7, 2026, 5:22:43 PM",Lunch Run,10.04,98.53,9.81,147.1,166,10.04,97.38,9.7,147.0,166.0,284.0,1008.0,10.04,98.53,9.81,147.1,166,96,1.7,7.0,52.9,38.5,0.0,0,0,179.1,,False,False,False,True,False,False
"Mar 6, 2026, 7:20:41 PM",Afternoon Run,10.15,100.38,9.89,153.2,166,10.15,98.3,9.68,153.0,166.0,400.0,1055.0,10.15,100.38,9.89,153.2,166,105,0.4,0.8,33.9,64.9,0.0,0,0,183.7,,False,False,False,True,False,False
"Mar 4, 2026, 8:06:21 PM",Afternoon Run,10.16,112.83,11.11,145.5,164,10.16,99.52,9.8,146.0,164.0,390.0,1041.0,10.16,112.83,11.11,145.5,164,92,0.7,6.4,68.9,24.0,0.0,0,0,181.1,,False,False,False,True,False,False
"Mar 3, 2026, 9:59:16 PM",Afternoon Run,7.1,65.18,9.18,140.7,153,7.1,65.18,9.18,141.0,153.0,130.0,671.0,7.1,65.18,9.18,140.7,153,77,0.9,3.7,93.6,1.8,0.0,0,0,188.9,,False,False,False,True,False,False
"Feb 28, 2026, 8:40:10 PM",Afternoon Run,7.13,65.63,9.21,135.9,149,7.13,65.15,9.14,136.0,149.0,136.0,680.0,7.13,65.63,9.21,135.9,149,93,0.9,26.6,72.4,0.0,0.0,0,0,188.7,,False,False,False,True,False,False
"Feb 27, 2026, 7:10:26 PM",Afternoon Run,10.07,94.3,9.37,144.6,157,10.07,92.67,9.2,145.0,157.0,260.0,987.0,10.07,94.3,9.37,144.6,157,100,0.5,3.4,84.2,11.9,0.0,0,0,185.3,,False,False,False,True,False,False
"Feb 26, 2026, 8:07:21 PM",Afternoon Run,10.15,95.95,9.45,140.9,153,10.15,91.88,9.05,141.0,153.0,214.0,960.0,10.15,95.95,9.45,140.9,153,80,0.6,2.8,96.2,0.5,0.0,0,0,188.9,,False,False,False,True,False,False
"Feb 25, 2026, 7:20:30 PM",Afternoon Run,10.02,102.38,10.22,152.6,167,10.02,99.1,9.89,153.0,167.0,348.0,1043.0,10.02,102.38,10.22,152.6,167,105,0.4,3.1,34.4,62.1,0.0,0,0,182.5,,False,False,False,True,False,False
"Feb 24, 2026, 8:47:30 PM",Afternoon Run,7.03,66.63,9.48,150.2,163,7.03,65.72,9.35,150.0,163.0,215.0,732.0,7.03,66.63,9.48,150.2,163,97,0.6,5.3,45.2,49.0,0.0,0,0,183.6,,False,False,False,True,False,False
"Feb 22, 2026, 9:20:49 PM",Afternoon Run,10.08,95.97,9.52,150.8,163,10.08,95.97,9.52,151.0,163.0,300.0,1031.0,10.08,95.97,9.52,150.8,163,102,0.3,1.0,48.7,50.0,0.0,0,0,184.0,,False,False,False,True,False,False
"Feb 21, 2026, 8:32:36 PM",Afternoon Run,10.03,100.97,10.06,142.1,157,10.03,98.02,9.77,142.0,157.0,303.0,981.0,10.03,100.97,10.06,142.1,157,84,1.2,7.5,77.7,13.6,0.0,0,0,187.2,,False,False,False,True,False,False
"Feb 20, 2026, 7:17:23 PM",Afternoon Run,9.97,95.97,9.62,146.6,163,9.97,94.45,9.47,147.0,163.0,322.0,971.0,9.97,95.97,9.62,146.6,163,94,0.6,4.0,62.6,32.9,0.0,0,0,184.9,,False,False,False,True,False,False
"Feb 18, 2026, 9:48:31 PM",Afternoon Run,7.34,68.05,9.27,138.9,152,7.34,66.87,9.11,139.0,152.0,118.0,705.0,7.34,68.05,9.27,138.9,152,87,0.7,11.9,87.1,0.2,0.0,0,0,189.8,,False,False,False,True,False,False
"Feb 17, 2026, 7:10:15 PM",Afternoon Run,10.04,93.27,9.29,151.8,165,10.04,90.75,9.04,152.0,165.0,253.0,1005.0,10.04,93.27,9.29,151.8,165,100,0.2,1.2,43.1,55.5,0.0,0,0,186.2,,False,False,False,True,False,False
"Feb 15, 2026, 4:42:37 PM",Lunch Run,20.31,196.3,9.66,151.2,168,20.31,179.27,8.83,151.0,168.0,469.0,2026.0,20.31,196.3,9.66,151.2,168,78,0.3,1.1,46.9,51.7,0.0,0,0,187.2,,True,False,False,True,False,False
"Feb 14, 2026, 3:17:29 PM",Morning Run,15.39,167.17,10.86,138.3,162,15.39,155.77,10.12,138.0,162.0,364.0,1483.0,15.39,167.17,10.86,138.3,162,81,2.4,18.5,73.2,5.9,0.0,0,0,180.7,,True,False,False,True,False,False
"Feb 14, 2026, 12:04:53 AM",Evening Run,3.02,30.07,9.94,139.8,157,3.02,27.05,8.96,135.0,157.0,0.0,253.0,3.02,30.07,9.94,139.8,157,89,2.8,6.6,86.3,4.3,0.0,0,0,179.5,,False,False,False,True,False,False
"Feb 13, 2026, 4:28:54 PM",Lunch Run,7.12,72.23,10.14,140.5,148,7.12,63.15,8.87,134.0,148.0,0.0,655.0,7.12,72.23,10.14,140.5,148,74,1.2,2.3,96.5,0.0,0.0,0,0,181.8,,False,False,False,True,False,False
"Feb 12, 2026, 3:20:00 PM",Morning Run,10.03,94.73,9.44,146.3,162,10.03,94.73,9.44,146.0,162.0,327.0,978.0,10.03,94.73,9.44,146.3,162,81,0.9,1.8,64.1,33.2,0.0,0,0,187.5,,False,False,False,True,False,False
"Feb 10, 2026, 2:06:06 PM",Morning Run,10.22,88.75,8.68,150.0,160,10.22,88.75,8.68,150.0,160.0,156.0,1020.0,10.22,88.75,8.68,150.0,160,85,0.3,0.6,66.3,32.8,0.0,0,0,189.0,,False,False,False,False,False,False
"Feb 8, 2026, 2:48:32 PM",Morning Run,17.35,162.12,9.34,151.2,164,17.35,158.25,9.12,151.0,164.0,272.0,1797.0,17.35,162.12,9.34,151.2,164,85,0.2,1.0,51.4,47.5,0.0,0,0,187.5,,True,False,False,True,False,False
"Feb 7, 2026, 4:25:50 PM",Lunch Run,3.14,26.3,8.37,148.8,175,3.14,26.3,8.38,149.0,175.0,0.0,299.0,3.14,26.3,8.37,148.8,175,95,1.1,2.5,63.7,29.6,3.1,0,0,181.8,,False,False,False,False,False,False
"Feb 6, 2026, 2:32:03 PM",Morning Run,10.02,96.57,9.64,154.2,167,10.02,95.02,9.48,154.0,167.0,211.0,1067.0,10.02,96.57,9.64,154.2,167,86,0.2,1.3,26.4,72.0,0.0,0,0,184.9,,False,False,False,True,False,False
"Feb 5, 2026, 8:17:10 PM",Afternoon Run,9.43,87.83,9.31,152.1,166,9.43,84.55,8.97,152.0,166.0,121.0,975.0,9.43,87.83,9.31,152.1,166,82,0.3,1.4,35.9,62.3,0.0,0,0,187.8,,False,False,False,True,False,False
"Feb 4, 2026, 10:03:35 PM",Afternoon Run,4.91,43.12,8.78,147.7,157,4.91,43.12,8.78,148.0,157.0,58.0,497.0,4.91,43.12,8.78,147.7,157,69,0.7,1.1,82.8,15.4,0.0,0,0,186.9,,False,False,False,False,False,False
"Feb 4, 2026, 1:59:53 PM",Morning Run,7.04,64.32,9.14,150.5,157,7.04,63.25,8.98,150.0,157.0,0.0,713.0,7.04,64.32,9.14,150.5,157,108,0.4,1.2,42.7,55.7,0.0,0,0,181.8,,False,False,False,True,False,False
"Feb 3, 2026, 10:39:41 PM",Afternoon Run,4.03,36.08,8.95,147.6,156,4.03,36.08,8.95,148.0,156.0,0.0,403.0,4.03,36.08,8.95,147.6,156,87,0.8,1.1,74.5,23.5,0.0,0,0,180.2,,False,False,False,False,False,False
"Feb 3, 2026, 3:53:03 PM",Morning Run,7.03,62.88,8.94,143.4,153,7.03,62.38,8.87,143.0,153.0,0.0,674.0,7.03,62.88,8.94,143.4,153,91,0.6,2.6,96.6,0.3,0.0,0,0,182.7,,False,False,False,False,False,False
"Feb 1, 2026, 7:11:14 PM",Afternoon Run,19.07,168.72,8.85,153.6,179,19.07,163.87,8.59,154.0,179.0,193.0,1903.0,19.07,168.72,8.85,153.6,179,81,0.3,0.6,43.8,54.0,1.3,0,0,189.2,,True,False,False,False,False,False
"Jan 30, 2026, 4:14:36 PM",Lunch Run,6.9,62.48,9.05,143.0,151,6.9,61.28,8.88,142.0,151.0,0.0,659.0,6.9,62.48,9.05,143.0,151,92,1.0,1.5,97.5,0.0,0.0,0,0,182.7,,False,False,False,True,False,False
"Jan 29, 2026, 10:44:35 PM",Afternoon Run,5.02,44.8,8.92,145.7,169,5.02,42.6,8.49,144.0,169.0,0.0,461.0,5.02,44.8,8.92,145.7,169,88,2.1,5.2,55.3,37.4,0.0,0,0,180.2,,False,False,False,False,False,False
"Jan 28, 2026, 8:40:08 PM",Afternoon Run,6.03,60.47,10.02,140.8,149,6.03,53.33,8.84,136.0,149.0,0.0,564.0,6.03,60.47,10.02,140.8,149,82,1.6,3.7,94.7,0.0,0.0,0,0,183.5,,False,False,False,True,False,False
"Jan 27, 2026, 11:19:47 PM",Evening Run,3.13,27.9,8.92,137.3,144,3.13,27.9,8.91,137.0,144.0,0.0,289.0,3.13,27.9,8.92,137.3,144,77,2.5,3.1,94.4,0.0,0.0,0,0,181.5,,False,False,False,False,False,False
"Jan 27, 2026, 2:13:16 PM",Morning Run,7.1,68.02,9.58,144.0,150,7.1,64.5,9.08,142.0,150.0,0.0,693.0,7.1,68.02,9.58,144.0,150,88,0.6,1.0,98.5,0.0,0.0,0,0,180.8,,False,False,False,True,False,False
"Jan 27, 2026, 12:12:04 AM",Evening Run,3.13,28.37,9.05,142.1,150,3.13,28.37,9.06,142.0,150.0,0.0,308.0,3.13,28.37,9.05,142.1,150,88,1.9,1.2,96.9,0.0,0.0,0,0,180.9,,False,False,False,True,False,False
"Jan 24, 2026, 8:01:54 PM",Afternoon Run,10.36,93.48,9.03,149.0,160,10.36,92.4,8.92,149.0,160.0,160.0,1049.0,10.36,93.48,9.03,149.0,160,105,0.2,0.9,69.0,29.9,0.0,0,0,187.7,,False,False,False,True,False,False
"Jan 23, 2026, 11:39:27 PM",Evening Run,4.81,45.1,9.38,143.5,155,4.81,42.63,8.86,142.0,155.0,0.0,447.0,4.81,45.1,9.38,143.5,155,87,2.4,4.9,75.7,17.1,0.0,0,0,181.4,,False,False,False,True,False,False
"Jan 23, 2026, 5:56:23 PM",Lunch Run,5.32,49.22,9.26,142.6,152,5.32,48.42,9.1,142.0,152.0,0.0,526.0,5.32,49.22,9.26,142.6,152,84,0.8,5.8,93.2,0.2,0.0,0,0,182.2,,False,False,False,True,False,False
"Jan 22, 2026, 11:58:00 PM",Evening Run,6.02,52.47,8.71,147.5,164,6.02,50.52,8.39,147.0,164.0,0.0,564.0,6.02,52.47,8.71,147.5,164,89,1.2,1.8,66.7,30.3,0.0,0,0,184.4,,False,False,False,False,False,False
"Jan 21, 2026, 11:48:05 PM",Evening Run,3.12,40.32,12.91,141.2,159,3.12,37.37,11.98,138.0,159.0,0.0,406.0,3.12,40.32,12.91,141.2,159,87,2.0,19.9,57.5,20.6,0.0,0,0,169.6,,False,False,False,True,False,False
"Jan 20, 2026, 11:18:04 PM",Evening Run,6.04,52.87,8.75,145.5,153,6.04,52.87,8.75,146.0,153.0,0.0,587.0,6.04,52.87,8.75,145.5,153,83,0.7,0.7,94.8,3.8,0.0,0,0,185.7,,False,False,False,False,False,False
"Jan 18, 2026, 6:16:43 PM",Afternoon Run,10.12,96.57,9.54,148.0,158,10.12,94.77,9.36,148.0,158.0,163.0,1057.0,10.12,96.57,9.54,148.0,158,87,0.5,1.0,69.9,28.6,0.0,0,0,185.3,,False,False,False,True,False,False
"Jan 17, 2026, 5:32:12 PM",Lunch Run,6.03,55.88,9.27,146.7,155,6.03,52.77,8.75,145.0,155.0,0.0,582.0,6.03,55.88,9.27,146.7,155,99,0.7,3.6,77.2,18.5,0.0,0,0,185.4,,False,False,False,True,False,False
"Jan 16, 2026, 6:21:29 PM",Afternoon Run,3.13,28.68,9.17,142.7,154,3.13,28.68,9.16,143.0,154.0,0.0,317.0,3.13,28.68,9.17,142.7,154,88,1.9,2.6,91.9,3.6,0.0,0,0,183.4,,False,False,False,True,False,False
"Jan 11, 2026, 1:20:13 PM",Morning Run,26.35,202.58,7.69,161.1,180,26.35,202.58,7.69,161.0,180.0,69.0,2493.0,26.35,202.58,7.69,161.1,180,114,0.0,0.2,3.9,95.0,0.9,0,0,189.3,,True,True,False,False,True,False
"Jan 9, 2026, 5:02:10 PM",Lunch Run,2.66,25.78,9.69,136.1,160,2.66,25.1,9.44,136.0,160.0,12.0,266.0,2.66,25.78,9.69,136.1,160,72,4.9,24.5,64.1,6.5,0.0,0,0,181.9,,False,False,False,True,False,False
"Jan 8, 2026, 4:39:30 PM",Morning Run,2.05,19.93,9.74,136.3,146,2.05,18.88,9.21,136.0,146.0,18.0,202.0,2.05,19.93,9.74,136.3,146,77,4.0,17.3,78.8,0.0,0.0,0,0,184.0,,False,False,False,True,False,False
"Jan 7, 2026, 2:40:32 PM",Morning Run,2.03,17.9,8.82,139.4,148,2.03,17.9,8.82,139.0,148.0,0.0,194.0,2.03,17.9,8.82,139.4,148,81,2.5,4.8,92.7,0.0,0.0,0,0,182.6,,False,False,False,False,False,False
"Jan 6, 2026, 6:02:11 PM",Afternoon Run,6.03,56.27,9.33,138.2,145,6.03,54.92,9.11,137.0,145.0,0.0,568.0,6.03,56.27,9.33,138.2,145,70,1.3,7.9,90.8,0.0,0.0,0,0,184.9,,False,False,False,True,False,False
"Jan 5, 2026, 6:45:13 PM",Afternoon Run,7.22,54.87,7.6,161.9,179,7.22,54.87,7.6,162.0,179.0,73.0,689.0,7.22,54.87,7.6,161.9,179,83,0.6,1.1,25.3,41.7,31.4,0,0,192.4,,False,True,False,False,False,False
"Jan 3, 2026, 6:10:29 PM",Afternoon Run,12.03,91.13,7.58,161.5,180,12.03,91.13,7.58,162.0,180.0,128.0,1151.0,12.03,91.13,7.58,161.5,180,79,0.3,1.0,31.4,27.4,39.8,0,0,191.4,,False,True,False,False,False,False
"Jan 1, 2026, 7:15:17 PM",Lunch Run,2.11,19.1,9.06,140.8,148,2.11,19.1,9.05,141.0,148.0,21.0,218.0,2.11,19.1,9.06,140.8,148,88,1.9,3.6,94.5,0.0,0.0,0,0,187.7,,False,False,False,True,False,False
"Dec 31, 2025, 7:42:41 PM",Lunch Run,10.14,91.7,9.05,154.5,172,10.14,82.8,8.17,155.0,172.0,55.0,982.0,10.14,91.7,9.05,154.5,172,79,0.6,1.3,25.0,72.2,0.8,0,0,190.0,,False,False,False,True,False,False
"Dec 28, 2025, 5:05:34 PM",Morning Run,16.14,131.4,8.14,155.7,176,16.14,128.78,7.98,156.0,176.0,182.0,1542.0,16.14,131.4,8.14,155.7,176,85,0.2,1.6,43.1,46.9,8.2,0,0,191.5,,True,False,False,False,False,False
"Dec 27, 2025, 6:26:29 PM",Morning Run,5.11,47.77,9.34,141.5,149,5.11,47.77,9.35,142.0,149.0,51.0,518.0,5.11,47.77,9.34,141.5,149,86,1.0,4.4,94.5,0.0,0.0,0,0,189.4,,False,False,False,True,False,False
"Dec 25, 2025, 4:01:22 PM",Morning Run,13.74,245.17,17.84,131.6,156,13.74,222.33,16.18,132.0,156.0,1427.0,1665.0,13.74,245.17,17.84,131.6,156,82,9.9,37.6,51.4,1.1,0.0,0,0,142.5,,False,False,False,True,False,False
"Dec 24, 2025, 11:25:32 PM",Afternoon Run,8.05,74.23,9.22,137.0,152,8.05,73.82,9.17,137.0,152.0,86.0,767.0,8.05,74.23,9.22,137.0,152,68,0.7,8.1,90.9,0.3,0.0,0,0,187.0,,False,False,False,True,False,False
"Dec 23, 2025, 6:18:13 PM",Afternoon Run,8.04,77.08,9.58,138.4,145,8.04,73.2,9.1,137.0,145.0,0.0,746.0,8.04,77.08,9.58,138.4,145,96,0.8,5.3,93.9,0.0,0.0,0,0,183.6,,False,False,False,True,False,False
"Dec 22, 2025, 8:46:29 PM",Afternoon Run,10.03,84.6,8.44,145.2,164,10.03,83.98,8.37,145.0,164.0,0.0,849.0,10.03,84.6,8.44,145.2,164,69,1.1,6.6,56.5,35.7,0.0,0,0,180.9,,False,False,False,False,False,False
"Dec 20, 2025, 4:36:09 PM",Lunch Run,20.1,167.03,8.31,154.1,174,20.1,160.75,8.0,154.0,174.0,226.0,1908.0,20.1,167.03,8.31,154.1,174,84,0.4,0.8,44.0,49.5,5.4,0,0,192.4,,True,False,False,False,False,False
"Dec 19, 2025, 2:36:47 PM",Morning Run,8.23,76.03,9.24,137.6,148,8.23,75.98,9.23,138.0,148.0,65.0,795.0,8.23,76.03,9.24,137.6,148,74,0.6,3.0,96.4,0.0,0.0,0,0,191.0,,False,False,False,True,False,False
"Dec 18, 2025, 2:32:17 PM",Morning Run,8.08,74.12,9.17,142.6,152,8.08,74.12,9.17,143.0,152.0,86.0,811.0,8.08,74.12,9.17,142.6,152,86,0.4,1.6,97.9,0.1,0.0,0,0,188.1,,False,False,False,True,False,False
"Dec 17, 2025, 2:27:02 PM",Morning Run,10.12,78.5,7.76,161.8,180,10.12,78.5,7.76,162.0,180.0,39.0,974.0,10.12,78.5,7.76,161.8,180,76,0.3,0.9,25.9,27.5,45.3,0,0,192.6,,False,True,False,False,False,False
"Dec 16, 2025, 2:51:11 PM",Morning Run,8.26,72.97,8.84,138.3,147,8.26,72.97,8.83,138.0,147.0,31.0,759.0,8.26,72.97,8.84,138.3,147,88,0.4,2.6,96.9,0.0,0.0,0,0,194.5,,False,False,False,False,False,False
"Dec 15, 2025, 3:55:10 PM",Morning Run,10.05,86.8,8.63,149.3,170,10.05,83.9,8.35,148.0,170.0,0.0,862.0,10.05,86.8,8.63,149.3,170,89,0.3,2.3,62.0,35.3,0.0,0,0,182.0,,False,False,False,False,False,False
"Dec 13, 2025, 4:48:45 PM",Lunch Run,10.73,99.5,9.27,140.7,148,10.73,99.5,9.27,141.0,148.0,53.0,1016.0,10.73,99.5,9.27,140.7,148,89,0.2,0.7,99.0,0.0,0.0,0,0,189.6,,False,False,False,True,False,False
"Dec 12, 2025, 4:07:21 PM",Lunch Run,18.24,147.1,8.06,156.5,176,18.24,147.1,8.06,157.0,176.0,177.0,1736.0,18.24,147.1,8.06,156.5,176,86,0.2,0.6,39.9,46.4,12.9,0,0,193.2,,True,False,False,False,False,False
"Dec 11, 2025, 2:21:59 PM",Morning Run,10.35,94.27,9.11,141.2,152,10.35,94.27,9.11,141.0,152.0,95.0,1005.0,10.35,94.27,9.11,141.2,152,90,0.3,0.5,99.1,0.1,0.0,0,0,191.9,,False,False,False,True,False,False
"Dec 10, 2025, 9:19:47 PM",Afternoon Run,10.18,82.73,8.13,151.7,165,10.18,82.73,8.13,152.0,165.0,0.0,886.0,10.18,82.73,8.13,151.7,165,97,0.3,0.8,44.0,54.9,0.0,0,0,182.7,,False,False,False,False,False,False
"Dec 9, 2025, 6:22:09 PM",Afternoon Run,9.66,92.23,9.54,147.7,158,9.66,92.23,9.55,148.0,158.0,117.0,1015.0,9.66,92.23,9.54,147.7,158,80,0.3,0.8,79.5,19.4,0.0,0,0,190.4,,False,False,False,True,False,False
"Dec 8, 2025, 5:13:18 PM",Lunch Run,10.03,86.0,8.57,152.4,174,10.03,82.2,8.2,150.0,174.0,0.0,867.0,10.03,86.0,8.57,152.4,174,87,0.8,5.8,43.2,34.1,16.2,0,0,180.1,,False,False,False,False,False,False
"Dec 6, 2025, 4:13:52 PM",Lunch Run,18.26,149.2,8.17,152.9,174,18.26,149.2,8.17,153.0,174.0,181.0,1690.0,18.26,149.2,8.17,152.9,174,79,0.2,0.4,41.0,56.4,2.0,0,0,194.9,,True,False,False,False,False,False
"Dec 5, 2025, 4:13:52 PM",Lunch Run,10.34,93.98,9.09,143.2,155,10.34,93.98,9.09,143.0,155.0,127.0,1024.0,10.34,93.98,9.09,143.2,155,79,0.3,1.0,95.4,3.3,0.0,0,0,191.0,,False,False,False,True,False,False
"Dec 4, 2025, 9:09:14 PM",Afternoon Run,10.07,91.72,9.1,145.4,157,10.07,91.72,9.11,145.0,157.0,116.0,1020.0,10.07,91.72,9.1,145.4,157,82,0.3,0.7,90.0,8.9,0.0,0,0,189.3,,False,False,False,True,False,False
"Dec 4, 2025, 12:03:30 AM",Evening Run,10.13,85.58,8.45,154.4,166,10.13,81.95,8.09,153.0,166.0,0.0,929.0,10.13,85.58,8.45,154.4,166,99,0.2,2.5,20.6,76.6,0.0,0,0,181.6,,False,False,False,False,False,False
"Dec 2, 2025, 8:49:48 PM",Afternoon Run,10.38,97.33,9.38,142.3,151,10.38,97.33,9.38,142.0,151.0,33.0,1024.0,10.38,97.33,9.38,142.3,151,66,0.3,0.9,98.8,0.0,0.0,0,0,188.8,,False,False,False,True,False,False
"Dec 1, 2025, 4:38:59 PM",Lunch Run,10.07,90.85,9.03,150.9,172,10.07,85.05,8.45,148.0,172.0,0.0,879.0,10.07,90.85,9.03,150.9,172,80,0.4,1.5,56.6,40.4,1.0,0,0,179.1,,False,False,False,True,False,False
"Nov 29, 2025, 3:30:14 PM",Morning Run,17.03,141.25,8.29,151.2,175,17.03,140.75,8.26,151.0,175.0,138.0,1602.0,17.03,141.25,8.29,151.2,175,84,0.2,0.5,48.2,48.9,2.2,0,0,192.1,,True,False,False,False,False,False
"Nov 28, 2025, 7:18:44 PM",Afternoon Run,10.04,109.48,10.91,145.2,152,10.04,93.52,9.31,138.0,152.0,0.0,993.0,10.04,109.48,10.91,145.2,152,85,0.7,1.4,97.6,0.3,0.0,0,0,184.9,,False,False,False,True,False,False
"Nov 27, 2025, 7:00:28 PM",Afternoon Run,10.17,95.75,9.42,147.6,155,10.17,95.75,9.41,148.0,155.0,162.0,1020.0,10.17,95.75,9.42,147.6,155,75,0.3,0.7,83.7,15.3,0.0,0,0,189.8,,False,False,False,True,False,False
"Nov 26, 2025, 11:09:46 PM",Evening Run,10.02,89.88,8.97,152.2,178,10.02,87.7,8.75,151.0,178.0,0.0,927.0,10.02,89.88,8.97,152.2,178,95,0.3,1.2,66.6,22.3,9.5,0,0,181.8,,False,False,False,False,False,False
"Nov 25, 2025, 10:49:32 PM",Afternoon Run,10.51,97.37,9.26,142.0,154,10.51,95.98,9.13,142.0,154.0,98.0,1017.0,10.51,97.37,9.26,142.0,154,77,0.4,1.1,98.0,0.5,0.0,0,0,188.7,,False,False,False,True,False,False
"Nov 24, 2025, 7:15:40 PM",Afternoon Run,8.7,81.15,9.33,143.2,155,8.7,76.68,8.81,143.0,155.0,125.0,838.0,8.7,81.15,9.33,143.2,155,84,0.6,4.0,92.6,2.8,0.0,0,0,191.7,,False,False,False,True,False,False
"Nov 23, 2025, 5:39:35 PM",Lunch Run,13.13,109.73,8.36,155.8,176,13.13,107.83,8.21,156.0,176.0,303.0,1235.0,13.13,109.73,8.36,155.8,176,109,0.2,1.5,36.2,52.2,9.9,0,0,192.3,,False,False,False,False,False,False
"Nov 21, 2025, 1:30:16 PM",Morning Run,16.24,142.45,8.77,150.9,177,16.24,139.9,8.61,151.0,177.0,244.0,1562.0,16.24,142.45,8.77,150.9,177,88,0.4,1.0,63.7,33.5,1.5,0,0,189.5,,True,False,False,False,False,False
"Nov 20, 2025, 8:33:27 PM",Afternoon Run,10.05,96.22,9.57,142.2,159,10.05,93.02,9.26,142.0,159.0,118.0,980.0,10.05,96.22,9.57,142.2,159,82,0.5,3.2,91.0,5.2,0.0,0,0,190.8,,False,False,False,True,False,False
"Nov 19, 2025, 7:30:08 PM",Afternoon Run,10.08,87.78,8.71,149.9,162,10.08,87.7,8.7,150.0,162.0,114.0,998.0,10.08,87.78,8.71,149.9,162,97,0.2,0.6,63.7,35.5,0.0,0,0,193.4,,False,False,False,False,False,False
"Nov 18, 2025, 5:39:09 PM",Lunch Run,11.13,93.53,8.4,152.5,173,11.13,93.53,8.4,153.0,173.0,126.0,1078.0,11.13,93.53,8.4,152.5,173,75,0.3,0.3,47.1,51.0,1.3,0,0,193.5,,False,False,False,False,False,False
"Nov 17, 2025, 3:49:18 PM",Morning Run,10.73,95.72,8.92,146.8,158,10.73,95.58,8.91,147.0,158.0,138.0,1060.0,10.73,95.72,8.92,146.8,158,77,0.4,0.7,85.5,13.5,0.0,0,0,193.6,,False,False,False,False,False,False
"Nov 16, 2025, 2:03:34 PM",Morning Run,12.57,109.82,8.74,152.6,172,12.57,109.82,8.74,153.0,172.0,163.0,1245.0,12.57,109.82,8.74,152.6,172,80,0.3,0.3,43.4,55.2,0.8,0,0,191.4,,False,False,False,False,False,False
"Nov 14, 2025, 1:39:48 PM",Morning Run,16.1,139.42,8.66,152.4,165,16.1,137.42,8.54,152.0,165.0,224.0,1558.0,16.1,139.42,8.66,152.4,165,83,0.3,0.7,41.1,57.9,0.0,0,0,190.2,,True,False,False,False,False,False
"Nov 13, 2025, 8:59:00 PM",Afternoon Run,10.2,92.77,9.1,144.3,155,10.2,92.77,9.1,144.0,155.0,74.0,977.0,10.2,92.77,9.1,144.3,155,80,0.4,0.6,97.0,2.1,0.0,0,0,189.8,,False,False,False,True,False,False
"Nov 12, 2025, 8:00:15 PM",Afternoon Run,10.42,98.85,9.48,147.4,159,10.42,93.53,8.98,147.0,159.0,137.0,1016.0,10.42,98.85,9.48,147.4,159,85,0.3,1.0,72.4,26.2,0.0,0,0,191.4,,False,False,False,True,False,False
"Nov 11, 2025, 6:52:31 PM",Afternoon Run,12.36,105.65,8.55,154.2,170,12.36,103.05,8.34,154.0,170.0,196.0,1189.0,12.36,105.65,8.55,154.2,170,97,0.5,1.4,17.5,80.6,0.0,0,0,192.7,,False,False,False,False,False,False
"Nov 10, 2025, 9:05:56 PM",Afternoon Run,10.23,94.95,9.28,142.0,167,10.23,91.47,8.94,142.0,167.0,127.0,963.0,10.23,94.95,9.28,142.0,167,69,1.0,6.0,83.0,10.1,0.0,0,0,190.8,,False,False,False,True,False,False
"Nov 9, 2025, 6:34:48 PM",Afternoon Run,10.57,92.35,8.74,139.7,153,10.57,92.35,8.74,140.0,153.0,88.0,960.0,10.57,92.35,8.74,139.7,153,97,0.6,13.0,85.0,1.4,0.0,0,0,192.6,,False,False,False,False,False,False
"Nov 8, 2025, 2:14:57 PM",Morning Run,15.36,131.38,8.55,153.0,170,15.36,130.9,8.52,153.0,170.0,99.0,1453.0,15.36,131.38,8.55,153.0,170,87,0.2,0.3,40.1,59.4,0.0,0,0,190.4,,True,False,False,False,False,False
"Nov 6, 2025, 9:57:11 PM",Afternoon Run,10.33,94.42,9.14,140.8,154,10.33,92.5,8.95,141.0,154.0,80.0,971.0,10.33,94.42,9.14,140.8,154,97,0.3,1.2,98.2,0.2,0.0,0,0,191.5,,False,False,False,True,False,False
"Nov 5, 2025, 7:07:44 PM",Afternoon Run,9.53,78.5,8.24,156.2,167,9.52,78.43,8.24,156.0,167.0,158.0,916.0,9.53,78.5,8.24,156.2,167,104,0.2,1.9,19.7,78.2,0.0,0,0,189.4,,False,False,False,False,False,False
"Nov 4, 2025, 2:14:37 PM",Morning Run,10.12,91.07,9.0,146.7,172,10.12,90.1,8.9,147.0,172.0,97.0,974.0,10.12,91.07,9.0,146.7,172,98,0.2,0.9,80.3,18.3,0.3,0,0,190.3,,False,False,False,True,False,False
"Nov 3, 2025, 2:53:29 PM",Morning Run,12.45,107.23,8.62,154.8,176,12.45,107.23,8.61,155.0,176.0,97.0,1219.0,12.45,107.23,8.62,154.8,176,88,0.2,0.6,21.2,75.3,2.7,0,0,190.1,,False,False,False,False,False,False
"Nov 2, 2025, 5:47:57 PM",Lunch Run,10.17,93.07,9.15,146.6,157,10.17,93.07,9.15,147.0,157.0,38.0,974.0,10.17,93.07,9.15,146.6,157,89,0.3,0.6,90.2,8.9,0.0,0,0,190.4,,False,False,False,True,False,False
"Nov 1, 2025, 8:34:49 PM",Afternoon Run,14.1,119.6,8.48,153.5,171,14.1,118.45,8.4,154.0,171.0,48.0,1295.0,14.1,119.6,8.48,153.5,171,68,0.8,0.5,37.4,61.3,0.0,0,0,188.8,,False,False,False,False,False,False
"Oct 31, 2025, 7:01:31 PM",Afternoon Run,7.07,67.82,9.59,139.5,151,7.07,64.93,9.18,141.0,151.0,82.0,672.0,7.07,67.82,9.59,139.5,151,83,3.7,2.9,93.5,0.0,0.0,0,0,193.2,,False,False,False,True,False,False
"Oct 29, 2025, 9:23:44 PM",Afternoon Run,10.09,90.98,9.02,140.3,148,10.09,90.98,9.02,140.0,148.0,36.0,951.0,10.09,90.98,9.02,140.3,148,78,0.3,0.9,98.8,0.0,0.0,0,0,189.5,,False,False,False,True,False,False
"Oct 28, 2025, 2:43:48 PM",Morning Run,10.35,94.0,9.08,141.8,149,10.35,93.65,9.05,142.0,149.0,48.0,975.0,10.35,94.0,9.08,141.8,149,80,0.3,2.1,97.6,0.0,0.0,0,0,189.5,,False,False,False,True,False,False
"Oct 27, 2025, 4:24:15 PM",Lunch Run,10.37,92.88,8.95,147.8,156,10.37,92.32,8.9,148.0,156.0,42.0,1005.0,10.37,92.88,8.95,147.8,156,99,0.2,0.5,92.7,6.7,0.0,0,0,191.2,,False,False,False,False,False,False
"Oct 26, 2025, 3:55:12 PM",Lunch Run,14.27,124.43,8.72,154.1,177,14.27,120.85,8.47,154.0,177.0,55.0,1384.0,14.27,124.43,8.72,154.1,177,83,0.4,1.2,32.8,62.3,3.3,0,0,187.7,,False,False,False,False,False,False
"Oct 25, 2025, 9:01:33 PM",Afternoon Run,11.29,104.05,9.21,143.3,153,11.29,102.87,9.11,143.0,153.0,87.0,1085.0,11.29,104.05,9.21,143.3,153,88,0.3,1.5,97.4,0.8,0.0,0,0,187.8,,False,False,False,True,False,False
"Oct 24, 2025, 2:26:29 PM",Morning Run,10.56,96.85,9.17,149.3,158,10.56,94.6,8.96,149.0,158.0,42.0,1030.0,10.56,96.85,9.17,149.3,158,82,0.4,1.3,67.6,30.7,0.0,0,0,191.8,,False,False,False,True,False,False
"Oct 20, 2025, 1:36:16 PM",Morning Run,9.98,87.62,8.78,149.8,170,9.98,87.62,8.78,150.0,170.0,124.0,988.0,9.98,87.62,8.78,149.8,170,89,0.3,1.1,62.7,35.8,0.0,0,0,187.3,,False,False,False,False,False,False
"Oct 18, 2025, 8:59:40 PM",Afternoon Run,14.04,131.87,9.39,147.2,167,14.04,127.77,9.1,147.0,167.0,142.0,1350.0,14.04,131.87,9.39,147.2,167,73,0.4,0.9,77.4,21.3,0.0,0,0,185.4,,False,False,False,True,False,False
"Oct 17, 2025, 9:19:17 PM",Afternoon Run,9.05,83.73,9.25,143.5,153,9.05,82.28,9.09,144.0,153.0,98.0,884.0,9.05,83.73,9.25,143.5,153,73,0.6,1.4,97.2,0.8,0.0,0,0,188.7,,False,False,False,True,False,False
"Oct 16, 2025, 9:50:26 PM",Afternoon Run,9.55,86.97,9.11,145.9,160,9.55,86.97,9.11,146.0,160.0,116.0,951.0,9.55,86.97,9.11,145.9,160,83,0.6,1.5,87.4,10.5,0.0,0,0,187.0,,False,False,False,True,False,False
"Oct 14, 2025, 10:00:43 PM",Evening Run,8.7,79.3,9.12,148.5,170,8.7,79.12,9.09,149.0,170.0,104.0,868.0,8.7,79.3,9.12,148.5,170,82,0.4,1.4,73.1,25.1,0.0,0,0,184.4,,False,False,False,True,False,False
"Oct 13, 2025, 10:01:31 PM",Evening Run,8.31,72.25,8.69,153.5,179,8.31,72.25,8.69,154.0,179.0,120.0,834.0,8.31,72.25,8.69,153.5,179,92,0.4,0.9,41.4,50.1,7.2,0,0,185.4,,False,False,False,False,False,False
"Oct 12, 2025, 3:12:09 PM",Lunch Run,3.26,28.57,8.76,149.1,160,3.26,28.57,8.76,149.0,160.0,25.0,330.0,3.26,28.57,8.76,149.1,160,87,0.9,2.5,52.0,44.5,0.0,0,0,188.7,,False,False,False,False,False,False
"Oct 10, 2025, 4:39:35 PM",Lunch Run,6.48,59.38,9.17,146.2,156,6.48,58.12,8.97,146.0,156.0,69.0,641.0,6.48,59.38,9.17,146.2,156,72,0.8,2.3,83.8,13.1,0.0,0,0,194.8,,False,False,False,True,False,False
"Oct 9, 2025, 10:29:13 PM",Evening Run,3.45,31.58,9.16,143.6,155,3.45,30.25,8.77,144.0,155.0,30.0,333.0,3.45,31.58,9.16,143.6,155,91,1.9,3.8,89.4,4.9,0.0,0,0,193.8,,False,False,False,True,False,False
"Oct 8, 2025, 10:36:31 PM",Evening Run,3.46,30.3,8.75,144.3,156,3.46,30.3,8.76,144.0,156.0,31.0,334.0,3.46,30.3,8.75,144.3,156,91,1.1,2.1,94.6,2.2,0.0,0,0,192.9,,False,False,False,False,False,False
"Oct 4, 2025, 1:05:25 PM",Morning Run,26.31,206.68,7.86,158.9,183,26.31,206.07,7.83,159.0,183.0,142.0,2354.0,26.31,206.68,7.86,158.9,183,123,0.0,0.3,9.9,81.8,7.9,0,0,188.9,,True,True,False,False,True,False
"Oct 3, 2025, 5:44:31 PM",Lunch Run,3.44,31.02,9.0,155.6,167,3.44,30.52,8.87,156.0,167.0,53.0,360.0,3.44,31.02,9.0,155.6,167,96,1.1,2.6,12.8,83.5,0.0,0,0,188.9,,False,False,False,True,False,False
"Sep 30, 2025, 9:55:48 PM",Afternoon Run,5.15,47.12,9.15,140.9,154,5.15,47.12,9.15,141.0,154.0,41.0,490.0,5.15,47.12,9.15,140.9,154,98,0.6,2.2,96.1,1.2,0.0,0,0,191.4,,False,False,False,True,False,False
"Sep 29, 2025, 10:53:23 PM",Evening Run,5.81,46.45,7.99,156.5,173,5.81,46.07,7.93,157.0,173.0,22.0,544.0,5.81,46.45,7.99,156.5,173,97,0.6,1.7,26.5,63.8,7.4,0,0,190.6,,False,True,False,False,False,False
"Sep 27, 2025, 12:30:47 PM",Morning Run,12.03,98.92,8.22,156.7,178,12.03,98.92,8.22,157.0,178.0,87.0,1159.0,12.03,98.92,8.22,156.7,178,88,0.3,0.8,26.4,64.7,7.8,0,0,190.7,,False,False,False,False,False,False
"Sep 26, 2025, 9:59:55 PM",Afternoon Run,3.12,28.67,9.2,141.4,152,3.12,28.67,9.19,141.0,152.0,0.0,297.0,3.12,28.67,9.2,141.4,152,82,1.2,2.8,95.8,0.1,0.0,0,0,182.5,,False,False,False,True,False,False
"Sep 24, 2025, 10:37:56 PM",Evening Run,7.32,58.48,7.98,158.9,174,7.32,57.88,7.91,158.0,174.0,0.0,668.0,7.32,58.48,7.98,158.9,174,92,0.6,2.4,25.9,54.6,16.5,0,0,182.1,,False,True,False,False,False,False
"Sep 23, 2025, 10:19:29 PM",Evening Run,5.21,47.53,9.12,143.7,152,5.21,47.53,9.12,144.0,152.0,38.0,504.0,5.21,47.53,9.12,143.7,152,95,0.9,2.1,96.6,0.4,0.0,0,0,189.5,,False,False,False,True,False,False
"Sep 22, 2025, 5:27:53 PM",Afternoon Run,5.77,52.25,9.06,162.9,190,5.77,46.08,7.99,158.0,190.0,0.0,578.0,5.77,52.25,9.06,162.9,190,86,0.9,6.9,27.3,13.0,52.0,0,0,174.4,,False,False,False,True,False,False
"Sep 21, 2025, 10:05:22 PM",Evening Run,4.81,43.13,8.97,151.1,165,4.81,43.13,8.97,151.0,165.0,44.0,483.0,4.81,43.13,8.97,151.1,165,75,1.2,1.7,34.3,62.8,0.0,0,0,192.1,,False,False,False,False,False,False
"Sep 19, 2025, 12:54:30 PM",Morning Run,16.02,150.32,9.38,153.4,178,16.02,135.2,8.44,153.0,178.0,130.0,1553.0,16.02,150.32,9.38,153.4,178,74,0.4,1.9,30.4,65.3,1.9,0,0,189.8,,True,False,False,True,False,False
"Sep 18, 2025, 9:45:49 PM",Afternoon Run,5.21,47.53,9.12,142.6,151,5.21,47.53,9.12,143.0,151.0,41.0,511.0,5.21,47.53,9.12,142.6,151,75,0.9,5.6,93.6,0.0,0.0,0,0,190.7,,False,False,False,True,False,False
"Sep 17, 2025, 8:17:05 PM",Afternoon Run,6.27,50.67,8.08,157.6,187,6.27,50.67,8.08,158.0,187.0,0.0,568.0,6.27,50.67,8.08,157.6,187,89,1.0,7.8,34.1,17.0,40.0,0,0,175.7,,False,False,False,False,False,False
"Sep 16, 2025, 11:44:04 PM",Evening Run,1.17,10.32,8.81,139.5,157,1.17,10.32,8.82,140.0,157.0,0.0,107.0,1.17,10.32,8.81,139.5,157,87,2.4,9.8,80.5,7.3,0.0,0,0,184.6,,False,False,False,False,False,False
"Sep 15, 2025, 10:24:50 PM",Evening Run,10.21,91.57,8.96,145.4,155,10.21,91.57,8.97,145.0,155.0,82.0,998.0,10.21,91.57,8.96,145.4,155,72,0.5,0.7,93.7,5.2,0.0,0,0,189.1,,False,False,False,False,False,False
"Sep 14, 2025, 3:12:24 PM",Morning Run,3.08,28.47,9.25,147.3,156,3.08,27.18,8.82,147.0,156.0,3.0,306.0,3.08,28.47,9.25,147.3,156,86,2.0,4.9,54.0,39.2,0.0,0,0,188.5,,False,False,False,True,False,False
"Sep 12, 2025, 1:11:10 PM",Morning Run,16.19,140.35,8.67,152.2,167,16.19,136.72,8.44,152.0,167.0,182.0,1552.0,16.19,140.35,8.67,152.2,167,74,0.4,0.6,43.5,55.4,0.0,0,0,188.2,,True,False,False,False,False,False
"Sep 10, 2025, 5:03:44 PM",Afternoon Run,6.29,51.28,8.15,157.9,184,6.29,50.62,8.05,157.0,184.0,0.0,601.0,6.29,51.28,8.15,157.9,184,85,0.7,5.8,36.4,17.1,40.0,0,0,175.1,,False,False,False,False,False,False
"Sep 8, 2025, 1:05:44 PM",Morning Run,8.38,74.0,8.83,145.4,156,8.38,74.0,8.83,145.0,156.0,76.0,803.0,8.38,74.0,8.83,145.4,156,88,0.4,0.8,89.1,9.8,0.0,0,0,192.3,,False,False,False,False,False,False
"Sep 6, 2025, 11:04:53 AM",Morning Run,22.04,192.27,8.72,154.7,174,22.04,177.35,8.05,155.0,174.0,217.0,2052.0,22.04,192.27,8.72,154.7,174,75,0.4,1.0,46.4,50.6,1.6,0,0,190.8,,True,False,False,False,False,False
"Sep 5, 2025, 2:38:12 PM",Morning Run,5.14,53.72,10.44,142.1,153,5.14,48.13,9.36,142.0,153.0,51.0,509.0,5.14,53.72,10.44,142.1,153,78,1.0,6.1,92.5,0.3,0.0,0,0,188.8,,False,False,False,True,False,False
"Sep 4, 2025, 10:14:38 PM",Evening Run,8.39,74.45,8.88,142.2,157,8.39,74.45,8.87,142.0,157.0,78.0,800.0,8.39,74.45,8.88,142.2,157,89,0.6,1.3,96.4,1.7,0.0,0,0,188.1,,False,False,False,False,False,False
"Sep 3, 2025, 10:37:08 PM",Evening Run,7.03,60.95,8.67,154.8,183,7.03,56.5,8.04,152.0,183.0,0.0,634.0,7.03,60.95,8.67,154.8,183,86,1.1,12.2,30.9,21.4,34.4,0,0,174.2,,False,False,False,False,False,False
"Sep 2, 2025, 11:20:50 PM",Evening Run,7.04,62.17,8.83,141.6,152,7.04,62.17,8.83,142.0,152.0,65.0,670.0,7.04,62.17,8.83,141.6,152,76,0.6,1.3,98.1,0.1,0.0,0,0,187.3,,False,False,False,False,False,False
"Aug 31, 2025, 12:59:45 PM",Morning Run,9.24,81.97,8.88,147.4,169,9.24,79.52,8.61,147.0,169.0,216.0,842.0,9.24,81.97,8.88,147.4,169,71,1.6,5.8,55.0,37.7,0.0,0,0,185.9,,False,False,False,False,False,False
"Aug 30, 2025, 8:24:46 PM",Afternoon Run,7.47,78.1,10.46,140.5,161,7.47,69.92,9.36,141.0,161.0,174.0,718.0,7.47,78.1,10.46,140.5,161,69,1.5,13.9,76.6,7.9,0.0,0,0,183.2,,False,False,False,True,False,False
"Aug 29, 2025, 1:26:23 PM",Morning Run,16.04,132.65,8.27,155.9,180,16.04,132.45,8.26,156.0,180.0,177.0,1538.0,16.04,132.65,8.27,155.9,180,82,0.2,0.5,29.8,65.2,4.3,0,0,188.5,,True,False,False,False,False,False
"Aug 28, 2025, 10:54:08 PM",Evening Run,5.14,46.93,9.12,140.1,150,5.14,46.93,9.13,140.0,150.0,42.0,490.0,5.14,46.93,9.12,140.1,150,69,1.2,3.2,95.6,0.0,0.0,0,0,187.5,,False,False,False,True,False,False
"Aug 27, 2025, 1:30:22 PM",Morning Run,12.03,100.22,8.33,156.6,175,12.03,100.22,8.33,157.0,175.0,95.0,1165.0,12.03,100.22,8.33,156.6,175,85,0.3,0.6,18.7,79.0,1.4,0,0,190.3,,False,False,False,False,False,False
"Aug 25, 2025, 10:36:50 PM",Evening Run,6.93,66.68,9.63,156.0,168,6.93,55.63,8.03,156.0,168.0,37.0,640.0,6.93,66.68,9.63,156.0,168,84,0.9,2.2,19.2,77.7,0.0,0,0,189.8,,False,False,False,True,False,False
"Aug 22, 2025, 10:21:44 AM",Morning Run,20.05,189.18,9.44,151.2,170,20.05,167.42,8.35,151.0,170.0,215.0,1844.0,20.05,189.18,9.44,151.2,170,81,0.4,1.6,54.8,43.3,0.0,0,0,190.5,,True,False,False,True,False,False
"Aug 21, 2025, 8:59:13 PM",Afternoon Run,5.25,49.0,9.34,142.4,151,5.25,48.47,9.23,143.0,151.0,42.0,505.0,5.25,49.0,9.34,142.4,151,69,0.9,4.0,95.1,0.0,0.0,0,0,186.2,,False,False,False,True,False,False
"Aug 20, 2025, 11:08:06 PM",Evening Run,7.07,63.23,8.95,144.9,155,7.07,63.23,8.94,145.0,155.0,77.0,666.0,7.07,63.23,8.95,144.9,155,102,0.4,1.6,92.9,5.1,0.0,0,0,191.2,,False,False,False,False,False,False
"Aug 18, 2025, 11:04:39 PM",Evening Run,6.27,57.8,9.22,144.5,154,6.27,57.8,9.22,145.0,154.0,23.0,587.0,6.27,57.8,9.22,144.5,154,70,0.9,1.2,97.0,0.9,0.0,0,0,187.6,,False,False,False,True,False,False
"Aug 17, 2025, 11:08:37 PM",Evening Run,9.02,82.4,9.13,144.5,154,9.02,81.87,9.08,145.0,154.0,83.0,878.0,9.02,82.4,9.13,144.5,154,86,0.4,0.5,95.9,3.2,0.0,0,0,188.4,,False,False,False,True,False,False
"Aug 15, 2025, 9:45:28 AM",Morning Run,20.07,172.42,8.59,153.5,169,20.07,168.33,8.39,154.0,169.0,127.0,1876.0,20.07,172.42,8.59,153.5,169,80,0.2,0.6,40.9,58.4,0.0,0,0,190.1,,True,False,False,False,False,False
"Aug 14, 2025, 10:28:09 PM",Evening Run,6.25,57.88,9.27,142.0,151,6.25,57.88,9.26,142.0,151.0,60.0,589.0,6.25,57.88,9.27,142.0,151,74,0.6,1.5,97.9,0.0,0.0,0,0,187.7,,False,False,False,True,False,False
"Aug 13, 2025, 9:56:32 PM",Afternoon Run,5.04,41.07,8.14,152.9,177,5.04,41.07,8.15,153.0,177.0,0.0,466.0,5.04,41.07,8.14,152.9,177,96,0.6,11.3,33.3,32.2,22.6,0,0,174.1,,False,False,False,False,False,False
"Aug 12, 2025, 10:12:40 PM",Evening Run,5.66,52.02,9.19,143.7,154,5.66,52.02,9.19,144.0,154.0,58.0,546.0,5.66,52.02,9.19,143.7,154,85,0.5,1.8,96.3,1.4,0.0,0,0,192.0,,False,False,False,True,False,False
"Aug 11, 2025, 10:51:17 PM",Evening Run,10.17,85.42,8.4,156.9,175,10.17,84.82,8.34,157.0,175.0,37.0,961.0,10.17,85.42,8.4,156.9,175,85,0.5,0.6,9.3,88.5,1.1,0,0,192.2,,False,False,False,False,False,False
"Aug 9, 2025, 9:59:51 AM",Morning Run,16.02,139.25,8.69,152.6,168,16.02,138.28,8.63,153.0,168.0,108.0,1506.0,16.02,139.25,8.69,152.6,168,71,0.7,0.7,40.3,58.4,0.0,0,0,190.3,,True,False,False,False,False,False
"Aug 7, 2025, 10:06:46 PM",Evening Run,7.02,58.67,8.35,155.2,181,7.02,57.33,8.17,155.0,181.0,0.0,654.0,7.02,58.67,8.35,155.2,181,74,0.8,10.4,33.6,22.8,32.4,0,0,172.7,,False,False,False,False,False,False
"Aug 6, 2025, 11:38:27 PM",Evening Run,5.73,51.23,8.94,145.4,154,5.73,51.23,8.94,145.0,154.0,17.0,548.0,5.73,51.23,8.94,145.4,154,67,0.8,2.0,95.1,2.1,0.0,0,0,192.2,,False,False,False,False,False,False
"Aug 5, 2025, 10:18:32 PM",Evening Run,6.24,56.05,8.98,143.7,153,6.24,56.05,8.98,144.0,153.0,61.0,596.0,6.24,56.05,8.98,143.7,153,83,0.6,1.7,97.2,0.5,0.0,0,0,190.8,,False,False,False,False,False,False
"Aug 4, 2025, 11:00:46 PM",Evening Run,10.04,89.37,8.9,146.2,154,10.04,89.37,8.9,146.0,154.0,36.0,913.0,10.04,89.37,8.9,146.2,154,76,0.4,0.9,95.8,3.0,0.0,0,0,190.4,,False,False,False,False,False,False
"Aug 2, 2025, 11:13:45 AM",Morning Run,18.07,150.0,8.3,153.1,169,18.07,148.92,8.24,153.0,169.0,118.0,1661.0,18.07,150.0,8.3,153.1,169,66,0.3,0.6,49.3,49.8,0.0,0,0,190.9,,True,False,False,False,False,False
"Aug 1, 2025, 2:01:15 PM",Morning Run,5.28,48.32,9.16,142.5,152,5.28,48.32,9.15,143.0,152.0,41.0,495.0,5.28,48.32,9.16,142.5,152,90,0.9,1.9,97.1,0.2,0.0,0,0,191.3,,False,False,False,True,False,False
"Jul 31, 2025, 10:50:01 PM",Evening Run,6.78,68.6,10.11,143.2,171,6.78,63.73,9.4,143.0,171.0,27.0,622.0,6.78,68.6,10.11,143.2,171,85,0.9,11.8,68.3,18.9,0.1,0,0,185.2,,False,False,False,True,False,False
"Jul 30, 2025, 10:00:56 PM",Evening Run,6.25,57.9,9.27,142.2,154,6.25,57.9,9.26,142.0,154.0,65.0,598.0,6.25,57.9,9.27,142.2,154,71,0.7,1.8,95.8,1.7,0.0,0,0,190.5,,False,False,False,True,False,False
"Jul 29, 2025, 11:31:49 PM",Evening Run,6.52,60.82,9.33,143.5,151,6.52,60.82,9.33,144.0,151.0,22.0,626.0,6.52,60.82,9.33,143.5,151,69,0.7,2.5,96.8,0.0,0.0,0,0,185.6,,False,False,False,True,False,False
"Jul 28, 2025, 4:20:24 PM",Lunch Run,3.74,35.38,9.47,160.2,179,3.74,30.02,8.03,154.0,179.0,0.0,351.0,3.74,35.38,9.47,160.2,179,119,0.0,13.9,15.9,23.7,46.6,0,0,167.7,,False,False,False,True,False,False
"Jul 28, 2025, 4:00:23 PM",Lunch Run,2.23,19.27,8.65,145.3,173,2.23,18.45,8.27,144.0,173.0,0.0,191.0,2.23,19.27,8.65,145.3,173,101,1.6,9.1,57.6,26.0,5.7,0,0,183.0,,False,False,False,False,False,False
"Jul 26, 2025, 11:11:30 AM",Morning Run,15.04,129.85,8.63,155.0,177,15.04,127.48,8.48,155.0,177.0,175.0,1420.0,15.04,129.85,8.63,155.0,177,70,0.4,1.3,28.1,66.9,3.3,0,0,188.4,,True,False,False,False,False,False
"Jul 25, 2025, 8:37:10 PM",Afternoon Run,5.02,48.73,9.7,137.4,147,5.02,45.7,9.1,135.0,147.0,0.0,421.0,5.02,48.73,9.7,137.4,147,82,1.9,15.0,83.1,0.0,0.0,0,0,183.9,,False,False,False,True,False,False
"Jul 24, 2025, 10:40:06 PM",Evening Run,5.06,41.72,8.25,154.3,172,5.06,40.0,7.91,153.0,172.0,0.0,428.0,5.06,41.72,8.25,154.3,172,97,0.5,4.1,38.4,51.2,5.9,0,0,182.4,,False,False,False,False,False,False
"Jul 23, 2025, 10:25:59 PM",Evening Run,5.03,39.7,7.9,154.5,175,5.03,39.18,7.79,155.0,175.0,0.0,425.0,5.03,39.7,7.9,154.5,175,90,1.0,3.1,38.1,43.5,14.2,0,0,181.8,,False,True,False,False,False,False
"Jul 22, 2025, 11:56:22 PM",Evening Run,4.11,37.42,9.11,143.3,153,4.11,37.42,9.1,143.0,153.0,42.0,391.0,4.11,37.42,9.11,143.3,153,85,1.0,2.0,96.4,0.6,0.0,0,0,189.2,,False,False,False,True,False,False
"Jul 21, 2025, 11:09:46 PM",Evening Run,10.39,97.0,9.34,145.0,153,10.39,93.82,9.03,145.0,153.0,62.0,965.0,10.39,97.0,9.34,145.0,153,90,0.5,1.1,97.3,1.1,0.0,0,0,191.4,,False,False,False,True,False,False
"Jul 19, 2025, 11:03:21 AM",Morning Run,16.05,133.83,8.34,156.0,175,16.05,132.4,8.25,156.0,175.0,107.0,1482.0,16.05,133.83,8.34,156.0,175,76,0.7,1.0,35.5,56.0,6.9,0,0,190.3,,True,False,False,False,False,False
"Jul 18, 2025, 2:44:08 PM",Morning Run,6.47,60.23,9.32,144.9,154,6.46,60.23,9.32,145.0,154.0,62.0,622.0,6.47,60.23,9.32,144.9,154,93,0.4,1.0,95.5,3.0,0.0,0,0,187.9,,False,False,False,True,False,False
"Jul 17, 2025, 10:15:11 PM",Evening Run,6.35,59.23,9.32,139.8,150,6.35,59.23,9.33,140.0,150.0,64.0,607.0,6.35,59.23,9.32,139.8,150,85,0.6,3.0,96.4,0.0,0.0,0,0,188.6,,False,False,False,True,False,False
"Jul 15, 2025, 11:41:51 PM",Evening Run,8.07,75.98,9.42,144.6,154,8.07,75.98,9.42,145.0,154.0,73.0,780.0,8.07,75.98,9.42,144.6,154,91,0.3,0.9,96.6,2.2,0.0,0,0,188.6,,False,False,False,True,False,False
"Jul 13, 2025, 11:39:51 PM",Evening Run,12.05,101.18,8.4,155.9,184,12.05,101.18,8.4,156.0,184.0,38.0,1161.0,12.05,101.18,8.4,155.9,184,72,0.3,0.8,40.3,44.5,14.0,0,0,190.3,,False,False,False,False,False,False
"Jul 12, 2025, 9:05:24 PM",Afternoon Run,3.12,28.32,9.06,140.8,150,3.12,28.32,9.08,141.0,150.0,0.0,294.0,3.12,28.32,9.06,140.8,150,92,1.0,2.8,96.2,0.0,0.0,0,0,186.7,,False,False,False,True,False,False
"Jul 11, 2025, 4:01:13 PM",Lunch Run,5.06,54.25,10.71,143.4,152,5.06,48.0,9.49,143.0,152.0,38.0,499.0,5.06,54.25,10.71,143.4,152,93,0.8,5.8,93.1,0.3,0.0,0,0,189.0,,False,False,False,True,False,False
"Jul 10, 2025, 10:32:33 PM",Evening Run,6.59,60.98,9.25,140.5,149,6.59,60.98,9.25,141.0,149.0,56.0,615.0,6.59,60.98,9.25,140.5,149,82,0.5,4.9,94.5,0.0,0.0,0,0,190.0,,False,False,False,True,False,False
"Jul 9, 2025, 8:59:26 PM",Afternoon Run,6.81,56.65,8.32,158.5,186,6.81,55.92,8.21,158.0,186.0,0.0,652.0,6.81,56.65,8.32,158.5,186,90,0.5,5.2,33.5,21.5,39.3,0,0,175.6,,False,False,False,False,False,False
"Jul 8, 2025, 11:43:39 PM",Evening Run,6.12,57.55,9.4,141.9,150,6.12,57.23,9.35,142.0,150.0,16.0,588.0,6.12,57.55,9.4,141.9,150,99,0.6,4.3,95.1,0.0,0.0,0,0,187.6,,False,False,False,True,False,False
"Jul 7, 2025, 10:27:56 PM",Evening Run,7.24,65.63,9.06,142.7,150,7.24,65.63,9.06,143.0,150.0,26.0,661.0,7.24,65.63,9.06,142.7,150,66,0.6,1.1,98.3,0.0,0.0,0,0,190.7,,False,False,False,True,False,False
"Jul 5, 2025, 2:09:58 PM",Morning Run,15.03,123.85,8.24,157.4,180,15.03,123.85,8.24,157.0,180.0,20.0,1434.0,15.03,123.85,8.24,157.4,180,65,0.3,0.6,34.3,54.1,10.6,0,0,191.6,,True,False,False,False,False,False
"Jul 4, 2025, 4:07:58 PM",Morning Run,5.19,52.38,10.09,148.9,170,5.19,51.47,9.92,149.0,170.0,168.0,552.0,5.19,52.38,10.09,148.9,170,68,1.2,5.8,42.5,50.5,0.0,0,0,184.3,,False,False,False,True,False,False
"Jul 3, 2025, 4:27:56 PM",Lunch Run,3.11,28.38,9.11,144.7,154,3.11,28.38,9.13,145.0,154.0,0.0,301.0,3.11,28.38,9.11,144.7,154,95,0.9,2.1,93.5,3.6,0.0,0,0,186.9,,False,False,False,True,False,False
"Jul 2, 2025, 3:51:38 PM",Lunch Run,6.76,58.97,8.72,160.5,187,6.76,56.7,8.39,160.0,187.0,0.0,669.0,6.76,58.97,8.72,160.5,187,85,1.9,3.8,30.0,19.9,44.3,0,0,177.0,,False,False,False,False,False,False
"Jul 1, 2025, 9:42:59 PM",Afternoon Run,6.02,59.93,9.96,146.9,157,6.02,54.42,9.04,144.0,157.0,0.0,564.0,6.02,59.93,9.96,146.9,157,97,1.3,3.5,71.9,23.2,0.0,0,0,188.8,,False,False,False,True,False,False
"Jun 29, 2025, 10:32:30 AM",Morning Run,14.02,116.75,8.33,161.6,182,14.02,114.17,8.14,162.0,182.0,40.0,1340.0,14.02,116.75,8.33,161.6,182,80,0.3,0.6,16.5,49.6,33.0,0,0,191.2,,False,False,False,False,False,False
"Jun 28, 2025, 9:50:35 PM",Afternoon Run,3.12,31.58,10.13,140.2,150,3.12,28.88,9.26,137.0,150.0,0.0,288.0,3.12,31.58,10.13,140.2,150,95,1.1,8.0,90.9,0.0,0.0,0,0,188.7,,False,False,False,True,False,False
"Jun 27, 2025, 2:41:00 PM",Morning Run,5.02,48.02,9.56,143.3,154,5.02,45.83,9.13,142.0,154.0,0.0,464.0,5.02,48.02,9.56,143.3,154,80,1.3,4.0,93.9,0.8,0.0,0,0,187.3,,False,False,False,True,False,False
"Jun 26, 2025, 10:17:21 PM",Evening Run,5.63,52.15,9.26,143.3,152,5.63,50.1,8.9,142.0,152.0,0.0,504.0,5.63,52.15,9.26,143.3,152,88,0.6,4.7,94.2,0.5,0.0,0,0,186.0,,False,False,False,True,False,False
"Jun 25, 2025, 10:28:55 PM",Evening Run,6.26,52.93,8.45,156.3,181,6.26,52.45,8.38,156.0,181.0,0.0,600.0,6.26,52.93,8.45,156.3,181,92,0.5,8.1,34.8,26.2,30.3,0,0,174.7,,False,False,False,False,False,False
"Jun 24, 2025, 9:51:13 PM",Afternoon Run,6.02,54.58,9.06,148.6,158,6.02,53.7,8.92,148.0,158.0,0.0,571.0,6.02,54.58,9.06,148.6,158,92,0.5,2.1,56.3,41.0,0.0,0,0,188.8,,False,False,False,True,False,False
"Jun 23, 2025, 5:47:34 PM",Afternoon Run,8.02,78.88,9.84,148.0,156,8.02,72.5,9.04,146.0,156.0,0.0,745.0,8.02,78.88,9.84,148.0,156,90,0.5,2.7,64.0,32.7,0.0,0,0,185.8,,False,False,False,True,False,False
"Jun 21, 2025, 2:57:08 PM",Morning Run,11.02,104.35,9.47,159.9,172,11.02,99.35,9.02,161.0,172.0,28.0,1090.0,11.02,104.35,9.47,159.9,172,102,0.4,3.5,7.3,86.7,2.2,0,0,187.0,,False,False,False,True,False,False
"Jun 21, 2025, 11:48:01 AM",Morning Run,2.01,17.6,8.74,145.3,157,2.01,17.6,8.76,145.0,157.0,0.0,187.0,2.01,17.6,8.74,145.3,157,92,2.5,4.0,73.4,20.2,0.0,0,0,184.1,,False,False,False,False,False,False
"Jun 20, 2025, 9:03:53 PM",Afternoon Run,3.12,31.73,10.18,142.6,151,3.12,29.05,9.31,139.0,151.0,0.0,297.0,3.12,31.73,10.18,142.6,151,91,1.5,4.5,93.9,0.0,0.0,0,0,182.8,,False,False,False,True,False,False
"Jun 19, 2025, 4:15:49 PM",Lunch Run,7.03,62.07,8.82,154.8,163,7.03,61.28,8.72,155.0,163.0,27.0,684.0,7.03,62.07,8.82,154.8,163,104,0.4,1.5,14.3,83.8,0.0,0,0,190.1,,False,False,False,False,False,False
"Jun 18, 2025, 10:48:27 PM",Evening Run,6.02,59.0,9.79,158.1,186,6.02,51.47,8.55,149.0,186.0,0.0,592.0,6.02,59.0,9.79,158.1,186,90,0.8,6.9,36.6,18.9,36.8,0,0,175.7,,False,False,False,True,False,False
"Jun 17, 2025, 10:15:23 PM",Evening Run,5.03,46.63,9.27,148.2,159,5.03,45.03,8.95,147.0,159.0,0.0,476.0,5.03,46.63,9.27,148.2,159,92,0.5,2.5,58.4,38.5,0.0,0,0,184.0,,False,False,False,True,False,False
"Jun 14, 2025, 1:11:17 PM",Morning Run,14.03,120.55,8.59,160.1,179,14.03,118.33,8.43,160.0,179.0,50.0,1362.0,14.03,120.55,8.59,160.1,179,86,0.5,0.9,12.0,64.5,22.1,0,0,189.2,,False,False,False,False,False,False
"Jun 13, 2025, 8:56:38 PM",Afternoon Run,5.17,46.92,9.07,147.4,158,5.17,46.92,9.08,147.0,158.0,37.0,503.0,5.17,46.92,9.07,147.4,158,101,0.5,2.3,81.6,15.6,0.0,0,0,190.0,,False,False,False,True,False,False
"Jun 12, 2025, 11:48:09 PM",Evening Run,5.14,46.33,9.02,144.0,153,5.14,46.33,9.01,144.0,153.0,34.0,490.0,5.14,46.33,9.02,144.0,153,108,0.4,1.8,96.8,1.1,0.0,0,0,190.1,,False,False,False,True,False,False
"Jun 11, 2025, 10:42:58 PM",Evening Run,6.72,61.12,9.1,160.2,190,6.72,56.57,8.42,157.0,190.0,0.0,686.0,6.72,61.12,9.1,160.2,190,88,0.6,5.8,33.8,18.8,41.0,0,0,172.3,,False,False,False,True,False,False
"Jun 10, 2025, 9:50:53 PM",Afternoon Run,7.62,70.02,9.19,147.9,157,7.62,70.02,9.19,148.0,157.0,67.0,750.0,7.62,70.02,9.19,147.9,157,92,0.4,1.1,81.7,16.8,0.0,0,0,187.6,,False,False,False,True,False,False
"Jun 8, 2025, 1:40:22 PM",Morning Run,14.05,115.1,8.19,159.3,182,14.05,115.1,8.19,159.0,182.0,44.0,1362.0,14.05,115.1,8.19,159.3,182,73,0.3,0.6,30.3,42.4,26.4,0,0,189.9,,False,False,False,False,False,False
"Jun 8, 2025, 12:47:37 AM",Evening Run,3.51,31.13,8.87,142.1,152,3.51,31.13,8.87,142.0,152.0,27.0,336.0,3.51,31.13,8.87,142.1,152,81,1.7,3.3,95.0,0.1,0.0,0,0,192.2,,False,False,False,False,False,False
"Jun 6, 2025, 12:11:34 AM",Evening Run,3.41,31.68,9.3,148.2,157,3.41,31.68,9.29,148.0,157.0,28.0,348.0,3.41,31.68,9.3,148.2,157,88,1.1,2.9,65.2,30.9,0.0,0,0,185.2,,False,False,False,True,False,False
"Jun 4, 2025, 9:45:09 PM",Afternoon Run,8.71,78.88,9.05,149.9,160,8.71,78.75,9.04,150.0,160.0,85.0,844.0,8.71,78.88,9.05,149.9,160,82,0.4,0.8,62.7,36.1,0.0,0,0,187.9,,False,False,False,True,False,False
"Jun 2, 2025, 11:33:10 PM",6 x 1000 P&D - 2 min recovery,6.02,50.23,8.35,156.4,182,6.02,50.23,8.34,156.0,182.0,0.0,580.0,6.02,50.23,8.35,156.4,182,99,0.3,4.8,38.6,27.0,29.3,0,0,173.7,,False,False,False,False,False,False
"Jun 1, 2025, 3:49:29 PM",Morning Run,5.2,46.58,8.96,148.0,155,5.2,46.58,8.96,148.0,155.0,4.0,492.0,5.2,46.58,8.96,148.0,155,73,0.6,1.8,83.4,14.2,0.0,0,0,189.9,,False,False,False,False,False,False
"May 30, 2025, 5:07:48 PM",Afternoon Run,1.14,11.1,9.72,138.8,150,1.14,11.1,9.74,139.0,150.0,0.0,113.0,1.14,11.1,9.72,138.8,150,77,3.6,8.4,88.0,0.0,0.0,0,0,178.1,,False,False,False,True,False,False
"May 29, 2025, 7:40:11 PM",Afternoon Run,6.34,58.53,9.23,144.9,159,6.34,56.85,8.97,145.0,159.0,78.0,583.0,6.34,58.53,9.23,144.9,159,86,2.1,4.8,74.9,18.2,0.0,0,0,188.3,,False,False,False,True,False,False
"May 28, 2025, 11:32:31 PM",Evening Run,5.26,46.85,8.91,144.2,153,5.26,46.85,8.91,144.0,153.0,39.0,493.0,5.26,46.85,8.91,144.2,153,91,0.7,2.1,96.4,0.8,0.0,0,0,189.9,,False,False,False,False,False,False
"May 27, 2025, 9:25:38 PM",Afternoon Run,7.02,58.25,8.3,159.9,184,7.02,58.25,8.3,160.0,184.0,0.0,680.0,7.02,58.25,8.3,159.9,184,94,0.3,2.4,37.8,17.3,42.1,0,0,177.4,,False,False,False,False,False,False
"May 26, 2025, 1:45:02 PM",Morning Run,3.56,32.35,9.08,144.0,164,3.56,31.93,8.97,144.0,164.0,3.0,340.0,3.56,32.35,9.08,144.0,164,93,1.9,2.2,88.9,7.0,0.0,0,0,190.6,,False,False,False,True,False,False
"May 25, 2025, 2:49:38 PM",Morning Run,3.58,30.57,8.53,152.3,160,3.58,30.57,8.54,152.0,160.0,9.0,349.0,3.58,30.57,8.53,152.3,160,91,0.9,2.7,17.1,79.3,0.0,0,0,192.0,,False,False,False,False,False,False
"May 23, 2025, 3:49:59 PM",Lunch Run,5.05,45.63,9.03,149.4,158,5.05,45.63,9.04,149.0,158.0,59.0,491.0,5.05,45.63,9.03,149.4,158,74,0.9,1.6,58.6,39.0,0.0,0,0,188.2,,False,False,False,True,False,False
"May 22, 2025, 10:49:02 PM",Evening Run,8.29,73.27,8.84,146.8,158,8.29,73.27,8.84,147.0,158.0,72.0,779.0,8.29,73.27,8.84,146.8,158,87,0.3,0.8,83.3,15.6,0.0,0,0,190.3,,False,False,False,False,False,False
"May 20, 2025, 6:37:30 PM",Afternoon Run,5.66,52.08,9.2,146.3,157,5.66,51.68,9.13,146.0,157.0,74.0,536.0,5.66,52.08,9.2,146.3,157,87,0.7,1.2,80.1,18.0,0.0,0,0,186.7,,False,False,False,True,False,False
"May 19, 2025, 4:38:26 PM",Lunch Run,6.28,55.35,8.82,147.7,155,6.27,55.35,8.83,148.0,155.0,60.0,596.0,6.28,55.35,8.82,147.7,155,72,0.6,1.2,82.4,15.8,0.0,0,0,191.9,,False,False,False,False,False,False
"May 18, 2025, 4:34:47 PM",Lunch Run,3.25,42.08,12.95,124.3,170,3.25,39.75,12.23,126.0,170.0,49.0,303.0,3.25,42.08,12.95,124.3,170,69,12.9,71.0,12.1,4.0,0.0,0,0,167.2,,False,False,False,True,False,False
"May 17, 2025, 6:40:46 PM",Afternoon Run,14.03,116.03,8.27,159.4,180,14.03,116.03,8.27,159.0,180.0,90.0,1317.0,14.03,116.03,8.27,159.4,180,87,0.2,0.2,11.2,72.8,15.7,0,0,191.0,,False,False,False,False,False,False
"May 17, 2025, 12:17:27 AM",Evening Run,0.86,12.27,14.25,105.9,125,0.86,12.27,14.27,106.0,125.0,5.0,86.0,0.86,12.27,14.25,105.9,125,83,47.6,52.4,0.0,0.0,0.0,0,0,153.5,,False,False,False,True,False,False
"May 16, 2025, 11:27:05 PM",Evening Run,3.24,29.5,9.1,146.4,154,3.24,29.33,9.05,147.0,154.0,4.0,310.0,3.24,29.5,9.1,146.4,154,76,1.8,5.0,82.2,11.1,0.0,0,0,192.5,,False,False,False,True,False,False
"May 15, 2025, 3:25:15 PM",Lunch Run,6.21,53.2,8.56,157.3,180,6.21,52.35,8.43,157.0,180.0,0.0,584.0,6.21,53.2,8.56,157.3,180,80,0.8,7.9,31.6,22.9,36.9,0,0,175.3,,False,False,False,False,False,False
"May 13, 2025, 11:06:40 PM",Evening Run,6.35,57.33,9.03,150.1,160,6.35,57.33,9.03,150.0,160.0,26.0,581.0,6.35,57.33,9.03,150.1,160,88,0.6,1.3,57.5,40.5,0.0,0,0,187.3,,False,False,False,True,False,False
"May 12, 2025, 10:38:14 PM",Evening Run,7.19,64.15,8.92,150.4,159,7.19,64.15,8.92,150.0,159.0,61.0,676.0,7.19,64.15,8.92,150.4,159,90,0.4,1.2,49.7,48.6,0.0,0,0,190.7,,False,False,False,False,False,False
"May 11, 2025, 11:05:14 PM",Evening Run,3.26,29.53,9.05,144.7,152,3.26,29.53,9.06,145.0,152.0,21.0,309.0,3.26,29.53,9.05,144.7,152,89,1.2,3.2,94.6,1.0,0.0,0,0,190.9,,False,False,False,True,False,False
"May 10, 2025, 12:44:52 PM",Morning Run,14.04,119.05,8.48,160.7,183,14.04,119.05,8.48,161.0,183.0,104.0,1330.0,14.04,119.05,8.48,160.7,183,86,0.3,0.2,6.8,66.3,26.3,0,0,189.3,,False,False,False,False,False,False
"May 6, 2025, 11:10:59 PM",Evening Run,6.24,54.07,8.67,153.3,159,6.24,54.07,8.67,153.0,159.0,28.0,570.0,6.24,54.07,8.67,153.3,159,66,0.5,0.9,12.5,86.1,0.0,0,0,190.9,,False,False,False,False,False,False
"May 5, 2025, 5:15:51 PM",Afternoon Run,6.23,56.32,9.04,151.5,161,6.23,56.32,9.04,151.0,161.0,70.0,588.0,6.23,56.32,9.04,151.5,161,74,1.7,1.3,32.9,64.0,0.0,0,0,190.3,,False,False,False,True,False,False
"May 4, 2025, 3:16:30 PM",Lunch Run,3.41,34.02,9.97,147.7,159,3.41,34.02,9.98,148.0,159.0,24.0,345.0,3.41,34.02,9.97,147.7,159,84,0.9,1.6,62.4,35.1,0.0,0,0,187.4,,False,False,False,True,False,False
"May 3, 2025, 1:52:50 PM",Long run for Qazi Bhai 🙌,14.05,117.57,8.37,160.2,178,14.05,117.57,8.37,160.0,178.0,106.0,1305.0,14.05,117.57,8.37,160.2,178,89,0.2,0.3,8.3,72.5,18.7,0,0,189.3,,False,False,False,False,False,False
"Apr 29, 2025, 11:13:23 PM",Evening Run,6.14,56.35,9.18,153.6,165,6.14,56.35,9.18,154.0,165.0,35.0,572.0,6.14,56.35,9.18,153.6,165,96,0.3,0.9,19.1,79.7,0.0,0,0,187.1,,False,False,False,True,False,False
"Apr 27, 2025, 2:03:24 PM",Morning Run,16.03,142.52,8.89,165.6,186,16.03,138.83,8.66,166.0,186.0,105.0,1544.0,16.03,142.52,8.89,165.6,186,91,0.3,0.2,2.9,67.5,29.1,0,0,188.4,,True,False,False,False,False,False
"Apr 26, 2025, 2:37:32 PM",Morning Run,5.06,47.12,9.31,152.9,167,5.06,47.12,9.31,153.0,167.0,59.0,498.0,5.06,47.12,9.31,152.9,167,77,0.6,0.8,27.8,70.8,0.0,0,0,188.3,,False,False,False,True,False,False
"Apr 23, 2025, 11:38:56 PM",Evening Run,5.09,50.65,9.95,145.8,153,5.09,50.65,9.95,146.0,153.0,37.0,498.0,5.09,50.65,9.95,145.8,153,92,0.8,2.4,94.6,2.3,0.0,0,0,181.2,,False,False,False,True,False,False
"Apr 21, 2025, 10:54:41 PM",Evening Run,6.18,57.72,9.34,146.6,160,6.18,57.72,9.34,147.0,160.0,65.0,576.0,6.18,57.72,9.34,146.6,160,85,1.0,2.3,64.8,32.0,0.0,0,0,185.8,,False,False,False,True,False,False
"Apr 20, 2025, 2:34:41 PM",Morning Run,5.19,50.28,9.68,148.2,158,5.19,48.63,9.37,148.0,158.0,33.0,502.0,5.19,50.28,9.68,148.2,158,87,0.5,2.1,69.1,28.2,0.0,0,0,189.2,,False,False,False,True,False,False
"Apr 19, 2025, 3:11:53 PM",Lunch Run,6.05,56.83,9.4,147.1,157,6.05,56.83,9.39,147.0,157.0,54.0,568.0,6.05,56.83,9.4,147.1,157,75,0.7,0.8,84.8,13.8,0.0,0,0,183.5,,False,False,False,True,False,False
"Apr 13, 2025, 1:35:48 PM",Morning Run,14.02,116.82,8.33,169.5,205,14.02,116.82,8.33,170.0,205.0,103.0,1359.0,14.02,116.82,8.33,169.5,205,88,0.2,0.3,1.9,53.8,43.9,0,0,188.5,,False,False,False,False,False,False
"Apr 12, 2025, 5:08:19 PM",Afternoon Run,5.29,49.13,9.29,154.1,163,5.29,49.13,9.29,154.0,163.0,40.0,512.0,5.29,49.13,9.29,154.1,163,65,0.6,1.8,13.5,84.1,0.0,0,0,188.4,,False,False,False,True,False,False
"Apr 8, 2025, 6:22:29 PM",Afternoon Run,5.16,47.1,9.12,154.7,165,5.16,47.1,9.13,155.0,165.0,65.0,493.0,5.16,47.1,9.12,154.7,165,92,0.5,0.5,17.2,81.9,0.0,0,0,189.1,,False,False,False,True,False,False
"Apr 6, 2025, 1:37:58 PM",Morning Run,12.03,103.75,8.62,160.2,181,12.03,103.75,8.62,160.0,181.0,94.0,1124.0,12.03,103.75,8.62,160.2,181,89,0.2,0.3,4.6,88.2,6.7,0,0,190.0,,False,False,False,False,False,False
"Apr 5, 2025, 8:34:11 PM",Afternoon Run,6.32,57.8,9.14,154.7,163,6.32,57.8,9.15,155.0,163.0,60.0,603.0,6.32,57.8,9.14,154.7,163,73,0.7,1.2,13.1,85.0,0.0,0,0,191.9,,False,False,False,True,False,False
"Apr 4, 2025, 11:09:04 PM",Evening Run,3.15,28.65,9.1,152.3,163,3.14,28.6,9.11,152.0,163.0,17.0,299.0,3.15,28.65,9.1,152.3,163,76,1.3,2.5,19.7,76.5,0.0,0,0,192.9,,False,False,False,True,False,False
"Mar 29, 2025, 10:20:56 PM",Evening Run,10.23,89.67,8.77,158.5,168,10.23,89.67,8.77,159.0,168.0,68.0,951.0,10.23,89.67,8.77,158.5,168,95,0.5,0.7,6.5,92.3,0.0,0,0,189.1,,False,False,False,False,False,False
"Mar 24, 2025, 10:42:12 PM",Evening Run,6.2,54.18,8.74,161.4,171,6.2,54.18,8.74,161.0,171.0,65.0,598.0,6.2,54.18,8.74,161.4,171,77,1.1,1.1,6.7,91.0,0.1,0,0,194.0,,False,False,False,False,False,False
"Mar 22, 2025, 10:25:00 PM",Evening Run,5.04,45.63,9.06,151.3,159,5.04,45.63,9.05,151.0,159.0,60.0,481.0,5.04,45.63,9.06,151.3,159,86,0.6,1.7,37.3,60.5,0.0,0,0,192.0,,False,False,False,True,False,False
"Mar 19, 2025, 10:48:42 PM",Evening Run,4.55,42.22,9.27,150.9,161,4.55,42.22,9.28,151.0,161.0,69.0,427.0,4.55,42.22,9.27,150.9,161,77,0.9,1.3,44.2,53.6,0.0,0,0,186.1,,False,False,False,True,False,False
"Mar 16, 2025, 7:53:36 PM",Afternoon Run,10.18,90.97,8.94,155.0,163,10.18,90.97,8.94,155.0,163.0,72.0,937.0,10.18,90.97,8.94,155.0,163,76,0.3,0.6,8.8,90.3,0.0,0,0,187.3,,False,False,False,False,False,False
"Mar 15, 2025, 10:36:18 PM",Evening Run,3.47,31.73,9.13,154.4,162,3.47,31.73,9.14,154.0,162.0,35.0,334.0,3.47,31.73,9.13,154.4,162,89,1.0,1.4,12.5,85.0,0.0,0,0,186.0,,False,False,False,True,False,False
"Mar 15, 2025, 7:28:50 PM",Afternoon Run,1.51,19.97,13.22,129.4,146,1.51,16.48,10.91,130.0,146.0,19.0,139.0,1.51,19.97,13.22,129.4,146,87,4.5,52.2,43.3,0.0,0.0,0,0,176.2,,False,False,False,True,False,False
"Mar 14, 2025, 5:00:43 PM",Afternoon Run,6.32,56.28,8.9,158.1,167,6.32,56.28,8.91,158.0,167.0,58.0,595.0,6.32,56.28,8.9,158.1,167,81,0.4,1.2,4.0,94.3,0.0,0,0,189.3,,False,False,False,False,False,False
"Mar 13, 2025, 7:36:55 PM",Afternoon Run,4.03,33.18,8.24,165.1,177,4.03,33.18,8.23,165.0,177.0,27.0,368.0,4.03,33.18,8.24,165.1,177,91,0.6,1.8,5.3,62.3,29.9,0,0,186.9,,False,False,False,False,False,False
"Mar 10, 2025, 10:46:56 PM",Evening Run,3.42,31.38,9.19,157.5,165,3.42,31.38,9.18,158.0,165.0,30.0,327.0,3.42,31.38,9.19,157.5,165,92,0.5,1.5,9.0,89.1,0.0,0,0,185.9,,False,False,False,True,False,False
"Mar 9, 2025, 9:03:39 PM",Afternoon Run,8.24,80.3,9.74,160.1,170,8.24,80.3,9.75,160.0,170.0,94.0,829.0,8.24,80.3,9.74,160.1,170,89,0.4,0.9,6.1,92.6,0.0,0,0,183.7,,False,False,False,True,False,False
"Mar 2, 2025, 9:56:50 PM",Afternoon Run,6.25,62.32,9.98,166.9,177,6.24,60.93,9.76,167.0,177.0,77.0,641.0,6.25,62.32,9.98,166.9,177,82,0.9,1.1,2.9,57.1,38.0,0,0,180.2,,False,False,False,True,False,False
"Feb 24, 2025, 8:45:23 PM",Afternoon Run,2.99,30.62,10.23,177.3,195,2.99,28.83,9.64,177.0,195.0,29.0,346.0,2.99,30.62,10.23,177.3,195,94,0.5,0.9,3.8,15.3,79.6,0,0,179.8,,False,False,False,True,False,False
"Feb 3, 2025, 6:31:46 PM",Afternoon Run,2.13,19.78,9.28,176.9,188,2.13,19.78,9.29,177.0,188.0,22.0,232.0,2.13,19.78,9.28,176.9,188,96,0.8,0.8,2.1,9.1,87.2,0,0,182.5,,False,False,False,True,False,False
"Jan 19, 2025, 1:20:06 PM",Morning Run,26.59,259.2,9.75,156.7,181,26.59,256.33,9.64,157.0,181.0,109.0,2529.0,26.59,259.2,9.75,156.7,181,104,1.9,11.9,7.4,74.9,4.0,0,0,176.7,,True,False,False,True,True,False
"Jan 17, 2025, 2:12:13 PM",Morning Run,3.64,35.33,9.71,160.5,167,3.64,35.33,9.71,160.0,167.0,40.0,377.0,3.64,35.33,9.71,160.5,167,109,0.4,0.6,2.9,96.1,0.0,0,0,185.4,,False,False,False,True,False,False
"Jan 11, 2025, 7:25:48 PM",Afternoon Run,8.18,68.73,8.4,165.5,175,8.18,68.73,8.4,165.0,175.0,70.0,788.0,8.18,68.73,8.4,165.5,175,114,0.0,0.5,2.1,92.7,4.7,0,0,189.6,,False,False,False,False,False,False
"Jan 6, 2025, 4:26:04 PM",Lunch Run,10.02,96.92,9.68,152.6,161,10.02,96.92,9.67,153.0,161.0,113.0,976.0,10.02,96.92,9.68,152.6,161,82,0.2,0.5,35.0,64.4,0.0,0,0,184.8,,False,False,False,True,False,False
"Jan 4, 2025, 11:02:06 PM",Evening Run,1.51,15.48,10.28,142.1,150,1.51,15.48,10.25,142.0,150.0,15.0,152.0,1.51,15.48,10.28,142.1,150,87,2.2,1.9,95.9,0.0,0.0,0,0,183.4,,False,False,False,True,False,False
"Jan 2, 2025, 7:39:40 PM",Afternoon Run,18.64,171.43,9.2,167.2,184,18.64,152.97,8.21,167.0,184.0,132.0,1782.0,18.64,171.43,9.2,167.2,184,99,0.1,0.7,1.8,72.6,24.9,0,0,187.4,,True,False,False,True,False,False
"Jan 1, 2025, 9:13:04 PM",Afternoon Run,6.24,57.02,9.13,156.8,166,6.24,55.17,8.84,157.0,166.0,63.0,608.0,6.24,57.02,9.13,156.8,166,96,0.3,1.2,4.0,94.6,0.0,0,0,189.5,,False,False,False,True,False,False
"Dec 30, 2024, 5:29:16 PM",Lunch Run,11.15,100.08,8.97,160.0,177,11.15,99.3,8.91,160.0,177.0,247.0,1095.0,11.15,100.08,8.97,160.0,177,81,0.4,0.6,9.6,84.0,5.4,0,0,186.3,,False,False,False,False,False,False
"Dec 29, 2024, 9:18:41 PM",Afternoon Run,4.04,35.57,8.8,156.4,167,4.04,35.35,8.75,156.0,167.0,46.0,387.0,4.04,35.57,8.8,156.4,167,104,0.4,0.6,8.1,90.9,0.0,0,0,185.4,,False,False,False,False,False,False
"Dec 27, 2024, 8:15:08 PM",Afternoon Run,7.32,62.58,8.55,160.1,182,7.32,58.97,8.06,160.0,182.0,66.0,662.0,7.32,62.58,8.55,160.1,182,86,0.4,0.8,19.8,53.2,25.8,0,0,186.8,,False,False,False,False,False,False
"Dec 26, 2024, 7:23:04 PM",Afternoon Run,6.33,78.97,12.48,138.4,164,6.33,73.95,11.68,141.0,164.0,154.0,629.0,6.33,78.97,12.48,138.4,164,77,8.5,16.5,59.1,15.9,0.0,0,0,169.4,,False,False,False,True,False,False
"Dec 24, 2024, 2:06:11 PM",Morning Run,22.04,187.5,8.51,157.3,178,22.04,187.5,8.51,157.0,178.0,197.0,2034.0,22.04,187.5,8.51,157.3,178,90,0.1,0.1,18.5,80.2,1.0,0,0,188.1,,True,False,False,False,False,False
"Dec 23, 2024, 8:30:51 PM",Afternoon Run,3.16,31.32,9.9,140.5,150,3.16,30.72,9.72,141.0,150.0,28.0,301.0,3.16,31.32,9.9,140.5,150,89,1.0,7.0,92.0,0.0,0.0,0,0,184.1,,False,False,False,True,False,False
"Dec 20, 2024, 8:58:56 PM",Afternoon Run,10.08,88.7,8.8,150.3,157,10.08,88.52,8.78,150.0,157.0,110.0,942.0,10.08,88.7,8.8,150.3,157,81,0.2,0.4,61.6,37.8,0.0,0,0,186.7,,False,False,False,False,False,False
"Dec 19, 2024, 4:10:24 PM",Lunch Run,6.02,59.8,9.93,141.1,149,6.02,59.8,9.93,141.0,149.0,62.0,577.0,6.02,59.8,9.93,141.1,149,78,0.4,0.7,98.9,0.0,0.0,0,0,184.2,,False,False,False,True,False,False
"Dec 17, 2024, 6:34:28 PM",Afternoon Run,9.53,83.62,8.77,148.8,157,9.53,83.62,8.77,149.0,157.0,93.0,876.0,9.53,83.62,8.77,148.8,157,96,0.3,0.6,74.8,24.4,0.0,0,0,190.2,,False,False,False,False,False,False
"Dec 16, 2024, 8:29:08 PM",Afternoon Run,6.02,73.17,12.15,139.9,170,6.02,58.62,9.74,140.0,170.0,89.0,565.0,6.02,73.17,12.15,139.9,170,85,0.8,3.5,94.3,1.4,0.0,0,0,186.9,,False,False,False,True,False,False
"Dec 14, 2024, 6:51:46 PM",Afternoon Run,20.04,173.92,8.68,159.9,177,20.04,168.45,8.41,160.0,177.0,144.0,1870.0,20.04,173.92,8.68,159.9,177,91,0.1,0.3,5.1,82.5,11.9,0,0,189.1,,True,False,False,False,False,False
"Dec 14, 2024, 12:20:08 AM",Evening Run,7.07,67.95,9.62,139.9,149,7.07,67.95,9.61,140.0,149.0,72.0,666.0,7.07,67.95,9.62,139.9,149,84,0.6,3.1,96.3,0.0,0.0,0,0,190.0,,False,False,False,True,False,False
"Dec 10, 2024, 2:42:05 PM",Morning Run,7.1,70.12,9.88,142.7,155,7.1,68.05,9.58,143.0,155.0,72.0,665.0,7.1,70.12,9.88,142.7,155,83,0.7,2.5,94.0,2.8,0.0,0,0,184.4,,False,False,False,True,False,False
"Dec 8, 2024, 4:09:47 PM",Lunch Run,18.04,164.12,9.1,156.6,172,18.04,150.33,8.33,157.0,172.0,125.0,1645.0,18.04,164.12,9.1,156.6,172,74,0.3,0.6,6.2,92.8,0.1,0,0,188.9,,True,False,False,True,False,False
"Dec 7, 2024, 8:23:48 PM",Afternoon Run,5.08,45.82,9.01,150.0,160,5.08,45.82,9.02,150.0,160.0,64.0,486.0,5.08,45.82,9.01,150.0,160,96,0.4,0.8,59.6,39.2,0.0,0,0,190.2,,False,False,False,True,False,False
"Dec 4, 2024, 2:21:57 PM",Morning Run,7.21,71.92,9.97,140.2,149,7.21,71.92,9.98,140.0,149.0,77.0,685.0,7.21,71.92,9.97,140.2,149,82,0.3,1.6,98.1,0.0,0.0,0,0,188.3,,False,False,False,True,False,False
"Dec 3, 2024, 3:43:03 PM",Morning Run,6.07,58.75,9.68,141.4,155,6.07,58.58,9.65,141.0,155.0,59.0,574.0,6.07,58.75,9.68,141.4,155,64,0.5,1.1,97.7,0.6,0.0,0,0,183.0,,False,False,False,True,False,False
"Nov 28, 2024, 12:32:37 AM",Evening Run,6.22,56.85,9.15,153.2,162,6.21,54.28,8.74,153.0,162.0,64.0,584.0,6.22,56.85,9.15,153.2,162,98,0.3,1.0,27.8,70.8,0.0,0,0,187.6,,False,False,False,True,False,False
"Nov 26, 2024, 10:52:26 PM",Afternoon Run,5.72,50.78,8.88,149.7,164,5.72,50.78,8.88,150.0,164.0,73.0,538.0,5.72,50.78,8.88,149.7,164,89,0.5,1.0,61.8,36.6,0.0,0,0,185.6,,False,False,False,False,False,False
"Nov 24, 2024, 2:20:55 PM",Morning Run,16.29,129.38,7.94,159.6,176,16.29,129.38,7.94,160.0,176.0,109.0,1473.0,16.29,129.38,7.94,159.6,176,84,0.2,0.4,9.9,80.8,8.7,0,0,187.8,,True,True,False,False,False,False
"Nov 23, 2024, 5:18:36 PM",Lunch Run,6.45,58.0,8.99,150.1,159,6.45,58.0,8.99,150.0,159.0,63.0,610.0,6.45,58.0,8.99,150.1,159,77,0.6,1.0,56.7,41.7,0.0,0,0,186.2,,False,False,False,False,False,False
"Nov 21, 2024, 9:41:52 PM",Afternoon Run,6.17,55.43,8.99,148.0,157,6.17,55.43,8.98,148.0,157.0,79.0,585.0,6.17,55.43,8.99,148.0,157,86,0.5,1.0,74.0,24.5,0.0,0,0,187.8,,False,False,False,False,False,False
"Nov 20, 2024, 1:55:22 PM",Morning Run,7.06,63.52,9.0,150.3,158,7.06,63.52,9.0,150.0,158.0,67.0,659.0,7.06,63.52,9.0,150.3,158,91,0.3,0.7,49.2,49.8,0.0,0,0,186.1,,False,False,False,True,False,False
"Nov 17, 2024, 2:18:31 PM",Morning Run,14.03,114.22,8.14,157.2,175,14.03,114.22,8.14,157.0,175.0,102.0,1268.0,14.03,114.22,8.14,157.2,175,88,0.2,0.5,26.1,67.3,5.9,0,0,186.9,,False,False,False,False,False,False
"Nov 16, 2024, 3:13:11 PM",Morning Run,7.22,64.53,8.94,147.9,158,7.22,64.53,8.94,148.0,158.0,69.0,673.0,7.22,64.53,8.94,147.9,158,86,0.4,1.1,79.1,19.5,0.0,0,0,188.3,,False,False,False,False,False,False
"Nov 15, 2024, 2:27:28 PM",Morning Run,8.19,69.02,8.43,160.5,168,8.19,69.02,8.43,161.0,168.0,79.0,775.0,8.19,69.02,8.43,160.5,168,79,0.2,0.4,1.3,98.0,0.0,0,0,187.3,,False,False,False,False,False,False
"Nov 9, 2024, 3:58:10 PM",Morning Run,13.19,115.45,8.76,153.9,162,13.18,115.45,8.76,154.0,162.0,88.0,1232.0,13.19,115.45,8.76,153.9,162,83,0.3,0.9,16.7,82.0,0.0,0,0,186.6,,False,False,False,False,False,False
"Nov 7, 2024, 10:00:42 PM",Afternoon Run,5.12,44.32,8.66,148.2,157,5.12,44.32,8.66,148.0,157.0,55.0,471.0,5.12,44.32,8.66,148.2,157,80,0.8,0.9,76.1,22.3,0.0,0,0,186.2,,False,False,False,False,False,False
"Nov 3, 2024, 2:43:25 PM",Morning Run,14.07,123.53,8.78,153.1,169,14.07,122.82,8.73,153.0,169.0,200.0,1298.0,14.07,123.53,8.78,153.1,169,82,0.2,0.4,37.9,61.5,0.0,0,0,188.0,,False,False,False,False,False,False
"Nov 2, 2024, 8:44:00 PM",Afternoon Run,4.3,39.22,9.13,138.3,151,4.3,39.22,9.12,138.0,151.0,51.0,385.0,4.3,39.22,9.13,138.3,151,75,8.7,2.3,89.0,0.0,0.0,0,0,185.7,,False,False,False,True,False,False
"Oct 31, 2024, 9:31:54 PM",Afternoon Run,6.04,55.9,9.26,141.0,156,6.03,55.9,9.27,141.0,156.0,80.0,550.0,6.04,55.9,9.26,141.0,156,91,0.5,3.0,94.3,2.1,0.0,0,0,182.7,,False,False,False,True,False,False
"Oct 30, 2024, 10:16:36 PM",Evening Run,5.1,49.12,9.63,140.1,149,5.1,49.12,9.63,140.0,149.0,56.0,471.0,5.1,49.12,9.63,140.1,149,91,0.7,2.8,96.5,0.0,0.0,0,0,181.0,,False,False,False,True,False,False
"Oct 27, 2024, 1:14:57 PM",Morning Run,14.05,122.75,8.73,153.6,162,14.05,122.75,8.74,154.0,162.0,103.0,1260.0,14.05,122.75,8.73,153.6,162,82,0.2,0.5,17.2,82.1,0.0,0,0,186.8,,False,False,False,False,False,False
"Oct 26, 2024, 10:18:06 PM",Evening Run,5.21,48.8,9.37,143.0,152,5.21,48.8,9.37,143.0,152.0,53.0,483.0,5.21,48.8,9.37,143.0,152,66,0.5,1.2,97.4,0.9,0.0,0,0,184.1,,False,False,False,True,False,False
"Oct 24, 2024, 8:26:07 PM",Afternoon Run,5.04,46.65,9.25,149.8,161,5.04,46.65,9.26,150.0,161.0,56.0,471.0,5.04,46.65,9.25,149.8,161,76,1.3,2.2,48.8,47.8,0.0,0,0,180.4,,False,False,False,True,False,False
"Oct 23, 2024, 10:16:55 PM",Evening Run,5.35,49.5,9.25,145.6,157,5.35,49.5,9.25,146.0,157.0,59.0,487.0,5.35,49.5,9.25,145.6,157,75,1.5,0.4,88.4,9.7,0.0,0,0,179.5,,False,False,False,True,False,False
"Oct 20, 2024, 1:48:15 PM",Morning Run,12.04,110.08,9.15,153.0,162,12.04,107.82,8.96,153.0,162.0,89.0,1091.0,12.04,110.08,9.15,153.0,162,88,0.3,0.8,20.9,78.0,0.0,0,0,182.8,,False,False,False,True,False,False
"Oct 19, 2024, 9:09:49 PM",Afternoon Run,1.01,12.32,12.2,125.7,136,1.01,12.32,12.2,126.0,136.0,2.0,92.0,1.01,12.32,12.2,125.7,136,68,5.9,75.1,18.9,0.0,0.0,0,0,173.5,,False,False,False,True,False,False
"Oct 19, 2024, 2:48:17 PM",Morning Run,6.03,55.25,9.16,156.5,164,6.03,55.25,9.16,157.0,164.0,59.0,573.0,6.03,55.25,9.16,156.5,164,84,0.5,0.6,11.6,87.3,0.0,0,0,183.4,,False,False,False,True,False,False
"Oct 16, 2024, 10:29:56 PM",Evening Run,6.08,53.5,8.8,151.0,160,6.08,53.5,8.8,151.0,160.0,62.0,547.0,6.08,53.5,8.8,151.0,160,76,0.6,1.0,44.3,54.1,0.0,0,0,183.9,,False,False,False,False,False,False
"Oct 15, 2024, 10:11:55 PM",Evening Run,3.23,31.93,9.88,144.5,152,3.23,31.93,9.89,145.0,152.0,30.0,299.0,3.23,31.93,9.88,144.5,152,71,0.9,1.8,95.9,1.4,0.0,0,0,177.1,,False,False,False,True,False,False
"Oct 13, 2024, 1:37:22 PM",Morning Run,6.06,54.52,8.99,153.8,159,6.06,54.52,9.0,154.0,159.0,10.0,559.0,6.06,54.52,8.99,153.8,159,89,0.4,0.8,10.9,88.0,0.0,0,0,181.7,,False,False,False,False,False,False
"Oct 9, 2024, 10:07:14 PM",Evening Run,6.06,52.37,8.64,161.8,171,6.06,52.37,8.64,162.0,171.0,79.0,558.0,6.06,52.37,8.64,161.8,171,82,0.7,0.6,2.5,95.6,0.5,0,0,181.3,,False,False,False,False,False,False
"Oct 8, 2024, 9:55:50 PM",Afternoon Run,4.25,41.7,9.81,150.2,162,4.25,41.7,9.81,150.0,162.0,47.0,402.0,4.25,41.7,9.81,150.2,162,86,1.0,1.3,49.3,48.4,0.0,0,0,176.0,,False,False,False,True,False,False
"Oct 5, 2024, 2:51:51 PM",Morning Run,10.24,92.9,9.07,155.5,164,10.24,92.9,9.07,156.0,164.0,81.0,932.0,10.24,92.9,9.07,155.5,164,77,0.3,0.5,11.0,88.2,0.0,0,0,177.4,,False,False,False,True,False,False
"Oct 2, 2024, 10:49:06 PM",Evening Run,5.03,51.28,10.2,147.4,158,5.03,51.28,10.19,147.0,158.0,60.0,473.0,5.03,51.28,10.2,147.4,158,76,0.6,0.9,82.7,15.9,0.0,0,0,174.0,,False,False,False,True,False,False
"Oct 1, 2024, 10:57:47 PM",Evening Run,3.29,34.23,10.4,143.8,158,3.29,33.67,10.23,144.0,158.0,33.0,307.0,3.29,34.23,10.4,143.8,158,76,0.8,2.7,92.0,4.5,0.0,0,0,174.8,,False,False,False,True,False,False
"Sep 30, 2024, 10:51:50 PM",Evening Run,6.04,52.42,8.68,158.0,187,6.04,51.82,8.58,158.0,187.0,0.0,522.0,6.04,52.42,8.68,158.0,187,85,0.9,1.7,44.5,19.4,33.5,0,0,172.4,,False,False,False,False,False,False
"Sep 29, 2024, 10:42:14 PM",Evening Run,4.11,38.75,9.43,149.0,161,4.11,38.75,9.43,149.0,161.0,43.0,379.0,4.11,38.75,9.43,149.0,161,80,0.9,1.7,61.4,36.0,0.0,0,0,178.3,,False,False,False,True,False,False
"Sep 28, 2024, 5:34:17 PM",Afternoon Run,8.09,73.4,9.07,160.3,172,8.09,73.22,9.05,160.0,172.0,76.0,769.0,8.09,73.4,9.07,160.3,172,77,0.4,0.6,10.2,88.4,0.5,0,0,176.5,,False,False,False,True,False,False
"Sep 25, 2024, 11:10:30 PM",Evening Run,4.33,38.4,8.88,160.5,188,4.33,36.88,8.52,159.0,188.0,0.0,402.0,4.33,38.4,8.88,160.5,188,106,0.5,2.3,38.2,23.3,35.8,0,0,172.6,,False,False,False,False,False,False
"Sep 23, 2024, 10:39:01 PM",Evening Run,5.14,54.33,10.58,152.5,162,5.14,49.27,9.59,153.0,162.0,60.0,491.0,5.14,54.33,10.58,152.5,162,94,0.9,1.6,28.8,68.7,0.0,0,0,174.3,,False,False,False,True,False,False
"Sep 22, 2024, 3:04:01 PM",Lunch Run,4.43,44.22,9.99,154.7,166,4.43,44.22,9.98,155.0,166.0,49.0,444.0,4.43,44.22,9.99,154.7,166,79,1.0,1.3,19.8,77.9,0.0,0,0,175.8,,False,False,False,True,False,False
"Sep 21, 2024, 11:22:46 PM",Evening Run,0.08,1.0,,120.5,137,0.08,1.0,,121.0,137.0,0.0,7.0,0.08,1.0,,120.5,137,89,26.2,49.2,24.6,0.0,0.0,0,0,157.8,,False,False,False,False,False,False
"Sep 18, 2024, 10:55:32 PM",Evening Run,4.32,42.47,9.84,154.3,165,4.32,40.02,9.26,154.0,165.0,47.0,421.0,4.32,42.47,9.84,154.3,165,66,0.9,2.0,17.3,79.8,0.0,0,0,,,False,False,False,True,False,False
"Sep 3, 2024, 3:38:54 AM",Morning Run,3.08,37.87,12.3,151.5,168,3.08,27.28,8.86,152.0,168.0,54.0,294.0,3.08,37.87,12.3,151.5,168,73,2.1,3.7,40.4,53.8,0.0,0,0,177.2,,False,False,False,True,False,False
"Aug 22, 2024, 11:23:53 PM",Evening Run,5.07,43.95,8.67,155.3,168,5.07,43.95,8.67,155.0,168.0,60.0,486.0,5.07,43.95,8.67,155.3,168,75,0.8,1.3,22.6,75.3,0.0,0,0,179.5,,False,False,False,False,False,False
"Aug 21, 2024, 11:46:00 PM",Evening Run,5.1,50.8,9.96,136.8,147,5.1,50.73,9.95,137.0,147.0,64.0,476.0,5.1,50.8,9.96,136.8,147,74,0.9,10.6,88.5,0.0,0.0,0,0,177.3,,False,False,False,True,False,False
"Aug 20, 2024, 11:15:06 PM",Evening Run,6.35,54.28,8.55,155.0,174,6.35,54.2,8.54,155.0,174.0,77.0,599.0,6.35,54.28,8.55,155.0,174,82,0.6,0.8,12.7,84.5,1.4,0,0,180.5,,False,False,False,False,False,False
"Aug 16, 2024, 11:48:03 PM",Afternoon Run,6.33,51.72,8.17,162.2,170,6.33,51.67,8.16,162.0,170.0,68.0,602.0,6.33,51.72,8.17,162.2,170,79,0.5,1.0,5.5,93.0,0.0,0,0,179.4,,False,False,False,False,False,False
"Aug 14, 2024, 11:36:42 PM",Afternoon Run,2.26,39.08,17.33,121.3,149,2.26,27.77,12.29,122.0,149.0,15.0,198.0,2.26,39.08,17.33,121.3,149,78,28.0,54.7,17.3,0.0,0.0,0,0,172.2,,False,False,False,True,False,False
"Aug 13, 2024, 10:42:52 PM",Afternoon Run,8.98,85.15,9.49,156.7,185,8.98,84.93,9.46,157.0,185.0,300.0,895.0,8.98,85.15,9.49,156.7,185,79,0.5,6.4,30.3,39.8,22.9,0,0,172.0,,False,False,False,True,False,False
"Aug 11, 2024, 9:24:19 PM",Afternoon Run,5.34,63.17,11.82,141.9,159,5.34,51.0,9.55,142.0,159.0,50.0,498.0,5.34,63.17,11.82,141.9,159,70,15.0,5.0,39.5,40.5,0.0,0,0,177.4,,False,False,False,True,False,False
"Aug 8, 2024, 2:38:06 AM",Evening Run,4.14,37.92,9.15,144.5,157,4.14,37.78,9.13,144.0,157.0,31.0,373.0,4.14,37.92,9.15,144.5,157,79,0.7,1.6,88.5,9.2,0.0,0,0,179.5,,False,False,False,True,False,False
"Aug 6, 2024, 10:20:12 PM",Afternoon Run,7.91,73.37,9.28,155.1,189,7.91,73.3,9.27,155.0,189.0,249.0,777.0,7.91,73.37,9.28,155.1,189,98,0.3,2.2,35.7,42.3,19.5,0,0,173.8,,False,False,False,True,False,False
"Aug 4, 2024, 4:29:12 PM",Morning Run,6.41,56.72,8.84,156.1,170,6.41,54.53,8.51,156.0,170.0,111.0,610.0,6.41,56.72,8.84,156.1,170,73,0.7,1.6,13.9,83.8,0.0,0,0,181.2,,False,False,False,False,False,False
"Aug 3, 2024, 5:16:38 PM",Morning Run,6.2,59.42,9.58,152.6,160,6.2,58.47,9.43,153.0,160.0,86.0,618.0,6.2,59.42,9.58,152.6,160,77,0.5,0.9,25.3,73.2,0.0,0,0,177.2,,False,False,False,True,False,False
"Aug 1, 2024, 12:57:56 AM",Afternoon Run,5.34,49.25,9.22,153.9,163,5.34,49.25,9.22,154.0,163.0,44.0,517.0,5.34,49.25,9.22,153.9,163,94,0.5,0.8,17.9,80.7,0.0,0,0,179.1,,False,False,False,True,False,False
"Jul 30, 2024, 12:32:24 AM",Afternoon Run,4.08,36.93,9.04,148.6,155,4.08,36.93,9.05,149.0,155.0,37.0,383.0,4.08,36.93,9.04,148.6,155,66,0.9,1.5,69.7,27.9,0.0,0,0,179.3,,False,False,False,True,False,False
"Jul 27, 2024, 1:10:02 PM",Morning Run,8208.07,187.3,0.02,163.0,187.0,8208.07,187.3,0.02,163.0,187.0,4.0,2126.0,,,,,,,,,,,,,,,,True,False,True,False,False,False
"Jul 27, 2024, 1:10:02 PM",Morning Run,25.6,199.45,7.79,163.4,187,25.6,199.45,7.79,163.0,187.0,6.0,2127.0,25.6,199.45,7.79,163.4,187,89,0.7,0.1,0.5,84.5,14.2,0,0,185.0,,True,True,False,False,True,False
"Jul 25, 2024, 12:44:55 AM",Evening Run,3.2,27.1,8.46,145.7,153,3.2,27.1,8.47,146.0,153.0,28.0,290.0,3.2,27.1,8.46,145.7,153,100,0.7,1.5,96.1,1.7,0.0,0,0,185.9,,False,False,False,False,False,False
"Jul 25, 2024, 12:21:36 AM",Evening Run,2.21,18.98,8.59,143.8,150,2.21,18.98,8.59,144.0,150.0,0.0,203.0,2.21,18.98,8.59,143.8,150,69,1.7,3.3,95.0,0.0,0.0,0,0,183.3,,False,False,False,False,False,False
"Jul 24, 2024, 12:25:13 AM",Evening Run,5.03,44.8,8.91,144.6,153,5.03,44.8,8.91,145.0,153.0,61.0,459.0,5.03,44.8,8.91,144.6,153,71,0.6,1.2,97.7,0.5,0.0,0,0,182.0,,False,False,False,False,False,False
"Jul 21, 2024, 1:31:14 PM",Morning Run,10.03,87.7,8.74,155.6,179,10.03,82.43,8.22,156.0,179.0,42.0,873.0,10.03,87.7,8.74,155.6,179,68,0.3,1.4,17.9,76.8,3.6,0,0,185.2,,False,False,False,False,False,False
"Jul 20, 2024, 4:18:02 PM",Lunch Run,7.29,62.1,8.52,155.8,168,7.29,62.05,8.51,156.0,168.0,32.0,634.0,7.29,62.1,8.52,155.8,168,87,0.4,0.8,8.4,90.4,0.0,0,0,187.1,,False,False,False,False,False,False
"Jul 20, 2024, 12:01:30 AM",Evening Run,5.16,48.85,9.46,138.3,148,5.16,48.85,9.47,138.0,148.0,57.0,458.0,5.16,48.85,9.46,138.3,148,71,0.6,3.5,95.9,0.0,0.0,0,0,179.6,,False,False,False,True,False,False
"Jul 16, 2024, 1:48:33 PM",Morning Run,4.11,38.52,9.38,143.4,152,4.11,36.43,8.86,144.0,152.0,45.0,375.0,4.11,38.52,9.38,143.4,152,78,2.2,3.3,93.2,1.3,0.0,0,0,186.3,,False,False,False,True,False,False
"Jul 14, 2024, 2:06:06 PM",Morning Run,16.03,137.12,8.56,163.3,178,16.03,133.35,8.32,163.0,178.0,72.0,1441.0,16.03,137.12,8.56,163.3,178,73,0.3,0.4,4.0,69.9,25.5,0,0,186.1,,True,False,False,False,False,False
"Jul 11, 2024, 12:01:56 AM",Evening Run,5.21,46.87,9.0,144.0,153,5.21,46.87,9.0,144.0,153.0,75.0,480.0,5.21,46.87,9.0,144.0,153,72,0.9,1.0,97.1,1.0,0.0,0,0,188.7,,False,False,False,True,False,False
"Jul 8, 2024, 11:39:26 PM",Evening Run,3.07,29.9,9.73,139.6,148,3.07,29.9,9.74,140.0,148.0,28.0,288.0,3.07,29.9,9.73,139.6,148,74,1.0,1.9,97.1,0.0,0.0,0,0,181.8,,False,False,False,True,False,False
"Jul 7, 2024, 11:06:35 AM",Morning Run,21.02,204.6,9.73,156.8,183,21.02,179.8,8.55,157.0,183.0,210.0,1923.0,21.02,204.6,9.73,156.8,183,85,0.3,0.8,23.2,65.7,10.0,0,0,185.6,,True,False,False,True,False,False
"Jul 6, 2024, 12:35:00 AM",Evening Run,7.1,62.53,8.8,149.1,157,7.1,62.17,8.76,149.0,157.0,68.0,647.0,7.1,62.53,8.8,149.1,157,84,0.5,2.0,59.0,38.6,0.0,0,0,184.1,,False,False,False,False,False,False
"Jul 3, 2024, 10:12:41 PM",Evening Run,3.03,37.65,12.42,123.7,147,3.03,33.72,11.13,124.0,147.0,14.0,257.0,3.03,37.65,12.42,123.7,147,68,32.5,19.9,47.6,0.0,0.0,0,0,174.8,,False,False,False,True,False,False
"Jul 1, 2024, 3:00:49 PM",Lunch Run,5.02,48.82,9.73,140.5,149,5.02,48.77,9.72,141.0,149.0,61.0,466.0,5.02,48.82,9.73,140.5,149,69,1.0,3.8,95.2,0.0,0.0,0,0,182.6,,False,False,False,True,False,False
"Jun 30, 2024, 3:21:31 PM",Lunch Run,18.02,183.2,10.17,156.1,169,18.02,159.82,8.87,156.0,169.0,126.0,1652.0,18.02,183.2,10.17,156.1,169,95,0.3,1.3,14.3,84.1,0.0,0,0,185.8,,True,False,False,True,False,False
"Jun 27, 2024, 11:41:12 PM",Evening Run,8.48,76.98,9.08,143.0,155,8.48,73.65,8.69,143.0,155.0,51.0,756.0,8.48,76.98,9.08,143.0,155,48,1.2,2.4,93.5,2.9,0.0,0,0,183.6,,False,False,False,True,False,False
"Jun 26, 2024, 11:17:34 PM",Evening Run,5.17,45.57,8.81,148.3,158,5.17,44.62,8.63,148.0,158.0,65.0,476.0,5.17,45.57,8.81,148.3,158,67,1.1,2.2,69.2,27.5,0.0,0,0,181.0,,False,False,False,False,False,False
"Jun 25, 2024, 10:39:52 PM",Evening Run,16.03,159.13,9.93,150.1,165,16.03,144.75,9.03,150.0,165.0,103.0,1410.0,16.03,159.13,9.93,150.1,165,81,0.2,0.7,52.8,46.4,0.0,0,0,181.7,,True,False,False,True,False,False
"Jun 24, 2024, 11:33:43 AM",Morning Run,0.52,4.68,9.03,138.3,148,0.52,4.68,9.0,139.0,148.0,12.0,46.0,0.52,4.68,9.03,138.3,148,82,8.9,6.0,85.1,0.0,0.0,0,0,186.4,,False,False,False,True,False,False
"Jun 24, 2024, 12:42:26 AM",Evening Run,4.04,39.43,9.76,140.5,150,4.04,39.43,9.76,140.0,150.0,48.0,382.0,4.04,39.43,9.76,140.5,150,81,0.8,3.5,95.7,0.0,0.0,0,0,179.8,,False,False,False,True,False,False
"Jun 23, 2024, 12:22:09 AM",Evening Run,8.2,70.98,8.66,155.1,165,8.2,70.98,8.66,155.0,165.0,74.0,773.0,8.2,70.98,8.66,155.1,165,78,0.4,0.7,15.3,83.7,0.0,0,0,182.4,,False,False,False,False,False,False
"Jun 19, 2024, 5:27:43 PM",Afternoon Run,5.09,49.72,9.76,149.0,162,5.09,48.88,9.6,149.0,162.0,63.0,488.0,5.09,49.72,9.76,149.0,162,74,1.1,2.5,52.6,43.9,0.0,0,0,181.9,,False,False,False,True,False,False
"Jun 12, 2024, 12:36:42 AM",Evening Run,4.09,38.03,9.31,137.1,147,4.09,37.93,9.27,137.0,147.0,50.0,368.0,4.09,38.03,9.31,137.1,147,59,1.4,7.5,91.0,0.0,0.0,0,0,179.1,,False,False,False,True,False,False
"Jun 10, 2024, 2:11:29 PM",Morning Run,16.04,159.67,9.96,154.6,166,16.04,131.33,8.19,155.0,166.0,192.0,1461.0,16.04,159.67,9.96,154.6,166,72,0.5,1.0,23.3,75.2,0.0,0,0,183.8,,True,False,False,True,False,False
"Jun 7, 2024, 11:46:54 PM",Evening Run,7.29,59.93,8.22,151.4,163,7.29,59.83,8.21,151.0,163.0,71.0,647.0,7.29,59.93,8.22,151.4,163,71,0.6,0.6,37.6,61.2,0.0,0,0,182.1,,False,False,False,False,False,False
"Jun 6, 2024, 11:13:51 PM",Evening Run,6.02,55.23,9.18,139.2,149,6.02,55.23,9.17,139.0,149.0,71.0,530.0,6.02,55.23,9.18,139.2,149,70,0.6,1.9,97.5,0.0,0.0,0,0,177.5,,False,False,False,True,False,False
"Jun 2, 2024, 12:30:07 PM",Morning Run,13.2,99.73,7.55,172.5,189,13.2,99.73,7.56,173.0,189.0,105.0,1203.0,13.2,99.73,7.55,172.5,189,110,0.2,0.2,0.1,21.8,77.7,0,0,184.6,,False,True,False,False,False,False
"Jun 1, 2024, 3:01:13 PM",Lunch Run,4.22,38.38,9.1,144.6,172,4.22,38.3,9.08,145.0,172.0,35.0,400.0,4.22,38.38,9.1,144.6,172,88,1.5,2.4,81.7,13.2,1.2,0,0,185.0,,False,False,False,True,False,False
"May 31, 2024, 11:56:13 PM",Evening Run,5.04,46.62,9.25,139.1,153,5.04,46.62,9.25,139.0,153.0,60.0,459.0,5.04,46.62,9.25,139.1,153,72,1.9,2.4,95.2,0.5,0.0,0,0,181.6,,False,False,False,True,False,False
"May 30, 2024, 11:21:25 PM",Evening Run,6.02,54.73,9.09,138.6,149,6.02,54.68,9.08,139.0,149.0,64.0,519.0,6.02,54.73,9.09,138.6,149,75,0.6,4.4,95.0,0.0,0.0,0,0,181.4,,False,False,False,True,False,False
"May 26, 2024, 12:24:15 PM",Morning Run,10.42,89.53,8.6,151.8,164,10.41,89.53,8.6,152.0,164.0,122.0,921.0,10.42,89.53,8.6,151.8,164,85,0.4,0.9,38.1,60.5,0.0,0,0,184.1,,False,False,False,False,False,False
"May 25, 2024, 10:10:29 PM",Evening Run,6.38,61.93,9.71,148.2,160,6.38,55.07,8.63,148.0,160.0,60.0,558.0,6.38,61.93,9.71,148.2,160,80,1.3,8.9,33.7,56.2,0.0,0,0,181.5,,False,False,False,True,False,False
"May 23, 2024, 11:49:23 PM",Evening Run,8.25,70.62,8.56,148.5,157,8.25,70.62,8.56,149.0,157.0,66.0,748.0,8.25,70.62,8.56,148.5,157,88,0.4,1.0,79.8,18.9,0.0,0,0,183.8,,False,False,False,False,False,False
"May 19, 2024, 10:44:52 AM",Morning Run,14.05,115.22,8.2,153.7,174,14.05,115.22,8.2,154.0,174.0,172.0,1274.0,14.05,115.22,8.2,153.7,174,72,0.3,0.6,45.9,51.1,2.0,0,0,186.3,,False,False,False,False,False,False
"May 18, 2024, 1:14:02 PM",Morning Run,6.08,58.97,9.7,135.8,145,6.08,58.97,9.7,136.0,145.0,61.0,544.0,6.08,58.97,9.7,135.8,145,80,0.9,16.3,82.7,0.0,0.0,0,0,179.3,,False,False,False,True,False,False
"May 16, 2024, 11:15:17 PM",Evening Run,4.22,41.45,9.81,133.1,146,4.22,41.45,9.82,133.0,146.0,46.0,380.0,4.22,41.45,9.81,133.1,146,68,1.4,34.0,64.5,0.0,0.0,0,0,177.2,,False,False,False,True,False,False
"May 15, 2024, 2:02:08 PM",Morning Run,10.02,88.77,8.86,153.8,174,10.02,82.28,8.21,154.0,174.0,83.0,894.0,10.02,88.77,8.86,153.8,174,73,0.9,1.9,48.7,38.2,10.2,0,0,182.5,,False,False,False,False,False,False
"May 14, 2024, 1:19:18 PM",Morning Run,10.27,86.47,8.42,150.5,158,10.27,86.47,8.42,151.0,158.0,85.0,911.0,10.27,86.47,8.42,150.5,158,73,0.6,0.4,53.8,45.2,0.0,0,0,181.9,,False,False,False,False,False,False
"May 12, 2024, 2:02:20 PM",Morning Run,16.04,139.15,8.68,150.9,160,16.04,139.15,8.68,151.0,160.0,190.0,1451.0,16.04,139.15,8.68,150.9,160,74,0.4,0.8,43.7,55.0,0.0,0,0,183.7,,True,False,False,False,False,False
"May 11, 2024, 3:35:34 PM",Lunch Run,10.19,86.47,8.49,151.1,158,10.19,86.47,8.49,151.0,158.0,78.0,919.0,10.19,86.47,8.49,151.1,158,78,0.8,0.3,38.4,60.6,0.0,0,0,182.3,,False,False,False,False,False,False
"May 10, 2024, 10:21:10 PM",Evening Run,6.01,55.55,9.24,141.0,154,6.01,55.55,9.24,141.0,154.0,75.0,543.0,6.01,55.55,9.24,141.0,154,73,0.8,1.9,95.1,2.2,0.0,0,0,177.7,,False,False,False,True,False,False
"May 9, 2024, 11:11:47 PM",Evening Run,3.22,27.1,8.43,152.2,179,3.21,26.55,8.27,152.0,179.0,20.0,290.0,3.22,27.1,8.43,152.2,179,97,4.5,6.6,31.1,40.9,16.9,0,0,174.7,,False,False,False,False,False,False
"May 8, 2024, 11:17:50 PM",Evening Run,11.19,95.12,8.5,149.5,157,11.19,94.03,8.4,150.0,157.0,115.0,1008.0,11.19,95.12,8.5,149.5,157,71,0.4,0.7,66.8,32.1,0.0,0,0,183.3,,False,False,False,False,False,False
"May 7, 2024, 1:48:11 PM",Morning Run,9.02,76.65,8.5,150.0,160,9.02,76.5,8.48,150.0,160.0,83.0,810.0,9.02,76.65,8.5,150.0,160,78,0.5,0.6,59.4,39.5,0.0,0,0,182.9,,False,False,False,False,False,False
"May 5, 2024, 11:14:49 PM",Evening Run,10.15,86.28,8.5,151.8,160,10.15,86.28,8.5,152.0,160.0,116.0,948.0,10.15,86.28,8.5,151.8,160,88,0.3,0.4,43.1,56.2,0.0,0,0,183.5,,False,False,False,False,False,False
"May 5, 2024, 1:56:53 PM",Morning Run,4.08,38.77,9.49,170.9,182,4.08,27.88,6.83,171.0,182.0,2.0,356.0,4.08,38.77,9.49,170.9,182,111,0.3,0.9,4.2,23.6,71.0,0,0,181.5,,False,False,False,True,False,False
"May 5, 2024, 1:47:07 PM",Morning Run,1.03,9.2,8.93,143.8,156,1.03,9.2,8.93,144.0,156.0,4.0,99.0,1.03,9.2,8.93,143.8,156,97,2.5,6.0,77.8,13.7,0.0,0,0,180.9,,False,False,False,False,False,False
"May 4, 2024, 4:00:21 PM",Lunch Run,6.04,58.07,9.61,144.4,154,6.04,57.92,9.59,144.0,154.0,70.0,558.0,6.04,58.07,9.61,144.4,154,72,0.8,1.5,94.2,3.5,0.0,0,0,177.7,,False,False,False,True,False,False
"May 2, 2024, 11:14:03 PM",Evening Run,7.08,67.85,9.58,141.9,152,7.08,67.8,9.58,142.0,152.0,78.0,663.0,7.08,67.85,9.58,141.9,152,70,0.7,2.2,97.1,0.0,0.0,0,0,177.1,,False,False,False,True,False,False
"May 1, 2024, 1:12:36 PM",Morning Run,9.16,78.27,8.54,151.8,162,9.16,78.27,8.54,152.0,162.0,124.0,835.0,9.16,78.27,8.54,151.8,162,87,0.3,0.9,38.4,60.3,0.0,0,0,184.1,,False,False,False,False,False,False
"Apr 30, 2024, 1:43:11 PM",Morning Run,10.05,87.58,8.72,156.7,177,10.05,87.58,8.71,157.0,177.0,112.0,954.0,10.05,87.58,8.72,156.7,177,94,0.3,0.6,16.9,76.5,5.8,0,0,179.1,,False,False,False,False,False,False
"Apr 28, 2024, 2:59:19 PM",Morning Run,16.03,135.03,8.43,160.7,181,16.03,135.03,8.42,161.0,181.0,147.0,1495.0,16.03,135.03,8.43,160.7,181,90,0.2,0.2,6.2,79.7,13.7,0,0,182.1,,True,False,False,False,False,False
"Apr 25, 2024, 12:29:57 PM",Morning Run,4.04,30.93,7.65,164.3,181,4.04,29.03,7.19,164.0,181.0,9.0,352.0,4.04,30.93,7.65,164.3,181,65,1.4,2.6,14.0,25.8,56.2,0,0,179.8,,False,True,False,False,False,False
"Apr 23, 2024, 12:19:07 PM",Morning Run,5.02,44.57,8.88,147.6,157,5.02,42.65,8.5,148.0,157.0,17.0,459.0,5.02,44.57,8.88,147.6,157,74,1.6,3.6,64.1,30.6,0.0,0,0,181.3,,False,False,False,False,False,False
"Apr 21, 2024, 3:54:24 PM",Lunch Run,15.04,121.78,8.1,156.8,177,15.04,121.72,8.09,157.0,177.0,179.0,1328.0,15.04,121.78,8.1,156.8,177,73,0.4,0.2,22.7,74.3,2.4,0,0,183.5,,True,False,False,False,False,False
"Apr 20, 2024, 11:34:56 PM",Evening Run,1.0,11.78,11.79,127.6,143,1.0,11.78,11.78,128.0,143.0,6.0,93.0,1.0,11.78,11.79,127.6,143,118,0.0,81.3,18.7,0.0,0.0,0,0,176.0,,False,False,False,True,False,False
"Apr 20, 2024, 11:33:43 PM",Evening Run,0.07,0.67,,128.7,135,0.07,0.63,,130.0,135.0,0.0,6.0,0.07,0.67,,128.7,135,115,0.0,67.5,32.5,0.0,0.0,0,0,179.1,,False,False,False,False,False,False
"Apr 20, 2024, 11:24:04 PM",Evening Run,0.99,8.93,9.03,149.4,155,0.99,8.88,8.97,150.0,155.0,5.0,96.0,0.99,8.93,9.03,149.4,155,113,0.2,2.0,71.1,26.6,0.0,0,0,180.3,,False,False,False,True,False,False
"Apr 20, 2024, 10:31:32 PM",Evening Run,5.01,50.18,10.02,145.6,173,5.01,47.35,9.45,145.0,173.0,31.0,477.0,5.01,50.18,10.02,145.6,173,99,9.4,7.5,45.9,35.1,2.1,0,0,177.7,,False,False,False,True,False,False
"Apr 18, 2024, 1:25:52 PM",Morning Run,10.26,90.07,8.78,149.4,161,10.26,90.07,8.78,149.0,161.0,100.0,913.0,10.26,90.07,8.78,149.4,161,79,0.4,0.6,76.5,22.5,0.0,0,0,182.5,,False,False,False,False,False,False
"Apr 16, 2024, 1:54:12 PM",Morning Run,9.04,77.25,8.55,148.7,156,9.04,77.05,8.52,149.0,156.0,79.0,782.0,9.04,77.25,8.55,148.7,156,79,0.3,1.0,77.5,21.2,0.0,0,0,184.3,,False,False,False,False,False,False
"Apr 14, 2024, 12:16:17 PM",Morning Run,14.02,130.98,9.34,157.5,189,14.02,114.6,8.17,158.0,189.0,167.0,1287.0,14.02,130.98,9.34,157.5,189,92,0.3,1.1,21.8,65.2,11.5,0,0,186.1,,False,False,False,True,False,False
"Apr 13, 2024, 7:49:53 PM",Afternoon Run,8.34,72.63,8.71,153.0,172,8.34,72.63,8.71,153.0,172.0,98.0,775.0,8.34,72.63,8.71,153.0,172,76,0.5,0.6,29.8,68.8,0.4,0,0,181.1,,False,False,False,False,False,False
"Apr 11, 2024, 11:05:25 PM",Evening Run,6.45,55.17,8.56,155.0,172,6.45,53.47,8.29,155.0,172.0,73.0,594.0,6.45,55.17,8.56,155.0,172,74,1.9,1.7,12.7,83.0,0.7,0,0,181.0,,False,False,False,False,False,False
"Apr 9, 2024, 11:35:24 PM",Evening Run,2.29,21.57,9.42,141.5,150,2.29,21.57,9.42,142.0,150.0,28.0,220.0,2.29,21.57,9.42,141.5,150,72,2.4,4.2,93.4,0.0,0.0,0,0,177.5,,False,False,False,True,False,False
"Apr 6, 2024, 10:28:07 PM",Evening Run,4.22,35.32,8.37,150.5,160,4.22,35.32,8.37,151.0,160.0,54.0,386.0,4.22,35.32,8.37,150.5,160,74,0.9,2.2,35.9,61.0,0.0,0,0,182.6,,False,False,False,False,False,False
"Apr 5, 2024, 10:56:21 PM",Evening Run,5.93,50.65,8.54,153.2,163,5.93,50.65,8.54,153.0,163.0,81.0,558.0,5.93,50.65,8.54,153.2,163,65,0.6,1.1,25.2,73.1,0.0,0,0,184.0,,False,False,False,False,False,False
"Apr 4, 2024, 10:51:43 PM",Evening Run,5.12,42.6,8.32,150.6,160,5.12,42.6,8.32,151.0,160.0,57.0,461.0,5.12,42.6,8.32,150.6,160,75,0.7,1.6,43.4,54.3,0.0,0,0,185.3,,False,False,False,False,False,False
"Mar 31, 2024, 9:58:27 PM",Afternoon Run,11.17,92.83,8.31,151.5,161,11.16,92.83,8.32,152.0,161.0,134.0,978.0,11.17,92.83,8.31,151.5,161,80,0.5,0.7,48.4,50.4,0.0,0,0,186.9,,False,False,False,False,False,False
"Mar 30, 2024, 10:45:57 PM",Evening Run,4.15,34.02,8.19,149.8,158,4.15,34.02,8.2,150.0,158.0,47.0,372.0,4.15,34.02,8.19,149.8,158,71,1.4,1.0,44.7,52.9,0.0,0,0,188.4,,False,False,False,False,False,False
"Mar 29, 2024, 9:27:51 PM",Afternoon Run,6.12,51.33,8.39,154.5,162,6.12,51.33,8.39,155.0,162.0,74.0,566.0,6.12,51.33,8.39,154.5,162,87,0.5,1.0,12.7,85.8,0.0,0,0,184.8,,False,False,False,False,False,False
"Mar 28, 2024, 10:57:14 PM",Evening Run,3.05,28.77,9.43,140.2,149,3.05,28.77,9.43,140.0,149.0,40.0,283.0,3.05,28.77,9.43,140.2,149,84,0.9,2.4,96.6,0.0,0.0,0,0,178.4,,False,False,False,True,False,False
"Mar 26, 2024, 11:29:11 PM",Evening Run,1.43,13.55,9.45,137.2,147,1.43,13.55,9.48,137.0,147.0,20.0,134.0,1.43,13.55,9.45,137.2,147,67,4.9,10.6,84.5,0.0,0.0,0,0,180.5,,False,False,False,True,False,False
"Mar 25, 2024, 9:42:18 PM",Afternoon Run,13.12,112.4,8.57,159.5,170,13.12,112.4,8.57,160.0,170.0,183.0,1234.0,13.12,112.4,8.57,159.5,170,76,0.3,0.3,11.0,88.3,0.0,0,0,183.8,,False,False,False,False,False,False
"Mar 23, 2024, 10:40:32 PM",Evening Run,3.14,28.62,9.11,142.8,152,3.14,28.62,9.11,143.0,152.0,31.0,288.0,3.14,28.62,9.11,142.8,152,78,1.3,1.7,96.9,0.1,0.0,0,0,178.6,,False,False,False,True,False,False
"Mar 21, 2024, 10:48:50 PM",Evening Run,3.26,25.88,7.94,160.9,169,3.26,25.88,7.94,161.0,169.0,42.0,304.0,3.26,25.88,7.94,160.9,169,79,0.9,1.7,5.1,92.3,0.0,0,0,182.5,,False,True,False,False,False,False
"Mar 18, 2024, 9:42:19 PM",Afternoon Run,11.01,94.55,8.58,161.2,171,11.01,93.13,8.46,161.0,171.0,137.0,1056.0,11.01,94.55,8.58,161.2,171,126,0.0,0.1,5.4,94.3,0.1,0,0,186.1,,False,False,False,False,False,False
"Mar 16, 2024, 9:36:36 PM",Afternoon Run,5.07,48.65,9.6,144.0,153,5.07,48.05,9.48,144.0,153.0,22.0,464.0,5.07,48.65,9.6,144.0,153,75,1.5,3.5,94.0,1.0,0.0,0,0,179.5,,False,False,False,True,False,False
"Mar 15, 2024, 10:14:18 PM",Evening Run,6.05,51.37,8.49,161.8,172,6.05,49.82,8.23,162.0,172.0,75.0,576.0,6.05,51.37,8.49,161.8,172,80,1.0,1.4,4.7,89.6,3.2,0,0,184.4,,False,False,False,False,False,False
"Mar 14, 2024, 10:31:19 PM",Evening Run,5.09,48.12,9.45,145.2,153,5.09,48.1,9.45,145.0,153.0,37.0,476.0,5.09,48.12,9.45,145.2,153,64,1.1,2.7,94.8,1.4,0.0,0,0,179.3,,False,False,False,True,False,False
"Mar 11, 2024, 10:27:27 PM",Evening Run,3.42,27.25,7.97,165.6,178,3.42,27.22,7.96,166.0,178.0,34.0,327.0,3.42,27.25,7.97,165.6,178,75,2.0,0.6,4.2,53.0,40.2,0,0,177.7,,False,True,False,False,False,False
"Mar 2, 2024, 3:54:23 PM",Morning Run,13.5,115.48,8.55,163.1,175,13.5,113.05,8.37,163.0,175.0,166.0,1288.0,13.5,115.48,8.55,163.1,175,91,0.2,0.7,2.4,89.7,7.0,0,0,182.9,,False,False,False,False,False,False
"Feb 29, 2024, 10:10:32 PM",Afternoon Run,6.11,51.97,8.5,156.1,168,6.11,51.97,8.51,156.0,168.0,78.0,588.0,6.11,51.97,8.5,156.1,168,89,0.5,0.6,15.5,83.4,0.0,0,0,183.6,,False,False,False,False,False,False
"Feb 27, 2024, 9:40:42 PM",Afternoon Run,4.44,45.25,10.2,152.4,163,4.43,43.08,9.72,153.0,163.0,53.0,436.0,4.44,45.25,10.2,152.4,163,86,1.0,2.3,29.2,67.5,0.0,0,0,177.7,,False,False,False,True,False,False
"Feb 26, 2024, 9:29:03 PM",Afternoon Run,9.19,77.7,8.45,167.0,186,9.19,75.98,8.27,167.0,186.0,104.0,905.0,9.19,77.7,8.45,167.0,186,72,0.6,0.9,3.7,57.5,37.3,0,0,182.7,,False,False,False,False,False,False
"Feb 24, 2024, 9:35:30 PM",Afternoon Run,6.5,67.3,10.35,140.3,159,6.5,60.68,9.34,140.0,159.0,44.0,598.0,6.5,67.3,10.35,140.3,159,81,6.9,21.2,46.5,25.4,0.0,0,0,182.4,,False,False,False,True,False,False
"Feb 21, 2024, 10:39:34 PM",Afternoon Run,3.12,29.33,9.4,139.1,147,3.12,29.33,9.4,139.0,147.0,21.0,282.0,3.12,29.33,9.4,139.1,147,77,2.3,2.8,94.9,0.0,0.0,0,0,181.6,,False,False,False,True,False,False
"Feb 10, 2024, 1:58:19 PM",Mesa Marathon,25.95,204.95,7.9,161.3,178,26.43,203.8,7.71,162.0,178.0,82.0,2349.0,25.95,204.95,7.9,161.3,178,93,0.2,0.5,1.0,94.6,3.7,0,0,185.7,,True,True,False,False,True,False
"Feb 7, 2024, 8:20:39 PM",Afternoon Run,5.13,48.0,9.36,135.1,143,5.13,48.0,9.36,135.0,143.0,38.0,463.0,5.13,48.0,9.36,135.1,143,73,0.7,12.3,87.0,0.0,0.0,0,0,179.8,,False,False,False,True,False,False
"Feb 6, 2024, 3:01:28 PM",Morning Run,7.03,58.05,8.26,153.0,165,7.03,56.55,8.04,153.0,165.0,84.0,640.0,7.03,58.05,8.26,153.0,165,79,0.7,2.2,33.5,63.6,0.0,0,0,184.9,,False,False,False,False,False,False
"Feb 5, 2024, 7:00:54 PM",Afternoon Run,5.04,47.45,9.41,138.2,147,5.04,47.45,9.41,138.0,147.0,34.0,451.0,5.04,47.45,9.41,138.2,147,79,0.7,2.7,96.6,0.0,0.0,0,0,181.6,,False,False,False,True,False,False
"Feb 3, 2024, 9:39:17 PM",Afternoon Run,12.2,99.95,8.19,155.3,168,12.2,98.2,8.05,155.0,168.0,160.0,1108.0,12.2,99.95,8.19,155.3,168,81,0.2,0.5,30.1,69.2,0.0,0,0,185.5,,False,False,False,False,False,False
"Feb 2, 2024, 5:58:13 PM",Lunch Run,5.06,45.98,9.08,137.9,147,5.06,45.98,9.09,138.0,147.0,37.0,452.0,5.06,45.98,9.08,137.9,147,75,0.9,5.5,93.6,0.0,0.0,0,0,183.6,,False,False,False,True,False,False
"Jan 28, 2024, 8:43:19 PM",Last long before Mesa iA,17.27,143.65,8.32,154.9,171,17.27,139.1,8.05,155.0,171.0,191.0,1537.0,17.27,143.65,8.32,154.9,171,77,0.3,0.7,30.7,68.2,0.1,0,0,184.6,,True,False,False,False,False,False
"Jan 27, 2024, 8:25:04 PM",Tune up 10K,6.26,41.95,6.7,174.9,181,6.26,41.95,6.7,175.0,181.0,9.0,554.0,6.26,41.95,6.7,174.9,181,126,0.0,0.1,0.4,11.0,88.4,0,0,184.4,,False,False,True,False,False,False
"Jan 27, 2024, 8:09:04 PM",Warm up - tune up,1.32,14.0,10.61,124.8,156,1.32,13.98,10.59,125.0,156.0,4.0,124.0,1.32,14.0,10.61,124.8,156,76,6.2,74.4,13.9,5.5,0.0,0,0,181.1,,False,False,False,True,False,False
"Jan 26, 2024, 9:59:21 PM",Afternoon Run,5.12,47.57,9.29,135.2,148,5.12,47.57,9.29,135.0,148.0,31.0,459.0,5.12,47.57,9.29,135.2,148,71,0.7,17.9,81.5,0.0,0.0,0,0,181.1,,False,False,False,True,False,False
"Jan 21, 2024, 5:04:34 PM",Long run,22.09,212.65,9.63,156.9,175,22.09,175.02,7.92,157.0,175.0,206.0,2001.0,22.09,212.65,9.63,156.9,175,88,0.4,1.3,32.4,59.4,6.5,0,0,186.8,,True,False,False,True,False,False
"Jan 14, 2024, 4:46:02 PM",Lunch Run,20.04,195.85,9.77,151.9,168,20.04,165.27,8.25,152.0,168.0,256.0,1820.0,20.04,195.85,9.77,151.9,168,81,0.6,1.7,53.6,44.1,0.0,0,0,186.7,,True,False,False,True,False,False
"Jan 12, 2024, 4:57:12 PM",Lunch Run,7.04,65.35,9.28,152.2,164,7.04,61.12,8.68,152.0,164.0,99.0,687.0,7.04,65.35,9.28,152.2,164,84,0.8,2.4,22.8,74.0,0.0,0,0,186.6,,False,False,False,True,False,False
"Jan 11, 2024, 9:06:55 PM",Afternoon Run: Medium Long Run,15.04,124.72,8.29,160.9,170,15.04,123.0,8.18,161.0,170.0,197.0,1441.0,15.04,124.72,8.29,160.9,170,85,0.2,0.3,3.6,95.9,0.0,0,0,182.1,,True,False,False,False,False,False
"Jan 10, 2024, 3:38:38 PM",Morning Run,5.22,43.9,8.41,152.2,179,5.22,43.9,8.41,152.0,179.0,0.0,440.0,5.22,43.9,8.41,152.2,179,75,3.1,22.2,17.2,28.5,29.0,0,0,162.8,,False,False,False,False,False,False
"Jan 10, 2024, 2:44:13 PM",Morning Run,4.35,37.48,8.63,149.8,158,4.34,36.88,8.5,150.0,158.0,71.0,413.0,4.35,37.48,8.63,149.8,158,111,0.4,2.5,47.8,49.3,0.0,0,0,183.6,,False,False,False,False,False,False
"Jan 9, 2024, 2:54:17 PM",Morning Run,3.26,30.53,9.35,139.1,148,3.26,29.87,9.16,138.0,148.0,15.0,297.0,3.26,30.53,9.35,139.1,148,90,2.4,7.5,90.1,0.0,0.0,0,0,175.7,,False,False,False,True,False,False
"Jan 8, 2024, 9:34:01 PM",Afternoon Run,8.25,62.72,7.6,162.6,173,8.25,62.72,7.6,163.0,173.0,57.0,745.0,8.25,62.72,7.6,162.6,173,87,0.5,0.4,3.0,95.4,0.7,0,0,181.5,,False,True,False,False,False,False
"Jan 7, 2024, 4:38:56 PM",Lunch Run,8.06,69.23,8.59,143.4,154,8.06,69.23,8.59,143.0,154.0,75.0,720.0,8.06,69.23,8.59,143.4,154,81,0.4,0.5,96.3,2.8,0.0,0,0,180.7,,False,False,False,False,False,False
"Jan 6, 2024, 10:03:02 PM",Afternoon Run,5.34,49.42,9.26,138.7,146,5.34,49.42,9.25,139.0,146.0,43.0,483.0,5.34,49.42,9.26,138.7,146,65,0.6,2.1,97.3,0.0,0.0,0,0,180.6,,False,False,False,True,False,False
"Jan 5, 2024, 9:39:00 PM",Afternoon Run,8.08,72.25,8.94,152.9,175,8.08,62.9,7.78,153.0,175.0,88.0,708.0,8.08,72.25,8.94,152.9,175,89,0.8,2.1,45.5,44.4,7.2,0,0,181.7,,False,False,False,False,False,False
"Jan 3, 2024, 9:52:51 PM",Afternoon Run,15.06,127.98,8.5,153.6,173,15.06,121.28,8.05,154.0,173.0,175.0,1363.0,15.06,127.98,8.5,153.6,173,78,0.4,1.3,31.9,65.5,0.8,0,0,181.3,,True,False,False,False,False,False
"Dec 29, 2023, 10:58:19 PM",Afternoon Run,15.17,128.13,8.45,152.4,174,15.17,120.9,7.97,152.0,174.0,191.0,1335.0,15.17,128.13,8.45,152.4,174,72,0.5,1.7,57.4,34.6,5.8,0,0,181.0,,True,False,False,False,False,False
"Dec 28, 2023, 5:27:51 PM",Morning Run: Recovery @ Stanley Park,4.87,69.2,14.2,117.7,135,4.87,54.38,11.17,118.0,135.0,30.0,362.0,4.87,69.2,14.2,117.7,135,85,20.4,78.9,0.7,0.0,0.0,0,0,175.2,,False,False,False,True,False,False
"Dec 27, 2023, 6:24:02 PM",Morning Run,7.88,71.45,9.07,146.3,157,7.88,69.08,8.77,146.0,157.0,77.0,723.0,7.88,71.45,9.07,146.3,157,84,0.5,1.6,88.4,9.4,0.0,0,0,184.1,,False,False,False,True,False,False
"Dec 26, 2023, 7:15:00 PM",Lunch Run,4.54,38.72,8.52,154.5,177,4.54,35.67,7.86,155.0,177.0,3.0,396.0,4.54,38.72,8.52,154.5,177,110,0.7,16.1,26.1,30.5,26.6,0,0,174.2,,False,False,False,False,False,False
"Dec 26, 2023, 7:01:19 PM",Lunch Run,1.36,12.73,9.39,135.7,158,1.36,11.45,8.42,136.0,158.0,3.0,120.0,1.36,12.73,9.39,135.7,158,84,7.7,20.0,68.3,4.1,0.0,0,0,187.6,,False,False,False,True,False,False
"Dec 24, 2023, 2:19:29 PM",Morning Run,20.35,186.8,9.18,148.8,169,20.35,166.43,8.18,149.0,169.0,196.0,1814.0,20.35,186.8,9.18,148.8,169,83,0.5,3.2,63.9,32.5,0.0,0,0,185.2,,True,False,False,True,False,False
"Dec 23, 2023, 7:59:38 PM",Afternoon Run: Recovery < 76% Max HR (P&D),6.45,65.57,10.16,136.3,145,6.45,57.4,8.9,136.0,145.0,70.0,562.0,6.45,65.57,10.16,136.3,145,73,1.5,12.2,86.4,0.0,0.0,0,0,179.9,,False,False,False,True,False,False
"Dec 22, 2023, 4:08:45 PM",Lunch Run: WU + 7M @ LT + CD,12.17,92.73,7.62,157.9,174,12.17,92.73,7.62,158.0,174.0,61.0,1078.0,12.17,92.73,7.62,157.9,174,101,0.2,0.5,45.0,43.8,10.5,0,0,184.8,,False,True,False,False,False,False
"Dec 21, 2023, 5:39:06 PM",Lunch Run,7.49,67.73,9.04,137.1,146,7.49,67.73,9.04,137.0,146.0,77.0,661.0,7.49,67.73,9.04,137.1,146,66,0.7,9.8,89.4,0.0,0.0,0,0,181.6,,False,False,False,True,False,False
"Dec 20, 2023, 3:47:02 PM",Morning Run,15.29,134.25,8.78,149.8,166,15.29,124.85,8.17,150.0,166.0,175.0,1365.0,15.29,134.25,8.78,149.8,166,79,0.6,1.2,64.7,33.6,0.0,0,0,186.1,,True,False,False,False,False,False
"Dec 19, 2023, 5:52:38 PM",Lunch Run,9.1,81.83,8.99,149.2,164,9.1,78.25,8.6,149.0,164.0,96.0,836.0,9.1,81.83,8.99,149.2,164,83,0.6,2.6,53.4,43.4,0.0,0,0,181.9,,False,False,False,False,False,False
"Dec 17, 2023, 8:15:11 PM",Afternoon Run: 6 + 12MP,18.42,149.75,8.13,154.7,173,18.42,144.82,7.86,155.0,173.0,161.0,1614.0,18.42,149.75,8.13,154.7,173,87,0.2,0.7,33.0,65.5,0.5,0,0,183.8,,True,False,False,False,False,False
"Dec 16, 2023, 6:02:42 PM",Afternoon Run,6.22,56.97,9.15,139.0,147,6.22,56.97,9.16,139.0,147.0,55.0,549.0,6.22,56.97,9.15,139.0,147,81,0.6,1.7,97.7,0.0,0.0,0,0,181.5,,False,False,False,True,False,False
"Dec 15, 2023, 2:36:20 PM",Morning Run,9.55,81.05,8.49,156.3,166,9.55,81.05,8.49,156.0,166.0,110.0,909.0,9.55,81.05,8.49,156.3,166,83,0.4,0.5,11.3,87.8,0.0,0,0,185.0,,False,False,False,False,False,False
"Dec 14, 2023, 3:26:24 PM",Morning Run,15.07,135.48,8.99,151.5,171,15.07,124.45,8.26,152.0,171.0,172.0,1344.0,15.07,135.48,8.99,151.5,171,76,0.7,1.6,52.6,45.0,0.1,0,0,184.6,,True,False,False,False,False,False
"Dec 13, 2023, 5:20:30 PM",Lunch Run,10.39,87.42,8.41,152.5,179,10.39,86.58,8.33,152.0,179.0,69.0,946.0,10.39,87.42,8.41,152.5,179,82,0.4,2.3,58.3,14.8,24.2,0,0,182.8,,False,False,False,False,False,False
"Dec 12, 2023, 9:44:57 PM",Afternoon Run,4.03,36.82,9.14,135.4,144,4.03,36.82,9.14,135.0,144.0,32.0,347.0,4.03,36.82,9.14,135.4,144,72,1.1,16.5,82.4,0.0,0.0,0,0,180.5,,False,False,False,True,False,False
"Dec 12, 2023, 2:49:48 PM",Morning Run,6.26,60.62,9.68,137.6,147,6.26,56.92,9.09,138.0,147.0,66.0,539.0,6.26,60.62,9.68,137.6,147,75,1.8,6.4,91.8,0.0,0.0,0,0,180.1,,False,False,False,True,False,False
"Dec 10, 2023, 6:39:00 PM",Afternoon Run,0.6,5.08,8.5,136.2,145,0.6,5.08,8.47,136.0,145.0,10.0,52.0,0.6,5.08,8.5,136.2,145,93,4.6,10.1,85.3,0.0,0.0,0,0,182.2,,False,False,False,False,False,False
"Dec 9, 2023, 9:44:30 PM",Afternoon Run,5.02,48.48,9.65,138.5,147,5.02,47.25,9.41,139.0,147.0,37.0,453.0,5.02,48.48,9.65,138.5,147,81,1.1,5.3,93.6,0.0,0.0,0,0,180.1,,False,False,False,True,False,False
"Dec 8, 2023, 3:08:02 PM",Threshold: WU + 5 miles @ avg 6:42 + CD - Following P&D plan,10.41,82.85,7.96,157.5,177,10.41,80.75,7.76,158.0,177.0,86.0,920.0,10.41,82.85,7.96,157.5,177,96,0.3,1.1,43.1,26.6,29.0,0,0,185.0,,False,True,False,False,False,False
"Dec 7, 2023, 9:45:24 PM",Afternoon Run,5.63,52.63,9.35,135.7,145,5.63,52.62,9.35,136.0,145.0,32.0,494.0,5.63,52.63,9.35,135.7,145,74,0.9,10.8,88.2,0.0,0.0,0,0,182.8,,False,False,False,True,False,False
"Dec 6, 2023, 2:57:08 PM",Morning Run,15.09,121.75,8.07,151.9,170,15.09,121.5,8.05,152.0,170.0,165.0,1317.0,15.09,121.75,8.07,151.9,170,75,0.2,0.5,62.2,37.1,0.0,0,0,184.6,,True,False,False,False,False,False
"Dec 5, 2023, 3:33:03 PM",Morning Run,7.2,70.25,9.76,150.4,169,7.2,64.33,8.93,150.0,169.0,63.0,683.0,7.2,70.25,9.76,150.4,169,98,0.6,2.6,53.4,43.5,0.0,0,0,184.0,,False,False,False,True,False,False
"Dec 3, 2023, 10:44:02 PM",Afternoon Run,18.61,163.4,8.78,152.2,172,18.61,151.03,8.12,152.0,172.0,180.0,1641.0,18.61,163.4,8.78,152.2,172,83,0.3,1.4,52.8,44.5,1.0,0,0,180.8,,True,False,False,False,False,False
"Dec 2, 2023, 10:03:01 PM",Afternoon Run,5.13,51.95,10.12,134.4,143,5.13,51.83,10.1,134.0,143.0,28.0,459.0,5.13,51.95,10.12,134.4,143,73,2.3,15.2,82.5,0.0,0.0,0,0,171.9,,False,False,False,True,False,False
"Dec 1, 2023, 11:53:28 PM",Evening Run,10.03,80.2,8.0,159.3,177,10.03,77.5,7.73,159.0,177.0,5.0,903.0,10.03,80.2,8.0,159.3,177,81,0.4,0.8,31.4,28.1,39.3,0,0,181.7,,False,False,False,False,False,False
"Nov 30, 2023, 6:42:29 PM",Afternoon Run,5.01,47.58,9.49,139.6,148,5.01,47.15,9.41,140.0,148.0,38.0,410.0,5.01,47.58,9.49,139.6,148,63,1.8,1.3,96.9,0.0,0.0,0,0,173.5,,False,False,False,True,False,False
"Nov 29, 2023, 3:10:05 PM",Morning Run,13.29,133.68,10.06,150.4,164,13.29,112.63,8.47,151.0,164.0,125.0,1193.0,13.29,133.68,10.06,150.4,164,73,0.7,1.7,48.0,49.5,0.0,0,0,180.3,,False,False,False,True,False,False
"Nov 28, 2023, 10:26:33 PM",Afternoon Run,13.05,109.87,8.42,158.1,175,13.05,106.85,8.19,158.0,175.0,93.0,1216.0,13.05,109.87,8.42,158.1,175,81,0.4,0.8,11.4,83.8,3.6,0,0,181.0,,False,False,False,False,False,False
"Nov 26, 2023, 4:40:48 PM",Lunch Run,15.08,122.43,8.12,158.3,169,15.08,122.43,8.12,158.0,169.0,169.0,1368.0,15.08,122.43,8.12,158.3,169,79,0.2,0.5,5.0,94.3,0.0,0,0,180.6,,True,False,False,False,False,False
"Nov 23, 2023, 6:37:51 PM",Afternoon Run,6.53,65.98,10.1,135.7,148,6.53,62.25,9.53,136.0,148.0,69.0,586.0,6.53,65.98,10.1,135.7,148,69,2.3,24.0,73.7,0.0,0.0,0,0,178.4,,False,False,False,True,False,False
"Nov 22, 2023, 11:20:05 PM",Evening Run,8.22,66.52,8.09,152.5,172,8.22,66.2,8.05,153.0,172.0,48.0,730.0,8.22,66.52,8.09,152.5,172,62,0.7,0.9,58.4,39.5,0.5,0,0,181.6,,False,False,False,False,False,False
"Nov 21, 2023, 9:47:01 PM",Afternoon Run,3.54,29.52,8.34,147.3,153,3.54,29.52,8.34,147.0,153.0,32.0,327.0,3.54,29.52,8.34,147.3,153,85,1.2,1.6,87.7,9.5,0.0,0,0,181.2,,False,False,False,False,False,False
"Nov 19, 2023, 1:36:09 PM",Morning Run,17.02,146.23,8.59,153.5,173,17.02,136.8,8.04,154.0,173.0,198.0,1496.0,17.02,146.23,8.59,153.5,173,83,0.5,0.9,43.1,54.8,0.7,0,0,184.4,,True,False,False,False,False,False
"Nov 18, 2023, 9:48:39 PM",Afternoon Run,5.06,47.62,9.41,137.6,146,5.06,47.6,9.41,138.0,146.0,38.0,450.0,5.06,47.62,9.41,137.6,146,69,0.8,5.3,93.9,0.0,0.0,0,0,176.2,,False,False,False,True,False,False
"Nov 17, 2023, 2:31:27 PM",Morning Run,12.07,102.2,8.47,154.8,172,12.07,99.33,8.23,155.0,172.0,105.0,1087.0,12.07,102.2,8.47,154.8,172,78,0.4,0.8,24.7,74.0,0.1,0,0,180.5,,False,False,False,False,False,False
"Nov 16, 2023, 3:53:49 PM",Morning Run,5.02,47.25,9.42,136.9,145,5.02,47.25,9.41,137.0,145.0,37.0,455.0,5.02,47.25,9.42,136.9,145,69,0.8,9.9,89.3,0.0,0.0,0,0,177.8,,False,False,False,True,False,False
"Nov 15, 2023, 2:38:39 PM",Morning Run,14.06,199.45,14.19,151.9,173,14.06,115.37,8.21,151.0,173.0,91.0,1266.0,14.06,199.45,14.19,151.9,173,71,1.1,1.2,54.9,42.0,0.7,0,0,183.3,,False,False,False,True,False,False
"Nov 14, 2023, 3:04:17 PM",Morning Run,10.53,97.6,9.27,148.0,166,10.53,92.43,8.78,148.0,166.0,99.0,919.0,10.53,97.6,9.27,148.0,166,76,0.3,1.6,77.2,20.9,0.0,0,0,177.4,,False,False,False,True,False,False
"Nov 12, 2023, 3:32:28 PM",Morning Run,9.16,73.32,8.0,157.5,179,9.16,73.32,8.0,158.0,179.0,65.0,817.0,9.16,73.32,8.0,157.5,179,107,0.2,0.5,44.9,23.4,31.0,0,0,183.8,,False,False,False,False,False,False
"Nov 11, 2023, 9:37:15 PM",Afternoon Run,5.17,49.97,9.66,137.3,146,5.17,49.97,9.67,137.0,146.0,37.0,473.0,5.17,49.97,9.66,137.3,146,81,0.9,4.0,95.1,0.0,0.0,0,0,176.6,,False,False,False,True,False,False
"Nov 10, 2023, 3:23:08 PM",Morning Run,17.09,141.37,8.27,153.6,173,17.09,139.75,8.18,154.0,173.0,215.0,1499.0,17.09,141.37,8.27,153.6,173,74,0.3,0.4,51.3,46.1,1.9,0,0,182.5,,True,False,False,False,False,False
"Nov 9, 2023, 9:42:15 PM",Afternoon Run,5.11,49.9,9.76,138.7,147,5.11,49.9,9.77,139.0,147.0,49.0,461.0,5.11,49.9,9.76,138.7,147,77,0.6,2.5,96.8,0.0,0.0,0,0,178.8,,False,False,False,True,False,False
"Nov 8, 2023, 3:02:19 PM",Morning Run,9.09,95.17,10.47,143.4,156,9.09,77.35,8.51,143.0,156.0,63.0,810.0,9.09,95.17,10.47,143.4,156,80,1.5,3.7,87.2,7.5,0.0,0,0,183.5,,False,False,False,True,False,False
"Nov 7, 2023, 3:42:44 PM",Morning Run,12.3,105.32,8.56,150.6,170,12.3,102.97,8.37,151.0,170.0,102.0,1098.0,12.3,105.32,8.56,150.6,170,72,0.3,0.7,61.8,37.1,0.0,0,0,181.0,,False,False,False,False,False,False
"Nov 5, 2023, 1:02:19 PM",Morning Run,13.17,98.15,7.45,167.8,182,13.17,98.15,7.45,168.0,182.0,119.0,1184.0,13.17,98.15,7.45,167.8,182,156,0.0,0.0,0.0,84.8,15.2,0,0,186.0,,False,True,False,False,False,False
"Nov 4, 2023, 9:39:57 PM",Afternoon Run,3.02,36.55,12.11,118.0,134,3.02,32.47,10.75,118.0,134.0,16.0,252.0,3.02,36.55,12.11,118.0,134,62,33.4,64.3,2.3,0.0,0.0,0,0,171.2,,False,False,False,True,False,False
"Nov 3, 2023, 1:43:17 PM",Morning Run,10.77,98.73,9.17,157.1,175,10.77,86.63,8.04,157.0,175.0,112.0,966.0,10.77,98.73,9.17,157.1,175,93,0.3,1.3,30.7,56.6,11.1,0,0,180.2,,False,False,False,True,False,False
"Nov 2, 2023, 4:57:53 PM",Lunch Run,5.02,48.62,9.69,137.2,146,5.02,47.55,9.47,137.0,146.0,27.0,429.0,5.02,48.62,9.69,137.2,146,69,1.0,5.5,93.5,0.0,0.0,0,0,175.5,,False,False,False,True,False,False
"Nov 1, 2023, 7:50:31 PM",Afternoon Run,11.39,95.08,8.35,149.6,169,11.39,95.08,8.35,150.0,169.0,71.0,975.0,11.39,95.08,8.35,149.6,169,79,0.3,0.9,71.2,27.6,0.0,0,0,178.9,,False,False,False,False,False,False
"Oct 31, 2023, 1:45:26 PM",Morning Run,8.73,77.75,8.9,148.9,169,8.73,77.75,8.91,149.0,169.0,121.0,818.0,8.73,77.75,8.9,148.9,169,80,0.4,0.8,78.9,19.9,0.0,0,0,178.6,,False,False,False,False,False,False
"Oct 29, 2023, 1:19:29 PM",Morning Run,15.15,128.87,8.51,152.7,178,15.14,127.9,8.45,153.0,178.0,175.0,1393.0,15.15,128.87,8.51,152.7,178,83,0.2,0.5,60.1,34.3,4.8,0,0,179.5,,True,False,False,False,False,False
"Oct 28, 2023, 7:17:17 PM",Afternoon Run,1.96,18.4,9.37,133.7,144,1.96,18.18,9.28,134.0,144.0,10.0,172.0,1.96,18.4,9.37,133.7,144,61,3.8,23.1,73.0,0.0,0.0,0,0,172.3,,False,False,False,True,False,False
"Oct 28, 2023, 3:39:49 PM",Lunch Run,3.18,34.55,10.86,130.3,145,3.18,29.85,9.39,130.0,145.0,21.0,280.0,3.18,34.55,10.86,130.3,145,68,4.9,43.4,51.7,0.0,0.0,0,0,174.3,,False,False,False,True,False,False
"Oct 27, 2023, 1:48:52 PM",Morning Run,9.11,85.42,9.38,149.8,158,9.11,78.97,8.67,150.0,158.0,96.0,834.0,9.11,85.42,9.38,149.8,158,83,0.9,2.0,46.4,50.7,0.0,0,0,175.9,,False,False,False,True,False,False
"Oct 26, 2023, 3:42:56 PM",Lunch Run,4.94,57.45,11.63,127.2,142,4.94,52.38,10.6,127.0,142.0,13.0,447.0,4.94,57.45,11.63,127.2,142,72,3.6,69.4,27.0,0.0,0.0,0,0,171.8,,False,False,False,True,False,False
"Oct 25, 2023, 1:29:09 PM",Morning Run,11.06,94.05,8.5,153.5,179,11.06,94.03,8.5,153.0,179.0,124.0,1014.0,11.06,94.05,8.5,153.5,179,77,0.4,0.7,48.0,45.1,5.8,0,0,177.5,,False,False,False,False,False,False
"Oct 24, 2023, 1:08:51 PM",Morning Run,8.92,75.1,8.42,160.2,181,8.92,71.73,8.04,160.0,181.0,59.0,800.0,8.92,75.1,8.42,160.2,181,91,0.3,0.6,27.8,36.1,35.3,0,0,179.0,,False,False,False,False,False,False
"Oct 22, 2023, 2:32:48 PM",Morning Run,8.19,72.32,8.83,158.6,175,8.19,68.58,8.37,159.0,175.0,106.0,772.0,8.19,72.32,8.83,158.6,175,115,0.0,0.5,15.4,76.1,7.9,0,0,177.9,,False,False,False,False,False,False
"Oct 22, 2023, 2:11:53 PM",Morning Run,1.05,6.18,5.89,174.1,181,1.05,6.18,5.89,174.0,181.0,5.0,79.0,1.05,6.18,5.89,174.1,181,130,0.0,0.5,1.9,14.2,83.3,0,0,183.3,,False,False,True,False,False,False
"Oct 22, 2023, 1:55:10 PM",Morning Run,1.53,12.17,7.96,152.7,168,1.53,12.17,7.95,153.0,168.0,2.0,138.0,1.53,12.17,7.96,152.7,168,99,2.5,4.0,40.1,53.5,0.0,0,0,174.9,,False,True,False,False,False,False
"Oct 21, 2023, 5:25:31 PM",Afternoon Run,3.57,34.95,9.8,146.6,159,3.57,32.15,9.01,147.0,159.0,18.0,332.0,3.57,34.95,9.8,146.6,159,84,1.3,4.8,73.1,20.7,0.0,0,0,173.7,,False,False,False,True,False,False
"Oct 20, 2023, 9:52:17 PM",Afternoon Run,6.06,57.17,9.43,144.7,153,6.06,53.92,8.9,145.0,153.0,35.0,543.0,6.06,57.17,9.43,144.7,153,71,1.1,3.4,94.8,0.6,0.0,0,0,174.9,,False,False,False,True,False,False
"Oct 18, 2023, 9:14:31 PM",Afternoon Run,7.2,68.15,9.46,141.2,151,7.2,67.53,9.38,141.0,151.0,70.0,649.0,7.2,68.15,9.46,141.2,151,73,0.7,1.7,97.6,0.0,0.0,0,0,174.5,,False,False,False,True,False,False
"Oct 17, 2023, 2:14:21 PM",Morning Run,5.89,55.75,9.46,144.1,153,5.89,54.87,9.32,144.0,153.0,36.0,542.0,5.89,55.75,9.46,144.1,153,79,0.7,2.2,96.6,0.5,0.0,0,0,178.3,,False,False,False,True,False,False
"Oct 16, 2023, 9:07:52 PM",Afternoon Run,6.04,55.9,9.26,141.8,152,6.04,55.9,9.25,142.0,152.0,38.0,547.0,6.04,55.9,9.26,141.8,152,82,0.7,1.1,98.1,0.0,0.0,0,0,176.2,,False,False,False,True,False,False
"Oct 15, 2023, 6:45:06 PM",Afternoon Run,6.15,51.93,8.44,156.7,170,6.15,50.92,8.28,157.0,170.0,58.0,569.0,6.15,51.93,8.44,156.7,170,77,0.6,1.4,8.5,89.5,0.0,0,0,177.7,,False,False,False,False,False,False
"Oct 13, 2023, 10:16:29 PM",Evening Run,1.03,11.15,10.87,138.6,155,1.02,10.93,10.72,139.0,155.0,4.0,99.0,1.03,11.15,10.87,138.6,155,83,1.9,4.6,90.1,3.3,0.0,0,0,172.1,,False,False,False,True,False,False
"Oct 13, 2023, 3:58:17 PM",Lunch Run,3.11,28.53,9.17,141.5,152,3.11,28.53,9.17,142.0,152.0,18.0,288.0,3.11,28.53,9.17,141.5,152,64,2.2,9.9,87.7,0.2,0.0,0,0,175.2,,False,False,False,True,False,False
"Oct 8, 2023, 12:44:55 PM",Morning Run,26.38,218.37,8.28,161.0,175,26.38,218.32,8.28,161.0,175.0,69.0,2294.0,26.38,218.37,8.28,161.0,175,70,0.2,0.7,9.4,84.4,5.3,0,0,179.9,,True,False,False,False,True,True
"Oct 6, 2023, 2:09:48 PM",Morning Run,4.04,39.33,9.73,140.1,150,4.04,36.3,8.99,140.0,150.0,25.0,362.0,4.04,39.33,9.73,140.1,150,55,1.5,5.8,92.7,0.0,0.0,0,0,177.6,,False,False,False,True,False,False
"Oct 5, 2023, 2:18:03 PM",Morning Run,5.37,47.53,8.85,144.1,164,5.37,47.53,8.85,144.0,164.0,51.0,487.0,5.37,47.53,8.85,144.1,164,72,0.6,3.9,78.4,17.1,0.0,0,0,178.0,,False,False,False,False,False,False
"Oct 3, 2023, 2:16:37 PM",Morning Run,4.07,36.73,9.03,142.9,168,4.07,36.73,9.02,143.0,168.0,35.0,377.0,4.07,36.73,9.03,142.9,168,87,1.5,3.4,92.2,2.9,0.0,0,0,178.1,,False,False,False,True,False,False
"Oct 1, 2023, 11:46:00 AM",Morning Run,9.04,85.0,9.4,147.1,171,9.04,75.55,8.36,147.0,171.0,60.0,806.0,9.04,85.0,9.4,147.1,171,81,0.6,3.1,58.9,37.4,0.1,0,0,182.0,,False,False,False,True,False,False
"Sep 30, 2023, 3:21:49 PM",Lunch Run,6.01,55.17,9.18,143.6,155,6.01,55.17,9.18,144.0,155.0,33.0,543.0,6.01,55.17,9.18,143.6,155,70,0.9,2.8,94.5,1.9,0.0,0,0,179.7,,False,False,False,True,False,False
"Sep 29, 2023, 1:17:26 PM",Morning Run,3.17,30.45,9.59,134.3,142,3.17,30.1,9.5,134.0,142.0,17.0,280.0,3.17,30.45,9.59,134.3,142,68,1.6,18.4,80.0,0.0,0.0,0,0,178.0,,False,False,False,True,False,False
"Sep 28, 2023, 1:44:14 PM",Morning Run,8.04,63.17,7.86,154.9,166,8.04,62.35,7.75,155.0,166.0,55.0,702.0,8.04,63.17,7.86,154.9,166,83,0.7,1.5,27.9,69.9,0.0,0,0,184.9,,False,True,False,False,False,False
"Sep 25, 2023, 2:04:27 PM",Morning Run,4.02,40.93,10.19,134.2,143,4.02,38.62,9.61,134.0,143.0,31.0,360.0,4.02,40.93,10.19,134.2,143,82,2.7,18.4,78.9,0.0,0.0,0,0,180.0,,False,False,False,True,False,False
"Sep 24, 2023, 11:53:07 AM",Morning Run,16.02,163.45,10.2,145.2,177,16.02,132.18,8.25,145.0,177.0,153.0,1391.0,16.02,163.45,10.2,145.2,177,79,0.5,5.2,64.2,26.0,4.2,0,0,182.6,,True,False,False,True,False,False
"Sep 23, 2023, 2:53:09 PM",Morning Run,6.02,56.92,9.45,141.9,150,6.02,56.43,9.37,142.0,150.0,38.0,551.0,6.02,56.92,9.45,141.9,150,80,0.6,4.0,95.4,0.0,0.0,0,0,181.2,,False,False,False,True,False,False
"Sep 22, 2023, 1:20:34 PM",Morning Run,6.02,54.72,9.09,143.0,153,6.02,54.72,9.09,143.0,153.0,36.0,538.0,6.02,54.72,9.09,143.0,153,54,0.7,1.7,96.9,0.7,0.0,0,0,179.0,,False,False,False,True,False,False
"Sep 18, 2023, 1:53:01 PM",Morning Run,6.02,55.02,9.14,139.0,146,6.02,55.02,9.14,139.0,146.0,39.0,535.0,6.02,55.02,9.14,139.0,146,84,0.8,2.2,97.0,0.0,0.0,0,0,178.8,,False,False,False,True,False,False
"Sep 17, 2023, 11:30:31 AM",Morning Run,20.35,182.08,8.95,146.0,179,19.47,162.48,8.35,146.0,179.0,175.0,1674.0,20.35,182.08,8.95,146.0,179,80,0.6,12.3,47.6,34.5,5.0,0,0,181.3,,True,False,False,False,False,False
"Sep 16, 2023, 3:53:30 PM",Lunch Run,6.01,55.07,9.16,138.6,146,6.01,55.07,9.16,139.0,146.0,35.0,531.0,6.01,55.07,9.16,138.6,146,69,0.7,4.2,95.1,0.0,0.0,0,0,179.4,,False,False,False,True,False,False
"Sep 15, 2023, 3:31:35 PM",Lunch Run,6.08,55.85,9.19,139.7,148,6.08,55.85,9.19,140.0,148.0,37.0,543.0,6.08,55.85,9.19,139.7,148,60,0.8,1.8,97.4,0.0,0.0,0,0,180.4,,False,False,False,True,False,False
"Sep 12, 2023, 3:57:49 PM",Lunch Run,7.02,63.67,9.07,157.1,184,7.02,57.32,8.17,154.0,184.0,0.0,590.0,7.02,63.67,9.07,157.1,184,89,1.2,10.9,31.1,17.5,39.3,0,0,168.1,,False,False,False,True,False,False
"Sep 11, 2023, 1:29:30 PM",Morning Run,6.02,57.0,9.47,138.9,148,6.02,57.0,9.47,139.0,148.0,36.0,541.0,6.02,57.0,9.47,138.9,148,78,0.7,2.3,97.0,0.0,0.0,0,0,179.6,,False,False,False,True,False,False
"Sep 10, 2023, 11:29:25 AM",Morning Run,20.03,200.8,10.03,144.0,176,20.03,175.52,8.76,144.0,176.0,213.0,1761.0,20.03,200.8,10.03,144.0,176,83,0.4,3.6,74.5,20.3,1.2,0,0,181.6,,True,False,False,True,False,False
"Sep 9, 2023, 6:03:42 PM",Afternoon Run,6.02,56.45,9.38,142.5,151,6.01,55.42,9.22,143.0,151.0,35.0,545.0,6.02,56.45,9.38,142.5,151,66,0.6,2.2,97.3,0.0,0.0,0,0,179.1,,False,False,False,True,False,False
"Sep 8, 2023, 1:35:35 PM",Morning Run,10.02,91.82,9.17,158.9,173,10.02,75.73,7.56,159.0,173.0,84.0,878.0,10.02,91.82,9.17,158.9,173,73,0.6,1.6,9.4,85.9,2.5,0,0,183.9,,False,False,False,True,False,False
"Sep 2, 2023, 11:24:44 AM",Morning Run,22.31,213.82,9.58,147.9,174,22.31,187.25,8.39,148.0,174.0,266.0,1931.0,22.31,213.82,9.58,147.9,174,78,0.2,0.8,76.3,20.1,2.7,0,0,182.1,,True,False,False,True,False,False
"Aug 28, 2023, 11:48:40 PM",Evening Run,3.13,29.98,9.58,136.3,145,3.13,29.98,9.58,136.0,145.0,15.0,289.0,3.13,29.98,9.58,136.3,145,59,1.3,7.2,91.5,0.0,0.0,0,0,175.9,,False,False,False,True,False,False
"Aug 27, 2023, 11:33:50 AM",Morning Run,20.04,235.2,11.74,145.9,244,20.04,172.53,8.61,144.0,244.0,218.0,1785.0,20.04,235.2,11.74,145.9,244,69,0.5,1.9,79.8,17.0,0.8,0,0,182.7,,True,False,False,True,False,False
"Aug 26, 2023, 3:10:49 PM",Lunch Run,6.04,59.92,9.92,139.3,148,6.04,58.37,9.66,139.0,148.0,35.0,540.0,6.04,59.92,9.92,139.3,148,84,1.9,5.2,92.9,0.0,0.0,0,0,175.7,,False,False,False,True,False,False
"Aug 25, 2023, 10:30:42 PM",Evening Run,6.03,68.5,11.37,136.8,152,6.03,59.47,9.86,137.0,152.0,57.0,538.0,6.03,68.5,11.37,136.8,152,67,0.9,8.9,90.1,0.1,0.0,0,0,176.6,,False,False,False,True,False,False
"Aug 19, 2023, 11:49:07 AM",Morning Run,7.65,89.22,11.66,135.9,148,7.65,73.22,9.57,136.0,148.0,131.0,646.0,7.65,89.22,11.66,135.9,148,75,2.9,16.9,80.2,0.0,0.0,0,0,177.7,,False,False,False,True,False,False
"Aug 14, 2023, 10:55:32 PM",Evening Run,5.8,54.22,9.35,142.6,152,5.8,54.22,9.35,143.0,152.0,38.0,531.0,5.8,54.22,9.35,142.6,152,72,0.6,1.2,98.2,0.0,0.0,0,0,178.8,,False,False,False,True,False,False
"Aug 13, 2023, 11:37:25 AM",Morning Run,8.11,99.87,12.31,157.0,180,8.11,59.62,7.35,157.0,180.0,17.0,691.0,8.11,99.87,12.31,157.0,180,66,2.4,4.2,17.0,62.8,13.6,0,0,183.1,,False,False,False,True,False,False
"Aug 8, 2023, 11:44:05 PM",Evening Run,5.89,58.12,9.87,135.9,144,5.89,57.13,9.7,136.0,144.0,36.0,528.0,5.89,58.12,9.87,135.9,144,70,1.2,11.6,87.2,0.0,0.0,0,0,179.6,,False,False,False,True,False,False
"Aug 7, 2023, 10:49:35 PM",Evening Run,3.13,34.93,11.15,128.7,137,3.13,31.0,9.9,129.0,137.0,9.0,276.0,3.13,34.93,11.15,128.7,137,79,5.3,58.7,36.1,0.0,0.0,0,0,176.2,,False,False,False,True,False,False
"Aug 6, 2023, 5:24:17 PM",Afternoon Run,21.07,232.7,11.05,148.0,181,21.07,182.97,8.68,148.0,181.0,218.0,1850.0,21.07,232.7,11.05,148.0,181,75,0.5,2.7,75.9,15.1,5.8,0,0,182.7,,True,False,False,True,False,False
"Aug 5, 2023, 1:06:52 PM",Morning Run,7.03,66.3,9.43,139.5,154,7.03,62.38,8.87,140.0,154.0,66.0,623.0,7.03,66.3,9.43,139.5,154,55,1.3,5.3,92.4,1.0,0.0,0,0,182.9,,False,False,False,True,False,False
"Aug 4, 2023, 1:45:25 PM",Morning Run,6.02,65.87,10.94,140.5,150,6.02,57.95,9.63,141.0,150.0,68.0,555.0,6.02,65.87,10.94,140.5,150,75,1.6,7.2,91.2,0.0,0.0,0,0,180.3,,False,False,False,True,False,False
"Aug 1, 2023, 12:10:27 AM",Evening Run,5.59,53.28,9.54,138.2,147,5.59,51.47,9.21,138.0,147.0,27.0,493.0,5.59,53.28,9.54,138.2,147,53,1.1,6.5,92.4,0.0,0.0,0,0,179.9,,False,False,False,True,False,False
"Jul 30, 2023, 11:46:56 AM",Morning Run,8.03,91.35,11.38,156.7,169,8.03,59.28,7.38,157.0,169.0,49.0,679.0,8.03,91.35,11.38,156.7,169,78,0.9,3.0,16.4,79.7,0.0,0,0,182.2,,False,False,False,True,False,False
"Jul 30, 2023, 12:12:20 AM",Evening Run,3.14,29.93,9.53,137.1,145,3.14,29.93,9.53,137.0,145.0,18.0,284.0,3.14,29.93,9.53,137.1,145,71,1.1,7.8,91.1,0.0,0.0,0,0,173.2,,False,False,False,True,False,False
"Jul 27, 2023, 10:11:23 PM",Evening Run,3.11,29.48,9.49,141.4,152,3.11,29.48,9.48,141.0,152.0,14.0,283.0,3.11,29.48,9.49,141.4,152,71,1.1,2.8,96.1,0.1,0.0,0,0,180.1,,False,False,False,True,False,False
"Jul 24, 2023, 11:31:20 PM",Evening Run,6.03,58.28,9.66,138.6,149,6.03,58.28,9.67,139.0,149.0,40.0,535.0,6.03,58.28,9.66,138.6,149,76,0.7,3.2,96.0,0.0,0.0,0,0,178.3,,False,False,False,True,False,False
"Jul 22, 2023, 2:42:16 PM",Morning Run,3.45,34.33,9.95,132.4,140,3.45,34.33,9.95,132.0,140.0,29.0,312.0,3.45,34.33,9.95,132.4,140,64,1.8,30.5,67.6,0.0,0.0,0,0,178.9,,False,False,False,True,False,False
"Jul 21, 2023, 10:52:51 AM",Morning Run,19.61,195.53,9.97,146.2,172,19.61,167.37,8.53,146.0,172.0,158.0,1679.0,19.61,195.53,9.97,146.2,172,80,0.3,1.3,80.2,17.5,0.7,0,0,182.5,,True,False,False,True,False,False
"Jul 17, 2023, 11:38:49 PM",Evening Run,3.12,30.77,9.87,138.4,147,3.12,30.77,9.86,138.0,147.0,26.0,288.0,3.12,30.77,9.87,138.4,147,87,1.1,4.5,94.5,0.0,0.0,0,0,175.0,,False,False,False,True,False,False
"Jul 16, 2023, 6:53:32 PM",Afternoon Run,12.01,125.22,10.42,160.8,181,12.01,100.05,8.33,161.0,181.0,156.0,1117.0,12.01,125.22,10.42,160.8,181,75,0.4,1.4,9.2,67.4,21.6,0,0,184.7,,False,False,False,True,False,False
"Jul 15, 2023, 11:14:24 PM",Evening Run,6.05,60.85,10.06,146.4,157,6.05,57.6,9.52,146.0,157.0,63.0,563.0,6.05,60.85,10.06,146.4,157,67,0.8,1.9,85.4,11.9,0.0,0,0,179.6,,False,False,False,True,False,False
"Jul 14, 2023, 1:37:26 PM",Morning Run,5.89,56.22,9.54,145.6,155,5.89,55.62,9.44,145.0,155.0,37.0,539.0,5.89,56.22,9.54,145.6,155,71,0.8,2.9,91.6,4.8,0.0,0,0,181.8,,False,False,False,True,False,False
"Jul 12, 2023, 12:47:57 PM",Morning Run,11.03,97.53,8.84,162.5,174,11.03,80.85,7.33,163.0,174.0,76.0,953.0,11.03,97.53,8.84,162.5,174,88,0.5,1.0,6.7,88.7,3.1,0,0,185.5,,False,False,False,False,False,False
"Jul 10, 2023, 1:18:53 PM",Morning Run,3.47,32.88,9.47,136.3,147,3.47,32.88,9.48,136.0,147.0,33.0,318.0,3.47,32.88,9.47,136.3,147,64,1.8,8.5,89.7,0.0,0.0,0,0,182.7,,False,False,False,True,False,False
"Jul 9, 2023, 1:07:32 PM",Morning Run,17.11,179.7,10.5,145.4,176,17.11,144.05,8.42,145.0,176.0,172.0,1449.0,17.11,179.7,10.5,145.4,176,76,0.7,2.1,79.2,17.0,1.0,0,0,184.1,,True,False,False,True,False,False
"Jul 8, 2023, 2:30:43 PM",Morning Run,5.56,60.92,10.96,138.9,150,5.56,52.17,9.38,139.0,150.0,27.0,474.0,5.56,60.92,10.96,138.9,150,64,2.0,8.6,89.4,0.0,0.0,0,0,180.0,,False,False,False,True,False,False
"Jul 4, 2023, 1:55:36 PM",Morning Run,3.29,31.65,9.61,139.2,149,3.29,31.65,9.62,139.0,149.0,14.0,296.0,3.29,31.65,9.61,139.2,149,65,2.2,8.2,89.6,0.0,0.0,0,0,180.8,,False,False,False,True,False,False
"Jul 3, 2023, 2:18:07 PM",Morning Run,12.06,134.85,11.18,152.5,174,12.06,99.8,8.28,153.0,174.0,136.0,1044.0,12.06,134.85,11.18,152.5,174,97,0.5,4.0,54.1,37.9,3.6,0,0,183.4,,False,False,False,True,False,False
"Jul 2, 2023, 6:44:55 PM",Afternoon Run,6.06,57.67,9.52,141.3,149,6.06,57.67,9.52,141.0,149.0,33.0,520.0,6.06,57.67,9.52,141.3,149,70,1.0,1.4,97.6,0.0,0.0,0,0,179.9,,False,False,False,True,False,False
"Jun 28, 2023, 2:17:42 PM",Morning Run,2.06,20.55,9.99,135.9,145,2.06,20.55,9.98,136.0,145.0,8.0,183.0,2.06,20.55,9.99,135.9,145,84,2.6,13.0,84.4,0.0,0.0,0,0,176.5,,False,False,False,True,False,False
"Jun 27, 2023, 9:36:14 PM",Afternoon Run,15.03,137.97,9.18,152.4,172,15.03,129.55,8.62,152.0,172.0,156.0,1316.0,15.03,137.97,9.18,152.4,172,77,0.6,1.1,59.5,35.1,3.6,0,0,180.6,,True,False,False,True,False,False
"Jun 25, 2023, 12:15:53 AM",Evening Run,3.13,29.57,9.45,143.3,150,3.13,29.57,9.45,143.0,150.0,28.0,287.0,3.13,29.57,9.45,143.3,150,96,0.5,1.7,97.7,0.0,0.0,0,0,178.9,,False,False,False,True,False,False
"Jun 23, 2023, 12:16:36 AM",Evening Run,7.04,69.05,9.8,141.6,151,7.04,69.05,9.81,142.0,151.0,67.0,648.0,7.04,69.05,9.8,141.6,151,69,0.6,1.2,98.2,0.0,0.0,0,0,176.3,,False,False,False,True,False,False
"Jun 22, 2023, 12:30:47 AM",Evening Run,5.91,56.92,9.63,144.1,156,5.91,56.6,9.58,144.0,156.0,32.0,545.0,5.91,56.92,9.63,144.1,156,66,0.6,1.9,96.5,1.1,0.0,0,0,178.7,,False,False,False,True,False,False
"Jun 18, 2023, 8:13:33 PM",Afternoon Run,4.53,50.73,11.21,135.5,173,4.53,39.78,8.78,138.0,173.0,0.0,396.0,4.53,50.73,11.21,135.5,173,51,8.3,23.3,48.3,15.8,4.3,0,0,181.5,3.384,False,False,False,True,False,False
"Jun 16, 2023, 9:57:33 PM",Afternoon Run,5.9,58.75,9.95,142.9,151,5.9,58.75,9.96,143.0,151.0,33.0,545.0,5.9,58.75,9.95,142.9,151,79,0.5,2.0,97.5,0.0,0.0,0,0,179.0,,False,False,False,True,False,False
"Jun 15, 2023, 6:17:44 PM",Afternoon Run: 8 x 1k,9.36,98.02,10.48,160.3,186,9.36,78.52,8.39,160.0,186.0,87.0,833.0,9.36,98.02,10.48,160.3,186,80,0.7,2.5,39.8,16.9,40.0,0,0,181.9,,False,False,False,True,False,False
"Jun 13, 2023, 11:23:52 PM",Evening Run,5.52,57.45,10.42,156.3,182,5.52,47.97,8.69,151.0,182.0,0.0,479.0,5.52,57.45,10.42,156.3,182,54,2.5,2.9,32.0,34.0,28.6,0,0,171.0,,False,False,False,True,False,False
"Jun 12, 2023, 10:30:39 PM",Evening Run,5.85,56.9,9.73,142.3,152,5.85,56.9,9.73,142.0,152.0,37.0,513.0,5.85,56.9,9.73,142.3,152,70,0.8,1.4,97.8,0.0,0.0,0,0,175.5,,False,False,False,True,False,False
"Jun 11, 2023, 2:57:30 PM",Morning Run- Abandoned ,4.93,50.02,10.15,151.4,175,4.93,42.42,8.6,151.0,175.0,41.0,442.0,4.93,50.02,10.15,151.4,175,71,1.3,4.5,58.8,21.7,13.7,0,0,183.2,,False,False,False,True,False,False
"Jun 9, 2023, 9:45:06 PM",Afternoon Run: 400m x 10,5.02,56.02,11.16,155.5,182,5.02,45.53,9.07,148.0,182.0,0.0,461.0,5.02,56.02,11.16,155.5,182,57,2.7,2.9,35.5,29.4,29.5,0,0,169.1,,False,False,False,True,False,False
"Jun 7, 2023, 11:33:02 PM",Evening Run,7.11,71.5,10.05,158.8,184,7.11,59.2,8.33,159.0,184.0,77.0,617.0,7.11,71.5,10.05,158.8,184,89,1.2,2.2,37.4,23.3,35.9,0,0,183.3,,False,False,False,True,False,False
"Jun 6, 2023, 10:29:25 PM",Evening Run,5.85,59.82,10.22,144.2,160,5.85,59.82,10.23,144.0,160.0,38.0,538.0,5.85,59.82,10.22,144.2,160,65,1.5,1.1,93.0,4.4,0.0,0,0,176.8,,False,False,False,True,False,False
"Jun 4, 2023, 12:30:52 PM",Dexter - Ann Arbor HM,13.21,103.03,7.8,173.6,193,13.21,103.03,7.8,174.0,193.0,118.0,1216.0,13.21,103.03,7.8,173.6,193,125,0.0,0.2,0.7,19.4,79.6,0,0,186.4,,False,True,False,False,False,False
"Jun 3, 2023, 6:18:32 PM",Afternoon Run,2.13,20.4,9.57,150.1,161,2.13,20.4,9.58,150.0,161.0,14.0,202.0,2.13,20.4,9.57,150.1,161,69,1.9,3.3,38.7,56.2,0.0,0,0,178.3,,False,False,False,True,False,False
"Jun 3, 2023, 12:29:30 AM",Evening Run,4.35,34.73,7.99,169.4,184,4.35,34.73,7.98,170.0,184.0,35.0,407.0,4.35,34.73,7.99,169.4,184,78,0.9,0.8,8.5,24.5,65.3,0,0,183.1,,False,True,False,False,False,False
"Jun 1, 2023, 11:40:08 PM",Evening Run,3.21,31.95,9.95,147.2,158,3.21,31.7,9.88,147.0,158.0,18.0,308.0,3.21,31.95,9.95,147.2,158,84,0.9,1.9,84.5,12.6,0.0,0,0,177.4,,False,False,False,True,False,False
"May 31, 2023, 2:40:37 PM",Morning Run,8.51,106.77,12.55,160.6,190,8.51,77.73,9.13,150.0,190.0,0.0,840.0,8.51,106.77,12.55,160.6,190,56,4.5,2.3,27.2,19.9,46.0,0,0,177.9,,False,False,False,True,False,False
"May 24, 2023, 8:21:47 PM",Night Run,3.53,30.03,8.52,166.9,182,3.53,26.48,7.5,167.0,182.0,16.0,314.0,3.53,30.03,8.52,166.9,182,84,1.5,1.3,4.1,47.8,45.3,0,0,181.7,,False,False,False,False,False,False
"May 21, 2023, 9:03:43 PM",Night Run,3.85,30.62,7.95,171.5,184,3.85,29.25,7.6,172.0,184.0,11.0,354.0,3.85,30.62,7.95,171.5,184,81,0.8,0.6,4.2,24.0,70.3,0,0,183.7,,False,True,False,False,False,False
"May 16, 2023, 1:44:51 PM",Afternoon Run,9.21,96.15,10.44,156.4,186,9.21,89.87,9.76,153.0,186.0,0.0,843.0,9.21,96.15,10.44,156.4,186,65,0.8,11.4,33.1,16.4,38.3,0,0,170.3,,False,False,False,True,False,False
"May 12, 2023, 1:27:58 PM",Morning Run,13.15,121.05,9.2,161.6,178,13.15,111.83,8.5,162.0,178.0,146.0,1202.0,13.15,121.05,9.2,161.6,178,77,0.5,0.8,18.6,46.1,34.0,0,0,181.8,,False,False,False,True,False,False
"May 10, 2023, 2:28:29 PM",Morning Run,5.26,109.37,20.79,152.2,180,5.26,44.47,8.45,115.0,180.0,0.0,461.0,5.26,109.37,20.79,152.2,180,55,2.4,6.7,39.7,27.9,23.2,0,0,175.3,,False,False,False,True,False,False
"May 8, 2023, 9:52:16 PM",Afternoon Run,4.02,45.32,11.29,149.5,183,4.02,37.95,9.44,141.0,183.0,0.0,376.0,4.02,45.32,11.29,149.5,183,59,2.6,6.4,56.8,17.1,17.1,0,0,171.1,,False,False,False,True,False,False
"May 8, 2023, 2:53:34 PM",Morning Run,5.52,59.78,10.84,149.7,183,5.52,51.7,9.37,142.0,183.0,0.0,484.0,5.52,59.78,10.84,149.7,183,53,6.0,14.7,35.5,12.9,31.0,0,0,171.5,,False,False,False,True,False,False
"May 6, 2023, 1:22:37 PM",Morning Run,13.28,129.78,9.77,158.6,174,13.28,109.08,8.21,159.0,174.0,93.0,1182.0,13.28,129.78,9.77,158.6,174,91,0.4,1.7,31.6,60.5,5.8,0,0,182.6,,False,False,False,True,False,False
"May 3, 2023, 9:21:57 PM",Afternoon Run,4.15,37.43,9.03,155.2,184,4.15,37.43,9.02,155.0,184.0,0.0,390.0,4.15,37.43,9.03,155.2,184,60,2.3,3.5,45.1,16.3,32.8,0,0,172.8,,False,False,False,True,False,False
"May 3, 2023, 1:47:50 PM",Morning Run,5.51,51.1,9.27,154.1,184,5.51,51.1,9.27,154.0,184.0,0.0,495.0,5.51,51.1,9.27,154.1,184,62,3.6,11.4,36.0,12.8,36.1,0,0,167.5,,False,False,False,True,False,False
"May 1, 2023, 4:07:09 PM",Lunch Run,3.51,34.52,9.83,144.2,179,3.51,33.47,9.54,143.0,179.0,0.0,307.0,3.51,34.52,9.83,144.2,179,51,8.2,11.2,44.7,23.7,12.2,0,0,169.3,,False,False,False,True,False,False
"Apr 29, 2023, 1:57:29 PM",Morning Run,14.34,131.18,9.15,158.2,181,14.34,120.87,8.43,158.0,181.0,82.0,1290.0,14.34,131.18,9.15,158.2,181,74,0.7,1.1,36.9,44.3,16.9,0,0,184.0,,False,False,False,True,False,False
"Apr 27, 2023, 2:50:50 PM",Morning Run,5.51,60.23,10.92,153.7,180,5.51,49.25,8.94,146.0,180.0,0.0,516.0,5.51,60.23,10.92,153.7,180,55,3.4,4.7,44.4,20.1,27.4,0,0,176.3,,False,False,False,True,False,False
"Apr 25, 2023, 10:14:48 PM",Evening Run,5.02,46.45,9.26,154.0,180,5.02,44.63,8.89,152.0,180.0,0.0,465.0,5.02,46.45,9.26,154.0,180,60,2.3,3.8,47.6,15.3,31.0,0,0,178.1,,False,False,False,True,False,False
"Apr 25, 2023, 2:53:24 PM",Morning Run,4.51,41.6,9.22,150.8,180,4.51,41.6,9.22,151.0,180.0,0.0,422.0,4.51,41.6,9.22,150.8,180,55,2.5,7.3,51.7,15.3,23.2,0,0,175.4,,False,False,False,True,False,False
"Apr 23, 2023, 2:14:08 PM",Morning Run,12.32,109.77,8.91,157.8,176,12.32,108.83,8.83,158.0,176.0,87.0,1116.0,12.32,109.77,8.91,157.8,176,86,0.4,0.7,38.4,43.2,17.3,0,0,182.3,,False,False,False,False,False,False
"Apr 21, 2023, 8:01:37 PM",Afternoon Run,4.04,40.53,10.04,154.9,183,4.04,37.4,9.26,152.0,183.0,0.0,387.0,4.04,40.53,10.04,154.9,183,67,2.0,7.6,34.0,29.2,27.3,0,0,168.8,,False,False,False,True,False,False
"Apr 20, 2023, 3:42:10 PM",Lunch Run,5.86,62.13,10.61,145.1,154,5.86,58.67,10.01,145.0,154.0,42.0,545.0,5.86,62.13,10.61,145.1,154,80,0.8,2.8,94.0,2.4,0.0,0,0,177.5,,False,False,False,True,False,False
"Apr 19, 2023, 9:28:22 PM",Afternoon Run,5.61,54.3,9.68,157.0,185,5.61,54.3,9.68,157.0,185.0,0.0,547.0,5.61,54.3,9.68,157.0,185,64,3.9,9.3,22.8,27.6,36.4,0,0,169.3,,False,False,False,True,False,False
"Apr 16, 2023, 2:27:54 PM",Morning Run,9.51,115.72,12.16,153.0,164,9.51,95.65,10.06,153.0,164.0,121.0,941.0,9.51,115.72,12.16,153.0,164,77,0.5,1.8,25.3,72.4,0.0,0,0,177.4,,False,False,False,True,False,False
"Apr 15, 2023, 9:17:06 PM",Afternoon Run,5.26,49.82,9.47,157.9,186,5.26,48.55,9.23,157.0,186.0,0.0,533.0,5.26,49.82,9.47,157.9,186,58,4.2,2.0,21.0,44.5,28.3,0,0,178.3,,False,False,False,True,False,False
"Apr 13, 2023, 8:01:13 PM",Afternoon Run,4.51,42.38,9.39,152.7,183,4.51,42.28,9.37,153.0,183.0,0.0,452.0,4.51,42.38,9.39,152.7,183,66,3.9,2.6,47.4,28.4,17.8,0,0,181.4,,False,False,False,True,False,False
"Apr 13, 2023, 12:53:46 AM",Evening Run,4.04,39.62,9.82,157.8,183,4.04,37.65,9.32,154.0,183.0,0.0,423.0,4.04,39.62,9.82,157.8,183,72,2.2,1.9,25.5,49.1,21.3,0,0,177.4,,False,False,False,True,False,False
"Apr 9, 2023, 10:26:13 PM",Evening Run,7.27,70.65,9.71,155.0,170,7.27,70.65,9.72,155.0,170.0,77.0,707.0,7.27,70.65,9.71,155.0,170,83,0.9,1.2,12.3,85.6,0.0,0,0,176.3,,False,False,False,True,False,False
"Apr 9, 2023, 10:18:41 PM",Evening Run,7.14,75.4,10.56,,,7.14,75.4,10.56,,,81.6,827.0,7.14,75.4,10.56,,,,,,,,,122.2,119.6,172.1,,False,False,False,True,False,False
"Apr 7, 2023, 10:40:53 PM",Evening Run,5.88,57.23,9.73,156.8,167,5.88,57.23,9.73,157.0,167.0,34.0,585.0,5.88,57.23,9.73,156.8,167,80,1.1,1.4,6.8,90.6,0.0,0,0,176.0,,False,False,False,True,False,False
"Apr 7, 2023, 10:28:02 PM",Evening Run,5.73,65.33,11.4,,,5.73,65.33,11.4,,,36.8,660.0,5.73,65.33,11.4,,,,,,,,,78.2,86.0,172.0,,False,False,False,True,False,False
"Apr 5, 2023, 11:24:48 PM",Evening Run,3.58,34.08,9.52,159.5,171,3.58,34.08,9.52,160.0,171.0,40.0,365.0,3.58,34.08,9.52,159.5,171,59,1.0,1.0,5.8,92.2,0.0,0,0,175.9,,False,False,False,True,False,False
"Apr 5, 2023, 11:13:42 PM",Evening Run,3.55,41.6,11.72,,,3.55,41.6,11.72,,,38.8,411.0,3.55,41.6,11.72,,,,,,,,,67.0,69.6,166.8,,False,False,False,True,False,False
"Apr 4, 2023, 1:35:00 AM",Night Run,3.08,30.83,10.0,162.3,179,3.08,30.83,10.01,162.0,179.0,0.0,359.0,3.08,30.83,10.0,162.3,179,84,1.6,1.6,4.7,68.2,23.8,0,0,175.6,,False,False,False,True,False,False
"Apr 4, 2023, 1:27:55 AM",Night Run,2.99,33.7,11.28,,,2.99,33.7,11.27,,,0.0,343.0,2.99,33.7,11.28,,,,,,,,,0,0,173.0,,False,False,False,True,False,False
"Mar 20, 2023, 5:53:44 PM",Afternoon Run,3.16,29.93,9.47,152.4,177,3.16,29.93,9.47,152.0,177.0,3.0,328.0,3.16,29.93,9.47,152.4,177,100,0.4,1.5,46.7,47.8,3.6,0,0,186.1,,False,False,False,True,False,False
"Mar 20, 2023, 5:39:35 PM",Afternoon Run,3.5,42.8,12.22,,,3.5,42.8,12.23,,,2.4,403.0,3.5,42.8,12.22,,,,,,,,,45.4,44.4,179.4,,False,False,False,True,False,False
"Mar 19, 2023, 6:53:03 PM",Afternoon Run,10.05,102.57,10.2,150.2,163,10.05,97.03,9.65,150.0,163.0,54.0,952.0,10.05,102.57,10.2,150.2,163,71,0.9,1.4,51.7,46.1,0.0,0,0,183.7,,False,False,False,True,False,False
"Mar 19, 2023, 6:36:59 PM",Afternoon Run,9.96,116.4,11.69,,,9.96,116.4,11.69,,,53.2,1151.0,9.96,116.4,11.69,,,,,,,,,212.0,226.6,176.5,,False,False,False,True,False,False
"Mar 12, 2023, 2:22:13 AM",Night Run,0.5,22.8,45.36,,,0.5,22.8,,,,3.4,58.0,0.5,22.8,45.36,,,,,,,,,23.0,24.6,135.2,,False,False,False,True,False,False
"Mar 11, 2023, 4:12:04 PM",Lunch Run,10.12,98.4,9.73,153.3,163,10.12,97.67,9.65,153.0,163.0,122.0,1013.0,10.12,98.4,9.73,153.3,163,79,0.3,1.0,24.3,74.4,0.0,0,0,183.1,,False,False,False,True,False,False
"Mar 11, 2023, 4:02:44 PM",Lunch Run,9.97,107.2,10.76,,,9.97,107.2,10.75,,,140.8,1159.0,9.97,107.2,10.76,,,,,,,,,192.0,188.0,177.7,,False,False,False,True,False,False
"Mar 9, 2023, 11:36:32 PM",Evening Run: Mile repeats,6.05,61.03,10.08,157.1,186,6.05,51.92,8.58,152.0,186.0,0.0,560.0,6.05,61.03,10.08,157.1,186,80,2.4,3.5,37.6,26.6,30.0,0,0,184.4,,False,False,False,True,False,False
"Mar 9, 2023, 11:23:23 PM",Evening Run,6.01,74.77,12.44,,,6.01,74.77,12.44,,,2.6,690.0,6.01,74.77,12.44,,,,,,,,,4.2,2.0,178.8,,False,False,False,True,False,False
"Mar 8, 2023, 12:34:43 AM",Evening Run: Treadmill Progressive ,5.27,47.62,9.03,156.5,185,5.27,46.23,8.77,155.0,185.0,0.0,502.0,5.27,47.62,9.03,156.5,185,77,1.1,2.0,47.3,23.1,26.5,0,0,184.7,,False,False,False,True,False,False
"Mar 8, 2023, 12:15:34 AM",Evening Run,5.12,65.13,12.71,,,5.12,65.13,12.72,,,0.0,588.0,5.12,65.13,12.71,,,,,,,,,1.0,1.2,181.2,,False,False,False,True,False,False
"Mar 5, 2023, 3:07:29 PM",Morning Run,10.51,100.32,9.54,153.0,164,10.51,98.78,9.4,153.0,164.0,87.0,975.0,10.51,100.32,9.54,153.0,164,86,0.5,1.2,33.3,65.0,0.0,0,0,185.6,,False,False,False,True,False,False
"Mar 5, 2023, 2:52:34 PM",Morning Run,10.19,110.93,10.89,,,10.19,110.93,10.89,,,78.6,1178.0,10.19,110.93,10.89,,,,,,,,,156.6,187.2,183.6,,False,False,False,True,False,False
"Mar 2, 2023, 10:42:33 PM",Afternoon Run,4.52,40.8,9.03,155.6,186,4.52,40.8,9.03,156.0,186.0,0.0,445.0,4.52,40.8,9.03,155.6,186,87,1.3,1.8,42.7,34.7,19.4,0,0,185.0,,False,False,False,True,False,False
"Mar 2, 2023, 10:35:08 PM",Afternoon Run,4.44,48.3,10.87,,,4.44,48.3,10.88,,,0.0,510.0,4.44,48.3,10.87,,,,,,,,,0.4,1.0,181.0,,False,False,False,True,False,False
"Feb 27, 2023, 11:03:57 PM",Evening Run,4.51,40.3,8.93,158.7,184,4.51,40.3,8.94,159.0,184.0,0.0,456.0,4.51,40.3,8.93,158.7,184,76,1.3,1.7,36.6,29.1,31.3,0,0,185.2,,False,False,False,False,False,False
"Feb 27, 2023, 10:55:53 PM",Afternoon Run,4.44,46.5,10.47,,,4.44,46.5,10.47,,,0.0,510.0,4.44,46.5,10.47,,,,,,,,,0.4,0.8,179.9,,False,False,False,True,False,False
"Feb 25, 2023, 7:32:13 PM",Afternoon Run: Progressive ,3.17,26.95,8.49,165.0,186,3.17,26.95,8.5,165.0,186.0,5.0,307.0,3.17,26.95,8.49,165.0,186,73,1.5,2.4,8.1,52.4,35.6,0,0,189.1,,False,False,False,False,False,False
"Feb 25, 2023, 7:24:54 PM",Afternoon Run,3.16,33.8,10.7,,,3.16,33.8,10.7,,,0.0,363.0,3.16,33.8,10.7,,,,,,,,,17.4,16.8,179.3,,False,False,False,True,False,False
"Feb 23, 2023, 11:31:52 PM",Evening Run,0.08,5.23,,,,0.08,5.23,,,,0.0,9.0,0.08,5.23,,,,,,,,,,0,0,140.3,,False,False,False,False,False,False
"Feb 23, 2023, 10:19:57 PM",Afternoon Run,3.15,28.83,9.16,158.8,173,3.15,28.83,9.15,159.0,173.0,0.0,330.0,3.15,28.83,9.16,158.8,173,79,1.2,2.2,9.7,78.9,8.0,0,0,189.4,,False,False,False,True,False,False
"Feb 23, 2023, 10:10:09 PM",Afternoon Run,3.16,37.97,12.0,,,3.16,37.97,12.02,,,0.0,364.0,3.16,37.97,12.0,,,,,,,,,3.2,3.2,179.1,,False,False,False,True,False,False
"Feb 14, 2023, 8:38:40 PM",Afternoon Run,5.13,46.78,9.13,156.7,165,5.13,46.78,9.12,157.0,165.0,47.0,505.0,5.13,46.78,9.13,156.7,165,78,0.4,0.9,5.5,93.2,0.0,0,0,186.6,,False,False,False,True,False,False
"Feb 14, 2023, 8:33:11 PM",Afternoon Run,4.97,48.43,9.74,,,4.97,48.43,9.74,,,47.4,576.0,4.97,48.43,9.74,,,,,,,,,89.6,84.8,183.7,,False,False,False,True,False,False
"Feb 12, 2023, 5:50:13 PM",Lunch Run,3.32,31.17,9.39,152.9,164,3.32,31.17,9.39,153.0,164.0,24.0,327.0,3.32,31.17,9.39,152.9,164,81,1.2,2.0,19.8,76.9,0.0,0,0,185.2,,False,False,False,True,False,False
"Feb 12, 2023, 5:42:47 PM",Lunch Run,3.22,36.8,11.43,,,3.22,36.8,11.43,,,28.0,373.0,3.22,36.8,11.43,,,,,,,,,49.6,44.0,182.4,,False,False,False,True,False,False
"Feb 11, 2023, 10:22:26 PM",Afternoon Run,4.02,34.13,8.49,165.6,181,4.02,34.13,8.49,166.0,181.0,42.0,395.0,4.02,34.13,8.49,165.6,181,99,0.5,0.7,5.6,72.3,20.8,0,0,188.9,,False,False,False,False,False,False
"Feb 11, 2023, 10:12:49 PM",Afternoon Run,3.92,40.67,10.39,,,3.92,40.67,10.38,,,41.0,453.0,3.92,40.67,10.39,,,,,,,,,67.4,69.8,184.8,,False,False,False,True,False,False
"Feb 10, 2023, 2:43:18 PM",Morning Run,6.22,56.12,9.03,164.4,173,6.22,56.12,9.02,164.0,173.0,25.0,620.0,6.22,56.12,9.03,164.4,173,68,0.5,0.5,2.4,91.9,4.7,0,0,183.4,,False,False,False,True,False,False
"Feb 10, 2023, 2:36:08 PM",Morning Run,6.02,60.87,10.11,,,6.02,60.87,10.11,,,25.6,693.0,6.02,60.87,10.11,,,,,,,,,80.6,87.4,180.2,,False,False,False,True,False,False
"Feb 5, 2023, 10:16:53 PM",Afternoon Run,4.05,38.43,9.49,149.6,156,4.05,38.43,9.49,150.0,156.0,18.0,389.0,4.05,38.43,9.49,149.6,156,85,0.3,0.7,70.7,28.3,0.0,0,0,179.6,,False,False,False,True,False,False
"Feb 5, 2023, 10:10:11 PM",Afternoon Run,3.95,44.47,11.26,,,3.95,44.47,11.26,,,22.8,454.0,3.95,44.47,11.26,,,,,,,,,50.2,55.6,174.6,,False,False,False,True,False,False
"Jan 24, 2023, 9:38:03 PM",Afternoon Run: Slow jog back home,1.77,18.6,10.48,134.4,143,1.77,17.38,9.82,134.0,143.0,22.0,166.0,1.77,18.6,10.48,134.4,143,100,2.0,35.9,62.1,0.0,0.0,0,0,187.7,,False,False,False,True,False,False
"Jan 24, 2023, 9:11:53 PM",Afternoon Run,3.91,41.43,10.6,,,3.91,41.43,10.6,,,47.8,450.0,3.91,41.43,10.6,,,,,,,,,61.2,81.8,175.4,,False,False,False,True,False,False
"Jan 24, 2023, 8:50:55 PM",Afternoon Run: 1.5 WU + 6 x 1200m @ Zone 5 (abandoned - calf not right),4.87,40.48,8.31,153.3,177,4.87,38.87,7.98,153.0,177.0,42.0,429.0,4.87,40.48,8.31,153.3,177,76,1.2,3.1,52.4,19.1,24.2,0,0,185.5,,False,False,False,False,False,False
"Jan 23, 2023, 3:30:23 PM",Morning Run: Zone 2,13.24,128.73,9.72,142.5,154,13.24,125.15,9.45,143.0,154.0,138.0,1199.0,13.24,128.73,9.72,142.5,154,84,0.6,1.0,97.6,0.8,0.0,0,0,181.7,,False,False,False,True,False,False
"Jan 21, 2023, 9:27:06 PM",Afternoon Run: 1.5WU + 14 x 200m with 60 sec recovery @ 5-5:30 + CD,6.03,58.1,9.63,157.3,178,6.03,51.13,8.48,157.0,178.0,37.0,553.0,6.03,58.1,9.63,157.3,178,83,0.4,0.9,44.1,34.7,19.9,0,0,182.1,,False,False,False,True,False,False
"Jan 20, 2023, 3:21:23 PM",Morning Run,10.15,99.07,9.76,146.2,157,10.15,97.23,9.58,146.0,157.0,119.0,950.0,10.15,99.07,9.76,146.2,157,71,0.5,0.9,90.7,7.9,0.0,0,0,179.4,,False,False,False,True,False,False
"Jan 18, 2023, 2:42:58 PM",Morning Run: 1.5WU + 8x1K w/0.5k rec + CD,9.36,85.0,9.08,157.6,179,9.36,75.75,8.09,158.0,179.0,96.0,834.0,9.36,85.0,9.08,157.6,179,74,0.5,1.6,44.1,19.6,34.2,0,0,185.4,,False,False,False,True,False,False
"Jan 17, 2023, 5:25:09 PM",Run: Zone 2,5.96,56.75,9.52,142.0,158,5.96,56.75,9.52,142.0,158.0,37.0,543.0,5.96,56.75,9.52,142.0,158,61,1.5,0.9,95.9,1.7,0.0,0,0,181.6,,False,False,False,True,False,False
"Jan 16, 2023, 9:15:39 PM",Afternoon Run: 10 min WU + 17min @ 6:55 (threshold) + CD,7.32,61.63,8.42,160.9,182,7.32,59.28,8.1,161.0,182.0,54.0,655.0,7.32,61.63,8.42,160.9,182,82,1.1,1.4,11.0,59.3,27.3,0,0,185.5,,False,False,False,False,False,False
"Jan 13, 2023, 3:21:55 PM","Morning Run: 1.5WU,  8 x 400m @ 5:15-5:30,  90s(+) recovery  + CD",6.02,63.9,10.62,148.3,176,6.01,50.2,8.35,148.0,176.0,34.0,515.0,6.02,63.9,10.62,148.3,176,76,0.7,4.4,69.6,17.7,7.7,0,0,185.4,,False,False,False,True,False,False
"Jan 12, 2023, 2:44:34 PM",Morning Run,10.06,94.82,9.43,142.9,153,10.06,93.42,9.29,143.0,153.0,111.0,934.0,10.06,94.82,9.43,142.9,153,88,0.4,1.6,97.1,0.9,0.0,0,0,183.3,,False,False,False,True,False,False
"Jan 11, 2023, 2:36:24 PM",Morning Run: 1.5 WU + 8 x 1k + 0.5k recovery+ CD,9.51,82.18,8.64,155.7,177,9.51,76.47,8.04,156.0,177.0,88.0,842.0,9.51,82.18,8.64,155.7,177,67,0.6,2.6,45.3,25.3,26.2,0,0,186.4,,False,False,False,False,False,False
"Jan 10, 2023, 2:48:58 PM",Morning Run,6.03,55.12,9.15,144.2,151,6.03,55.07,9.13,144.0,151.0,35.0,558.0,6.03,55.12,9.15,144.2,151,64,0.8,0.6,98.6,0.0,0.0,0,0,183.1,,False,False,False,True,False,False
"Jan 8, 2023, 2:28:17 PM",Morning Run,11.35,104.12,9.17,153.4,163,11.35,99.07,8.73,153.0,163.0,138.0,1043.0,11.35,104.12,9.17,153.4,163,74,1.1,1.2,16.1,81.5,0.0,0,0,185.8,,False,False,False,True,False,False
"Jan 7, 2023, 8:48:06 PM",Afternoon Run,7.45,68.03,9.13,144.8,156,7.45,67.95,9.12,145.0,156.0,72.0,692.0,7.45,68.03,9.13,144.8,156,61,0.5,0.3,91.1,8.1,0.0,0,0,182.5,,False,False,False,True,False,False
"Jan 6, 2023, 4:44:09 PM",Lunch Run: 1.5 WU + 10 x 400m @ 5:30-5:45 + CD,7.19,70.5,9.81,153.0,183,7.19,60.18,8.37,153.0,183.0,51.0,611.0,7.19,70.5,9.81,153.0,183,64,0.7,1.5,61.0,18.7,18.1,0,0,182.0,,False,False,False,True,False,False
"Jan 4, 2023, 3:33:52 PM",Morning Run,10.01,95.18,9.51,146.4,157,10.01,93.55,9.35,146.0,157.0,106.0,923.0,10.01,95.18,9.51,146.4,157,84,0.3,1.0,90.3,8.4,0.0,0,0,179.9,,False,False,False,True,False,False
"Jan 3, 2023, 9:55:53 PM",Afternoon Run,3.21,29.9,9.32,146.4,156,3.21,29.9,9.31,146.0,156.0,17.0,303.0,3.21,29.9,9.32,146.4,156,89,1.1,2.3,84.8,11.8,0.0,0,0,180.7,,False,False,False,True,False,False
"Jan 2, 2023, 9:06:57 PM",Afternoon Run: 1.5 WU + 8 x 1k with 0.5k recovery + CD,9.54,78.2,8.2,166.0,187,9.53,77.28,8.11,166.0,187.0,93.0,907.0,9.54,78.2,8.2,166.0,187,88,0.4,0.5,15.9,37.0,46.2,0,0,184.8,,False,False,False,False,False,False
"Jan 1, 2023, 6:02:17 PM",Afternoon Run,9.86,98.55,10.0,147.6,159,9.86,96.13,9.75,148.0,159.0,107.0,931.0,9.86,98.55,10.0,147.6,159,60,1.1,1.1,77.5,20.3,0.0,0,0,180.6,,False,False,False,True,False,False
"Dec 31, 2022, 8:38:58 PM",Afternoon Run,5.59,47.7,8.54,165.8,188,5.59,44.15,7.9,166.0,188.0,55.0,519.0,5.59,47.7,8.54,165.8,188,80,0.6,0.9,5.2,67.2,26.1,0,0,185.5,,False,False,False,False,False,False
"Dec 18, 2022, 11:53:59 AM","Afternoon Run: Quick Tempo+ : 2000 miles for the year. Ma sha Allah, la quwatta illa bi Allah ",4.07,29.52,7.25,166.4,177,4.07,29.33,7.21,166.0,177.0,30.0,360.0,4.07,29.52,7.25,166.4,177,69,0.9,0.4,3.4,59.1,36.2,0,0,184.4,,False,True,False,False,False,False
"Dec 18, 2022, 4:35:08 AM",Morning Run: Quick run before the 18 Meetup ,3.89,34.67,8.91,148.4,169,3.89,30.55,7.85,148.0,169.0,37.0,336.0,3.89,34.67,8.91,148.4,169,83,1.6,5.1,49.8,43.5,0.0,0,0,185.3,,False,False,False,False,False,False
"Dec 15, 2022, 2:11:55 PM",Evening Run,6.13,56.17,9.17,146.5,155,6.13,54.0,8.81,147.0,155.0,65.0,571.0,6.13,56.17,9.17,146.5,155,71,0.6,1.2,89.2,9.0,0.0,0,0,180.8,,False,False,False,True,False,False
"Dec 15, 2022, 1:43:11 PM",Evening Run: Pacing my niece 😃,0.48,7.4,,102.9,130,0.47,7.25,,104.0,130.0,12.0,40.0,0.48,7.4,,102.9,130,65,73.0,27.0,0.0,0.0,0.0,0,0,145.3,,False,False,False,False,False,False
"Dec 15, 2022, 12:23:35 PM",Afternoon Run: Pacing my elder brother 😁,1.66,23.27,14.04,106.8,136,1.66,23.22,13.99,107.0,136.0,33.0,137.0,1.66,23.27,14.04,106.8,136,80,59.1,38.4,2.5,0.0,0.0,0,0,145.4,,False,False,False,True,False,False
"Dec 14, 2022, 4:45:24 AM",Morning Run: 1.5 mile WU + 8 x 1k @ Zone 4/5 with 0.5k recovery+ CD ,10.31,91.95,8.92,156.0,180,10.31,80.52,7.81,156.0,180.0,118.0,902.0,10.31,91.95,8.92,156.0,180,77,0.8,2.7,41.7,27.3,27.5,0,0,184.1,,False,False,False,False,False,False
"Dec 12, 2022, 3:12:56 AM",Morning Run: Zone 2 (high),10.42,90.97,8.73,142.7,149,10.42,88.9,8.53,143.0,149.0,114.0,923.0,10.42,90.97,8.73,142.7,149,74,0.5,2.4,97.1,0.0,0.0,0,0,185.1,,False,False,False,False,False,False
"Dec 11, 2022, 4:28:57 AM",Morning Run: Zone 2,10.09,98.58,9.77,138.4,148,10.09,92.12,9.13,138.0,148.0,117.0,907.0,10.09,98.58,9.77,138.4,148,67,0.8,9.8,89.4,0.0,0.0,0,0,177.2,,False,False,False,True,False,False
"Dec 10, 2022, 4:05:51 AM",Morning Run: Margala Backyard Ultra 2022,11.83,145.53,12.31,121.3,177,11.82,137.05,11.59,122.0,177.0,98.0,1028.0,11.83,145.53,12.31,121.3,177,68,50.6,15.0,12.8,19.7,1.8,0,0,149.0,,False,False,False,True,False,False
"Dec 9, 2022, 2:57:20 AM",Morning Run: Zone 2,10.93,115.57,10.58,140.6,153,10.93,100.02,9.15,141.0,153.0,97.0,944.0,10.93,115.57,10.58,140.6,153,70,1.0,5.8,92.9,0.3,0.0,0,0,180.9,,False,False,False,True,False,False
"Dec 8, 2022, 9:51:51 AM",Afternoon Run: Tempo (left over),7.37,60.75,8.25,164.3,174,7.37,55.32,7.51,164.0,174.0,59.0,654.0,7.37,60.75,8.25,164.3,174,83,0.5,0.8,4.0,82.7,11.9,0,0,185.9,,False,False,False,False,False,False
"Dec 8, 2022, 3:02:47 AM",Morning Run: 10K HR Tempo ,6.22,54.78,8.81,160.0,169,6.22,46.85,7.53,160.0,169.0,44.0,546.0,6.22,54.78,8.81,160.0,169,70,1.0,2.0,7.0,90.0,0.0,0,0,187.3,,False,False,False,False,False,False
"Dec 6, 2022, 3:10:52 AM",Morning Run: 7 x 1k @ Zone 4/5,8.86,86.2,9.72,155.9,177,8.86,71.1,8.02,156.0,177.0,73.0,783.0,8.86,86.2,9.72,155.9,177,79,0.8,2.6,44.5,30.1,22.0,0,0,185.0,,False,False,False,True,False,False
"Dec 5, 2022, 11:50:21 AM",Afternoon Run: 5K Tempo,3.2,23.53,7.36,167.6,180,3.2,22.75,7.11,168.0,180.0,20.0,284.0,3.2,23.53,7.36,167.6,180,80,1.1,0.4,4.1,42.9,51.5,0,0,186.5,,False,True,False,False,False,False
"Dec 5, 2022, 2:57:08 AM",Morning Run,10.04,103.03,10.26,143.3,153,10.04,93.48,9.31,143.0,153.0,75.0,866.0,10.04,103.03,10.26,143.3,153,66,1.2,3.0,95.1,0.7,0.0,0,0,181.2,,False,False,False,True,False,False
"Dec 4, 2022, 4:55:49 AM",Morning Run,5.01,49.0,9.78,151.9,172,5.01,42.62,8.51,152.0,172.0,91.0,460.0,5.01,49.0,9.78,151.9,172,80,1.3,3.3,45.7,48.8,0.9,0,0,188.7,,False,False,False,True,False,False
"Dec 4, 2022, 3:03:31 AM",Morning Run,6.08,67.4,11.08,140.6,153,6.08,58.0,9.54,141.0,153.0,92.0,547.0,6.08,67.4,11.08,140.6,153,65,1.4,5.8,91.4,1.4,0.0,0,0,184.8,,False,False,False,True,False,False
"Dec 3, 2022, 4:34:44 AM",Morning Run: Some quick intervals while waiting for Ali to pick me up for breakfast 😀,2.27,17.67,7.79,162.2,180,2.27,17.67,7.78,162.0,180.0,1.0,200.0,2.27,17.67,7.79,162.2,180,85,1.5,0.7,13.1,55.8,28.9,0,0,185.0,,False,True,False,False,False,False
"Dec 3, 2022, 2:26:13 AM",Morning Run,8.51,98.72,11.6,146.7,158,8.51,80.65,9.48,147.0,158.0,127.0,797.0,8.51,98.72,11.6,146.7,158,62,1.0,3.2,87.1,8.7,0.0,0,0,181.7,,False,False,False,True,False,False
"Nov 29, 2022, 2:49:33 PM","Morning Run: 1.5 WU, 7 x 1km @ Zone4/Zone5 + CD",8.29,75.72,9.13,155.3,176,8.29,68.65,8.28,155.0,176.0,69.0,737.0,8.29,75.72,9.13,155.3,176,71,0.5,3.7,45.6,24.4,25.9,0,0,186.1,,False,False,False,True,False,False
"Nov 28, 2022, 4:59:39 PM",Lunch Run: Zone 2,10.04,92.45,9.21,143.2,152,10.04,92.45,9.21,143.0,152.0,130.0,938.0,10.04,92.45,9.21,143.2,152,69,0.3,0.5,99.0,0.1,0.0,0,0,184.4,,False,False,False,True,False,False
"Nov 27, 2022, 4:54:54 PM",Lunch Run,7.59,71.78,9.45,143.1,152,7.59,70.85,9.33,143.0,152.0,78.0,717.0,7.59,71.78,9.45,143.1,152,70,0.6,1.1,98.2,0.1,0.0,0,0,187.9,,False,False,False,True,False,False
"Nov 26, 2022, 4:15:32 PM",Lunch Run: Pushing on the slopes,13.14,123.1,9.37,153.7,177,13.14,114.33,8.7,154.0,177.0,172.0,1211.0,13.14,123.1,9.37,153.7,177,67,0.6,1.0,44.1,45.6,8.7,0,0,189.5,,False,False,False,True,False,False
"Nov 25, 2022, 3:55:17 PM",Morning Run: Hitting Hill hard!,7.6,70.05,9.22,150.8,178,7.6,66.58,8.76,151.0,178.0,94.0,718.0,7.6,70.05,9.22,150.8,178,86,0.5,1.4,66.5,26.6,5.0,0,0,188.9,,False,False,False,True,False,False
"Nov 24, 2022, 3:16:25 PM",Morning Run: Pushing it on the slopes,13.22,131.85,9.97,156.5,181,13.22,115.47,8.73,157.0,181.0,156.0,1242.0,13.22,131.85,9.97,156.5,181,68,0.4,1.7,32.1,48.3,17.6,0,0,188.3,,False,False,False,True,False,False
"Nov 22, 2022, 2:40:13 PM",Morning Run,11.34,111.27,9.81,149.4,174,11.34,104.43,9.21,149.0,174.0,139.0,1076.0,11.34,111.27,9.81,149.4,174,72,0.3,1.1,73.9,22.5,2.2,0,0,186.2,,False,False,False,True,False,False
"Nov 21, 2022, 3:52:42 PM",Morning Run,6.05,57.32,9.47,148.6,159,6.05,56.73,9.38,149.0,159.0,69.0,579.0,6.05,57.32,9.47,148.6,159,75,0.7,1.7,68.3,29.3,0.0,0,0,188.6,,False,False,False,True,False,False
"Nov 19, 2022, 1:54:51 PM",Morning Run,6.22,77.22,12.41,148.3,159,6.22,57.4,9.23,137.0,159.0,0.0,612.0,6.22,77.22,12.41,148.3,159,92,1.0,3.7,59.1,36.2,0.0,0,0,189.5,,False,False,False,True,False,False
"Nov 18, 2022, 3:07:56 PM",Morning Run,7.25,68.37,9.42,146.3,154,7.25,68.37,9.43,146.0,154.0,94.0,688.0,7.25,68.37,9.42,146.3,154,98,0.2,0.5,95.9,3.4,0.0,0,0,187.9,,False,False,False,True,False,False
"Nov 17, 2022, 4:05:14 PM",Lunch Run,5.88,53.53,9.1,146.1,154,5.88,53.53,9.1,146.0,154.0,41.0,549.0,5.88,53.53,9.1,146.1,154,80,0.8,0.7,93.7,4.8,0.0,0,0,187.5,,False,False,False,True,False,False
"Nov 15, 2022, 2:37:36 PM",Morning Run,5.83,55.4,9.5,146.6,156,5.83,54.17,9.29,147.0,156.0,33.0,552.0,5.83,55.4,9.5,146.6,156,76,0.9,1.9,89.6,7.6,0.0,0,0,186.6,,False,False,False,True,False,False
"Nov 14, 2022, 8:20:56 PM",Afternoon Run,3.76,35.03,9.33,146.6,157,3.75,34.05,9.08,147.0,157.0,19.0,338.0,3.76,35.03,9.33,146.6,157,81,1.4,1.6,78.5,18.5,0.0,0,0,184.2,,False,False,False,True,False,False
"Nov 13, 2022, 7:00:40 PM",Afternoon Run: Running bare foot to improve foot strike.,0.96,12.1,12.62,136.1,161,0.96,12.1,12.6,136.0,161.0,0.0,114.0,0.96,12.1,12.62,136.1,161,84,17.7,15.4,38.7,28.2,0.0,0,0,170.9,,False,False,False,True,False,False
"Nov 11, 2022, 2:35:57 PM",Morning Run: Zone 2 ,3.21,29.97,9.33,139.0,148,3.21,29.35,9.14,139.0,148.0,14.0,289.0,3.21,29.97,9.33,139.0,148,70,1.5,4.8,93.7,0.0,0.0,0,0,182.5,,False,False,False,True,False,False
"Nov 6, 2022, 1:00:09 PM",Stoney Creek Marathon ,26.34,209.4,7.95,166.5,175,26.34,207.47,7.88,167.0,175.0,283.0,2421.0,26.34,209.4,7.95,166.5,175,130,0.0,0.0,4.2,82.8,13.0,0,0,185.0,,True,True,False,False,True,False
"Nov 5, 2022, 9:38:46 PM",Testing HRM new battery ,0.48,4.3,,136.9,147,0.48,4.3,,137.0,147.0,3.0,43.0,0.48,4.3,,136.9,147,69,6.6,10.0,83.4,0.0,0.0,0,0,178.5,,False,False,False,False,False,False
"Nov 5, 2022, 2:07:35 PM",Morning Run: Zone 2 - mixed. Treadmill ,2.11,21.13,10.0,143.0,165,2.11,18.67,8.85,139.0,165.0,0.0,196.0,2.11,21.13,10.0,143.0,165,86,2.5,8.5,69.0,20.0,0.0,0,0,184.8,,False,False,False,True,False,False
"Nov 4, 2022, 1:54:46 PM",Morning Run: Zone 2,5.27,49.02,9.31,138.5,148,5.27,49.02,9.3,139.0,148.0,43.0,464.0,5.27,49.02,9.31,138.5,148,69,0.8,3.7,95.5,0.0,0.0,0,0,179.3,,False,False,False,True,False,False
"Nov 2, 2022, 1:52:18 PM",Morning Run: Zone 2,6.1,56.33,9.24,138.6,148,6.1,56.33,9.23,139.0,148.0,34.0,549.0,6.1,56.33,9.24,138.6,148,87,0.5,1.4,98.2,0.0,0.0,0,0,182.0,,False,False,False,True,False,False
"Nov 1, 2022, 7:45:54 PM",Afternoon Run: Zone 2,4.58,42.35,9.24,139.1,149,4.58,42.35,9.25,139.0,149.0,16.0,415.0,4.58,42.35,9.24,139.1,149,89,0.6,2.2,97.2,0.0,0.0,0,0,181.6,,False,False,False,True,False,False
"Oct 31, 2022, 6:05:22 PM",Afternoon Run: Quick shortened Tempo,4.53,35.85,7.92,155.1,173,4.53,35.85,7.91,155.0,173.0,18.0,401.0,4.53,35.85,7.92,155.1,173,60,1.0,0.6,41.3,52.1,5.0,0,0,185.6,,False,True,False,False,False,False
"Oct 30, 2022, 2:54:47 PM",Morning Run: Zone 2,7.37,69.28,9.4,138.0,150,7.37,68.12,9.24,138.0,150.0,76.0,669.0,7.37,69.28,9.4,138.0,150,66,0.7,4.1,95.2,0.0,0.0,0,0,182.2,,False,False,False,True,False,False
"Oct 29, 2022, 2:46:35 PM",Morning Run: Zone 2,9.2,87.35,9.49,138.6,147,9.2,86.53,9.41,139.0,147.0,103.0,847.0,9.2,87.35,9.49,138.6,147,81,0.3,2.3,97.3,0.0,0.0,0,0,182.7,,False,False,False,True,False,False
"Oct 28, 2022, 2:15:50 PM",Morning Run: Zone 2 - Caltech again,4.12,40.5,9.84,137.4,156,4.11,38.42,9.35,137.0,156.0,20.0,358.0,4.12,40.5,9.84,137.4,156,71,3.1,10.6,84.3,1.9,0.0,0,0,183.4,,False,False,False,True,False,False
"Oct 26, 2022, 2:43:59 PM",Morning Run: Caltech - Strength ,8.41,82.27,9.79,153.3,178,8.41,67.23,7.99,153.0,178.0,56.0,733.0,8.41,82.27,9.79,153.3,178,85,0.7,4.3,53.1,25.2,16.8,0,0,185.8,,False,False,False,True,False,False
"Oct 24, 2022, 2:56:58 PM",Morning Run: Tempo (failed),12.29,105.63,8.6,162.5,172,12.29,89.6,7.29,162.0,172.0,131.0,1091.0,12.29,105.63,8.6,162.5,172,89,0.3,1.1,6.2,89.9,2.5,0,0,187.8,,False,False,False,False,False,False
"Oct 23, 2022, 4:55:05 PM",Lunch Run: Zone 2,6.72,64.87,9.66,140.0,147,6.71,61.08,9.1,138.0,147.0,0.0,593.0,6.72,64.87,9.66,140.0,147,100,0.4,2.1,97.5,0.0,0.0,0,0,183.5,,False,False,False,True,False,False
"Oct 22, 2022, 7:55:10 PM",Afternoon Run: Zone 2,6.23,55.73,8.95,140.2,149,6.23,55.73,8.95,140.0,149.0,61.0,568.0,6.23,55.73,8.95,140.2,149,68,0.7,0.7,98.5,0.0,0.0,0,0,183.0,,False,False,False,False,False,False
"Oct 21, 2022, 10:29:30 PM",Evening Run: Heroes vs Villains - Ibraheem and Maryam,1.01,16.48,16.31,109.5,125,1.01,15.07,14.92,109.0,125.0,1.0,95.0,1.01,16.48,16.31,109.5,125,76,67.0,33.0,0.0,0.0,0.0,0,0,166.6,,False,False,False,True,False,False
"Oct 21, 2022, 12:35:57 PM",Morning Run: Zone 2 @ 20 miles + fast finish + CD,23.7,203.58,8.59,146.0,173,23.7,196.2,8.28,146.0,173.0,240.0,2057.0,23.7,203.58,8.59,146.0,173,92,0.2,0.7,85.2,13.2,0.7,0,0,186.7,,True,False,False,False,False,False
"Oct 20, 2022, 4:49:52 PM",Lunch Run: Zone 2,8.32,85.8,10.32,137.9,148,8.32,74.15,8.91,138.0,148.0,192.0,752.0,8.32,85.8,10.32,137.9,148,68,1.7,5.3,93.0,0.0,0.0,0,0,182.9,,False,False,False,True,False,False
"Oct 19, 2022, 1:36:34 PM",Morning Run: Tempo HR based -ve split,14.02,103.98,7.42,165.8,179,14.02,103.98,7.42,166.0,179.0,180.0,1262.0,14.02,103.98,7.42,165.8,179,90,0.2,0.3,8.2,69.2,22.2,0,0,187.1,,False,True,False,False,False,False
"Oct 17, 2022, 3:25:50 PM",Lunch Run: Zone 2,10.13,89.7,8.85,138.4,150,10.13,89.7,8.85,138.0,150.0,125.0,904.0,10.13,89.7,8.85,138.4,150,58,0.4,1.8,97.7,0.0,0.0,0,0,184.9,,False,False,False,False,False,False
"Oct 16, 2022, 3:34:57 PM",Strength Run: 1.5 WU + 3 x 2 (progressive HR based) + CD,9.64,83.37,8.64,160.4,182,9.64,77.1,8.0,161.0,182.0,61.0,865.0,9.64,83.37,8.64,160.4,182,70,1.5,2.4,31.7,30.2,34.3,0,0,184.7,,False,False,False,False,False,False
"Oct 15, 2022, 4:00:12 PM",Lunch Run: Treadmill - Zone 2,6.25,67.67,10.82,140.1,152,6.25,57.08,9.13,130.0,152.0,0.0,563.0,6.25,67.67,10.82,140.1,152,57,3.2,4.5,92.0,0.3,0.0,0,0,184.4,,False,False,False,True,False,False
"Oct 14, 2022, 1:20:23 PM",Morning Run: Zone 2 @ 20.25 miles + some effort + CD,23.02,214.57,9.32,146.2,178,23.02,197.07,8.56,146.0,178.0,238.0,2026.0,23.02,214.57,9.32,146.2,178,79,0.3,0.6,86.6,9.7,2.8,0,0,185.1,,True,False,False,True,False,False
"Oct 12, 2022, 1:17:06 PM",Morning Run: Zone 2,9.56,87.83,9.19,137.8,151,9.56,86.75,9.07,138.0,151.0,118.0,874.0,9.56,87.83,9.19,137.8,151,74,0.4,3.8,95.8,0.0,0.0,0,0,183.4,,False,False,False,True,False,False
"Oct 11, 2022, 1:42:24 PM",Morning Run: Zone 2,9.53,85.17,8.94,137.7,146,9.53,85.17,8.94,138.0,146.0,109.0,853.0,9.53,85.17,8.94,137.7,146,69,0.5,3.9,95.6,0.0,0.0,0,0,183.5,,False,False,False,False,False,False
"Oct 10, 2022, 4:45:32 PM",Lunch Run: Tempo - HR based,13.28,113.15,8.52,162.3,176,13.28,98.95,7.45,162.0,176.0,135.0,1198.0,13.28,113.15,8.52,162.3,176,83,0.3,0.5,4.6,92.8,1.8,0,0,186.7,,False,False,False,False,False,False
"Oct 9, 2022, 5:06:24 PM",Afternoon Run: Treadmill - Zone 2,6.05,73.38,12.12,137.5,146,6.05,54.5,9.01,124.0,146.0,0.0,529.0,6.05,73.38,12.12,137.5,146,76,2.1,5.8,92.1,0.0,0.0,0,0,186.1,,False,False,False,True,False,False
"Oct 8, 2022, 10:39:50 PM",Evening Run: Zone 2,6.04,53.45,8.85,137.3,145,6.04,53.45,8.85,137.0,145.0,40.0,529.0,6.04,53.45,8.85,137.3,145,70,0.9,1.6,97.6,0.0,0.0,0,0,184.5,,False,False,False,False,False,False
"Oct 7, 2022, 2:26:48 PM",Morning Run: 17M @ Zone 2 + fast 1M + 1M CD,19.12,174.97,9.15,144.2,169,19.12,165.78,8.67,144.0,169.0,249.0,1737.0,19.12,174.97,9.15,144.2,169,64,0.4,1.5,93.4,4.7,0.0,0,0,185.8,,True,False,False,True,False,False
"Oct 5, 2022, 5:26:38 PM",Afternoon Run: Shortened Tempo,5.87,47.98,8.17,160.0,175,5.87,44.4,7.56,160.0,175.0,36.0,526.0,5.87,47.98,8.17,160.0,175,84,1.0,1.5,19.7,65.6,12.3,0,0,187.5,,False,False,False,False,False,False
"Oct 3, 2022, 12:26:36 PM","Morning Run: 20M @ Zone 2 + pushing (21, 22) + CD",22.76,201.08,8.84,146.2,170,22.76,195.33,8.58,146.0,170.0,241.0,2017.0,22.76,201.08,8.84,146.2,170,73,0.2,0.6,90.2,9.0,0.0,0,0,187.8,,True,False,False,False,False,False
"Oct 2, 2022, 11:54:44 AM",Morning Run: Zone 2,7.32,68.12,9.3,138.8,147,7.32,68.12,9.31,139.0,147.0,85.0,679.0,7.32,68.12,9.3,138.8,147,87,0.6,2.8,96.6,0.0,0.0,0,0,185.7,,False,False,False,True,False,False
"Oct 1, 2022, 3:28:29 PM",Lunch Run: Zone 2 - treadmill ,7.11,93.15,13.1,141.9,152,7.11,64.9,9.13,132.0,152.0,0.0,658.0,7.11,93.15,13.1,141.9,152,81,0.9,5.0,94.0,0.1,0.0,0,0,186.2,,False,False,False,True,False,False
"Sep 30, 2022, 1:18:22 PM",Morning Run: Zone 2,12.1,112.73,9.32,138.3,149,12.1,111.77,9.24,138.0,149.0,145.0,1088.0,12.1,112.73,9.32,138.3,149,67,0.4,2.5,97.1,0.0,0.0,0,0,184.7,,False,False,False,True,False,False
"Sep 29, 2022, 1:28:24 PM",Morning Run: Tempo HR Based. 1WU + 12 + 1CD,14.3,108.25,7.57,161.9,174,14.3,108.25,7.57,162.0,174.0,149.0,1274.0,14.3,108.25,7.57,161.9,174,83,0.3,0.3,12.0,82.2,5.1,0,0,187.9,,False,True,False,False,False,False
"Sep 27, 2022, 2:43:41 PM",Morning Run: Strength - 1.5 WU + 2mile x 3 @ 230-245W w/0.5 recovery + CD,9.61,82.07,8.54,155.5,173,9.61,75.67,7.87,155.0,173.0,76.0,855.0,9.61,82.07,8.54,155.5,173,69,0.5,1.7,40.2,52.0,5.6,0,0,186.5,,False,False,False,False,False,False
"Sep 26, 2022, 4:17:30 PM",Lunch Run: Zone 2,8.07,74.55,9.24,137.9,148,8.07,73.28,9.08,138.0,148.0,85.0,738.0,8.07,74.55,9.24,137.9,148,68,1.0,2.3,96.8,0.0,0.0,0,0,186.2,,False,False,False,True,False,False
"Sep 25, 2022, 1:11:05 PM",Morning Run: Zone 2 @ 16 miles + 3 miles with a little intent + 2 miles pushing + 1 mile full throttle+ CD,23.02,197.37,8.57,147.3,176,23.02,195.2,8.48,147.0,176.0,232.0,2056.0,23.02,197.37,8.57,147.3,176,80,0.2,0.6,78.9,17.7,2.5,0,0,187.3,,True,False,False,False,False,False
"Sep 24, 2022, 1:32:07 PM",Morning Run: Zone 2 ,9.85,90.45,9.18,138.8,164,9.85,90.45,9.18,139.0,164.0,114.0,933.0,9.85,90.45,9.18,138.8,164,65,1.2,2.9,90.9,5.1,0.0,0,0,186.6,,False,False,False,True,False,False
"Sep 23, 2022, 3:50:40 PM",Lunch Run: Zone 2,7.43,68.03,9.16,139.1,150,7.43,68.03,9.16,139.0,150.0,80.0,686.0,7.43,68.03,9.16,139.1,150,56,0.7,1.8,97.5,0.0,0.0,0,0,182.3,,False,False,False,True,False,False
"Sep 22, 2022, 1:29:58 PM",Morning Run: Tempo HR based. 1WU + 6 @ <166 + 3 @ < 170 + 2 @ < 175 + 1 CD,13.12,101.62,7.75,160.9,175,13.12,101.62,7.75,161.0,175.0,172.0,1180.0,13.12,101.62,7.75,160.9,175,120,0.0,0.5,11.4,84.2,3.9,0,0,188.4,,False,True,False,False,False,False
"Sep 20, 2022, 1:25:53 PM",Morning Run: Strength - 1.5 WU + 4 x 1.5 @ 220-240W + 0.5 Jog/walk + CD,10.56,89.55,8.48,160.0,178,10.56,89.55,8.48,160.0,178.0,114.0,1000.0,10.56,89.55,8.48,160.0,178,93,0.2,3.1,26.8,35.8,34.0,0,0,179.9,,False,False,False,False,False,False
"Sep 19, 2022, 9:37:35 PM",Afternoon Run: Zone 2,6.07,64.22,10.58,138.8,154,6.07,56.92,9.38,139.0,154.0,54.0,557.0,6.07,64.22,10.58,138.8,154,63,1.6,4.5,93.0,1.0,0.0,0,0,184.4,,False,False,False,True,False,False
"Sep 18, 2022, 11:11:08 PM",Evening Run: Zone 2 - run with Osama ma Sha Allah sey 😀,7.02,71.53,10.2,137.3,153,7.02,68.92,9.82,137.0,153.0,66.0,668.0,7.02,71.53,10.2,137.3,153,59,0.8,12.8,86.2,0.2,0.0,0,0,181.0,,False,False,False,True,False,False
"Sep 17, 2022, 12:49:11 PM",Morning Run: 13 miles @ Zone 2 + some with intent,22.11,210.97,9.54,150.7,180,22.11,193.5,8.75,151.0,180.0,271.0,2073.0,22.11,210.97,9.54,150.7,180,69,0.4,0.9,59.5,36.6,2.7,0,0,186.1,,True,False,False,True,False,False
"Sep 16, 2022, 1:15:41 PM",Morning Run: Zone 2 (slow),7.02,64.58,9.2,143.2,156,7.02,64.58,9.2,143.0,156.0,61.0,657.0,7.02,64.58,9.2,143.2,156,74,0.5,1.0,95.3,3.3,0.0,0,0,183.0,,False,False,False,True,False,False
"Sep 15, 2022, 1:55:53 PM",Morning Run: Tempo. 1WU + 10M (5 @ 165 bpm + 5 @175 bpm) + 1 CD,12.43,94.63,7.61,164.4,177,12.43,94.63,7.61,164.0,177.0,121.0,1128.0,12.43,94.63,7.61,164.4,177,62,0.4,0.5,4.1,75.3,19.7,0,0,186.5,,False,True,False,False,False,False
"Sep 13, 2022, 8:07:28 PM",Afternoon Run: Zone 2 (slow),6.21,60.42,9.73,141.2,157,6.21,59.9,9.65,141.0,157.0,69.0,589.0,6.21,60.42,9.73,141.2,157,85,0.8,2.8,95.2,1.2,0.0,0,0,178.1,,False,False,False,True,False,False
"Sep 12, 2022, 9:22:37 PM",Afternoon Run: Zone 2 + a Zone 4 mile,7.51,69.55,9.26,149.7,172,7.51,63.8,8.5,150.0,172.0,75.0,675.0,7.51,69.55,9.26,149.7,172,82,1.4,2.0,69.9,26.3,0.4,0,0,177.4,,False,False,False,True,False,False
"Sep 10, 2022, 11:30:47 AM",Morning Run: Abandoned Marathon - arch started to hurt. ,12.2,92.75,7.6,169.7,183,12.2,92.58,7.59,170.0,183.0,69.0,1126.0,12.2,92.75,7.6,169.7,183,121,0.0,0.3,2.6,49.0,48.1,0,0,184.2,,False,True,False,False,False,False
"Sep 8, 2022, 4:02:07 PM",Lunch Run,5.36,48.18,8.99,145.8,163,5.36,48.18,8.99,146.0,163.0,54.0,502.0,5.36,48.18,8.99,145.8,163,64,2.2,1.4,89.6,6.7,0.0,0,0,183.4,,False,False,False,False,False,False
"Sep 7, 2022, 10:38:51 PM",Evening Run: Zone 2 (slow),2.16,19.2,8.89,142.7,150,2.16,19.2,8.89,143.0,150.0,10.0,201.0,2.16,19.2,8.89,142.7,150,83,1.8,4.3,93.8,0.0,0.0,0,0,183.6,,False,False,False,False,False,False
"Sep 6, 2022, 7:49:20 PM",Afternoon Run: Zone 2 (slow),5.27,47.53,9.02,145.3,153,5.27,47.53,9.02,145.0,153.0,49.0,510.0,5.27,47.53,9.02,145.3,153,72,0.7,1.4,94.0,3.9,0.0,0,0,182.6,,False,False,False,True,False,False
"Sep 5, 2022, 7:39:33 PM",Afternoon Run: Zone 2 (slow),6.23,56.55,9.08,146.1,156,6.23,56.55,9.08,146.0,156.0,69.0,596.0,6.23,56.55,9.08,146.1,156,79,0.5,1.6,93.3,4.6,0.0,0,0,182.9,,False,False,False,True,False,False
"Sep 4, 2022, 8:48:22 PM",Afternoon Run: Zone 2 (slow),8.11,69.87,8.62,145.8,157,8.11,69.87,8.62,146.0,157.0,78.0,739.0,8.11,69.87,8.62,145.8,157,109,0.2,1.0,92.8,6.0,0.0,0,0,183.8,,False,False,False,False,False,False
"Sep 3, 2022, 3:03:42 PM",Lunch Run: Zone 2 (barely),8.05,77.8,9.67,142.2,150,8.05,76.03,9.44,142.0,150.0,75.0,739.0,8.05,77.8,9.67,142.2,150,71,1.0,3.0,95.9,0.0,0.0,0,0,182.2,,False,False,False,True,False,False
"Sep 2, 2022, 4:24:02 PM",Lunch Run: Zone 2,6.21,53.25,8.57,150.2,159,6.21,53.25,8.57,150.0,159.0,67.0,595.0,6.21,53.25,8.57,150.2,159,87,0.8,0.9,49.8,48.5,0.0,0,0,183.6,,False,False,False,False,False,False
"Sep 1, 2022, 1:25:51 PM",Morning Run: Tempo (tapered). 1 WU + 6 miles tempo @ 7:04 + CD,8.1,73.02,9.02,159.2,170,8.1,58.77,7.26,159.0,170.0,78.0,680.0,8.1,73.02,9.02,159.2,170,83,1.4,3.1,9.9,85.6,0.0,0,0,187.3,,False,False,False,True,False,False
"Aug 30, 2022, 1:54:25 PM",Morning Run: Strength - 1.5WU + 6x1 @ MP - whatever + CD (with 0.25 jog + rest + etc),9.76,99.12,10.15,160.6,179,9.76,73.62,7.54,161.0,179.0,49.0,830.0,9.76,99.12,10.15,160.6,179,62,0.8,4.1,18.2,41.2,35.7,0,0,184.4,,False,False,False,True,False,False
"Aug 29, 2022, 9:34:40 PM",Afternoon Run: Zone 2 + some hussle at 3.7 miles to run away from the storm,4.1,35.23,8.59,151.6,170,4.1,35.18,8.58,152.0,170.0,54.0,376.0,4.1,35.23,8.59,151.6,170,78,1.0,2.3,32.7,64.0,0.0,0,0,183.0,,False,False,False,False,False,False
"Aug 28, 2022, 1:00:51 PM",Morning Run: Zone 2 (fast) + 6 x 20sec Strides after mile 10,12.24,123.53,10.09,151.3,165,12.24,102.0,8.33,151.0,165.0,144.0,1073.0,12.24,123.53,10.09,151.3,165,69,0.9,2.6,30.1,66.3,0.0,0,0,185.6,,False,False,False,True,False,False
"Aug 27, 2022, 11:55:40 AM",Morning Run: Tempo - 1WU + 10M @ 224 Watts ~ 7:07/mile (4 + 4.5 + 3.5) + 1CD,12.11,100.43,8.29,164.3,174,12.11,88.27,7.29,164.0,174.0,141.0,1032.0,12.11,100.43,8.29,164.3,174,72,1.0,1.0,3.1,88.5,6.5,0,0,186.9,,False,False,False,False,False,False
"Aug 26, 2022, 12:31:38 PM",Morning Run: Zone 2 (slow),9.81,86.7,8.84,150.3,162,9.81,86.7,8.84,150.0,162.0,109.0,889.0,9.81,86.7,8.84,150.3,162,66,0.5,1.3,53.9,44.3,0.0,0,0,185.0,,False,False,False,False,False,False
"Aug 25, 2022, 12:33:13 PM",Morning Run: Zone 2,7.31,65.58,8.98,150.8,158,7.31,63.35,8.67,151.0,158.0,71.0,664.0,7.31,65.58,8.98,150.8,158,74,1.2,1.1,28.3,69.4,0.0,0,0,184.9,,False,False,False,False,False,False
"Aug 23, 2022, 12:07:55 PM",Morning Run: Strength (failed). 1.5 WU + some @ MP-10 s + CD,8.52,90.65,10.65,154.6,178,8.52,67.17,7.88,155.0,178.0,42.0,715.0,8.52,90.65,10.65,154.6,178,69,1.1,3.6,44.2,38.6,12.5,0,0,184.3,,False,False,False,True,False,False
"Aug 22, 2022, 6:34:44 PM",Afternoon Run: Zone 2 (slow),6.12,54.57,8.91,158.1,173,6.12,53.55,8.75,158.0,173.0,67.0,579.0,6.12,54.57,8.91,158.1,173,97,0.9,1.7,10.5,85.5,1.3,0,0,184.7,,False,False,False,False,False,False
"Aug 21, 2022, 12:07:15 PM",Morning Run: Zone 2 (fast) + 6 x 20 sec strides after mile 15,17.12,168.65,9.85,151.2,168,17.12,141.48,8.26,151.0,168.0,207.0,1481.0,17.12,168.65,9.85,151.2,168,73,0.7,1.7,40.3,57.2,0.0,0,0,186.3,,True,False,False,True,False,False
"Aug 20, 2022, 1:02:22 PM",Morning Run: Zone 2 (slow),6.21,59.58,9.59,145.6,160,6.21,54.47,8.77,146.0,160.0,67.0,570.0,6.21,59.58,9.59,145.6,160,72,1.5,2.3,87.8,8.4,0.0,0,0,185.7,,False,False,False,True,False,False
"Aug 19, 2022, 11:51:56 AM",Morning Run: Strength - 1.5WU + 6 miles @ MP-10s (2 + 1 x 4 with 500m recovery) + CD,10.03,98.93,9.86,155.4,177,10.03,79.72,7.95,155.0,177.0,67.0,859.0,10.03,98.93,9.86,155.4,177,80,1.0,2.3,41.6,42.8,12.2,0,0,185.2,,False,False,False,True,False,False
"Aug 18, 2022, 12:31:02 PM",Morning Run: Zone 2 (slow),7.32,64.08,8.76,147.1,157,7.32,64.08,8.75,147.0,157.0,76.0,659.0,7.32,64.08,8.76,147.1,157,83,0.9,1.2,89.5,8.4,0.0,0,0,185.4,,False,False,False,False,False,False
"Aug 17, 2022, 12:01:23 PM",Morning Run: Tempo - 1 WU + 10 mile @ 220.7 W (avg with 4 + 5 + 3 blocks) - 7:21/mile + CD,11.76,96.38,8.19,161.9,174,11.76,88.45,7.52,162.0,174.0,134.0,1023.0,11.76,96.38,8.19,161.9,174,82,0.6,1.1,11.2,86.3,0.7,0,0,186.2,,False,False,False,False,False,False
"Aug 15, 2022, 3:08:44 PM",Lunch Run: Zone 2,8.02,70.92,8.85,148.6,156,8.02,70.92,8.84,149.0,156.0,81.0,730.0,8.02,70.92,8.85,148.6,156,52,1.2,1.0,77.3,20.6,0.0,0,0,185.4,,False,False,False,False,False,False
"Aug 14, 2022, 11:58:41 AM",Morning Run: Zone 2 + Strides after Mile 18,20.11,173.47,8.62,150.8,171,20.11,169.87,8.45,151.0,171.0,225.0,1727.0,20.11,173.47,8.62,150.8,171,66,0.4,0.6,59.7,39.3,0.0,0,0,185.5,,True,False,False,False,False,False
"Aug 13, 2022, 2:45:14 PM",Morning Run: Zone 2 (slow),7.06,63.08,8.94,144.7,158,7.06,63.08,8.93,145.0,158.0,74.0,636.0,7.06,63.08,8.94,144.7,158,77,1.2,3.2,91.0,4.6,0.0,0,0,184.7,,False,False,False,False,False,False
"Aug 12, 2022, 1:22:56 PM",Morning Run: Zone 2,6.25,52.63,8.42,148.5,160,6.25,52.63,8.42,149.0,160.0,71.0,544.0,6.25,52.63,8.42,148.5,160,68,1.3,0.9,72.3,25.5,0.0,0,0,186.3,,False,False,False,False,False,False
"Aug 11, 2022, 12:01:49 PM",Morning Run: Tempo - 1.3 WU + 9 miles @ Something + 1 CD,11.54,103.32,8.95,154.3,172,11.54,88.55,7.67,154.0,172.0,76.0,963.0,11.54,103.32,8.95,154.3,172,51,1.0,2.5,27.2,69.3,0.1,0,0,185.6,,False,False,False,False,False,False
"Aug 9, 2022, 11:37:42 AM",Morning Run: 1.5WU + 2x3 @MP-10s with 1 mile recovery + 2.5 CD,11.16,99.17,8.89,150.5,172,11.16,86.97,7.79,151.0,172.0,52.0,901.0,11.16,99.17,8.89,150.5,172,73,1.0,2.0,50.9,45.7,0.3,0,0,185.2,,False,False,False,False,False,False
"Aug 8, 2022, 3:34:57 PM",Lunch Run: Zone 2,7.27,64.27,8.84,147.9,158,7.27,64.27,8.84,148.0,158.0,77.0,655.0,7.27,64.27,8.84,147.9,158,67,1.1,2.0,80.6,16.3,0.0,0,0,181.5,,False,False,False,False,False,False
"Aug 7, 2022, 11:16:14 PM",Evening Run: Zone 2 + Strides 6 x 20sec after Mile 5,7.51,64.25,8.55,152.3,171,7.51,64.25,8.56,152.0,171.0,77.0,665.0,7.51,64.25,8.55,152.3,171,77,0.8,0.5,32.6,66.1,0.0,0,0,183.1,,False,False,False,False,False,False
"Aug 7, 2022, 6:17:44 PM",Afternoon Run: Treadmill Zone 2.,8.04,82.62,10.28,148.4,158,8.03,69.47,8.65,143.0,158.0,0.0,694.0,8.04,82.62,10.28,148.4,158,83,0.8,3.6,57.1,38.5,0.0,0,0,189.6,,False,False,False,True,False,False
"Aug 6, 2022, 2:16:15 PM",Morning Run: Zone 2,6.32,61.42,9.72,146.7,157,6.32,56.6,8.96,147.0,157.0,39.0,562.0,6.32,61.42,9.72,146.7,157,61,1.4,5.4,67.1,26.1,0.0,0,0,185.8,,False,False,False,True,False,False
"Aug 5, 2022, 12:49:32 PM",Morning Run: Zone 2,7.32,63.43,8.67,151.2,160,7.32,63.43,8.67,151.0,160.0,70.0,671.0,7.32,63.43,8.67,151.2,160,78,0.5,1.3,29.8,68.4,0.0,0,0,186.3,,False,False,False,False,False,False
"Aug 4, 2022, 1:37:27 PM",Morning Run: 1.5 WU + 6 x 1 mile @ MP-10 s with 800m jog (+ stopping for drink + catching breath + ...) + CD,10.05,106.78,10.62,162.0,183,10.05,79.57,7.92,162.0,183.0,108.0,867.0,10.05,106.78,10.62,162.0,183,65,0.9,1.4,20.4,38.3,39.0,0,0,183.3,,False,False,False,True,False,False
"Aug 2, 2022, 11:12:09 PM",Evening Run: Tempo (left over) - couldn't hold the pace back 😬,4.11,32.38,7.88,164.3,177,4.11,30.5,7.42,164.0,177.0,16.0,353.0,4.11,32.38,7.88,164.3,177,80,0.5,0.9,5.5,55.0,38.0,0,0,183.6,,False,True,False,False,False,False
"Aug 2, 2022, 11:29:34 AM",Morning Run: Tempo (abandoned),7.03,72.3,10.29,160.1,175,7.03,50.55,7.19,160.0,175.0,20.0,587.0,7.03,72.3,10.29,160.1,175,72,1.2,2.6,12.4,76.2,7.8,0,0,184.3,,False,False,False,True,False,False
"Aug 1, 2022, 11:23:48 AM",Morning Run: Zone 2,8.02,75.22,9.38,150.2,160,8.02,70.38,8.78,150.0,160.0,49.0,732.0,8.02,75.22,9.38,150.2,160,59,0.8,2.4,36.0,60.9,0.0,0,0,184.2,,False,False,False,True,False,False
"Jul 31, 2022, 12:52:00 PM",Morning Run: Zone 2,7.02,65.0,9.26,148.4,158,7.02,61.45,8.75,148.0,158.0,48.0,628.0,7.02,65.0,9.26,148.4,158,55,1.8,1.7,59.3,37.2,0.0,0,0,186.1,,False,False,False,True,False,False
"Jul 30, 2022, 12:12:23 PM",Morning Run: Zone 2 (faster end) + 6 x 20s strides after mile 10,12.27,105.18,8.57,152.1,167,12.27,104.93,8.55,152.0,167.0,143.0,1080.0,12.27,105.18,8.57,152.1,167,62,0.5,0.5,32.9,66.1,0.0,0,0,186.1,,False,False,False,False,False,False
"Jul 29, 2022, 1:28:22 PM",Morning Run: Zone 2,9.64,84.0,8.71,149.3,158,9.64,84.0,8.71,149.0,158.0,110.0,865.0,9.64,84.0,8.71,149.3,158,73,0.5,0.8,66.6,32.1,0.0,0,0,184.2,,False,False,False,False,False,False
"Jul 28, 2022, 11:49:22 AM",Morning Run: 1.5 WU + MP-10 x 1.5 with 800m recovery + 1.5 CD,11.2,100.8,9.0,160.9,182,11.2,91.2,8.14,161.0,182.0,68.0,956.0,11.2,100.8,9.0,160.9,182,83,0.4,0.9,26.3,37.2,35.2,0,0,180.8,,False,False,False,True,False,False
"Jul 26, 2022, 11:35:07 AM",Morning Run: Relaxed Tempo (4 + 3 + 4),11.27,99.15,8.8,159.8,174,11.27,83.5,7.41,160.0,174.0,55.0,942.0,11.27,99.15,8.8,159.8,174,72,0.7,1.9,12.2,80.7,4.5,0,0,183.2,,False,False,False,False,False,False
"Jul 25, 2022, 11:17:41 PM",Evening Run: Zone 2 - testing Stryd connectivity ,1.15,10.6,9.22,124.8,144,1.15,10.6,9.22,125.0,144.0,7.0,101.0,1.15,10.6,9.22,124.8,144,68,27.5,25.3,47.3,0.0,0.0,0,0,170.4,,False,False,False,True,False,False
"Jul 25, 2022, 12:05:37 PM",Morning Run: Zone 2,6.3,54.47,8.65,145.1,154,6.3,54.47,8.65,145.0,154.0,48.0,543.0,6.3,54.47,8.65,145.1,154,80,1.5,3.6,89.5,5.3,0.0,0,0,183.4,0.043,False,False,False,False,False,False
"Jul 24, 2022, 11:37:17 AM",Morning Run: Zone 2 + Strides after mile 15 - 6 x 20 sec with 2 min recovery ,17.51,166.28,9.5,150.0,170,17.51,152.45,8.71,150.0,170.0,204.0,1526.0,17.51,166.28,9.5,150.0,170,71,1.4,1.7,52.5,44.3,0.0,0,0,183.8,0.071,True,False,False,True,False,False
"Jul 23, 2022, 3:01:19 PM",Lunch Run: Zone 2,6.21,58.03,9.34,148.0,157,6.21,54.63,8.8,149.0,157.0,44.0,548.0,6.21,58.03,9.34,148.0,157,78,2.1,4.0,44.5,49.4,0.0,0,0,182.9,0.052,False,False,False,True,False,False
"Jul 22, 2022, 1:09:44 PM",Morning Run: Zone 2,7.08,68.2,9.63,145.1,156,7.08,63.35,8.95,146.0,156.0,65.0,652.0,7.08,68.2,9.63,145.1,156,63,2.2,4.6,82.7,10.5,0.0,0,0,182.7,0.578,False,False,False,True,False,False
"Jul 21, 2022, 11:36:28 AM",Morning Run: 1 WU + 8M tempo + 1 CD,10.28,96.47,9.38,162.2,177,10.28,77.68,7.56,162.0,177.0,54.0,881.0,10.28,96.47,9.38,162.2,177,76,0.6,1.2,16.2,56.7,25.3,0,0,182.7,,False,False,False,True,False,False
"Jul 19, 2022, 11:59:37 AM",Morning Run: 1.5WU + 6 x MP -10s + CD,10.51,94.13,8.95,159.1,178,10.51,83.48,7.94,159.0,178.0,69.0,881.0,10.51,94.13,8.95,159.1,178,80,0.5,1.5,21.2,56.6,20.1,0,0,181.4,,False,False,False,False,False,False
"Jul 18, 2022, 1:01:48 PM",Morning Run: Zone 2,8.54,74.77,8.76,148.7,159,8.54,74.77,8.76,149.0,159.0,85.0,768.0,8.54,74.77,8.76,148.7,159,72,0.5,1.9,72.8,24.8,0.0,0,0,181.6,,False,False,False,False,False,False
"Jul 17, 2022, 1:37:06 PM",Morning Run: Zone 2,9.51,85.45,8.98,147.9,156,9.51,85.4,8.98,148.0,156.0,81.0,859.0,9.51,85.45,8.98,147.9,156,67,0.5,2.4,76.7,20.4,0.0,0,0,182.8,,False,False,False,False,False,False
"Jul 16, 2022, 1:05:34 PM",Morning Run: Zone 2 + 6 x 20sec strides after mile 12,14.3,122.88,8.59,150.6,168,14.3,122.88,8.59,151.0,168.0,151.0,1237.0,14.3,122.88,8.59,150.6,168,73,0.7,0.4,56.9,42.0,0.0,0,0,183.8,,False,False,False,False,False,False
"Jul 15, 2022, 1:44:49 PM",Morning Run: Zone 2,6.29,54.92,8.74,146.1,156,6.29,54.92,8.73,146.0,156.0,45.0,553.0,6.29,54.92,8.74,146.1,156,61,1.1,2.3,82.1,14.6,0.0,0,0,182.1,,False,False,False,False,False,False
"Jul 14, 2022, 12:41:22 PM",Morning Run: 1WU + 8M tempo + 1CD,10.06,85.35,8.49,161.2,173,10.05,78.4,7.8,161.0,173.0,54.0,863.0,10.06,85.35,8.49,161.2,173,82,0.6,1.8,14.9,75.1,7.6,0,0,182.8,,False,False,False,False,False,False
"Jul 12, 2022, 11:38:27 PM",Evening Run: 1.5WU + 6 x 800m @ 5k-10k pace 0.25 jog + CD,7.27,60.93,8.38,153.8,175,7.27,60.93,8.38,154.0,175.0,41.0,617.0,7.27,60.93,8.38,153.8,175,72,0.6,0.8,52.3,38.0,8.3,0,0,177.0,,False,False,False,False,False,False
"Jul 11, 2022, 3:06:56 PM",Lunch Run,3.63,34.05,9.38,163.6,173,3.63,32.25,8.88,164.0,173.0,35.0,333.0,3.63,34.05,9.38,163.6,173,97,1.3,1.1,5.6,86.4,5.6,0,0,183.0,,False,False,False,True,False,False
"Jul 11, 2022, 2:50:28 PM",Morning Run,1.53,13.98,9.13,145.1,167,1.53,13.43,8.78,145.0,167.0,12.0,140.0,1.53,13.98,9.13,145.1,167,55,6.0,7.1,47.0,39.9,0.0,0,0,180.1,,False,False,False,True,False,False
"Jul 10, 2022, 6:26:36 PM",Afternoon Run: Zone 2 + 6 x strides ,3.69,34.03,9.22,153.5,172,3.69,34.03,9.22,154.0,172.0,40.0,345.0,3.69,34.03,9.22,153.5,172,94,0.4,0.9,36.7,61.6,0.4,0,0,182.3,,False,False,False,True,False,False
"Jul 10, 2022, 6:03:03 PM",Afternoon Run: Zone 2 - Stryd Calibration ,1.94,18.03,9.28,151.9,156,1.94,17.98,9.27,152.0,156.0,2.0,191.0,1.94,18.03,9.28,151.9,156,106,0.5,1.3,20.4,77.8,0.0,0,0,182.8,,False,False,False,True,False,False
"Jul 10, 2022, 4:55:43 PM",Lunch Run: Zone 2,7.22,63.23,8.76,148.0,160,7.22,63.23,8.76,148.0,160.0,93.0,641.0,7.22,63.23,8.76,148.0,160,64,0.7,1.9,77.0,20.4,0.0,0,0,183.7,,False,False,False,False,False,False
"Jul 9, 2022, 12:18:59 PM",Morning Run: Zone 2 - Eid Mubarak ,4.38,36.5,8.33,143.9,152,4.38,36.5,8.33,144.0,152.0,34.0,376.0,4.38,36.5,8.33,143.9,152,82,1.0,2.3,96.1,0.6,0.0,0,0,185.6,,False,False,False,False,False,False
"Jul 8, 2022, 6:39:59 PM",Afternoon Run: Zone 2,5.44,43.63,8.03,149.7,156,5.44,43.63,8.02,150.0,156.0,43.0,452.0,5.44,43.63,8.03,149.7,156,68,0.9,1.8,47.8,49.6,0.0,0,0,184.6,,False,False,False,False,False,False
"Jul 7, 2022, 11:58:54 AM",Morning Run: 1 WU + 8 x MP (3 + 3 +2) + 1 CD,10.02,81.33,8.12,165.2,177,10.01,75.73,7.57,165.0,177.0,49.0,868.0,10.02,81.33,8.12,165.2,177,79,0.7,1.5,12.5,33.7,51.5,0,0,183.6,,False,False,False,False,False,False
"Jul 5, 2022, 12:37:00 PM",Morning Run: 1.5WU + 5 x 1000m @ 5k-10k pace + 0.25m jog + CD,7.03,58.68,8.34,155.8,180,7.03,58.68,8.35,156.0,180.0,39.0,600.0,7.03,58.68,8.34,155.8,180,67,0.9,2.0,45.2,31.1,20.8,0,0,181.6,,False,False,False,False,False,False
"Jul 4, 2022, 1:55:11 PM",Morning Run: Zone 2,5.29,45.85,8.67,142.7,151,5.29,45.85,8.67,143.0,151.0,42.0,453.0,5.29,45.85,8.67,142.7,151,70,1.3,3.3,95.4,0.0,0.0,0,0,184.1,,False,False,False,False,False,False
"Jul 3, 2022, 1:16:33 PM",Morning Run: Zone 2 + Strides after mile 13,15.63,136.4,8.73,152.4,172,15.63,136.4,8.73,152.0,172.0,160.7,1341.0,15.63,136.4,8.73,152.4,172,63,0.4,0.3,39.0,60.0,0.3,0,0,184.1,,True,False,False,False,False,False
"Jul 2, 2022, 1:17:42 PM",Morning Run: Zone 2,6.4,54.92,8.58,150.0,157,6.4,54.87,8.57,150.0,157.0,52.0,562.0,6.4,54.92,8.58,150.0,157,68,0.8,1.5,44.5,53.2,0.0,0,0,183.5,,False,False,False,False,False,False
"Jul 1, 2022, 11:16:22 AM",Morning Run: 1M WU + 7miles @ MP + 1M CD,9.14,70.65,7.73,168.2,185,9.14,70.65,7.73,168.0,185.0,39.0,802.0,9.14,70.65,7.73,168.2,185,74,0.6,0.8,7.4,31.7,59.7,0,0,181.7,,False,True,False,False,False,False
"Jun 29, 2022, 1:01:21 PM",Morning Run: 1.5WU + 4 x 1200m @ 5k-10k w.400 jog + CD,7.26,59.53,8.2,155.1,178,7.26,59.53,8.2,155.0,178.0,31.0,608.0,7.26,59.53,8.2,155.1,178,73,0.9,0.9,50.8,28.1,19.3,0,0,183.6,,False,False,False,False,False,False
"Jun 28, 2022, 2:02:12 PM",Morning Run: Zone 2,7.61,66.6,8.75,149.2,157,7.61,66.6,8.75,149.0,157.0,79.0,689.0,7.61,66.6,8.75,149.2,157,76,0.6,1.1,66.1,32.2,0.0,0,0,185.8,,False,False,False,False,False,False
"Jun 27, 2022, 1:40:24 PM","Morning Run: Zone 2 + strides after mile 10 (6 x 20 sec, with 2 minutes recovery)",12.56,108.65,8.65,151.0,171,12.56,108.5,8.64,151.0,171.0,170.0,1087.0,12.56,108.65,8.65,151.0,171,61,0.4,0.8,56.5,42.3,0.0,0,0,184.8,,False,False,False,False,False,False
"Jun 25, 2022, 12:52:36 PM",Morning Run: Zone 2,6.28,54.18,8.62,147.4,158,6.28,54.18,8.63,147.0,158.0,39.0,547.0,6.28,54.18,8.62,147.4,158,74,1.0,1.0,80.2,17.7,0.0,0,0,183.6,,False,False,False,False,False,False
"Jun 24, 2022, 12:14:01 PM",Morning Run: 1M WU + 7M @ MP + some CD,8.13,60.08,7.39,166.3,178,8.13,60.08,7.39,166.0,178.0,51.0,710.0,8.13,60.08,7.39,166.3,178,96,0.3,1.0,6.3,56.2,36.2,0,0,184.4,,False,True,False,False,False,False
"Jun 21, 2022, 12:05:14 PM",Morning Run: 1.5WU + 3 x 1 mile @ 5k-10k + 1Cd,7.18,58.27,8.12,158.7,180,7.18,58.27,8.12,159.0,180.0,35.0,611.0,7.18,58.27,8.12,158.7,180,77,0.8,1.0,32.7,36.3,29.2,0,0,181.5,,False,False,False,False,False,False
"Jun 20, 2022, 10:17:16 PM",Evening Run: Zone 2,5.43,47.57,8.76,147.9,156,5.43,47.57,8.76,148.0,156.0,40.0,464.0,5.43,47.57,8.76,147.9,156,63,0.8,1.5,78.6,19.1,0.0,0,0,181.6,,False,False,False,False,False,False
"Jun 19, 2022, 2:20:16 PM",Morning Run: Zone 2,8.42,74.62,8.86,146.7,157,8.42,74.62,8.86,147.0,157.0,87.0,744.0,8.42,74.62,8.86,146.7,157,78,0.5,1.3,87.0,11.3,0.0,0,0,183.7,,False,False,False,False,False,False
"Jun 18, 2022, 1:37:03 PM",Morning Run: Zone 2 + 6 x 20sec Strides after mile 12 with 2 minutes recovery,14.67,130.57,8.9,151.3,181,14.67,130.57,8.9,151.0,181.0,187.0,1290.0,14.67,130.57,8.9,151.3,181,66,0.4,0.5,53.7,45.3,0.2,0,0,183.4,,False,False,False,False,False,False
"Jun 17, 2022, 1:29:37 PM",Morning Run: Zone 2,5.76,53.08,9.22,151.5,157,5.76,53.08,9.22,152.0,157.0,46.0,542.0,5.76,53.08,9.22,151.5,157,69,0.7,1.2,24.7,73.4,0.0,0,0,183.5,,False,False,False,True,False,False
"Jun 16, 2022, 12:39:44 PM",Morning Run: 3 MP + CD (left over run after break),4.03,33.47,8.3,168.2,183,4.03,33.47,8.31,168.0,183.0,28.0,367.0,4.03,33.47,8.3,168.2,183,120,0.0,0.6,3.5,39.1,56.7,0,0,180.4,,False,False,False,False,False,False
"Jun 16, 2022, 11:53:09 AM",Morning Run: 1 WU + 4M @ MP,5.11,41.17,8.06,157.4,175,5.11,40.62,7.95,157.0,175.0,23.0,482.0,5.11,41.17,8.06,157.4,175,70,6.6,1.1,4.2,86.5,1.5,0,0,185.3,,False,False,False,False,False,False
"Jun 13, 2022, 1:19:01 PM",Morning Run: Zone 2,6.12,53.38,8.73,148.2,156,6.12,53.38,8.72,148.0,156.0,36.0,551.0,6.12,53.38,8.73,148.2,156,60,0.9,1.1,75.5,22.5,0.0,0,0,184.4,,False,False,False,False,False,False
"Jun 12, 2022, 2:03:54 PM",Morning Run: Zone 2,5.12,46.07,9.01,149.9,158,5.12,46.03,8.99,150.0,158.0,43.0,465.0,5.12,46.07,9.01,149.9,158,53,1.3,1.2,47.0,50.5,0.0,0,0,185.9,,False,False,False,True,False,False
"Jun 11, 2022, 12:46:22 PM",Morning Run: Zone 2 + a Fast Mile,10.3,94.03,9.13,154.8,188,10.3,94.03,9.13,155.0,188.0,121.0,946.0,10.3,94.03,9.13,154.8,188,66,0.4,0.6,21.6,69.8,7.5,0,0,181.1,,False,False,False,True,False,False
"Jun 9, 2022, 4:37:51 PM",Lunch Run,5.14,46.07,8.96,148.7,156,5.14,46.02,8.95,149.0,156.0,49.0,460.0,5.14,46.07,8.96,148.7,156,66,1.0,1.7,65.3,32.0,0.0,0,0,181.2,,False,False,False,False,False,False
"Jun 7, 2022, 6:11:23 PM",Afternoon Run: Zone 2 ,3.01,25.58,8.5,148.1,156,3.01,25.58,8.5,148.0,156.0,22.0,263.0,3.01,25.58,8.5,148.1,156,59,1.6,4.0,44.3,50.1,0.0,0,0,182.7,,False,False,False,False,False,False
"Jun 5, 2022, 12:30:32 PM",Dexter Half Marathon,12.69,97.73,7.7,170.3,179,13.32,97.67,7.33,170.0,179.0,109.8,1158.0,12.69,97.73,7.7,170.3,179,123,0.0,0.2,0.6,37.4,61.7,0,0,182.4,,False,True,False,False,False,False
"Jun 5, 2022, 11:08:32 AM",Morning Run,0.81,8.1,10.05,139.3,153,0.81,8.05,9.94,139.0,153.0,4.0,76.0,0.81,8.1,10.05,139.3,153,89,4.5,12.3,78.6,4.5,0.0,0,0,170.3,,False,False,False,True,False,False
"Jun 4, 2022, 1:23:11 PM",Morning Run: Shakeout run,3.11,27.23,8.75,145.3,157,3.11,27.23,8.76,145.0,157.0,19.0,276.0,3.11,27.23,8.75,145.3,157,74,1.5,4.7,71.3,22.6,0.0,0,0,181.8,,False,False,False,False,False,False
"Jun 3, 2022, 12:44:44 PM",Morning Run: Zone 2,5.03,44.22,8.79,148.9,157,5.03,44.2,8.79,149.0,157.0,42.0,450.0,5.03,44.22,8.79,148.9,157,59,0.8,2.3,62.1,34.7,0.0,0,0,182.2,,False,False,False,False,False,False
"Jun 2, 2022, 4:23:00 PM",Lunch Run: Zone 2,6.07,53.38,8.8,150.5,159,6.06,53.38,8.81,151.0,159.0,39.0,556.0,6.07,53.38,8.8,150.5,159,67,0.6,1.2,49.6,48.5,0.0,0,0,182.2,,False,False,False,False,False,False
"May 31, 2022, 1:06:19 PM",Morning Run: Zone 2,5.14,44.67,8.7,148.9,157,5.13,44.67,8.71,149.0,157.0,45.0,448.0,5.14,44.67,8.7,148.9,157,67,0.9,2.3,51.0,45.8,0.0,0,0,181.1,,False,False,False,False,False,False
"May 30, 2022, 1:34:12 PM",Morning Run: Zone 2,4.53,41.05,9.07,150.0,158,4.53,41.05,9.06,150.0,158.0,31.0,412.0,4.53,41.05,9.07,150.0,158,68,1.2,3.4,22.4,73.0,0.0,0,0,180.3,,False,False,False,True,False,False
"May 29, 2022, 1:02:01 PM",Morning Run: Zone 2,5.04,44.25,8.78,146.5,156,5.04,44.23,8.78,147.0,156.0,38.0,437.0,5.04,44.25,8.78,146.5,156,63,1.2,5.0,74.2,19.7,0.0,0,0,180.9,,False,False,False,False,False,False
"May 28, 2022, 1:55:57 PM",Morning Run: Zone 2,8.64,78.65,9.1,151.7,159,8.64,78.65,9.1,152.0,159.0,112.0,807.0,8.64,78.65,9.1,151.7,159,61,0.4,1.1,28.6,69.9,0.0,0,0,180.7,,False,False,False,True,False,False
"May 27, 2022, 12:53:41 PM",Morning Run: Zone 2,5.84,54.18,9.28,151.4,158,5.84,53.92,9.23,151.0,158.0,35.0,562.0,5.84,54.18,9.28,151.4,158,82,0.6,1.3,29.9,68.2,0.0,0,0,182.1,,False,False,False,True,False,False
"May 26, 2022, 1:23:45 PM",Morning Run: 1.5 WU + 5 Mile @ HM + 1.5 CD,8.09,67.6,8.36,161.7,176,8.09,67.6,8.36,162.0,176.0,57.0,731.0,8.09,67.6,8.36,161.7,176,72,0.4,0.9,23.7,42.6,32.4,0,0,179.8,,False,False,False,False,False,False
"May 24, 2022, 1:29:50 PM","Morning Run: 1.5 WU + 6 x 1 mile @10k, 400 m recovery + CD",10.18,83.62,8.22,158.6,173,10.18,83.62,8.21,159.0,173.0,61.0,896.0,10.18,83.62,8.22,158.6,173,63,0.4,0.7,32.0,56.6,10.3,0,0,184.1,,False,False,False,False,False,False
"May 23, 2022, 4:55:44 PM",Lunch Run: Zone 2,7.04,62.78,8.92,150.3,157,7.04,62.78,8.92,150.0,157.0,46.0,638.0,7.04,62.78,8.92,150.3,157,73,0.6,1.1,50.8,47.5,0.0,0,0,183.8,,False,False,False,False,False,False
"May 22, 2022, 1:37:49 PM",Morning Run: Zone 2,6.02,54.73,9.1,148.6,157,6.02,54.73,9.09,149.0,157.0,38.0,544.0,6.02,54.73,9.1,148.6,157,64,0.7,1.9,69.5,27.9,0.0,0,0,186.9,,False,False,False,True,False,False
"May 21, 2022, 12:36:38 PM",Morning Run: Zone 2,14.03,128.0,9.12,151.1,158,14.03,128.0,9.12,151.0,158.0,189.0,1247.0,14.03,128.0,9.12,151.1,158,74,0.3,1.0,35.9,62.8,0.0,0,0,182.1,,False,False,False,True,False,False
"May 20, 2022, 1:01:38 PM",Morning Run: Zone 2,5.04,45.85,9.1,149.4,157,5.04,45.8,9.09,149.0,157.0,40.0,457.0,5.04,45.85,9.1,149.4,157,73,0.8,1.7,59.1,38.3,0.0,0,0,181.0,,False,False,False,True,False,False
"May 19, 2022, 12:21:09 PM",Morning Run: 1.5 WU + 7 miles @HM + 1.5 CD,10.06,83.02,8.25,161.8,176,10.06,83.02,8.25,162.0,176.0,62.0,911.0,10.06,83.02,8.25,161.8,176,75,0.3,0.8,11.6,75.5,11.8,0,0,181.4,,False,False,False,False,False,False
"May 17, 2022, 1:00:07 PM",Morning Run: 2x1.5 @10k + some,7.11,60.58,8.52,156.9,176,7.11,60.58,8.52,157.0,176.0,44.0,634.0,7.11,60.58,8.52,156.9,176,69,0.6,2.3,38.1,37.2,21.8,0,0,175.9,,False,False,False,False,False,False
"May 16, 2022, 9:53:30 PM",Afternoon Run: Zone 2,5.15,46.72,9.08,148.7,158,5.15,46.72,9.07,149.0,158.0,50.0,462.0,5.15,46.72,9.08,148.7,158,70,0.8,1.9,60.0,37.3,0.0,0,0,171.8,,False,False,False,True,False,False
"May 15, 2022, 11:53:27 AM",Morning Run: Zone 2,10.04,93.12,9.28,150.7,161,10.03,93.12,9.28,151.0,161.0,107.0,929.0,10.04,93.12,9.28,150.7,161,70,0.4,1.6,35.8,62.2,0.0,0,0,171.2,,False,False,False,True,False,False
"May 14, 2022, 12:45:34 PM",Morning Run: Zone 2,5.31,49.6,9.34,150.9,157,5.31,49.6,9.34,151.0,157.0,27.0,505.0,5.31,49.6,9.34,150.9,157,60,0.9,2.2,22.0,74.9,0.0,0,0,174.6,,False,False,False,True,False,False
"May 13, 2022, 1:10:41 PM",Morning Run: Zone 2,5.78,53.17,9.19,150.6,158,5.78,53.17,9.2,151.0,158.0,39.0,540.0,5.78,53.17,9.19,150.6,158,85,0.6,2.1,34.8,62.6,0.0,0,0,172.0,,False,False,False,True,False,False
"May 12, 2022, 1:09:04 PM",Morning Run: 1.5WU - 7miles @HM - 1.5CD,10.02,83.07,8.29,163.6,177,10.02,83.07,8.29,164.0,177.0,58.0,917.0,10.02,83.07,8.29,163.6,177,64,0.4,0.9,8.3,66.2,24.1,0,0,172.7,,False,False,False,False,False,False
"May 10, 2022, 1:51:43 PM","Morning Run: 1.5 WU, 3 x 2mile @ 10k pace 0.5mile recovery, 1.5CD",10.15,84.85,8.36,160.3,176,10.15,84.85,8.36,160.0,176.0,60.0,894.0,10.15,84.85,8.36,160.3,176,61,0.5,1.1,19.0,57.1,22.3,0,0,173.8,,False,False,False,False,False,False
"May 9, 2022, 2:52:18 PM",Morning Run: Zone 2,7.02,67.45,9.61,151.3,157,7.02,67.45,9.61,151.0,157.0,81.0,682.0,7.02,67.45,9.61,151.3,157,74,0.5,1.0,31.1,67.4,0.0,0,0,173.8,,False,False,False,True,False,False
"May 8, 2022, 2:09:46 PM",Morning Run: Zone 2 edurance,12.08,118.33,9.8,150.8,159,12.08,115.87,9.59,151.0,159.0,138.0,1101.0,12.08,118.33,9.8,150.8,159,72,0.7,0.4,45.9,53.0,0.0,0,0,169.2,,False,False,False,True,False,False
"May 6, 2022, 10:13:28 PM",Evening Run: Zone 2,6.54,64.05,9.8,152.4,164,6.54,64.05,9.79,152.0,164.0,51.0,607.0,6.54,64.05,9.8,152.4,164,82,1.2,0.7,10.9,87.2,0.0,0,0,169.1,,False,False,False,True,False,False
"May 5, 2022, 11:21:21 PM",Evening Run: Zone 2,4.09,39.73,9.71,147.7,156,4.09,39.73,9.71,148.0,156.0,39.0,385.0,4.09,39.73,9.71,147.7,156,73,1.0,2.0,89.0,8.1,0.0,0,0,168.2,,False,False,False,True,False,False
"May 4, 2022, 8:33:40 PM",Afternoon Run: 1.5WU + 2x3 miles @ 10K with 1 mile recovery + 1.5CD,10.06,86.48,8.6,165.5,186,10.06,86.48,8.6,165.0,186.0,59.0,948.0,10.06,86.48,8.6,165.5,186,84,0.3,0.7,5.7,48.1,45.2,0,0,170.4,,False,False,False,False,False,False
"Apr 29, 2022, 11:22:19 PM",Evening Run: 3 x 800m Zone 4 + 3 x 40 sec 5:15-5:33 Anaerobic (Threshold + Anaerobic),4.86,42.35,8.71,157.0,175,4.86,42.35,8.71,157.0,175.0,34.0,447.0,4.86,42.35,8.71,157.0,175,74,0.9,0.5,29.2,56.5,12.9,0,0,172.0,,False,False,False,False,False,False
"Apr 28, 2022, 11:26:28 PM",Evening Run: Base @ Zone 2,4.3,39.6,9.21,148.5,158,4.3,39.6,9.21,149.0,158.0,29.0,402.0,4.3,39.6,9.21,148.5,158,72,1.5,2.5,53.7,42.3,0.0,0,0,170.7,,False,False,False,True,False,False
"Apr 27, 2022, 9:01:38 PM",Run: 3 x 800m Zone 4 + 3 x 40 sec 5:15-5:33 Anaerobic (Threshold + Anaerobic),5.01,43.32,8.64,154.6,175,5.01,43.32,8.65,155.0,175.0,34.0,452.0,5.01,43.32,8.64,154.6,175,80,1.2,1.3,39.3,47.9,10.4,0,0,172.8,,False,False,False,False,False,False
"Apr 26, 2022, 8:10:38 PM",Afternoon Run: Base Zone 2,4.12,37.97,9.22,150.5,160,4.12,37.97,9.22,151.0,160.0,21.0,386.0,4.12,37.97,9.22,150.5,160,72,1.2,2.8,30.0,66.0,0.0,0,0,170.8,,False,False,False,True,False,False
"Apr 25, 2022, 10:53:55 PM",Evening Run: 4 x 800m @ Zone 4 (Threshold),4.56,38.97,8.55,158.0,176,4.56,38.97,8.55,158.0,176.0,34.0,414.0,4.56,38.97,8.55,158.0,176,74,0.9,0.6,26.5,53.7,18.3,0,0,171.9,,False,False,False,False,False,False
"Apr 22, 2022, 5:12:25 PM",Afternoon Run: Base @ Zone 2,9.36,93.02,9.94,152.1,164,9.36,92.18,9.85,152.0,164.0,120.0,907.0,9.36,93.02,9.94,152.1,164,65,0.7,0.8,25.7,72.8,0.0,0,0,170.9,,False,False,False,True,False,False
"Apr 20, 2022, 8:40:27 PM",Afternoon Run: 6 x 800 @ Zone 4,6.05,52.08,8.61,160.9,180,6.05,52.08,8.61,161.0,180.0,53.0,561.0,6.05,52.08,8.61,160.9,180,62,0.8,0.9,25.0,39.9,33.4,0,0,171.0,,False,False,False,False,False,False
"Apr 17, 2022, 10:28:00 PM",Evening Run: Zone 3,7.18,63.13,8.79,161.0,168,7.18,63.13,8.79,161.0,168.0,83.0,712.0,7.18,63.13,8.79,161.0,168,82,0.5,0.7,6.5,92.2,0.0,0,0,173.0,,False,False,False,False,False,False
"Apr 13, 2022, 9:16:18 PM",Afternoon Run: 4 × 800 @ Zone 4,4.4,37.87,8.6,159.9,184,4.4,37.87,8.61,160.0,184.0,36.0,420.0,4.4,37.87,8.6,159.9,184,70,1.1,2.4,26.3,36.2,34.1,0,0,169.7,,False,False,False,False,False,False
"Apr 11, 2022, 10:59:50 PM",Evening Run,5.02,45.38,9.05,160.4,183,5.02,45.38,9.04,160.0,183.0,44.0,483.0,5.02,45.38,9.05,160.4,183,76,0.5,0.8,26.5,40.3,31.9,0,0,172.4,,False,False,False,True,False,False
"Apr 9, 2022, 11:00:54 PM",Evening Run: Base + 1 mile @ Zone 4,5.42,50.3,9.28,156.9,180,5.42,50.3,9.28,157.0,180.0,69.0,530.0,5.42,50.3,9.28,156.9,180,62,1.2,1.5,9.1,75.4,12.7,0,0,173.1,,False,False,False,True,False,False
"Apr 7, 2022, 11:20:56 PM",Evening Run: 3 x 800m Zone 4 + 3 x 40 sec 5:15-5:33 Anaerobic (Threshold + Anaerobic),4.76,41.9,8.8,159.0,181,4.76,41.9,8.8,159.0,181.0,40.0,450.0,4.76,41.9,8.8,159.0,181,76,0.6,0.9,28.8,40.8,28.9,0,0,174.1,,False,False,False,False,False,False
"Apr 4, 2022, 10:28:34 PM",Evening Run: 3 x 800m Zone 4 + 3 x 40 sec 5:15-5:33 Anaerobic (Threshold + Anaerobic),4.73,42.7,9.02,157.3,181,4.73,42.7,9.03,157.0,181.0,36.0,450.0,4.73,42.7,9.02,157.3,181,71,1.4,0.8,38.8,32.7,26.3,0,0,173.5,,False,False,False,True,False,False
"Apr 2, 2022, 10:44:54 PM",Evening Run: 3 x 800m Zone 4 + 3 x 40 sec 5:15-5:33 Anaerobic (Threshold + Anaerobic),4.76,41.45,8.71,160.5,181,4.76,41.38,8.69,161.0,181.0,37.0,454.0,4.76,41.45,8.71,160.5,181,80,0.6,0.9,22.8,44.6,31.0,0,0,173.0,,False,False,False,False,False,False
"Mar 31, 2022, 11:27:20 PM",Evening Run: 3 x 800m Zone 4 + 3 x 40 sec 5:15-5:33 Anaerobic (Threshold + Anaerobic),4.95,44.78,9.04,157.0,180,4.95,44.58,9.01,157.0,180.0,38.0,467.0,4.95,44.78,9.04,157.0,180,88,0.9,1.2,30.4,45.9,21.5,0,0,173.8,,False,False,False,True,False,False
"Mar 27, 2022, 11:13:25 PM",Evening Run: Screwed up HR!,6.3,57.33,9.1,150.2,166,6.3,57.33,9.1,150.0,166.0,77.0,604.0,6.3,57.33,9.1,150.2,166,91,1.0,1.2,52.7,45.1,0.0,0,0,172.1,,False,False,False,True,False,False
"Mar 24, 2022, 11:17:00 PM",Evening Run: 3 x 800m Zone 4 + 3 x 40 sec 5:15-5:33 Anaerobic (Threshold + Anaerobic),5.04,44.48,8.83,157.4,180,5.04,44.48,8.83,157.0,180.0,40.0,467.0,5.04,44.48,8.83,157.4,180,80,0.6,1.0,39.4,32.4,26.7,0,0,174.8,,False,False,False,False,False,False
"Mar 24, 2022, 1:06:16 PM",Morning Run: 3 x 800m Zone 4 + 3 x 40 sec 5:15-5:33 Anaerobic (Threshold + Anaerobic),5.05,44.67,8.84,158.6,180,5.05,44.67,8.85,159.0,180.0,46.0,477.0,5.05,44.67,8.84,158.6,180,94,0.6,1.0,27.7,43.5,27.3,0,0,174.9,,False,False,False,False,False,False
"Mar 22, 2022, 2:21:08 PM",Morning Run: 3 x 800m Zone 4 + 3 x 40 sec 5:15-5:33 Anaerobic (Threshold + Anaerobic),4.97,43.98,8.86,159.2,182,4.97,43.98,8.85,159.0,182.0,44.0,469.0,4.97,43.98,8.86,159.2,182,69,0.9,0.6,31.2,38.0,29.3,0,0,176.4,,False,False,False,False,False,False
"Mar 20, 2022, 2:49:24 PM",Morning Run: Base + 3 x 1 mile @ Zone 4 (mild),10.06,98.98,9.84,154.8,176,10.06,90.47,8.99,155.0,176.0,120.0,934.0,10.06,98.98,9.84,154.8,176,77,0.7,2.6,25.8,60.5,10.4,0,0,172.6,,False,False,False,True,False,False
"Mar 17, 2022, 2:34:45 PM",Anerobic Run: 10 x 40sec @ 5:15-5:33 with 3 minutes recovery,6.27,59.53,9.49,154.0,177,6.27,59.53,9.49,154.0,177.0,65.0,599.0,6.27,59.53,9.49,154.0,177,72,0.6,1.2,46.4,39.1,12.8,0,0,171.6,,False,False,False,True,False,False
"Mar 15, 2022, 10:39:29 PM",Evening Run,0.72,6.48,9.0,147.4,157,0.72,6.48,9.0,147.0,157.0,0.0,67.0,0.72,6.48,9.0,147.4,157,104,1.8,9.2,40.8,48.2,0.0,0,0,176.1,,False,False,False,True,False,False
"Mar 15, 2022, 10:11:36 PM",Evening: Split threshold 3 x 800m,3.02,25.67,8.5,157.9,179,3.02,25.67,8.5,158.0,179.0,23.0,280.0,3.02,25.67,8.5,157.9,179,78,2.6,5.3,19.1,43.0,29.9,0,0,172.8,,False,False,False,False,False,False
"Mar 15, 2022, 2:23:31 PM",Morning Run: 4 x 800m Zone 4 (double threshold - morning),3.55,30.23,8.53,158.2,175,3.54,30.23,8.54,158.0,175.0,30.0,325.0,3.55,30.23,8.53,158.2,175,117,0.0,2.5,31.5,40.1,25.9,0,0,174.6,,False,False,False,False,False,False
"Mar 15, 2022, 2:13:15 PM",Morning Run: Warm up run (for got to start the work out from the watch),1.05,9.65,9.15,147.1,157,1.05,9.65,9.19,147.0,157.0,1.0,98.0,1.05,9.65,9.15,147.1,157,81,2.6,5.0,54.1,38.3,0.0,0,0,177.8,,False,False,False,True,False,False
"Mar 13, 2022, 10:44:22 PM",Evening Run: Tempo + 2 x 1 mile @ Zone 4,7.25,61.83,8.53,161.7,179,7.25,61.83,8.53,162.0,179.0,84.0,694.0,7.25,61.83,8.53,161.7,179,76,0.4,0.8,5.1,73.7,20.0,0,0,176.0,,False,False,False,False,False,False
"Mar 11, 2022, 10:53:40 PM",Anerobic Run: 10 x 40sec @ 5:15-5:33 with 3 minutes recovery,6.25,58.5,9.36,153.8,175,6.25,58.5,9.36,154.0,175.0,80.0,595.0,6.25,58.5,9.36,153.8,175,82,1.4,1.0,45.2,43.2,9.2,0,0,176.8,,False,False,False,True,False,False
"Mar 8, 2022, 10:47:03 PM",Afternoon Run: 4 x 800m Zone 4 (double threshold - evening),4.53,38.52,8.5,156.0,175,4.53,38.52,8.5,156.0,175.0,32.0,403.0,4.53,38.52,8.5,156.0,175,75,1.4,1.9,30.8,45.2,20.7,0,0,175.7,,False,False,False,False,False,False
"Mar 8, 2022, 2:49:24 PM",Morning Run: 4 x 800m Zone 4 (double threshold - morning),4.58,39.88,8.71,157.2,180,4.58,39.37,8.6,157.0,180.0,39.0,428.0,4.58,39.88,8.71,157.2,180,72,0.7,1.2,36.1,34.3,27.7,0,0,175.2,,False,False,False,False,False,False
"Mar 5, 2022, 10:54:08 PM",Afternoon Run,1.01,12.37,12.26,126.6,144,1.01,12.22,12.1,127.0,144.0,4.0,97.0,1.01,12.37,12.26,126.6,144,93,12.5,55.5,32.0,0.0,0.0,0,0,170.2,,False,False,False,True,False,False
"Mar 5, 2022, 2:32:25 PM",Morning Run: Base + 4 x 1 mile @Zone 4,12.09,109.03,9.02,156.4,177,12.09,109.03,9.02,156.0,177.0,144.0,1142.0,12.09,109.03,9.02,156.4,177,75,0.2,0.6,31.1,55.8,12.3,0,0,175.1,,False,False,False,True,False,False
"Mar 3, 2022, 10:15:39 PM",Afternoon Run: 8 x 40 sec @ Anerobic (5:15-5:35). 3 min recovery,6.5,57.9,8.9,153.4,174,6.5,57.9,8.91,153.0,174.0,83.0,606.0,6.5,57.9,8.9,153.4,174,69,0.5,0.9,46.2,47.9,4.5,0,0,173.9,,False,False,False,False,False,False
"Mar 1, 2022, 10:17:32 PM",Afternoon Run: 4 x 800m Zone4 (double threshold - evening),4.34,36.83,8.49,159.0,179,4.34,36.83,8.49,159.0,179.0,29.0,408.0,4.34,36.83,8.49,159.0,179,73,1.2,0.4,31.7,38.6,28.1,0,0,175.1,,False,False,False,False,False,False
"Mar 1, 2022, 2:20:34 PM",Morning Run: 4 x 800m Zone4 (double threshold - morning),4.74,41.43,8.73,156.2,176,4.74,41.43,8.74,156.0,176.0,36.0,432.0,4.74,41.43,8.73,156.2,176,84,0.6,1.2,44.2,32.2,21.8,0,0,176.1,,False,False,False,False,False,False
"Feb 27, 2022, 9:11:08 PM",Afternoon Run: Base + 2x2mile @ Zone4,13.23,117.52,8.88,158.4,178,13.23,117.52,8.88,158.0,178.0,154.0,1229.0,13.23,117.52,8.88,158.4,178,74,0.2,0.2,10.6,71.5,17.5,0,0,173.5,,False,False,False,False,False,False
"Feb 24, 2022, 6:19:38 PM",Afternoon Run: 5 x 8min @ Zone 4,8.68,72.93,8.4,166.3,181,8.68,72.55,8.36,166.0,181.0,73.0,830.0,8.68,72.93,8.4,166.3,181,90,0.3,0.3,10.7,36.2,52.6,0,0,175.5,,False,False,False,False,False,False
"Feb 22, 2022, 4:13:08 PM",Lunch Run: 8 x 800 @ Zone 4 ,7.51,66.58,8.86,161.7,182,7.51,66.58,8.87,162.0,182.0,51.0,715.0,7.51,66.58,8.86,161.7,182,94,1.0,3.4,19.0,40.1,36.5,0,0,170.1,,False,False,False,False,False,False
"Feb 20, 2022, 10:04:27 PM","Afternoon Run: Too much snow on walkways from the last storm.  A hodge podge of a run. A bit of Zone 3, a bit of Zone 4, and Some 5 with Zone 2 thrown around...",7.21,62.5,8.67,161.9,182,7.21,62.5,8.67,162.0,182.0,78.0,691.0,7.21,62.5,8.67,161.9,182,82,0.3,0.7,12.6,59.7,26.7,0,0,174.4,,False,False,False,False,False,False
"Feb 17, 2022, 4:19:53 PM",Lunch Run: 8 x Anaerobic (90s on 180s off),6.57,58.28,8.87,155.9,178,6.57,58.28,8.87,156.0,178.0,68.0,618.0,6.57,58.28,8.87,155.9,178,77,0.5,0.7,36.9,45.5,16.3,0,0,173.9,,False,False,False,False,False,False
"Feb 15, 2022, 4:59:29 PM",Lunch Run: 8 x 800m @ Zone4 (Threshold),7.62,63.1,8.28,161.0,177,7.62,63.1,8.28,161.0,177.0,74.0,691.0,7.62,63.1,8.28,161.0,177,88,0.5,1.0,19.9,47.7,31.0,0,0,175.5,,False,False,False,False,False,False
"Feb 13, 2022, 10:20:16 PM","Afternoon Run: Too cold - 16F (feels like 4F) and snowing. Plenty of moon walking. A horrible run, but still a run - Alhamdolillah to that!",4.78,43.1,9.03,158.3,170,4.78,43.1,9.02,158.0,170.0,30.0,479.0,4.78,43.1,9.03,158.3,170,84,0.6,3.4,8.1,87.9,0.0,0,0,171.4,,False,False,False,True,False,False
"Feb 10, 2022, 9:51:59 PM",Afternoon Run: 8 x Anaerobic ,6.52,57.32,8.79,155.2,177,6.52,57.32,8.79,155.0,177.0,46.0,600.0,6.52,57.32,8.79,155.2,177,87,0.4,1.2,45.2,38.5,14.7,0,0,175.3,,False,False,False,False,False,False
"Feb 8, 2022, 10:01:23 PM",Afternoon Run: 8 x 800m @Zone 4,7.56,64.33,8.51,159.3,177,7.56,64.33,8.51,159.0,177.0,61.0,695.0,7.56,64.33,8.51,159.3,177,74,0.4,1.0,32.6,36.5,29.4,0,0,175.2,,False,False,False,False,False,False
"Feb 6, 2022, 9:58:32 PM",Afternoon Run: Some skating involved 🥶. Icy tracks!!!,8.72,76.52,8.78,159.7,181,8.72,76.52,8.78,160.0,181.0,51.0,804.0,8.72,76.52,8.78,159.7,181,88,0.3,0.7,23.7,50.5,24.8,0,0,175.3,,False,False,False,False,False,False
"Feb 3, 2022, 11:03:37 PM",Treadmill Run: 8 x Anaerobic,5.58,51.6,9.24,152.2,177,5.58,51.6,9.25,152.0,177.0,0.0,529.0,5.58,51.6,9.24,152.2,177,66,1.3,3.4,48.4,33.0,14.0,0,0,172.7,,False,False,False,True,False,False
"Feb 1, 2022, 9:42:38 PM",Afternoon Run: 8 x 800 @ Zone 4,7.53,62.67,8.32,160.5,177,7.53,62.67,8.32,161.0,177.0,68.0,663.0,7.53,62.67,8.32,160.5,177,87,0.4,0.7,25.8,41.8,31.4,0,0,175.8,,False,False,False,False,False,False
"Jan 30, 2022, 10:01:26 PM",Afternoon Run: Zone 3/4 + Cool Down,7.23,60.82,8.41,165.8,178,7.23,60.77,8.41,166.0,178.0,49.0,694.0,7.23,60.82,8.41,165.8,178,98,0.3,0.4,8.2,48.3,42.8,0,0,172.1,,False,False,False,False,False,False
"Jan 27, 2022, 9:47:02 PM",Afternoon Run: 8 x Anaerobic,6.54,58.82,8.99,156.9,179,6.54,58.82,8.99,157.0,179.0,49.0,605.0,6.54,58.82,8.99,156.9,179,81,0.5,0.8,40.2,39.0,19.4,0,0,174.9,,False,False,False,False,False,False
"Jan 25, 2022, 5:52:27 PM",Lunch Run: 8 x 800m @ Zone 4,7.8,67.6,8.67,156.6,175,7.8,67.6,8.67,157.0,175.0,68.0,713.0,7.8,67.6,8.67,156.6,175,89,0.4,0.9,38.8,46.6,13.3,0,0,174.4,,False,False,False,False,False,False
"Jan 23, 2022, 9:27:35 PM",Afternoon Run: Zone 3 (5 miles) + Zone 4 (1 mile) + Cool down,6.6,54.55,8.27,164.8,173,6.6,54.55,8.27,165.0,173.0,43.0,619.0,6.6,54.55,8.27,164.8,173,96,0.3,0.3,1.8,91.3,6.3,0,0,174.9,,False,False,False,False,False,False
"Jan 21, 2022, 8:12:43 PM",Afternoon Run: 8 x Aneroboic,6.04,57.83,9.58,153.7,177,6.03,56.67,9.4,154.0,177.0,53.0,563.0,6.04,57.83,9.58,153.7,177,91,0.4,1.9,49.6,35.0,13.1,0,0,169.0,,False,False,False,True,False,False
"Jan 20, 2022, 5:35:06 PM",Lunch Run: Zone 2,6.81,67.23,9.88,149.9,157,6.81,67.23,9.87,150.0,157.0,84.0,668.0,6.81,67.23,9.88,149.9,157,76,0.5,0.6,64.1,34.8,0.0,0,0,175.3,,False,False,False,True,False,False
"Jan 18, 2022, 3:13:55 PM",Morning Run: 8 x 800m @ Zone 4,7.54,65.23,8.66,160.6,180,7.54,65.23,8.65,161.0,180.0,71.0,697.0,7.54,65.23,8.66,160.6,180,91,0.3,0.4,31.1,34.0,34.2,0,0,174.3,,False,False,False,False,False,False
"Jan 16, 2022, 6:45:56 PM","Run: Mile 1-7 Zone 2, Mile 8-9 Zone 4, Strides at Mile 10. ",14.24,131.95,9.27,154.2,175,14.24,130.65,9.17,154.0,175.0,154.0,1281.0,14.24,131.95,9.27,154.2,175,75,0.4,0.9,39.5,56.0,3.2,0,0,172.2,,False,False,False,True,False,False
"Jan 14, 2022, 5:17:48 PM",Lunch Run: 8 x Anaerobic,6.35,59.13,9.32,156.1,179,6.34,59.13,9.33,156.0,179.0,65.0,602.0,6.35,59.13,9.32,156.1,179,96,0.3,0.3,38.0,44.3,17.1,0,0,165.7,,False,False,False,True,False,False
"Jan 13, 2022, 9:11:27 PM",Afternoon Run: Zone 2,4.63,44.63,9.65,150.2,156,4.63,44.63,9.64,150.0,156.0,42.0,459.0,4.63,44.63,9.65,150.2,156,81,0.6,1.2,52.0,46.2,0.0,0,0,171.6,,False,False,False,True,False,False
"Jan 12, 2022, 8:14:46 PM",Afternoon Run: Zone 2,7.13,69.7,9.78,149.3,157,7.13,69.28,9.72,149.0,157.0,77.0,699.0,7.13,69.7,9.78,149.3,157,84,0.3,1.3,68.4,30.0,0.0,0,0,172.5,,False,False,False,True,False,False
"Jan 11, 2022, 9:17:21 PM",Afternoon Run: 8 x 800m @ Zone 4,7.56,65.23,8.63,160.4,178,7.56,65.18,8.62,160.0,178.0,84.0,713.0,7.56,65.23,8.63,160.4,178,98,0.3,0.4,28.7,38.4,32.3,0,0,175.5,,False,False,False,False,False,False
"Jan 9, 2022, 2:19:09 PM",Morning Run: 9 miles Zone 2 + 10 x strides + Zone 2 cool down,13.15,135.73,10.32,153.0,174,13.15,135.73,10.32,153.0,174.0,161.0,1309.0,13.15,135.73,10.32,153.0,174,81,0.4,0.3,34.9,62.5,1.9,0,0,176.0,,False,False,False,True,False,False
"Jan 4, 2022, 9:10:05 PM",Run: 8 x 800m @ Zone 4 - Threshold,7.92,68.97,8.71,158.5,177,7.92,68.97,8.71,159.0,177.0,71.0,742.0,7.92,68.97,8.71,158.5,177,86,0.5,1.0,31.1,39.0,28.3,0,0,173.0,,False,False,False,False,False,False
"Jan 2, 2022, 10:13:18 PM",Run: 1 hr cycling @ 115 watts + 5 miles Zone 2 + strides,7.18,141.55,19.71,151.0,167,7.18,74.78,10.42,128.0,167.0,0.0,778.0,7.18,141.55,19.71,151.0,167,95,1.3,2.6,43.7,52.4,0.0,0,0,169.8,,False,False,False,True,False,False
"Dec 31, 2021, 8:11:09 PM","Afternoon Run: 8 x 90s @ Anaerobic, 180s recovery",6.59,59.67,9.05,154.5,179,6.59,59.67,9.05,155.0,179.0,46.0,588.0,6.59,59.67,9.05,154.5,179,84,0.4,1.2,49.5,33.9,15.1,0,0,168.4,,False,False,False,True,False,False
"Dec 29, 2021, 9:24:58 PM",Afternoon Run: 8 x 800m @Zone 4,7.74,68.37,8.84,157.8,175,7.74,68.37,8.83,158.0,175.0,57.0,711.0,7.74,68.37,8.84,157.8,175,80,0.4,0.8,34.5,45.3,19.0,0,0,172.3,,False,False,False,False,False,False
"Dec 26, 2021, 4:36:45 PM",Lunch Run: Left over run. Zone 2 - Strides at mile 9. Total mileage - 15.09,13.17,130.77,9.93,152.2,172,13.17,130.62,9.92,152.0,172.0,186.0,1238.0,13.17,130.77,9.93,152.2,172,118,0.0,0.4,54.0,45.4,0.3,0,0,170.3,,False,False,False,True,False,False
"Dec 26, 2021, 4:17:48 PM",Lunch Run: Forgot to follow the work out. Had to start over 😬,1.93,18.45,9.58,149.2,159,1.93,18.35,9.51,150.0,159.0,21.0,190.0,1.93,18.45,9.58,149.2,159,83,1.7,2.9,41.0,54.4,0.0,0,0,172.1,,False,False,False,True,False,False
"Dec 24, 2021, 7:43:59 PM",Afternoon Run: Zone 2,7.03,70.6,10.05,148.3,157,7.03,70.6,10.04,148.0,157.0,81.0,680.0,7.03,70.6,10.05,148.3,157,85,0.4,0.9,83.1,15.6,0.0,0,0,173.3,,False,False,False,True,False,False
"Dec 23, 2021, 9:27:12 PM",Afternoon Run: Anaerobic Intervals @ 90 sec,6.38,58.43,9.16,154.6,177,6.38,58.38,9.15,155.0,177.0,48.0,591.0,6.38,58.43,9.16,154.6,177,84,0.4,0.8,52.3,32.5,14.0,0,0,170.9,,False,False,False,True,False,False
"Dec 21, 2021, 7:04:15 PM",Afternoon Run: 8 x 800m @Zone 4 - Threshold,7.6,65.47,8.61,158.8,178,7.6,65.42,8.61,159.0,178.0,72.0,672.0,7.6,65.47,8.61,158.8,178,72,0.4,0.8,35.4,35.0,28.4,0,0,173.2,,False,False,False,False,False,False
"Dec 19, 2021, 7:01:32 PM",Afternoon Run: Zone 2 + Strides at mile 8,13.37,131.32,9.82,151.2,167,13.37,131.27,9.82,151.0,167.0,186.0,1259.0,13.37,131.32,9.82,151.2,167,79,0.2,0.3,49.8,49.7,0.0,0,0,171.5,,False,False,False,True,False,False
"Dec 16, 2021, 9:16:27 PM",Afternoon Run: Anaerobic - 8 x 1 minute,6.04,56.23,9.31,154.4,178,6.04,55.47,9.18,154.0,178.0,73.0,529.0,6.04,56.23,9.31,154.4,178,73,0.5,1.2,50.5,32.9,15.0,0,0,174.4,,False,False,False,True,False,False
"Dec 15, 2021, 5:50:02 PM",Lunch Run: Zone 2,7.31,74.82,10.24,149.2,164,7.31,74.82,10.24,149.0,164.0,77.0,707.0,7.31,74.82,10.24,149.2,164,73,0.5,1.3,66.4,31.8,0.0,0,0,171.3,,False,False,False,True,False,False
"Dec 14, 2021, 6:10:05 PM",Afternoon Run; 8 x 800m @ Zone 4 - Threshold,7.53,65.92,8.76,161.9,177,7.53,65.92,8.75,162.0,177.0,72.0,676.0,7.53,65.92,8.76,161.9,177,89,0.3,0.6,17.4,46.4,35.3,0,0,173.2,,False,False,False,False,False,False
"Dec 12, 2021, 4:55:15 PM",Lunch Run: Trying to keep in Zone 2 + Strides at mile 8+,12.09,122.7,10.15,155.9,175,12.09,120.83,9.99,157.0,175.0,153.0,1147.0,12.09,122.7,10.15,155.9,175,75,1.1,0.2,9.2,87.4,2.1,0,0,172.2,,False,False,False,True,False,False
"Dec 8, 2021, 9:10:31 PM",Run:7 x 800m @ Zone 4 - Threshold,6.78,62.35,9.2,156.8,176,6.78,62.12,9.16,157.0,176.0,64.0,637.0,6.78,62.35,9.2,156.8,176,71,0.8,1.2,43.0,27.7,27.2,0,0,173.2,,False,False,False,True,False,False
"Dec 6, 2021, 11:13:18 PM",Treadmill Run: Anaerobic 8 x 1 minute,5.77,57.88,10.03,149.6,174,5.77,57.88,10.03,150.0,174.0,0.0,526.0,5.77,57.88,10.03,149.6,174,86,0.4,3.4,65.3,27.0,3.9,0,0,173.4,,False,False,False,True,False,False
"Dec 4, 2021, 6:02:03 PM","Afternoon Run: Mile 2 Zone 3, Mile 10 Zone 4, Rest Zone 2.",10.64,102.07,9.59,154.4,178,10.64,102.07,9.59,154.0,178.0,117.0,999.0,10.64,102.07,9.59,154.4,178,90,0.2,0.4,25.4,70.8,3.2,0,0,173.8,,False,False,False,True,False,False
"Dec 3, 2021, 9:54:56 PM",Afternoon Run,3.22,32.08,9.96,153.8,181,3.22,31.95,9.92,154.0,181.0,21.0,318.0,3.22,32.08,9.96,153.8,181,93,0.2,0.7,44.6,44.0,10.5,0,0,173.8,,False,False,False,True,False,False
"Dec 1, 2021, 9:19:24 PM",Afternoon Run: 6 x 800m @ Zone 4 Threshold - Back in snow and cold 🥰,6.03,54.22,8.99,162.2,179,6.03,53.32,8.84,162.0,179.0,50.0,557.0,6.03,54.22,8.99,162.2,179,93,0.4,0.9,22.0,38.0,38.7,0,0,176.9,,False,False,False,False,False,False
"Nov 29, 2021, 2:45:43 AM",Evening Run: First 5 at Zone 2 + Zone 4,6.23,60.3,9.68,155.1,178,6.23,60.27,9.67,155.0,178.0,65.0,598.0,6.23,60.3,9.68,155.1,178,74,0.4,0.7,23.6,66.6,8.7,0,0,171.0,,False,False,False,True,False,False
"Nov 25, 2021, 6:24:50 PM",Last Run in Seattle: 6 x 800m @ Zone 4 - Threshold,6.31,58.45,9.26,159.9,179,6.31,58.45,9.26,160.0,179.0,49.0,592.0,6.31,58.45,9.26,159.9,179,116,0.0,2.4,28.7,38.5,30.5,0,0,173.9,,False,False,False,True,False,False
"Nov 23, 2021, 7:29:35 PM",Lunch Run: 7 x 1 min @ Anaerobic,5.54,56.28,10.17,151.9,179,5.53,55.92,10.11,152.0,179.0,45.0,503.0,5.54,56.28,10.17,151.9,179,106,0.5,5.2,51.1,31.1,12.2,0,0,170.8,,False,False,False,True,False,False
"Nov 21, 2021, 5:44:00 PM",Morning Run: Mostly Zone 2. Mile 9 Zone 4,10.28,101.65,9.89,157.0,175,10.27,101.65,9.9,157.0,175.0,31.0,979.0,10.28,101.65,9.89,157.0,175,78,0.2,0.8,6.8,86.9,5.2,0,0,171.9,,False,False,False,True,False,False
"Nov 19, 2021, 11:57:34 PM",Afternoon Run: 6 x 800 @ Zone 4 - Threshold,6.03,55.72,9.24,159.0,177,6.03,55.72,9.24,159.0,177.0,47.0,559.0,6.03,55.72,9.24,159.0,177,96,0.2,2.2,31.9,40.2,25.6,0,0,173.4,,False,False,False,True,False,False
"Nov 17, 2021, 5:49:49 PM",Lunch Run: Anaerobic 1 x 7,5.65,54.88,9.71,155.5,182,5.65,54.88,9.71,156.0,182.0,52.0,531.0,5.65,54.88,9.71,155.5,182,89,0.5,1.2,43.9,39.3,15.2,0,0,174.3,,False,False,False,True,False,False
"Nov 15, 2021, 9:38:24 PM","Just Run : Zone 2, 3, 4 - 🥶",3.63,31.92,8.79,159.2,178,3.63,31.92,8.79,159.0,178.0,31.0,335.0,3.63,31.92,8.79,159.2,178,81,0.8,1.0,16.5,68.1,13.6,0,0,173.8,,False,False,False,False,False,False
"Nov 14, 2021, 5:54:33 PM",Treadmill Run: Bored - had to change pace randomly to keep things a little interesting ,5.03,47.58,9.47,160.0,174,5.03,47.58,9.46,160.0,174.0,0.0,504.0,5.03,47.58,9.47,160.0,174,75,1.5,1.6,13.3,73.5,10.1,0,0,174.3,,False,False,False,True,False,False
"Nov 12, 2021, 4:53:15 PM",Treadmill Run: 6 x 800 @ Zone 4 - Threshold,6.01,58.62,9.75,161.5,183,6.01,58.62,9.75,162.0,183.0,0.0,596.0,6.01,58.62,9.75,161.5,183,91,0.6,1.1,21.3,40.7,36.4,0,0,179.6,,False,False,False,True,False,False
"Nov 10, 2021, 10:16:16 PM",Treadmill Run: 7 x 6:35 @ 1 min - Anaerobic,5.22,53.27,10.2,155.3,182,5.22,53.27,10.2,155.0,182.0,0.0,523.0,5.22,53.27,10.2,155.3,182,80,0.6,2.2,34.0,48.0,15.3,0,0,177.6,,False,False,False,True,False,False
"Nov 7, 2021, 10:04:04 PM",Afternoon Run: Zone 4 - Threshold,4.51,39.43,8.74,167.9,180,4.51,39.43,8.74,168.0,180.0,45.0,435.0,4.51,39.43,8.74,167.9,180,98,0.3,0.5,2.2,61.9,35.1,0,0,173.4,,False,False,False,False,False,False
"Nov 7, 2021, 5:30:53 PM",Lunch Run: Zone 3 - Tempo,5.77,51.97,9.0,164.2,176,5.77,51.88,8.99,164.0,176.0,37.0,552.0,5.77,51.97,9.0,164.2,176,77,0.5,0.4,3.3,89.1,6.8,0,0,175.6,,False,False,False,True,False,False
"Nov 4, 2021, 9:13:33 PM",Treadmill Run: 6x3 min @ Zone 5,5.53,58.02,10.5,152.1,183,5.53,58.02,10.49,152.0,183.0,0.0,500.0,5.53,58.02,10.5,152.1,183,78,1.7,15.2,34.3,22.0,26.8,0,0,169.8,,False,False,False,True,False,False
"Nov 2, 2021, 8:51:48 PM",Afternoon Run: 6x800 @ Zone 4 - Threshold,6.03,55.83,9.26,157.9,178,6.03,55.83,9.26,158.0,178.0,55.0,541.0,6.03,55.83,9.26,157.9,178,88,0.4,1.4,35.7,35.7,26.8,0,0,179.4,,False,False,False,True,False,False
"Oct 31, 2021, 10:21:51 PM",Evening Run: Zone 3,3.46,31.47,9.09,163.4,175,3.46,31.47,9.1,165.0,175.0,26.0,330.0,3.46,31.47,9.09,163.4,175,105,0.3,0.9,3.0,92.2,3.6,0,0,185.6,0.024,False,False,False,True,False,False
"Oct 29, 2021, 8:24:15 PM",Afternoon Run: 2 x 12 @30 sec on 15 sec off - Zone 5,4.33,42.9,9.92,163.4,189,4.33,42.9,9.91,163.0,189.0,45.0,415.0,4.33,42.9,9.92,163.4,189,98,0.3,5.5,16.9,36.5,40.7,0,0,170.0,,False,False,False,True,False,False
"Oct 27, 2021, 9:06:59 PM",Afternoon Run: 4 x 800m threshold,4.24,38.65,9.12,158.5,179,4.24,38.65,9.12,159.0,179.0,28.0,380.0,4.24,38.65,9.12,158.5,179,78,0.6,1.0,42.4,25.5,30.5,0,0,183.0,,False,False,False,True,False,False
"Oct 21, 2021, 3:04:27 PM",Lunch Run,4.11,39.32,9.57,154.9,181,4.11,38.98,9.48,155.0,181.0,30.0,375.0,4.11,39.32,9.57,154.9,181,74,1.4,1.1,44.4,34.9,18.2,0,0,172.4,,False,False,False,True,False,False
"Oct 18, 2021, 9:07:07 PM",Afternoon Run,3.51,33.72,9.6,153.3,181,3.51,33.68,9.6,153.0,181.0,26.0,331.0,3.51,33.72,9.6,153.3,181,67,0.8,2.2,55.4,20.1,21.4,0,0,173.0,,False,False,False,True,False,False
"Oct 15, 2021, 4:24:03 PM",Lunch Run,2.32,23.05,9.93,153.9,174,2.32,23.05,9.94,154.0,174.0,9.0,219.0,2.32,23.05,9.93,153.9,174,84,1.1,2.2,18.6,72.9,5.2,0,0,173.7,,False,False,False,True,False,False
"Oct 12, 2021, 9:25:23 PM",Afternoon Run - First Run in Zoom Fly 4,3.14,29.22,9.31,161.4,192,3.14,29.22,9.31,161.0,192.0,18.0,298.0,3.14,29.22,9.31,161.4,192,86,0.5,0.9,7.9,68.4,22.3,0,0,174.2,,False,False,False,True,False,False
"Oct 9, 2021, 10:32:25 PM",Treadmill Run,2.05,19.02,9.28,162.1,189,2.05,19.02,9.28,162.0,189.0,0.0,204.0,2.05,19.02,9.28,162.1,189,83,1.8,2.5,10.8,52.5,32.5,0,0,179.0,,False,False,False,True,False,False
"Oct 1, 2021, 1:32:56 PM",Morning Run,1.82,14.97,8.2,169.0,179,1.82,14.97,8.23,169.0,179.0,10.0,170.0,1.82,14.97,8.2,169.0,179,112,0.1,1.2,3.3,31.9,63.4,0,0,176.6,,False,False,False,False,False,False
"Oct 1, 2021, 1:04:07 PM",Morning Run,2.38,21.9,9.22,157.5,165,2.38,21.88,9.19,158.0,165.0,23.0,228.0,2.38,21.9,9.22,157.5,165,91,1.8,1.6,3.1,93.5,0.0,0,0,174.8,,False,False,False,True,False,False
"Sep 26, 2021, 11:14:21 PM",Evening Run,0.75,4.97,6.58,176.0,184,0.75,4.97,6.63,176.0,184.0,0.0,59.0,0.75,4.97,6.58,176.0,184,132,0.0,1.3,2.3,14.4,81.9,0,0,190.7,,False,False,True,False,False,False
"Sep 26, 2021, 10:55:54 PM",Evening Run,1.02,8.47,8.29,159.8,182,1.02,7.95,7.79,160.0,182.0,2.0,85.0,1.02,8.47,8.29,159.8,182,84,2.3,6.0,23.1,25.0,43.5,0,0,180.2,,False,False,False,False,False,False
"Sep 26, 2021, 2:29:45 PM","Morning Run: Don't freaking change the insoles abruptly. Took more than two months last year (Oct - Dec), and has taken already as much 😬",6.25,60.33,9.65,163.5,171,6.25,60.32,9.65,164.0,171.0,58.0,607.0,6.25,60.33,9.65,163.5,171,75,0.4,0.2,1.4,98.0,0.1,0,0,173.0,,False,False,False,True,False,False
"Sep 18, 2021, 10:51:56 PM",Evening Run,2.03,20.2,9.95,149.4,159,2.03,20.2,9.95,149.0,159.0,10.0,192.0,2.03,20.2,9.95,149.4,159,92,0.7,2.3,50.5,46.5,0.0,0,0,168.7,,False,False,False,True,False,False
"Sep 16, 2021, 3:42:09 PM",Lunch Run - with insoles,1.26,9.75,7.73,176.1,192,1.26,9.72,7.71,176.0,192.0,2.0,111.0,1.26,9.75,7.73,176.1,192,112,0.2,1.4,2.1,21.9,74.5,0,0,180.4,,False,True,False,False,False,False
"Sep 16, 2021, 3:23:37 PM",Lunch Run - with insoles,1.23,11.03,8.94,170.3,179,1.23,11.03,8.97,170.0,179.0,19.0,124.0,1.23,11.03,8.94,170.3,179,103,0.8,1.2,2.7,28.5,66.8,0,0,176.2,,False,False,False,False,False,False
"Sep 16, 2021, 2:58:09 PM",Morning Run - with insoles,2.01,17.37,8.63,164.0,173,2.01,17.3,8.61,164.0,173.0,2.0,190.0,2.01,17.37,8.63,164.0,173,78,1.8,0.5,6.1,83.6,8.1,0,0,178.8,,False,False,False,False,False,False
"Sep 13, 2021, 5:31:56 PM",Afternoon Run,3.14,28.18,8.99,158.2,182,3.14,28.18,8.97,158.0,182.0,21.0,295.0,3.14,28.18,8.99,158.2,182,67,1.2,0.6,20.5,56.4,21.3,0,0,175.7,,False,False,False,False,False,False
"Aug 29, 2021, 10:31:37 PM",Evening Run,4.12,34.57,8.39,167.1,186,4.12,34.57,8.39,167.0,186.0,35.0,388.0,4.12,34.57,8.39,167.1,186,75,0.7,0.4,4.4,57.3,37.3,0,0,177.0,,False,False,False,False,False,False
"Aug 26, 2021, 11:26:24 PM",Evening Run,4.12,34.28,8.32,168.2,182,4.12,34.28,8.32,168.0,182.0,23.0,385.0,4.12,34.28,8.32,168.2,182,81,0.7,0.7,4.6,38.6,55.3,0,0,175.8,,False,False,False,False,False,False
"Aug 23, 2021, 2:01:38 PM",Morning Run,4.01,35.97,8.96,165.4,182,4.01,35.78,8.92,166.0,182.0,44.0,384.0,4.01,35.97,8.96,165.4,182,79,0.7,1.2,12.4,43.1,42.6,0,0,170.9,,False,False,False,False,False,False
"Aug 20, 2021, 12:11:24 AM",Evening Run,3.51,31.12,8.86,162.5,187,3.51,31.07,8.85,163.0,187.0,26.0,342.0,3.51,31.12,8.86,162.5,187,76,1.0,1.3,10.5,60.6,26.6,0,0,178.4,,False,False,False,False,False,False
"Aug 17, 2021, 11:21:45 PM","Race to home with Ibraheem, Maryam, Affan on Bike",0.43,3.22,,126.9,154,0.43,3.17,,129.0,154.0,8.0,25.0,0.43,3.22,,126.9,154,77,29.5,18.1,45.1,7.3,0.0,0,0,179.7,,False,False,False,False,False,False
"Aug 17, 2021, 10:43:20 PM","Race to Duck Pond with Ibraheem, Maryam, Affan on bike",0.39,2.88,,146.6,161,0.39,2.83,,147.0,161.0,0.0,28.0,0.39,2.88,,146.6,161,90,4.7,11.6,35.5,48.3,0.0,0,0,181.3,,False,False,False,False,False,False
"Aug 16, 2021, 4:31:28 PM",Lunch Run,3.67,30.65,8.36,166.5,177,3.67,30.63,8.35,167.0,177.0,24.0,348.0,3.67,30.65,8.36,166.5,177,67,1.2,1.2,5.5,35.2,56.7,0,0,185.6,,False,False,False,False,False,False
"Aug 13, 2021, 5:40:00 PM",Afternoon Run,3.11,25.08,8.06,172.1,188,3.11,25.08,8.06,172.0,188.0,20.0,297.0,3.11,25.08,8.06,172.1,188,83,1.6,0.9,7.7,19.6,70.2,0,0,179.0,,False,False,False,False,False,False
"Aug 11, 2021, 3:37:59 PM",Lunch Run,2.23,17.75,7.96,165.9,188,2.23,17.75,7.96,166.0,188.0,24.0,211.0,2.23,17.75,7.96,165.9,188,82,1.4,1.9,11.1,43.9,41.7,0,0,175.5,,False,True,False,False,False,False
"Aug 9, 2021, 9:59:30 PM",Afternoon Run,2.06,17.53,8.51,157.8,179,2.06,17.43,8.46,158.0,179.0,15.0,189.0,2.06,17.53,8.51,157.8,179,68,2.8,6.7,18.1,45.9,26.6,0,0,173.1,,False,False,False,False,False,False
"Aug 6, 2021, 10:54:39 PM",Evening Run: 1.75 + recovery + 1 + recovery + 0.5,3.76,35.92,9.56,163.5,186,3.76,34.78,9.25,164.0,186.0,28.0,373.0,3.76,35.92,9.56,163.5,186,84,2.2,11.6,9.0,23.8,53.4,0,0,169.0,,False,False,False,True,False,False
"Aug 3, 2021, 11:23:18 PM",Slower Longer Run: Aiming to run in Zone 3,3.15,26.12,8.3,166.9,187,3.15,26.12,8.29,167.0,187.0,26.0,316.0,3.15,26.12,8.3,166.9,187,75,0.9,1.8,4.2,60.8,32.3,0,0,180.8,,False,False,False,False,False,False
"Aug 2, 2021, 10:32:49 PM",Evening Run : Alhamdolillah no knee pain,2.52,19.62,7.79,171.1,186,2.52,19.62,7.79,171.0,186.0,25.0,247.0,2.52,19.62,7.79,171.1,186,63,1.5,1.5,5.3,24.4,67.2,0,0,177.4,,False,True,False,False,False,False
"Jul 31, 2021, 11:51:53 PM",10 minutes quick run: Knee didn't hurt today Alhamdolillah,1.51,11.3,7.48,171.3,184,1.51,11.3,7.48,172.0,184.0,16.0,142.0,1.51,11.3,7.48,171.3,184,73,1.9,0.9,3.8,23.1,70.3,0,0,178.9,,False,True,False,False,False,False
"Jul 30, 2021, 11:15:15 PM",Evening Run,1.35,10.4,7.7,166.8,180,1.35,10.4,7.7,167.0,180.0,11.0,125.0,1.35,10.4,7.7,166.8,180,104,2.2,1.4,2.7,51.0,42.5,0,0,180.0,,False,True,False,False,False,False
"Jul 29, 2021, 9:28:39 PM",Run: getting whatever cardiac load I can,1.3,10.1,7.76,165.7,178,1.3,10.1,7.77,166.0,178.0,12.0,119.0,1.3,10.1,7.76,165.7,178,81,2.5,1.0,6.1,44.8,45.6,0,0,181.8,,False,True,False,False,False,False
"Jul 28, 2021, 9:02:16 PM",Afternoon Run,1.02,9.37,9.19,148.5,159,1.02,9.37,9.19,149.0,159.0,6.0,98.0,1.02,9.37,9.19,148.5,159,77,3.4,4.1,31.9,60.7,0.0,0,0,182.9,,False,False,False,True,False,False
"Jul 27, 2021, 11:17:00 PM",Testing,0.77,7.42,9.58,143.7,154,0.77,7.42,9.64,144.0,154.0,0.0,75.0,0.77,7.42,9.58,143.7,154,77,3.6,6.1,76.2,14.1,0.0,0,0,173.5,,False,False,False,True,False,False
"Jul 24, 2021, 11:00:43 PM",Testing...,0.68,6.23,9.21,145.2,152,0.68,6.23,9.16,145.0,152.0,0.0,65.0,0.68,6.23,9.21,145.2,152,85,3.5,5.6,83.2,7.7,0.0,0,0,174.5,,False,False,False,True,False,False
"Jul 21, 2021, 3:34:55 PM",Lunch Run - Abandoned,0.52,4.87,9.44,137.5,148,0.51,4.87,9.55,138.0,148.0,0.0,47.0,0.52,4.87,9.44,137.5,148,69,7.5,11.6,80.9,0.0,0.0,0,0,176.8,,False,False,False,True,False,False
"Jul 14, 2021, 11:03:20 PM",Run: 8 x 800m @ Zone 4 (Threshold),6.81,61.0,8.96,162.6,177,6.81,61.0,8.96,163.0,177.0,58.0,676.0,6.81,61.0,8.96,162.6,177,78,0.4,1.0,12.1,52.0,34.5,0,0,178.2,,False,False,False,False,False,False
"Jul 11, 2021, 10:20:14 PM",Evening Run: Zone 3 - Tempo,6.26,51.13,8.17,163.4,178,6.26,51.13,8.17,163.0,178.0,36.0,588.0,6.26,51.13,8.17,163.4,178,77,0.5,0.7,5.7,90.0,3.1,0,0,178.3,,False,False,False,False,False,False
"Jul 9, 2021, 12:28:31 AM",Run: 4x8 Threshold - Zone 4,7.1,64.18,9.04,160.9,176,7.1,64.18,9.04,161.0,176.0,48.0,672.0,7.1,64.18,9.04,160.9,176,68,0.5,1.1,24.8,42.5,31.1,0,0,180.0,,False,False,False,True,False,False
"Jul 8, 2021, 12:29:32 AM",Run: Zone 2 - aerobic base (tired legs),7.05,70.55,10.01,149.7,159,7.05,70.55,10.01,150.0,159.0,71.0,679.0,7.05,70.55,10.01,149.7,159,79,0.5,1.4,62.8,35.3,0.0,0,0,177.3,,False,False,False,True,False,False
"Jul 7, 2021, 12:26:28 AM",Run: 8 x 3 minutes @ Zone 5 (VO2 Max),6.77,65.68,9.71,160.0,185,6.76,63.83,9.44,160.0,185.0,50.0,640.0,6.77,65.68,9.71,160.0,185,74,0.4,5.5,28.5,29.5,36.0,0,0,170.5,,False,False,False,True,False,False
"Jul 3, 2021, 2:22:36 PM",Weekend Long Run: 90 min Zone 3 + Zone 4,15.05,142.8,9.49,165.1,179,15.05,141.55,9.41,165.0,179.0,122.0,1556.0,15.05,142.8,9.49,165.1,179,81,0.2,0.4,2.0,84.2,13.3,0,0,181.5,,True,False,False,True,False,False
"Jun 27, 2021, 11:36:27 PM",Weekend Long Run: Slow sluggish run - Zone 2 (60%)/ Zone 3(40%),11.06,107.15,9.69,156.0,169,11.06,107.15,9.69,156.0,169.0,91.0,1113.0,11.06,107.15,9.69,156.0,169,87,0.2,0.5,11.6,87.7,0.0,0,0,178.0,,False,False,False,True,False,False
"Jun 26, 2021, 12:14:43 AM",Run: 7 x 800m @ Zone 4 (Threshold),6.3,58.1,9.23,158.9,177,6.3,58.1,9.22,159.0,177.0,76.0,619.0,6.3,58.1,9.23,158.9,177,76,0.5,1.3,33.0,39.2,26.2,0,0,179.1,,False,False,False,True,False,False
"Jun 24, 2021, 10:11:00 PM",Run: 4x8 Threshold - Zone 4,7.78,71.0,9.13,159.2,179,7.78,71.0,9.13,159.0,179.0,76.0,727.0,7.78,71.0,9.13,159.2,179,82,0.6,1.0,38.6,28.1,31.7,0,0,182.5,,False,False,False,True,False,False
"Jun 23, 2021, 2:22:29 PM",Zone 2 + 5 x Hill Repeats,7.72,78.02,10.11,150.3,178,7.72,78.02,10.11,150.0,178.0,128.0,723.0,7.72,78.02,10.11,150.3,178,86,0.4,1.6,72.5,17.7,7.8,0,0,175.3,,False,False,False,True,False,False
"Jun 22, 2021, 9:46:21 PM",Run: 8 x 3 minutes @ Zone 4 (couldn't hit Zone 5 😬)-Threshold,6.35,60.33,9.5,153.3,176,6.35,59.4,9.35,154.0,176.0,51.0,575.0,6.35,60.33,9.5,153.3,176,103,2.1,11.4,28.9,37.2,20.4,0,0,173.2,,False,False,False,True,False,False
"Jun 21, 2021, 12:39:31 AM","Leftover mileage for weekend's long run: Supposed to be 20 min Zone 3 + 30 min Zone 4 + 10 min Zone 5, ended up just being Zone 3 mostly",6.24,51.82,8.3,162.6,172,6.24,51.47,8.25,163.0,172.0,39.0,587.0,6.24,51.82,8.3,162.6,172,92,0.6,0.6,7.0,90.2,1.6,0,0,181.9,,False,False,False,False,False,False
"Jun 20, 2021, 1:21:47 PM",Aborted weekend long run - too humid (Zone 3 - tempo),6.02,54.93,9.13,162.2,169,6.02,54.93,9.12,162.0,169.0,59.0,626.0,6.02,54.93,9.13,162.2,169,90,0.4,0.8,3.1,95.7,0.0,0,0,182.8,,False,False,False,True,False,False
"Jun 18, 2021, 10:51:22 PM",Run: 8 x 800 m @ Zone 4 (threshold),7.51,68.6,9.13,159.9,175,7.51,68.6,9.13,160.0,175.0,68.0,713.0,7.51,68.6,9.13,159.9,175,74,0.4,1.3,20.1,56.8,21.5,0,0,180.4,,False,False,False,True,False,False
"Jun 17, 2021, 11:46:41 PM",Evening Run,6.11,58.47,9.57,153.8,181,6.11,57.7,9.44,154.0,181.0,53.0,554.0,6.11,58.47,9.57,153.8,181,82,2.2,10.7,29.3,34.8,23.1,0,0,172.0,,False,False,False,True,False,False
"Jun 16, 2021, 9:42:47 PM",Run: Zone 2 + Hill Repeats,6.53,66.0,10.1,149.4,177,6.53,66.0,10.11,149.0,177.0,117.0,595.0,6.53,66.0,10.1,149.4,177,76,0.5,1.1,75.4,19.0,4.1,0,0,176.8,,False,False,False,True,False,False
"Jun 16, 2021, 12:19:55 AM",Run: 3x8 Threshold - Zone 4,6.04,56.47,9.34,157.9,178,6.04,56.47,9.35,158.0,178.0,40.0,566.0,6.04,56.47,9.34,157.9,178,70,0.6,1.1,36.9,39.1,22.3,0,0,182.9,,False,False,False,True,False,False
"Jun 14, 2021, 12:12:53 AM",Weekend long run: 45 mins Zone 3 + 40 mins Zone 4 + 10 mins Zone 5,10.07,90.48,8.99,164.7,178,10.07,90.08,8.95,165.0,178.0,71.0,1009.0,10.07,90.48,8.99,164.7,178,75,0.2,0.5,5.6,76.2,17.5,0,0,185.4,,False,False,False,False,False,False
"Jun 13, 2021, 2:27:57 PM",Aborted weekend long run - Zone 3: Tempo,3.23,32.0,9.9,156.7,168,3.23,30.2,9.35,157.0,168.0,28.0,324.0,3.23,32.0,9.9,156.7,168,84,1.8,2.6,14.5,81.1,0.0,0,0,182.1,,False,False,False,True,False,False
"Jun 12, 2021, 12:08:47 AM",Run: 8 x 800 m @ Zone 4 (threshold),7.53,71.3,9.47,160.4,178,7.53,71.3,9.47,160.0,178.0,61.0,710.0,7.53,71.3,9.47,160.4,178,72,0.4,1.1,27.4,35.7,35.4,0,0,181.1,,False,False,False,True,False,False
"Jun 10, 2021, 11:41:25 PM",Run: 7 x 3 minutes @ Zone 5 - VO2 Max,6.03,59.93,9.94,156.4,184,6.03,59.13,9.81,156.0,184.0,48.0,563.0,6.03,59.93,9.94,156.4,184,72,0.6,8.8,34.4,26.9,29.3,0,0,171.6,,False,False,False,True,False,False
"Jun 10, 2021, 12:40:38 AM",Run: Zone 2 - Aerobic Base,6.24,67.42,10.8,150.7,160,6.24,63.95,10.25,151.0,160.0,34.0,601.0,6.24,67.42,10.8,150.7,160,64,0.7,1.0,46.9,51.3,0.0,0,0,177.3,,False,False,False,True,False,False
"Jun 8, 2021, 10:23:33 PM",Run: 3x8 Threshold - Zone 4,5.91,55.95,9.47,160.0,178,5.91,55.95,9.47,160.0,178.0,43.0,562.0,5.91,55.95,9.47,160.0,178,71,0.4,1.3,25.2,39.9,33.1,0,0,180.7,,False,False,False,True,False,False
"Jun 7, 2021, 12:29:43 AM",Weekend long run: 45 mins Zone 3 + 40 mins Zone 4 + 10 mins Zone 5,10.07,95.1,9.44,167.5,181,10.07,95.1,9.44,167.0,181.0,66.0,1055.0,10.07,95.1,9.44,167.5,181,80,0.2,0.3,3.5,58.5,37.6,0,0,179.7,,False,False,False,True,False,False
"Jun 5, 2021, 11:24:25 PM",Run to get the car on the other side!,0.8,7.47,9.3,139.6,159,0.8,7.4,9.25,140.0,159.0,24.0,69.0,0.8,7.47,9.3,139.6,159,80,5.2,12.8,72.6,9.4,0.0,0,0,172.5,,False,False,False,True,False,False
"Jun 4, 2021, 2:36:49 PM",Run: Zone 2,6.04,65.47,10.84,150.1,160,6.04,65.47,10.84,150.0,160.0,69.0,591.0,6.04,65.47,10.84,150.1,160,61,0.9,1.8,40.1,57.3,0.0,0,0,178.0,,False,False,False,True,False,False
"Jun 3, 2021, 3:01:43 PM",Run: Zone 2 - Aerobic Base,6.09,65.28,10.73,147.9,158,6.08,65.28,10.74,148.0,158.0,67.0,604.0,6.09,65.28,10.73,147.9,158,71,0.6,1.9,77.8,19.8,0.0,0,0,178.2,,False,False,False,True,False,False
"Jun 2, 2021, 3:29:18 PM",Run: Zone 2,5.64,58.45,10.36,147.8,156,5.64,58.45,10.36,148.0,156.0,50.0,534.0,5.64,58.45,10.36,147.8,156,78,1.0,2.4,70.6,26.1,0.0,0,0,178.7,,False,False,False,True,False,False
"Jun 2, 2021, 12:07:16 AM",Run: Zone 2 - Aerobic Base,5.61,59.03,10.53,151.5,158,5.61,59.03,10.52,152.0,158.0,38.0,556.0,5.61,59.03,10.53,151.5,158,70,0.5,2.0,27.7,69.7,0.0,0,0,180.8,,False,False,False,True,False,False
"May 30, 2021, 3:07:51 PM",Weekend long run - Zone 3,10.1,99.62,9.86,163.3,177,10.1,99.62,9.86,163.0,177.0,75.0,1074.0,10.1,99.62,9.86,163.3,177,82,0.3,0.6,4.0,84.7,10.4,0,0,181.8,,False,False,False,True,False,False
"May 28, 2021, 11:56:47 PM",Run: 8 x 3 minutes @ Zone 5 - VO2 Max,6.51,67.15,10.31,155.1,182,6.51,66.8,10.26,155.0,182.0,56.0,610.0,6.51,67.15,10.31,155.1,182,74,0.7,11.9,36.5,19.9,31.0,0,0,172.5,,False,False,False,True,False,False
"May 27, 2021, 11:47:13 PM",Run: Zone 2,3.29,36.13,10.99,152.9,161,3.29,35.53,10.8,153.0,161.0,31.0,346.0,3.29,36.13,10.99,152.9,161,96,1.2,2.0,12.3,84.5,0.0,0,0,186.6,,False,False,False,True,False,False
"May 26, 2021, 11:26:39 PM",Run : Zone 2 - Aerobic Base,6.47,66.03,10.2,151.4,162,6.47,66.03,10.21,151.0,162.0,39.0,614.0,6.47,66.03,10.2,151.4,162,74,0.5,1.0,34.0,64.5,0.0,0,0,178.5,,False,False,False,True,False,False
"May 25, 2021, 11:29:11 PM",Run: 3x8 Threshold - Zone 4,5.08,49.22,9.68,164.1,180,5.08,49.17,9.68,164.0,180.0,41.0,516.0,5.08,49.22,9.68,164.1,180,71,0.5,0.6,6.5,49.0,43.4,0,0,178.8,,False,False,False,True,False,False
"May 24, 2021, 12:02:38 AM",Run: Tempo - Zone 3,6.25,59.98,9.59,160.7,168,6.25,59.38,9.5,161.0,168.0,33.0,628.0,6.25,59.98,9.59,160.7,168,70,0.7,0.7,6.9,91.7,0.0,0,0,184.4,,False,False,False,True,False,False
"May 21, 2021, 11:23:25 PM",Run: 8 x 800 m @ Zone 4 (threshold),7.53,72.65,9.65,163.8,179,7.53,72.65,9.65,164.0,179.0,59.0,744.0,7.53,72.65,9.65,163.8,179,85,0.3,0.8,12.7,42.7,43.5,0,0,177.3,,False,False,False,True,False,False
"May 20, 2021, 9:48:32 PM",Run: 8 x 3 minutes @ Zone 5 - VO2 Max,6.21,66.02,10.63,159.6,187,6.21,66.02,10.63,160.0,187.0,52.0,616.0,6.21,66.02,10.63,159.6,187,84,0.4,8.4,20.3,36.8,34.1,0,0,163.0,,False,False,False,True,False,False
"May 19, 2021, 11:38:14 PM",Run : Zone 2 - Garmin suggested recovery,3.14,33.88,10.8,150.8,157,3.14,33.88,10.79,151.0,157.0,20.0,314.0,3.14,33.88,10.8,150.8,157,83,0.8,1.6,36.5,61.1,0.0,0,0,173.6,,False,False,False,True,False,False
"May 16, 2021, 7:43:14 PM",Run: Zone 3 - Tempo,5.52,53.95,9.77,162.0,168,5.52,52.68,9.54,162.0,168.0,30.0,566.0,5.52,53.95,9.77,162.0,168,74,0.4,0.9,6.0,92.6,0.0,0,0,183.1,,False,False,False,True,False,False
"May 13, 2021, 12:11:09 AM",Ramadan: Run - Zone 2,3.36,34.93,10.4,148.6,157,3.36,34.93,10.4,149.0,157.0,31.0,333.0,3.36,34.93,10.4,148.6,157,70,1.0,1.6,72.1,25.4,0.0,0,0,179.2,,False,False,False,True,False,False
"May 11, 2021, 11:52:07 PM",Run: Ramadan 6 x 0:40 - Anaerobic,5.02,50.18,9.99,158.0,178,5.02,49.53,9.87,158.0,178.0,45.0,498.0,5.02,50.18,9.99,158.0,178,70,1.0,1.7,14.7,65.5,17.0,0,0,180.9,,False,False,False,True,False,False
"May 11, 2021, 12:01:57 AM",Run: Ramadan - Zone 2,3.31,34.43,10.42,147.5,155,3.31,34.42,10.4,148.0,155.0,33.0,333.0,3.31,34.43,10.42,147.5,155,64,1.2,2.7,72.4,23.8,0.0,0,0,180.3,,False,False,False,True,False,False
"May 9, 2021, 10:59:21 PM",Run: Ramadan 6 x 0:40 - Anaerobic,6.08,60.72,9.98,157.8,181,6.08,59.95,9.86,158.0,181.0,51.0,599.0,6.08,60.72,9.98,157.8,181,75,0.5,1.0,14.9,68.3,15.2,0,0,177.8,,False,False,False,True,False,False
"May 7, 2021, 11:17:04 PM",Run: Ramadan - Zone 2,3.54,36.62,10.34,151.7,158,3.54,36.62,10.34,152.0,158.0,24.0,368.0,3.54,36.62,10.34,151.7,158,86,0.7,1.3,25.3,72.8,0.0,0,0,177.2,,False,False,False,True,False,False
"May 6, 2021, 11:58:04 PM",Run: Ramadan - 4 x 800 m @ Zone 4 (threshold) - treadmill,3.81,36.1,9.47,160.7,178,3.81,36.1,9.48,161.0,178.0,0.0,400.0,3.81,36.1,9.47,160.7,178,82,1.1,2.6,16.8,49.0,30.5,0,0,178.7,,False,False,False,True,False,False
"May 5, 2021, 11:45:48 PM",Run: Ramadan: 3 x 3 @ 15 - sprint,4.6,46.48,10.1,156.6,177,4.6,46.48,10.1,157.0,177.0,35.0,469.0,4.6,46.48,10.1,156.6,177,76,0.5,1.4,28.7,57.2,12.2,0,0,179.0,,False,False,False,True,False,False
"May 4, 2021, 11:51:37 PM",Run: Ramadan - Zone 2,3.3,35.08,10.64,149.8,158,3.3,35.08,10.63,150.0,158.0,36.0,352.0,3.3,35.08,10.64,149.8,158,86,1.3,1.2,48.2,49.3,0.0,0,0,179.0,,False,False,False,True,False,False
"May 3, 2021, 9:50:32 PM",Run : Ramadan,3.35,31.45,9.39,161.3,176,3.35,31.02,9.26,161.0,176.0,31.0,337.0,3.35,31.45,9.39,161.3,176,67,1.0,4.3,8.6,57.3,28.8,0,0,171.0,,False,False,False,True,False,False
"Apr 29, 2021, 11:11:56 PM",Run: Ramadan - 3x8 Threshold - Zone 4,5.1,47.52,9.32,162.8,179,5.1,47.52,9.32,163.0,179.0,30.0,510.0,5.1,47.52,9.32,162.8,179,75,0.7,1.3,15.1,39.6,43.2,0,0,177.8,,False,False,False,True,False,False
"Apr 28, 2021, 11:13:17 PM",Run - Ramadan: Zone 2,6.21,63.1,10.16,152.5,158,6.21,62.82,10.12,153.0,158.0,40.0,611.0,6.21,63.1,10.16,152.5,158,116,0.0,0.6,21.0,78.4,0.0,0,0,180.4,,False,False,False,True,False,False
"Apr 25, 2021, 11:18:08 PM",Run: Ramadan - Zone 3: Tempo,6.13,57.15,9.32,161.0,167,6.13,57.12,9.32,161.0,167.0,32.0,623.0,6.13,57.15,9.32,161.0,167,76,0.4,1.1,6.8,91.7,0.0,0,0,175.8,,False,False,False,True,False,False
"Apr 23, 2021, 10:00:17 PM",Run: Ramadan- Zone 2,5.71,57.82,10.12,151.7,159,5.71,57.82,10.13,152.0,159.0,44.0,575.0,5.71,57.82,10.12,151.7,159,74,0.7,0.7,25.0,73.5,0.0,0,0,177.6,,False,False,False,True,False,False
"Apr 22, 2021, 10:58:34 PM",Run: Ramadan - 3x8 Threshold - Zone 4,5.17,48.45,9.37,163.2,178,5.17,48.45,9.37,163.0,178.0,42.0,527.0,5.17,48.45,9.37,163.2,178,73,0.6,1.0,10.8,44.6,43.1,0,0,182.1,,False,False,False,True,False,False
"Apr 21, 2021, 11:13:36 PM",Run: Ramadan- Zone 2,6.09,61.78,10.14,151.4,159,6.09,61.78,10.14,151.0,159.0,41.0,595.0,6.09,61.78,10.14,151.4,159,80,0.5,0.6,41.8,57.2,0.0,0,0,183.0,,False,False,False,True,False,False
"Apr 20, 2021, 11:00:38 PM",Run: Ramadan - 4 x 800 m @ Zone 4 (threshold) - treadmill,4.02,37.38,9.3,159.2,177,4.02,37.38,9.3,159.0,177.0,0.0,412.0,4.02,37.38,9.3,159.2,177,72,0.8,1.7,25.9,43.9,27.6,0,0,180.3,,False,False,False,True,False,False
"Apr 18, 2021, 11:30:33 PM",Run: Ramadan - a tempo run turned into - well just run.,5.04,45.2,8.97,166.8,177,5.04,45.18,8.96,167.0,177.0,41.0,531.0,5.04,45.2,8.97,166.8,177,74,0.6,0.8,6.0,42.0,50.6,0,0,188.3,,False,False,False,False,False,False
"Apr 16, 2021, 9:58:36 PM",Run: Ramadan - 7x3 @Zone 5 + 2:30 recovery: VO2 max,5.56,56.1,10.08,153.5,180,5.56,55.13,9.92,154.0,180.0,43.0,522.0,5.56,56.1,10.08,153.5,180,75,1.1,14.6,26.5,31.0,26.8,0,0,168.9,,False,False,False,True,False,False
"Apr 15, 2021, 11:27:03 PM",Run: Ramadan - 4 x 800 m @ Zone 4 (threshold) - treadmill,4.07,38.03,9.34,160.8,176,4.07,38.03,9.34,161.0,176.0,0.0,420.0,4.07,38.03,9.34,160.8,176,81,1.0,1.4,19.1,45.0,33.5,0,0,180.9,,False,False,False,True,False,False
"Apr 14, 2021, 11:20:26 PM",Run: Ramadan - 3x8 Threshold - Zone 4,4.78,46.18,9.66,160.4,176,4.78,45.17,9.45,160.0,176.0,29.0,481.0,4.78,46.18,9.66,160.4,176,84,0.9,1.2,17.4,57.4,23.1,0,0,190.7,,False,False,False,True,False,False
"Apr 12, 2021, 11:06:30 PM",Recovery Run - post Half,3.44,37.93,11.03,143.7,152,3.44,37.93,11.03,144.0,152.0,29.0,338.0,3.44,37.93,11.03,143.7,152,89,1.1,1.4,97.5,0.0,0.0,0,0,171.5,,False,False,False,True,False,False
"Apr 11, 2021, 6:27:02 PM",Cool down - post Half!,0.82,9.67,11.8,151.6,158,0.82,9.67,11.79,152.0,158.0,8.0,95.0,0.82,9.67,11.8,151.6,158,128,0.0,1.5,37.5,60.9,0.0,0,0,171.3,,False,False,False,True,False,False
"Apr 11, 2021, 4:21:21 PM",Half - piling up some cardiac load pre-Ramadan,13.12,121.13,9.24,164.4,186,13.12,120.13,9.16,164.0,186.0,86.0,1317.0,13.12,121.13,9.24,164.4,186,68,0.2,0.2,1.2,82.7,15.7,0,0,183.4,,False,False,False,True,False,False
"Apr 10, 2021, 12:19:20 AM",Cool Down - post 5K,0.58,6.8,11.68,146.7,153,0.58,6.8,11.72,147.0,153.0,6.0,63.0,0.58,6.8,11.68,146.7,153,119,0.0,3.7,86.6,9.8,0.0,0,0,173.5,,False,False,False,True,False,False
"Apr 9, 2021, 11:50:26 PM",5K Run,3.12,24.85,7.95,174.6,190,3.12,24.55,7.87,175.0,190.0,23.0,297.0,3.12,24.85,7.95,174.6,190,91,0.7,1.0,3.9,16.8,77.5,0,0,184.1,,False,True,False,False,False,False
"Apr 8, 2021, 8:44:54 PM",Run: Zone 2 - 5.66 miles,5.66,59.12,10.44,152.5,159,5.66,59.12,10.45,152.0,159.0,51.0,569.0,5.66,59.12,10.44,152.5,159,97,0.3,0.2,27.5,72.1,0.0,0,0,183.1,,False,False,False,True,False,False
"Apr 7, 2021, 9:20:43 PM",Run: 5x5 @Zone 5 + 2:30 recovery: VO2 max,6.48,70.53,10.88,161.6,187,6.48,61.98,9.56,162.0,187.0,61.0,636.0,6.48,70.53,10.88,161.6,187,100,0.5,4.4,19.4,37.3,38.4,0,0,173.4,,False,False,False,True,False,False
"Apr 5, 2021, 9:36:11 PM",Run: Zone 3 - Tempo,10.12,96.27,9.52,160.7,171,10.11,96.27,9.52,161.0,171.0,73.0,1021.0,10.12,96.27,9.52,160.7,171,86,0.2,0.4,1.9,97.4,0.1,0,0,183.6,,False,False,False,True,False,False
"Apr 1, 2021, 10:10:14 PM",Run: Zone 2 - 5.74 miles,5.74,58.72,10.23,150.1,158,5.74,58.72,10.23,150.0,158.0,44.0,576.0,5.74,58.72,10.23,150.1,158,84,0.4,0.7,57.8,41.1,0.0,0,0,184.3,,False,False,False,True,False,False
"Mar 31, 2021, 8:34:32 PM",Run: 8 x 800 m @ Zone 4 (threshold),7.3,66.57,9.12,161.8,178,7.3,66.57,9.12,162.0,178.0,76.0,698.0,7.3,66.57,9.12,161.8,178,79,0.4,0.6,14.8,54.5,29.7,0,0,182.2,,False,False,False,True,False,False
"Mar 30, 2021, 9:48:37 PM",Run: 3x8 Threshold - Zone 4,5.63,53.08,9.43,160.5,176,5.63,53.08,9.43,161.0,176.0,73.0,551.0,5.63,53.08,9.43,160.5,176,78,0.5,0.8,21.2,45.9,31.6,0,0,184.9,,False,False,False,True,False,False
"Mar 29, 2021, 9:53:23 PM",Tempo Run: Zone 3.,6.52,61.47,9.43,161.0,167,6.52,61.47,9.43,161.0,167.0,43.0,661.0,6.52,61.47,9.43,161.0,167,95,0.2,0.3,2.6,96.8,0.0,0,0,186.3,,False,False,False,True,False,False
"Mar 25, 2021, 9:20:21 PM",Run: Zone 2 - 5.6 miles. Tired...,5.63,59.1,10.49,149.0,158,5.63,59.05,10.49,149.0,158.0,35.0,553.0,5.63,59.1,10.49,149.0,158,88,0.3,0.5,78.6,20.7,0.0,0,0,176.2,,False,False,False,True,False,False
"Mar 24, 2021, 9:20:54 PM",Run: 8 x 800 m @ Zone 4 (threshold),7.36,67.78,9.2,158.7,176,7.36,67.78,9.21,159.0,176.0,87.0,678.0,7.36,67.78,9.2,158.7,176,85,0.4,0.9,34.8,38.5,25.3,0,0,177.1,,False,False,False,True,False,False
"Mar 23, 2021, 9:37:25 PM",Run: 3x8 Threshold - Zone 4,5.91,56.97,9.64,158.3,178,5.91,56.75,9.6,158.0,178.0,55.0,558.0,5.91,56.97,9.64,158.3,178,77,1.0,0.4,41.7,24.7,32.2,0,0,176.4,,False,False,False,True,False,False
"Mar 21, 2021, 4:40:55 PM",Weekend long run: 45 mins Zone 3 + 40 mins Zone 4 + 10 mins Zone 5,10.06,93.75,9.32,167.2,186,10.06,92.78,9.22,167.0,186.0,69.0,1028.0,10.06,93.75,9.32,167.2,186,81,0.3,0.5,2.2,60.9,36.2,0,0,176.2,,False,False,False,True,False,False
"Mar 19, 2021, 9:43:53 PM",Run: 5x5 @Zone 5 + 2:30 recovery: VO2 max,6.25,60.12,9.61,157.7,183,6.25,59.92,9.59,158.0,183.0,51.0,578.0,6.25,60.12,9.61,157.7,183,70,0.4,8.8,34.9,20.3,35.6,0,0,166.4,,False,False,False,True,False,False
"Mar 18, 2021, 9:08:47 PM",Run: Zone 2 - 5.6 miles. Too much wind!,5.62,57.75,10.28,149.3,157,5.62,57.75,10.28,149.0,157.0,72.0,539.0,5.62,57.75,10.28,149.3,157,79,0.4,0.6,70.6,28.4,0.0,0,0,175.0,,False,False,False,True,False,False
"Mar 17, 2021, 9:33:21 PM",Run: 7 x 800 m @ Zone 4 (threshold),7.05,66.5,9.43,155.4,174,7.05,66.5,9.43,155.0,174.0,62.0,614.0,7.05,66.5,9.43,155.4,174,83,0.4,0.8,45.7,44.9,8.1,0,0,173.3,,False,False,False,True,False,False
"Mar 16, 2021, 9:38:09 PM",Run: 3x8 Threshold - Zone 4,5.84,55.87,9.57,157.9,176,5.84,55.87,9.57,158.0,176.0,40.0,542.0,5.84,55.87,9.57,157.9,176,71,0.8,1.2,37.4,34.1,26.4,0,0,172.4,,False,False,False,True,False,False
"Mar 14, 2021, 7:47:32 PM","Run: 60 minutes. Zone 3: 30 min, Zone 4: 20 min, Zone 5: 10 min",6.6,60.12,9.11,165.3,180,6.6,60.12,9.11,165.0,180.0,41.0,640.0,6.6,60.12,9.11,165.3,180,87,0.5,0.3,2.6,68.4,28.2,0,0,174.9,,False,False,False,True,False,False
"Mar 13, 2021, 10:17:24 PM",Run: Recovery Run - low zone 2,3.37,37.63,11.17,145.3,153,3.37,37.63,11.17,145.0,153.0,35.0,333.0,3.37,37.63,11.17,145.3,153,81,0.8,1.0,96.8,1.3,0.0,0,0,166.3,,False,False,False,True,False,False
"Mar 12, 2021, 10:23:52 PM",Run: 5x5 @Zone 5 + 2:30 recovery: VO2 max,6.09,58.8,9.65,157.5,183,6.09,58.8,9.66,158.0,183.0,52.0,554.0,6.09,58.8,9.65,157.5,183,83,0.5,8.2,33.5,23.5,34.3,0,0,164.9,,False,False,False,True,False,False
"Mar 11, 2021, 10:50:43 PM",Run: Zone 2. 60 minutes. Too much wind!,5.73,60.6,10.57,149.5,158,5.73,60.6,10.58,149.0,158.0,62.0,536.0,5.73,60.6,10.57,149.5,158,72,0.7,0.7,72.0,26.7,0.0,0,0,172.6,,False,False,False,True,False,False
"Mar 10, 2021, 10:26:41 PM",Run: 6 x 800 m @ Zone 4 (threshold),6.08,57.43,9.44,159.8,177,6.08,57.38,9.44,160.0,177.0,72.0,555.0,6.08,57.43,9.44,159.8,177,77,0.6,0.6,29.1,41.2,28.4,0,0,175.2,,False,False,False,True,False,False
"Mar 9, 2021, 10:12:27 PM",Run: 3x8 Threshold - Zone 4,5.72,55.78,9.75,159.0,177,5.72,55.78,9.75,159.0,177.0,42.0,520.0,5.72,55.78,9.75,159.0,177,94,0.6,0.3,34.6,40.9,23.6,0,0,177.1,,False,False,False,True,False,False
"Mar 8, 2021, 10:35:08 PM",Recovery Run: Low Zone 2,3.33,37.82,11.35,142.3,151,3.33,37.78,11.35,142.0,151.0,32.0,318.0,3.33,37.82,11.35,142.3,151,68,0.8,1.3,97.8,0.0,0.0,0,0,177.8,,False,False,False,True,False,False
"Mar 7, 2021, 5:01:22 PM",Weekend long run: 45 mins Zone 3 + 40 mins Zone 4 + 10 mins Zone 5,10.08,95.07,9.44,165.2,183,10.07,95.07,9.44,165.0,183.0,69.0,960.0,10.08,95.07,9.44,165.2,183,95,0.2,0.2,2.4,78.4,18.9,0,0,180.7,,False,False,False,True,False,False
"Mar 5, 2021, 10:17:19 PM",Run: 5x5 @Zone 5 + 2:30 recovery: VO2 max,6.02,63.33,10.52,157.7,187,6.02,62.53,10.39,157.0,187.0,0.0,541.0,6.02,63.33,10.52,157.7,187,70,0.6,9.8,26.7,29.0,33.9,0,0,162.9,,False,False,False,True,False,False
"Mar 3, 2021, 10:40:31 PM","Sprint: 10 sec x 10: 15 min warmup, 10 minutes cool down 3 min rest",5.44,57.52,10.57,154.7,175,5.44,57.35,10.54,155.0,175.0,46.0,497.0,5.44,57.52,10.57,154.7,175,82,0.6,0.3,43.5,50.2,5.3,0,0,177.6,,False,False,False,True,False,False
"Mar 2, 2021, 10:08:54 PM",Zone 2: 5.7 miles (50-ish minutes),5.72,62.73,10.97,149.4,158,5.72,62.73,10.97,149.0,158.0,41.0,535.0,5.72,62.73,10.97,149.4,158,76,0.4,0.8,70.3,28.5,0.0,0,0,179.3,,False,False,False,True,False,False
"Mar 1, 2021, 11:06:17 PM",10 x 10 - Sprint Session. Limited by treadmill max sped,5.02,53.8,10.71,152.8,178,5.02,53.8,10.72,153.0,178.0,0.0,488.0,5.02,53.8,10.71,152.8,178,108,0.4,1.0,58.5,35.0,5.1,0,0,172.8,,False,False,False,True,False,False
"Feb 28, 2021, 8:16:02 PM",Recovery Run - Low End Zone 2,3.35,40.98,12.25,145.7,156,3.35,40.98,12.23,146.0,156.0,31.0,334.0,3.35,40.98,12.25,145.7,156,113,0.0,1.0,94.6,4.4,0.0,0,0,175.9,,False,False,False,True,False,False
"Feb 27, 2021, 9:04:07 PM","Weekend long-ish Run : Zone 3 cap 40 minutes, Zone 4 cap 25 minutes Zone 5: 10 minutes",7.56,75.13,9.93,167.5,191,7.56,75.08,9.93,168.0,191.0,53.0,784.0,7.56,75.13,9.93,167.5,191,85,0.3,0.4,1.3,63.8,34.2,0,0,179.6,,False,False,False,True,False,False
"Feb 24, 2021, 11:03:40 PM",Run: 3x8 Threshold - Zone 4 (Treadmill),5.11,52.7,10.31,161.4,181,5.11,52.7,10.31,161.0,181.0,0.0,505.0,5.11,52.7,10.31,161.4,181,88,0.6,1.4,26.7,31.7,39.5,0,0,171.4,,False,False,False,True,False,False
"Feb 23, 2021, 10:17:06 PM","Run: Zone 2 - 50-ish minutes. Navigating through puddles/pools, slush and snow!",5.09,58.02,11.39,151.3,159,5.09,58.0,11.39,151.0,159.0,44.0,515.0,5.09,58.02,11.39,151.3,159,95,0.5,0.3,44.5,54.6,0.0,0,0,176.6,,False,False,False,True,False,False
"Feb 22, 2021, 10:32:40 PM",Run: 5x5 @Zone 5 + 2:30 recovery: VO2 max,6.03,63.3,10.5,157.4,186,6.03,62.68,10.39,157.0,186.0,0.0,545.0,6.03,63.3,10.5,157.4,186,71,1.4,8.5,25.6,31.5,33.1,0,0,166.0,,False,False,False,True,False,False
"Feb 21, 2021, 10:01:47 PM",Run: Zone 2 - hopping over and through ice and snow...,5.73,67.33,11.75,151.6,160,5.73,66.8,11.66,152.0,160.0,45.0,570.0,5.73,67.33,11.75,151.6,160,95,0.2,0.5,44.1,55.2,0.0,0,0,176.6,,False,False,False,True,False,False
"Feb 19, 2021, 10:54:12 PM",Run: 6 x 800 m @ Zone 4 (threshold) - Treadmill,6.01,62.45,10.39,160.9,180,6.01,60.08,10.0,158.0,180.0,0.0,568.0,6.01,62.45,10.39,160.9,180,72,2.2,0.9,22.8,35.7,38.3,0,0,178.0,,False,False,False,True,False,False
"Feb 18, 2021, 10:40:10 PM",Run: Zone 2 @ 50 minutes - Treadmill,4.36,50.13,11.51,151.1,158,4.36,50.13,11.5,151.0,158.0,0.0,455.0,4.36,50.13,11.51,151.1,158,84,0.6,0.8,38.6,59.9,0.0,0,0,174.9,,False,False,False,True,False,False
"Feb 14, 2021, 4:32:16 PM",Run: 30 mins Zone 3 + 20 mins Zone 4 + 10 mins Zone 5 + some cool down,6.27,62.05,9.89,166.9,185,6.27,62.05,9.9,167.0,185.0,0.0,650.0,6.27,62.05,9.89,166.9,185,87,0.5,0.7,6.4,46.9,45.5,0,0,180.7,,False,False,False,True,False,False
"Feb 12, 2021, 10:45:40 PM",Run: 6 x 800 m @ Zone 4 (threshold) - Treadmill,6.02,60.32,10.02,159.4,179,6.02,60.32,10.02,159.0,179.0,0.0,561.0,6.02,60.32,10.02,159.4,179,89,0.5,0.9,38.0,26.7,33.9,0,0,175.3,,False,False,False,True,False,False
"Feb 10, 2021, 10:34:31 PM",Run: 3x8 Threshold - Zone 4 (Treadmill),5.52,58.45,10.58,159.1,181,5.52,56.55,10.24,157.0,181.0,0.0,526.0,5.52,58.45,10.58,159.1,181,68,1.4,1.9,28.3,31.4,37.0,0,0,174.4,,False,False,False,True,False,False
"Feb 8, 2021, 10:49:23 PM",Run: 5x3 @Zone 5 + 2:30 recovery + something: VO2 max,6.01,65.25,10.85,158.4,189,6.01,62.47,10.39,155.0,189.0,0.0,541.0,6.01,65.25,10.85,158.4,189,69,1.0,10.3,26.8,23.9,38.0,0,0,166.3,,False,False,False,True,False,False
"Feb 7, 2021, 4:26:27 PM",Run: Zone 2 @ 90 minutes -Base - treadmill,7.83,90.18,11.51,150.7,161,7.83,90.18,11.52,151.0,161.0,0.0,767.0,7.83,90.18,11.51,150.7,161,69,1.0,1.4,39.7,57.9,0.0,0,0,170.6,,False,False,False,True,False,False
"Feb 5, 2021, 10:43:37 PM",Run: 6 x 800 m @ Zone 4 (threshold) - Treadmill,6.02,61.43,10.21,157.6,178,6.02,61.43,10.2,157.0,178.0,0.0,560.0,6.02,61.43,10.21,157.6,178,72,0.5,2.5,42.5,24.4,30.1,0,0,175.0,,False,False,False,True,False,False
"Feb 4, 2021, 10:49:30 PM",Run: Zone 2 @ 50 minutes - Treadmill,4.44,50.08,11.29,148.0,157,4.44,50.08,11.28,148.0,157.0,0.0,440.0,4.44,50.08,11.29,148.0,157,80,0.9,3.1,68.3,27.7,0.0,0,0,173.6,,False,False,False,True,False,False
"Feb 3, 2021, 10:30:00 PM",Run: 3x8 Threshold - Zone 4 (Treadmill),5.52,57.95,10.5,157.5,179,5.52,57.95,10.5,157.0,179.0,0.0,522.0,5.52,57.95,10.5,157.5,179,68,1.0,1.1,48.7,14.5,34.8,0,0,174.4,,False,False,False,True,False,False
"Feb 1, 2021, 10:39:15 PM",Run: 5x5 @Zone 5 + 2:30 recovery: VO2 max,6.02,62.78,10.42,160.3,189,6.02,62.78,10.43,160.0,189.0,0.0,558.0,6.02,62.78,10.42,160.3,189,69,0.9,4.3,31.1,26.0,37.7,0,0,167.0,,False,False,False,True,False,False
"Jan 31, 2021, 5:04:55 PM",Run: Zone 2 @ 90 minutes -Base - treadmill,7.92,90.17,11.38,151.3,158,7.92,90.17,11.39,151.0,158.0,0.0,798.0,7.92,90.17,11.38,151.3,158,93,0.2,0.9,36.6,62.3,0.0,0,0,172.0,,False,False,False,True,False,False
"Jan 29, 2021, 10:37:47 PM",Run: 6 x 800 m @ Zone 4 (threshold) - Treadmill,6.02,61.68,10.25,154.6,177,6.01,61.68,10.26,155.0,177.0,0.0,549.0,6.02,61.68,10.25,154.6,177,82,0.8,5.6,44.7,26.0,22.9,0,0,173.5,,False,False,False,True,False,False
"Jan 28, 2021, 10:57:53 PM",Run: 3x8 Threshold - Zone 4 (Treadmill),5.42,57.2,10.55,157.6,177,5.42,57.2,10.55,158.0,177.0,0.0,526.0,5.42,57.2,10.55,157.6,177,79,0.7,0.7,40.6,26.4,31.6,0,0,167.4,,False,False,False,True,False,False
"Jan 28, 2021, 12:28:14 AM",Run: Zone 2 @ 50 minutes - Treadmill,4.28,50.03,11.69,150.3,160,4.28,50.03,11.69,150.0,160.0,0.0,456.0,4.28,50.03,11.69,150.3,160,86,0.5,0.6,56.0,42.9,0.0,0,0,167.0,,False,False,False,True,False,False
"Jan 25, 2021, 11:51:28 PM",Run: 5x5 @Zone 5 + 2:30 recovery: VO2 max,6.01,61.32,10.2,158.1,188,6.01,61.32,10.2,158.0,188.0,0.0,536.0,6.01,61.32,10.2,158.1,188,91,0.4,7.7,41.3,14.6,36.0,0,0,163.6,,False,False,False,True,False,False
"Jan 24, 2021, 4:58:19 PM",Run: Zone 2 @ 90 minutes - Base,8.1,90.53,11.17,151.3,159,8.1,90.53,11.18,151.0,159.0,54.0,728.0,8.1,90.53,11.17,151.3,159,87,0.4,0.3,46.6,52.7,0.0,0,0,173.9,,False,False,False,True,False,False
"Jan 22, 2021, 11:29:15 PM",Run: 6 x 800 m @ Zone 4 (threshold),6.02,62.82,10.44,156.5,176,6.02,62.82,10.44,157.0,176.0,0.0,548.0,6.02,62.82,10.44,156.5,176,81,0.6,1.6,43.8,31.2,22.8,0,0,182.9,,False,False,False,True,False,False
"Jan 21, 2021, 11:11:56 PM",Evening Run,4.77,51.68,10.83,160.1,177,4.77,51.68,10.83,160.0,177.0,0.0,482.0,4.77,51.68,10.83,160.1,177,97,0.4,1.2,36.5,22.3,39.6,0,0,173.1,,False,False,False,True,False,False
"Jan 19, 2021, 11:28:32 PM",Evening Run,5.84,62.93,10.77,161.1,193,5.84,62.93,10.78,161.0,193.0,0.0,550.0,5.84,62.93,10.77,161.1,193,89,0.4,4.1,39.3,17.3,39.0,0,0,163.0,,False,False,False,True,False,False
"Jan 18, 2021, 12:18:43 AM",Recovery Run,2.02,26.18,12.99,143.9,150,2.02,26.18,12.96,144.0,150.0,0.0,223.0,2.02,26.18,12.99,143.9,150,86,1.1,2.2,96.6,0.0,0.0,0,0,168.3,,False,False,False,True,False,False
"Jan 16, 2021, 8:44:34 PM",Afternoon Run,8.51,92.97,10.92,165.8,192,8.51,92.52,10.87,166.0,192.0,65.0,880.0,8.51,92.97,10.92,165.8,192,93,0.2,0.2,5.5,55.0,39.2,0,0,174.9,,False,False,False,True,False,False
"Jan 14, 2021, 9:29:33 PM",Afternoon Run,5.76,64.9,11.26,150.8,158,5.76,64.9,11.27,151.0,158.0,36.0,539.0,5.76,64.9,11.26,150.8,158,91,0.3,0.9,47.7,51.1,0.0,0,0,171.9,,False,False,False,True,False,False
"Jan 13, 2021, 8:58:20 PM",Afternoon Run,5.16,58.28,11.29,155.0,189,5.16,55.53,10.76,155.0,189.0,41.0,474.0,5.16,58.28,11.29,155.0,189,89,3.1,13.9,25.8,25.9,31.3,0,0,165.4,,False,False,False,True,False,False
"Jan 12, 2021, 10:53:35 PM",Afternoon Run,3.51,42.88,12.22,150.3,160,3.51,41.8,11.91,149.0,160.0,0.0,384.0,3.51,42.88,12.22,150.3,160,89,1.1,2.8,40.2,56.0,0.0,0,0,174.3,,False,False,False,True,False,False
"Jan 9, 2021, 8:04:18 PM",Afternoon Run,7.22,86.77,12.02,151.7,161,7.22,86.75,12.02,152.0,161.0,41.0,676.0,7.22,86.77,12.02,151.7,161,90,0.4,0.6,33.8,65.2,0.0,0,0,181.2,,False,False,False,True,False,False
"Jan 6, 2021, 8:40:00 PM",Afternoon Run,5.1,51.62,10.11,169.4,192,5.1,51.6,10.12,170.0,192.0,31.0,518.0,5.1,51.62,10.11,169.4,192,96,0.3,0.5,8.0,41.2,49.9,0,0,181.5,,False,False,False,True,False,False
"Jan 4, 2021, 7:59:24 PM",Afternoon Run,4.51,55.22,12.24,152.5,159,4.51,54.53,12.09,152.0,159.0,39.0,447.0,4.51,55.22,12.24,152.5,159,84,0.4,0.5,25.0,74.1,0.0,0,0,182.6,,False,False,False,True,False,False
"Jan 4, 2021, 2:20:20 AM",Night Run,4.54,50.37,11.08,160.1,194,4.54,50.03,11.02,160.0,194.0,0.0,451.0,4.54,50.37,11.08,160.1,194,92,0.5,7.7,29.3,27.1,35.4,0,0,168.8,,False,False,False,True,False,False
"Jan 2, 2021, 8:51:41 PM",Afternoon Run,3.11,37.87,12.18,150.6,158,3.11,37.87,12.18,151.0,158.0,0.0,337.0,3.11,37.87,12.18,150.6,158,71,1.3,1.3,44.1,53.2,0.0,0,0,185.9,,False,False,False,True,False,False
"Dec 24, 2020, 9:16:52 PM",Afternoon Run,2.11,50.18,23.78,127.5,153,2.11,29.08,13.78,128.0,153.0,6.0,181.0,2.11,50.18,23.78,127.5,153,82,13.6,46.6,39.5,0.2,0.0,0,0,171.2,,False,False,False,True,False,False
"Dec 23, 2020, 7:00:19 PM",Lunch Run,2.73,31.7,11.6,152.3,167,2.73,31.22,11.44,152.0,167.0,57.0,271.0,2.73,31.7,11.6,152.3,167,92,0.8,2.1,31.9,65.2,0.0,0,0,179.5,,False,False,False,True,False,False
"Dec 19, 2020, 9:57:51 PM",Afternoon Run,4.6,52.67,11.46,166.3,184,4.6,51.8,11.26,166.0,184.0,231.0,514.0,4.6,52.67,11.46,166.3,184,81,0.4,1.0,5.6,49.2,43.8,0,0,169.1,,False,False,False,True,False,False
"Dec 16, 2020, 8:21:04 PM",Lunch Run,3.11,35.98,11.57,156.7,188,3.11,35.85,11.53,157.0,188.0,36.0,310.0,3.11,35.98,11.57,156.7,188,100,0.4,10.6,22.1,47.2,19.8,0,0,167.4,,False,False,False,True,False,False
"Dec 12, 2020, 6:29:12 PM",Morning Run,7.11,69.88,9.83,167.3,190,7.11,69.05,9.71,167.0,190.0,90.0,699.0,7.11,69.88,9.83,167.3,190,60,0.6,0.7,2.8,58.5,37.5,0,0,178.8,,False,False,False,True,False,False
"Dec 10, 2020, 5:19:31 PM",Morning Run,2.89,32.6,11.29,152.7,167,2.89,32.55,11.26,153.0,167.0,18.0,291.0,2.89,32.6,11.29,152.7,167,95,0.7,1.3,23.6,74.4,0.0,0,0,181.4,,False,False,False,True,False,False
"Dec 7, 2020, 3:36:09 PM",Morning Run,2.13,22.87,10.72,156.5,171,2.13,22.87,10.74,157.0,171.0,28.0,215.0,2.13,22.87,10.72,156.5,171,75,0.9,0.6,11.9,86.2,0.4,0,0,178.7,,False,False,False,True,False,False
"Dec 5, 2020, 5:08:45 PM",Lunch Run,3.22,31.8,9.89,164.8,184,3.22,31.8,9.88,165.0,184.0,19.0,306.0,3.22,31.8,9.89,164.8,184,91,0.6,0.5,14.7,38.7,45.5,0,0,180.9,,False,False,False,True,False,False
"Dec 3, 2020, 8:57:49 PM",Afternoon Run,1.17,13.1,11.18,151.6,159,1.17,13.1,11.2,152.0,159.0,0.0,118.0,1.17,13.1,11.18,151.6,159,97,1.8,1.8,24.3,72.1,0.0,0,0,184.5,,False,False,False,True,False,False
"Dec 2, 2020, 9:48:00 PM",Afternoon Run,5.02,53.5,10.66,161.4,187,5.02,52.93,10.54,162.0,187.0,20.0,459.0,5.02,53.5,10.66,161.4,187,87,0.4,8.8,15.7,36.3,38.8,0,0,166.7,,False,False,False,True,False,False
"Nov 29, 2020, 7:40:24 PM",Afternoon Run,6.34,62.5,9.86,165.8,187,6.34,62.45,9.85,166.0,187.0,34.0,617.0,6.34,62.5,9.86,165.8,187,83,0.4,0.6,6.1,51.1,41.9,0,0,187.8,,False,False,False,True,False,False
"Nov 29, 2020, 3:25:34 AM",Night Run,0.6,7.8,12.99,147.6,154,0.6,7.8,13.0,148.0,154.0,0.0,70.0,0.6,7.8,12.99,147.6,154,114,0.0,4.5,80.6,14.9,0.0,0,0,184.8,,False,False,False,True,False,False
"Nov 28, 2020, 6:50:54 PM",Afternoon Run,3.32,40.45,12.19,152.3,176,3.32,39.53,11.91,152.0,176.0,47.0,335.0,3.32,40.45,12.19,152.3,176,78,0.6,1.1,34.2,62.4,1.6,0,0,185.0,,False,False,False,True,False,False
"Nov 24, 2020, 5:46:04 PM",Lunch Run,4.78,54.92,11.48,165.2,194,4.78,53.2,11.13,165.0,194.0,35.0,486.0,4.78,54.92,11.48,165.2,194,87,0.3,0.5,13.6,49.2,36.4,0,0,179.8,,False,False,False,True,False,False
"Nov 22, 2020, 9:46:10 PM",Afternoon Run,5.14,62.63,12.19,151.4,161,5.14,62.63,12.18,151.0,161.0,42.0,500.0,5.14,62.63,12.19,151.4,161,90,0.2,0.6,51.2,48.0,0.0,0,0,185.4,,False,False,False,True,False,False
"Nov 20, 2020, 5:38:46 PM",Lunch Run,4.26,45.98,10.79,164.9,196,4.26,45.98,10.79,165.0,196.0,21.0,423.0,4.26,45.98,10.79,164.9,196,91,0.5,1.0,29.5,28.5,40.5,0,0,181.9,,False,False,False,True,False,False
"Nov 19, 2020, 8:54:54 PM",Afternoon Run,5.34,66.98,12.55,152.1,172,5.34,66.98,12.54,152.0,172.0,77.0,534.0,5.34,66.98,12.55,152.1,172,80,0.3,0.5,37.5,61.5,0.2,0,0,183.4,,False,False,False,True,False,False
"Nov 17, 2020, 10:42:21 PM",Afternoon Run,4.02,52.6,13.09,150.6,158,4.02,51.25,12.75,150.0,158.0,0.0,458.0,4.02,52.6,13.09,150.6,158,71,0.7,1.8,40.0,57.5,0.0,0,0,185.5,,False,False,False,True,False,False
"Nov 13, 2020, 10:48:27 PM",Afternoon Run,4.02,44.27,11.0,163.3,184,4.02,44.22,11.0,163.0,184.0,0.0,439.0,4.02,44.27,11.0,163.3,184,85,0.9,0.5,7.3,68.4,22.8,0,0,187.5,,False,False,False,True,False,False
"Nov 11, 2020, 6:02:21 PM",Afternoon Run,5.25,61.85,11.77,150.3,176,5.25,61.85,11.78,150.0,176.0,72.0,518.0,5.25,61.85,11.77,150.3,176,87,0.2,0.5,65.3,33.4,0.7,0,0,182.5,,False,False,False,True,False,False
"Nov 9, 2020, 10:08:33 PM",Afternoon Run,1.85,22.05,11.93,157.3,164,1.85,22.05,11.92,157.0,164.0,0.0,217.0,1.85,22.05,11.93,157.3,164,117,0.0,1.3,7.8,90.9,0.0,0,0,192.6,,False,False,False,True,False,False
"Nov 8, 2020, 5:30:58 PM",Lunch Run,6.23,69.63,11.18,159.2,168,6.23,69.47,11.15,159.0,168.0,32.0,644.0,6.23,69.63,11.18,159.2,168,71,0.4,0.6,3.6,95.4,0.0,0,0,184.1,,False,False,False,True,False,False
"Nov 6, 2020, 8:59:39 PM",Afternoon Run,3.55,37.42,10.53,166.6,180,3.55,37.37,10.53,167.0,180.0,13.0,381.0,3.55,37.42,10.53,166.6,180,90,0.7,0.8,2.3,67.0,29.2,0,0,188.4,,False,False,False,True,False,False
"Nov 5, 2020, 9:49:48 PM",Afternoon Run,3.39,38.32,11.31,157.3,181,3.39,38.27,11.29,157.0,181.0,45.0,366.0,3.39,38.32,11.31,157.3,181,94,0.9,1.0,4.2,91.0,3.0,0,0,184.3,,False,False,False,True,False,False
"Oct 30, 2020, 10:01:18 PM",Evening Run,3.26,38.45,11.79,156.2,172,3.26,38.45,11.79,156.0,172.0,0.0,381.0,3.26,38.45,11.79,156.2,172,65,1.6,1.6,30.2,65.3,1.2,0,0,188.9,,False,False,False,True,False,False
"Oct 28, 2020, 10:10:00 PM",Testing 123,3.44,33.9,9.85,171.0,182,3.44,33.9,9.85,171.0,182.0,32.0,369.0,3.44,33.9,9.85,171.0,182,72,0.1,0.9,1.4,31.3,66.3,0,0,188.4,,False,False,False,True,False,False
"Oct 15, 2020, 9:04:03 PM",Afternoon Walk - Treadmill,1.5,26.12,17.42,80.0,102,1.5,26.12,17.41,80.0,102.0,0.0,59.0,1.5,26.12,17.42,80.0,102,67,100.0,0.0,0.0,0.0,0.0,0,0,131.1,,False,False,False,True,False,False
"Oct 13, 2020, 9:42:24 PM",Afternoon Run,3.4,33.7,9.92,158.6,188,3.4,33.13,9.74,159.0,188.0,12.0,319.0,3.4,33.7,9.92,158.6,188,71,1.2,13.2,28.2,16.1,41.3,0,0,173.3,,False,False,False,True,False,False
"Oct 8, 2020, 10:15:58 PM",Evening Run,5.11,48.67,9.52,163.1,182,5.11,48.67,9.52,163.0,182.0,21.0,491.0,5.11,48.67,9.52,163.1,182,72,0.7,0.8,13.0,45.5,40.0,0,0,184.0,,False,False,False,True,False,False
"Oct 7, 2020, 9:24:51 PM",Afternoon Run,5.52,59.22,10.73,148.5,157,5.52,58.55,10.61,149.0,157.0,74.0,525.0,5.52,59.22,10.73,148.5,157,77,1.1,1.1,67.1,30.7,0.0,0,0,178.3,,False,False,False,True,False,False
"Oct 6, 2020, 9:18:57 PM",Afternoon Run,4.71,49.47,10.5,153.5,182,4.71,49.4,10.49,154.0,182.0,16.0,431.0,4.71,49.47,10.5,153.5,182,71,4.2,12.4,29.3,23.8,30.3,0,0,169.3,,False,False,False,True,False,False
"Oct 4, 2020, 8:19:41 PM",Afternoon Run,11.71,116.32,9.93,164.2,175,11.71,116.32,9.93,164.0,175.0,60.0,1190.0,11.71,116.32,9.93,164.2,175,89,0.2,0.2,1.1,94.6,3.9,0,0,185.3,,False,False,False,True,False,False
"Oct 2, 2020, 10:10:09 PM",Evening Run,6.23,62.47,10.02,158.7,180,6.23,61.85,9.93,159.0,180.0,29.0,571.0,6.23,62.47,10.02,158.7,180,77,0.5,1.1,37.7,30.5,30.2,0,0,179.7,,False,False,False,True,False,False
"Oct 1, 2020, 10:16:19 PM",Evening Run,5.12,49.58,9.69,162.0,181,5.12,48.85,9.54,162.0,181.0,20.0,488.0,5.12,49.58,9.69,162.0,181,71,0.9,2.3,15.1,46.0,35.8,0,0,184.6,,False,False,False,True,False,False
"Sep 30, 2020, 10:15:50 PM",Evening Run,4.02,46.77,11.63,151.7,160,4.02,46.77,11.63,152.0,160.0,0.0,444.0,4.02,46.77,11.63,151.7,160,123,0.0,0.6,41.9,57.5,0.0,0,0,182.8,,False,False,False,True,False,False
"Sep 29, 2020, 8:30:47 PM",Afternoon Run,6.11,66.32,10.86,155.8,187,6.11,64.98,10.64,157.0,187.0,31.0,569.0,6.11,66.32,10.86,155.8,187,70,1.0,14.9,30.3,20.0,33.8,0,0,166.3,,False,False,False,True,False,False
"Sep 27, 2020, 3:58:49 PM",Weekend Long Run,10.14,96.05,9.48,172.5,186,10.14,96.05,9.47,173.0,186.0,51.0,1054.0,10.14,96.05,9.48,172.5,186,84,0.3,0.1,0.6,26.4,72.6,0,0,185.7,,False,False,False,True,False,False
"Sep 24, 2020, 9:36:29 PM",Afternoon Run,6.26,62.95,10.05,168.1,187,6.26,62.95,10.06,168.0,187.0,21.0,661.0,6.26,62.95,10.05,168.1,187,81,0.3,0.8,2.1,56.4,40.5,0,0,181.7,,False,False,False,True,False,False
"Sep 23, 2020, 8:57:41 PM",Afternoon Run,6.22,65.68,10.56,160.6,172,6.22,65.68,10.56,161.0,172.0,66.0,660.0,6.22,65.68,10.56,160.6,172,64,0.5,0.5,5.8,92.7,0.4,0,0,183.1,,False,False,False,True,False,False
"Sep 22, 2020, 9:50:59 PM",Afternoon Run,5.42,55.93,10.32,161.1,188,5.42,55.62,10.26,161.0,188.0,16.0,532.0,5.42,55.93,10.32,161.1,188,79,0.6,16.0,9.7,30.6,43.0,0,0,168.2,,False,False,False,True,False,False
"Sep 16, 2020, 10:04:27 PM",Evening Run,1.33,19.32,14.55,133.5,152,1.33,15.93,11.98,136.0,152.0,8.0,130.0,1.33,19.32,14.55,133.5,152,69,15.7,20.8,63.0,0.5,0.0,0,0,177.6,,False,False,False,True,False,False
"Sep 15, 2020, 9:31:45 PM",Afternoon Run,5.71,59.5,10.43,156.8,184,5.71,58.75,10.29,157.0,184.0,20.0,517.0,5.71,59.5,10.43,156.8,184,76,2.7,15.4,15.0,31.2,35.7,0,0,168.6,,False,False,False,True,False,False
"Sep 13, 2020, 2:10:58 PM",Morning Run,13.51,131.02,9.7,168.1,186,13.51,131.02,9.7,168.0,186.0,78.0,1410.0,13.51,131.02,9.7,168.1,186,77,0.2,0.1,1.0,66.9,31.8,0,0,188.9,,False,False,False,True,False,False
"Sep 10, 2020, 9:27:34 PM",Afternoon Run,5.6,53.87,9.61,160.1,174,5.6,53.75,9.6,160.0,174.0,23.0,536.0,5.6,53.87,9.61,160.1,174,96,0.2,0.8,15.8,72.8,10.5,0,0,185.3,,False,False,False,True,False,False
"Sep 9, 2020, 9:41:09 PM",Afternoon Run,5.12,53.43,10.44,153.0,162,5.12,53.23,10.4,153.0,162.0,37.0,514.0,5.12,53.43,10.44,153.0,162,68,0.5,0.7,15.2,83.6,0.0,0,0,187.7,,False,False,False,True,False,False
"Sep 8, 2020, 10:00:17 PM",Evening Run,6.12,66.47,10.87,153.9,182,6.12,66.3,10.83,155.0,182.0,25.0,561.0,6.12,66.47,10.87,153.9,182,64,0.3,14.7,34.0,20.0,31.1,0,0,170.0,,False,False,False,True,False,False
"Sep 6, 2020, 4:11:50 PM",Lunch Run,11.35,111.0,9.78,165.8,179,11.35,110.88,9.77,166.0,179.0,66.0,1163.0,11.35,111.0,9.78,165.8,179,97,0.0,0.4,0.9,78.1,20.6,0,0,187.9,,False,False,False,True,False,False
"Sep 4, 2020, 9:34:27 PM",Afternoon Run,4.99,47.68,9.55,164.0,179,4.99,47.52,9.52,164.0,179.0,21.0,475.0,4.99,47.68,9.55,164.0,179,76,0.5,0.2,11.2,50.7,37.4,0,0,182.6,,False,False,False,True,False,False
"Sep 3, 2020, 9:40:13 PM",Afternoon Run,5.25,51.17,9.74,162.1,175,5.25,51.02,9.72,162.0,175.0,28.0,513.0,5.25,51.17,9.74,162.1,175,85,0.3,0.7,11.4,69.3,18.3,0,0,185.2,,False,False,False,True,False,False
"Sep 2, 2020, 10:32:08 PM",Evening Run,5.11,53.5,10.47,155.5,168,5.11,53.28,10.43,156.0,168.0,40.0,510.0,5.11,53.5,10.47,155.5,168,81,0.8,1.7,10.2,87.4,0.0,0,0,186.1,,False,False,False,True,False,False
"Sep 1, 2020, 9:49:50 PM",Afternoon Run,4.52,45.72,10.11,161.0,188,4.52,45.55,10.08,162.0,188.0,18.0,467.0,4.52,45.72,10.11,161.0,188,67,0.4,14.0,15.9,23.2,46.5,0,0,170.2,,False,False,False,True,False,False
"Aug 30, 2020, 5:03:28 PM",Afternoon Run,10.13,100.28,9.9,166.7,179,10.13,100.15,9.89,167.0,179.0,53.0,1062.0,10.13,100.28,9.9,166.7,179,70,0.1,0.3,1.4,70.1,28.2,0,0,188.6,,False,False,False,True,False,False
"Aug 27, 2020, 9:33:44 PM",Afternoon Run,4.36,43.82,10.06,165.2,182,4.36,43.4,9.95,165.0,182.0,16.0,434.0,4.36,43.82,10.06,165.2,182,94,0.1,0.3,12.2,46.4,41.0,0,0,178.4,,False,False,False,True,False,False
"Aug 26, 2020, 9:22:33 PM",Afternoon Run,5.51,57.27,10.4,166.0,183,5.51,57.17,10.38,166.0,183.0,19.0,580.0,5.51,57.27,10.4,166.0,183,73,0.2,0.3,7.9,50.3,41.2,0,0,180.3,,False,False,False,True,False,False
"Aug 25, 2020, 9:08:31 PM",Afternoon Run,5.12,57.5,11.24,154.7,171,5.12,57.3,11.19,155.0,171.0,40.0,537.0,5.12,57.5,11.24,154.7,171,104,0.5,0.6,22.2,76.6,0.2,0,0,182.9,,False,False,False,True,False,False
"Aug 24, 2020, 9:39:47 PM",Afternoon Run,3.97,43.53,10.98,159.2,190,3.97,43.23,10.89,160.0,190.0,17.0,388.0,3.97,43.53,10.98,159.2,190,71,0.2,9.6,36.1,11.9,42.1,0,0,164.4,,False,False,False,True,False,False
"Aug 22, 2020, 9:38:38 PM",Afternoon Run,6.57,67.47,10.27,171.5,186,6.57,67.3,10.24,172.0,186.0,21.0,717.0,6.57,67.47,10.27,171.5,186,74,0.2,0.4,1.7,42.1,55.6,0,0,187.7,,False,False,False,True,False,False
"Aug 20, 2020, 9:36:53 PM",Afternoon Run,4.07,42.23,10.39,160.7,184,4.07,42.07,10.34,161.0,184.0,16.0,377.0,4.07,42.23,10.39,160.7,184,81,0.2,0.4,29.2,37.9,32.2,0,0,180.3,,False,False,False,True,False,False
"Aug 19, 2020, 9:40:33 PM",Afternoon Run,4.76,49.48,10.4,163.2,180,4.75,49.42,10.4,163.0,180.0,22.0,469.0,4.76,49.48,10.4,163.2,180,97,0.2,0.9,10.5,61.5,26.9,0,0,185.4,,False,False,False,True,False,False
"Aug 18, 2020, 10:14:49 PM",Evening Run,3.15,30.73,9.74,165.5,176,3.15,30.57,9.7,166.0,176.0,20.0,311.0,3.15,30.73,9.74,165.5,176,108,0.1,0.7,3.5,73.1,22.6,0,0,189.5,,False,False,False,True,False,False
"Aug 17, 2020, 9:20:46 PM",Afternoon Run,3.77,44.75,11.88,153.6,162,3.77,44.58,11.82,154.0,162.0,16.0,385.0,3.77,44.75,11.88,153.6,162,63,0.3,0.4,17.4,81.9,0.0,0,0,186.9,,False,False,False,True,False,False
"Aug 15, 2020, 3:42:54 PM",Lunch Run,6.28,64.32,10.25,171.1,180,6.28,64.12,10.21,171.0,180.0,19.0,662.0,6.28,64.32,10.25,171.1,180,78,0.1,0.2,1.5,32.6,65.6,0,0,184.2,,False,False,False,True,False,False
"Aug 13, 2020, 9:33:26 PM",Afternoon Run,2.61,30.82,11.82,160.2,170,2.61,30.73,11.77,160.0,170.0,19.0,271.0,2.61,30.82,11.82,160.2,170,96,0.2,0.6,3.8,95.4,0.0,0,0,182.2,,False,False,False,True,False,False
"Aug 12, 2020, 9:33:28 PM",Afternoon Run,3.05,27.12,8.88,174.8,188,3.05,26.95,8.84,175.0,188.0,13.0,287.0,3.05,27.12,8.88,174.8,188,72,0.4,0.2,2.9,21.1,75.4,0,0,188.7,,False,False,False,False,False,False
"Aug 11, 2020, 9:27:57 PM",Afternoon Run,3.02,29.22,9.68,168.2,180,3.02,29.18,9.66,168.0,180.0,24.0,292.0,3.02,29.22,9.68,168.2,180,109,0.1,0.7,1.6,47.2,50.5,0,0,180.6,,False,False,False,True,False,False
"Aug 10, 2020, 9:27:58 PM",Afternoon Run,3.12,29.03,9.3,,,3.12,29.03,9.3,,,7.8,385.0,,,,,,,,,,,,,,,,False,False,False,True,False,False
"Aug 8, 2020, 8:57:24 PM",Afternoon Run,7.13,62.82,8.81,,,7.13,62.82,8.81,,,16.8,878.0,,,,,,,,,,,,,,,,False,False,False,False,False,False
"Jul 21, 2020, 9:24:53 PM",Run,3.11,31.52,10.14,,,3.11,31.52,10.14,,,,383.0,,,,,,,,,,,,,,,,False,False,False,True,False,False
"Jul 21, 2020, 4:12:13 PM",Lunch Run,0.21,1.63,,,,0.21,1.63,,,,9.0,31.0,,,,,,,,,,,,,,,,False,False,False,False,False,False
"Jul 19, 2020, 10:46:41 PM",Evening Run,2.39,24.9,10.42,,,2.39,24.9,10.42,,,108.0,332.0,,,,,,,,,,,,,,,,False,False,False,True,False,False
"Jul 16, 2020, 9:40:45 PM",Afternoon Run,3.42,31.2,9.12,,,3.42,31.2,9.12,,,210.0,498.0,,,,,,,,,,,,,,,,False,False,False,True,False,False
"Jul 13, 2020, 9:47:45 PM",Afternoon Run,2.91,25.68,8.82,,,2.91,25.68,8.82,,,59.0,358.0,,,,,,,,,,,,,,,,False,False,False,False,False,False
"Jul 8, 2020, 9:45:25 PM",Afternoon Run,2.66,24.52,9.22,,,2.66,24.52,9.22,,,84.0,329.0,,,,,,,,,,,,,,,,False,False,False,True,False,False
"Jul 3, 2020, 12:13:41 AM",Evening Run,0.12,1.1,,,,0.12,1.1,,,,0.0,15.0,,,,,,,,,,,,,,,,False,False,False,False,False,False
"Jul 2, 2020, 11:53:15 PM",Evening Run,2.11,18.53,8.78,,,2.11,18.53,8.78,,,7.0,260.0,,,,,,,,,,,,,,,,False,False,False,False,False,False
