Activity Date,Activity Name,distance_miles,duration_min,pace_min_per_mile,avg_hr,max_hr,csv_distance_miles,csv_duration_min,csv_pace,csv_avg_hr,csv_max_hr,csv_elevation_gain,csv_calories,fit_distance_miles,fit_duration_min,fit_pace,fit_avg_hr,fit_max_hr,fit_min_hr,fit_zone1_pct,fit_zone2_pct,fit_zone3_pct,fit_zone4_pct,fit_zone5_pct,fit_elevation_gain_m,fit_elevation_loss_m,fit_avg_cadence,fit_pace_variability,is_long_run,is_tempo,is_speed_work,is_easy,is_marathon,is_bonked
"Feb 6, 2026, 7:51:30 PM",Lunch Run,6.35,53.45,8.42,140.7,156,6.35,53.43,8.41,141.0,156.0,46.2,710.0,6.35,53.45,8.42,140.7,156,87,1.3,24.6,57.9,16.1,0.0,0,0,,,False,False,False,False,False,False
"Feb 5, 2026, 4:03:54 PM",Morning Run,11.42,132.05,11.56,149.0,178,11.42,131.2,11.49,145.0,178.0,918.0,1704.0,11.42,132.05,11.56,149.0,178,79,1.1,9.3,49.5,30.9,9.3,0,0,,,False,False,False,True,False,False
"Feb 4, 2026, 9:01:56 PM",19 x 30 secs @ 30-35% (1500ft) p2,1.29,30.92,23.97,150.0,166.0,1.29,30.92,23.97,150.0,166.0,457.5,445.0,,,,,,,,,,,,,,,,False,False,False,True,False,False
"Feb 4, 2026, 8:41:32 PM",19 x 30 sec @ 30-35% p1,0.48,17.23,,140.0,164.0,0.48,17.23,,140.0,164.0,222.4,211.0,,,,,,,,,,,,,,,,False,False,False,False,False,False
"Feb 3, 2026, 4:28:56 PM",Morning Run,8.05,66.67,8.28,136.7,160,8.05,66.62,8.28,137.0,160.0,59.4,900.0,8.05,66.67,8.28,136.7,160,74,4.1,27.2,60.4,8.3,0.0,0,0,,,False,False,False,False,False,False
"Feb 2, 2026, 10:00:47 PM",CD,0.3,3.67,,133.0,149.0,0.3,3.67,,133.0,149.0,0.0,41.0,,,,,,,,,,,,,,,,False,False,False,False,False,False
"Feb 2, 2026, 8:29:53 PM",Progression - 4050ft @ 12%,6.44,90.03,13.98,154.0,172.0,6.44,90.03,13.98,154.0,172.0,1234.5,1329.0,,,,,,,,,,,,,,,,False,False,False,True,False,False
"Feb 1, 2026, 9:53:25 PM",Week: 55 miles - 10k feet,6.36,54.32,8.53,133.9,172,6.36,53.9,8.47,134.0,172.0,41.4,715.0,6.36,54.32,8.53,133.9,172,80,1.0,49.1,37.5,12.1,0.2,0,0,,,False,False,False,False,False,False
"Jan 31, 2026, 5:10:43 PM",Jan: 248 miles + 44k ft vert 💪,15.67,157.9,10.08,149.8,167,15.71,156.97,9.99,150.0,167.0,889.0,2217.0,15.67,157.9,10.08,149.8,167,90,0.4,6.0,47.4,46.3,0.0,0,0,,,True,False,False,True,False,False
"Jan 30, 2026, 8:04:10 PM",CD - 200ft @ 20%,0.2,5.58,,127.0,136.0,0.2,5.58,,127.0,136.0,61.3,62.0,,,,,,,,,,,,,,,,False,False,False,False,False,False
"Jan 30, 2026, 7:26:10 PM",Strength: 1 mile - 1836ft  @37% avg,1.0,37.1,37.1,132.0,147.0,1.0,37.1,37.1,132.0,147.0,559.7,518.0,,,,,,,,,,,,,,,,False,False,False,True,False,False
"Jan 29, 2026, 3:45:02 PM",Morning Run,18.03,144.15,7.99,155.5,181,18.12,141.92,7.83,156.0,181.0,132.8,2046.0,18.03,144.15,7.99,155.5,181,96,0.6,8.9,26.0,53.5,11.0,0,0,,,True,True,False,False,False,False
"Jan 27, 2026, 4:15:48 PM",Morning Run,7.04,61.03,8.67,130.4,162,7.05,60.98,8.65,131.0,162.0,47.4,792.0,7.04,61.03,8.67,130.4,162,70,1.2,64.0,27.8,6.9,0.0,0,0,,,False,False,False,False,False,False
"Jan 26, 2026, 8:10:35 PM",Progression - 12% 4000ft,6.4,90.0,14.06,153.0,166.0,6.4,90.0,14.06,153.0,166.0,1227.0,1321.0,,,,,,,,,,,,,,,,False,False,False,True,False,False
"Jan 24, 2026, 5:28:34 PM",2 x Kennedy: Lots of dopamine 💉😄,14.11,167.85,11.9,147.2,163,14.11,167.05,11.84,146.0,163.0,1203.4,2268.0,14.11,167.85,11.9,147.2,163,90,0.5,8.1,48.8,42.6,0.0,0,0,,,False,False,False,True,False,False
"Jan 23, 2026, 8:27:01 PM",Strength: 35% - 1800 ft with CD,1.1,39.0,35.45,135.0,153.0,1.1,39.0,35.45,135.0,153.0,558.1,522.0,,,,,,,,,,,,,,,,False,False,False,True,False,False
"Jan 22, 2026, 11:59:20 PM",Mixed Run,15.85,123.58,7.79,157.7,175,15.95,122.22,7.66,158.0,175.0,113.8,1832.0,15.85,123.58,7.79,157.7,175,90,0.2,0.9,37.7,49.4,11.8,0,0,,,True,True,False,False,False,False
"Jan 21, 2026, 4:27:19 PM",Morning Run,6.35,52.9,8.33,135.4,162,6.06,49.05,8.09,135.0,158.0,40.8,712.0,6.35,52.9,8.33,135.4,162,72,1.4,27.5,70.2,0.9,0.0,0,0,,,False,False,False,False,False,False
"Jan 20, 2026, 4:32:41 PM",🇳🇴 4 x 4,8.03,63.4,7.89,146.5,174,8.06,63.12,7.83,147.0,174.0,60.6,915.0,8.03,63.4,7.89,146.5,174,77,0.9,17.7,52.3,24.4,4.7,0,0,,,False,True,False,False,False,False
"Jan 19, 2026, 7:30:07 PM",Manual Workout,0.43,5.07,,133.0,157.0,0.43,5.07,,133.0,157.0,0.0,59.0,,,,,,,,,,,,,,,,False,False,False,False,False,False
"Jan 19, 2026, 5:56:38 PM",Easier progression- 4000ft @ 11%,7.01,92.77,13.23,154.0,170.0,7.01,92.77,13.23,154.0,170.0,1232.8,1400.0,,,,,,,,,,,,,,,,False,False,False,True,False,False
"Jan 17, 2026, 5:27:24 PM",Morning Run,11.59,139.57,12.04,143.0,163,11.77,138.82,11.79,143.0,163.0,937.4,1832.0,11.59,139.57,12.04,143.0,163,88,0.4,25.5,39.8,34.3,0.0,0,0,,,False,False,False,True,False,False
"Jan 16, 2026, 8:20:47 PM",Lunch Run,6.36,58.05,9.13,132.6,145,6.36,57.98,9.12,132.0,145.0,42.2,704.0,6.36,58.05,9.13,132.6,145,92,0.7,48.1,51.2,0.0,0.0,0,0,,,False,False,False,True,False,False
"Jan 15, 2026, 4:03:43 PM",Morning Run,17.8,140.4,7.89,157.6,176,17.92,140.17,7.82,158.0,176.0,131.2,2052.0,17.8,140.4,7.89,157.6,176,78,0.3,3.7,28.9,51.5,15.6,0,0,,,True,True,False,False,False,False
"Jan 13, 2026, 7:22:01 PM",🇳🇴 4 x 4 @ 90% max HR,8.03,65.93,8.21,152.1,183,8.03,65.75,8.19,152.0,183.0,59.6,939.0,8.03,65.93,8.21,152.1,183,83,0.4,18.8,35.2,25.1,20.5,0,0,,,False,False,False,False,False,False
"Jan 12, 2026, 10:08:00 PM",Progression z3 - 11% (4000 ft),7.0,90.28,12.9,160.0,173.0,7.0,90.28,12.9,160.0,173.0,1230.7,1395.0,,,,,,,,,,,,,,,,False,False,False,True,False,False
"Jan 11, 2026, 5:07:30 PM",60 miles/10 k feet,4.09,73.68,18.02,112.6,144,4.09,66.18,16.18,112.0,144.0,378.4,628.0,4.09,73.68,18.02,112.6,144,66,51.9,43.0,5.1,0.0,0.0,0,0,,,False,False,False,True,False,False
"Jan 10, 2026, 9:55:42 PM",Easy LR: ZERO nutrition,14.74,179.37,12.17,146.2,168,14.92,178.2,11.94,146.0,168.0,1229.4,2397.0,14.74,179.37,12.17,146.2,168,92,0.2,22.4,33.9,43.5,0.0,0,0,,,False,False,False,True,False,False
"Jan 9, 2026, 8:08:53 PM",Lunch Run,6.38,61.87,9.69,125.6,136,6.39,61.82,9.67,126.0,136.0,41.8,698.0,6.38,61.87,9.69,125.6,136,88,1.3,94.4,4.3,0.0,0.0,0,0,,,False,False,False,True,False,False
"Jan 8, 2026, 4:15:27 PM",LR: I’m back 😄🙌,16.03,125.93,7.86,157.5,176,16.14,124.5,7.71,158.0,176.0,107.6,1835.0,16.03,125.93,7.86,157.5,176,68,0.5,4.7,26.6,50.5,17.8,0,0,,,True,True,False,False,False,False
"Jan 7, 2026, 4:22:08 PM",Morning Run,5.01,45.8,9.13,129.7,153,5.02,45.25,9.01,130.0,153.0,37.0,559.0,5.01,45.8,9.13,129.7,153,78,4.5,46.5,48.4,0.6,0.0,0,0,,,False,False,False,True,False,False
"Jan 6, 2026, 4:27:16 PM",Easy,8.03,71.9,8.96,134.4,149,8.03,71.7,8.93,135.0,149.0,59.8,891.0,8.03,71.9,8.96,134.4,149,74,4.1,27.3,68.6,0.0,0.0,0,0,,,False,False,False,False,False,False
"Jan 5, 2026, 10:06:07 PM",CD,0.39,5.03,,129.0,145.0,0.39,5.03,,129.0,145.0,0.0,55.0,,,,,,,,,,,,,,,,False,False,False,False,False,False
"Jan 5, 2026, 8:34:19 PM",Progression @ 10% - 3700ft,7.01,91.2,13.01,154.0,173.0,7.01,91.2,13.01,154.0,173.0,1121.8,1359.0,,,,,,,,,,,,,,,,False,False,False,True,False,False
"Jan 3, 2026, 5:48:46 PM",Storm meets Fire 😄,18.53,222.52,12.01,148.2,165,18.68,213.2,11.41,149.0,165.0,1749.0,2505.0,18.53,222.52,12.01,148.2,165,82,0.2,7.3,53.0,39.5,0.0,0,0,175.4,0.117,True,False,False,True,False,False
"Jan 2, 2026, 11:29:51 PM",Afternoon Run,5.05,46.15,9.14,132.2,149,5.05,46.08,9.12,132.0,149.0,74.0,578.0,5.05,46.15,9.14,132.2,149,90,1.0,57.1,42.0,0.0,0.0,0,0,,,False,False,False,True,False,False
"Jan 1, 2026, 9:28:57 PM",Easy,10.05,95.38,9.49,128.8,137,10.06,95.32,9.48,129.0,137.0,78.0,1105.0,10.05,95.38,9.49,128.8,137,73,2.0,70.3,27.6,0.0,0.0,0,0,,,False,False,False,True,False,False
"Dec 31, 2025, 5:29:27 PM",z2//z3: 9 miles @ 15% - 7000 ft,9.01,154.42,17.14,157.0,166.0,9.01,154.42,17.14,157.0,166.0,2142.9,2231.0,,,,,,,,,,,,,,,,False,False,False,True,False,False
"Dec 25, 2025, 11:34:41 PM",Afternoon Run,3.8,47.8,12.57,126.7,148,3.8,47.4,12.47,126.0,148.0,234.2,550.0,3.8,47.8,12.57,126.7,148,99,3.8,69.7,26.5,0.0,0.0,0,0,,,False,False,False,True,False,False
"Dec 25, 2025, 10:54:31 PM",Afternoon Run,1.82,39.77,21.86,96.8,116,1.78,31.35,17.61,100.0,116.0,138.8,264.0,1.82,39.77,21.86,96.8,116,64,97.8,2.2,0.0,0.0,0.0,0,0,,,False,False,False,True,False,False
"Dec 23, 2025, 5:36:00 PM",My best ultra distance ☄️,30.02,338.23,11.27,145.1,170,30.02,334.52,11.14,145.0,170.0,1660.2,4490.0,30.02,338.23,11.27,145.1,170,95,0.2,3.5,77.7,18.7,0.0,0,0,,,True,False,False,True,False,False
"Dec 22, 2025, 8:21:47 PM",Lunch Run,3.74,35.28,9.43,127.3,135,3.74,35.22,9.42,127.0,135.0,32.0,407.0,3.74,35.28,9.43,127.3,135,73,1.7,90.5,7.8,0.0,0.0,0,0,,,False,False,False,True,False,False
"Dec 21, 2025, 5:27:22 PM",Morning Run,8.01,60.2,7.52,162.6,176,8.01,60.13,7.51,163.0,176.0,60.8,922.0,8.01,60.2,7.52,162.6,176,116,0.0,4.7,11.4,47.4,36.6,0,0,,,False,True,False,False,False,False
"Dec 20, 2025, 5:43:39 PM",Morning Run,8.48,118.97,14.02,109.7,134,8.49,117.92,13.89,110.0,134.0,466.2,1113.0,8.48,118.97,14.02,109.7,134,76,67.3,32.6,0.1,0.0,0.0,0,0,,,False,False,False,True,False,False
"Dec 19, 2025, 10:41:25 PM",Afternoon Run,8.02,72.45,9.03,127.8,138,8.02,72.37,9.02,128.0,138.0,63.6,878.0,8.02,72.45,9.03,127.8,138,73,1.2,71.6,27.2,0.0,0.0,0,0,,,False,False,False,True,False,False
"Dec 18, 2025, 11:35:50 PM",Golden Hour,11.69,127.12,10.87,156.0,180,11.7,125.6,10.74,155.0,180.0,938.2,1882.0,11.69,127.12,10.87,156.0,180,88,0.2,2.1,36.7,46.4,14.6,0,0,,,False,False,False,True,False,False
"Dec 17, 2025, 8:20:35 PM",Lunch Run,8.04,70.2,8.73,137.5,153,8.05,70.15,8.71,138.0,153.0,63.2,889.0,8.04,70.2,8.73,137.5,153,83,1.0,29.4,68.7,1.0,0.0,0,0,,,False,False,False,False,False,False
"Dec 17, 2025, 3:10:00 AM",z2//z3 - 4000ft @ 12.6%,6.02,90.1,14.97,,,6.02,90.1,14.97,,,1220.7,891.0,,,,,,,,,,,,,,,,False,False,False,True,False,False
"Dec 16, 2025, 6:23:50 PM",CD,0.3,3.6,,132.0,145.0,0.3,3.6,,132.0,145.0,0.0,44.0,,,,,,,,,,,,,,,,False,False,False,False,False,False
"Dec 15, 2025, 8:26:22 PM",Lunch Run,8.03,72.72,9.05,131.7,142,8.03,71.63,8.92,132.0,142.0,58.8,884.0,8.03,72.72,9.05,131.7,142,81,0.8,49.9,49.3,0.0,0.0,0,0,,,False,False,False,True,False,False
"Dec 14, 2025, 5:14:09 PM",Morning Run,9.48,110.92,11.7,145.1,167,9.48,109.98,11.6,144.0,167.0,719.6,1468.0,9.48,110.92,11.7,145.1,167,72,0.7,16.5,46.4,36.5,0.0,0,0,,,False,False,False,True,False,False
"Dec 13, 2025, 5:52:55 PM",Morning Run,8.04,73.02,9.08,128.3,139,8.04,72.97,9.08,128.0,139.0,62.2,883.0,8.04,73.02,9.08,128.3,139,63,1.4,59.7,38.9,0.0,0.0,0,0,,,False,False,False,True,False,False
"Dec 11, 2025, 4:25:28 PM",z1//z2 - 2300 ft @10%,4.58,68.8,15.02,133.0,141.0,4.58,68.8,15.02,133.0,141.0,701.9,970.0,,,,,,,,,,,,,,,,False,False,False,True,False,False
"Dec 10, 2025, 4:24:13 PM",Morning Run,8.03,69.63,8.68,135.2,170,8.03,69.57,8.66,135.0,170.0,59.0,890.0,8.03,69.63,8.68,135.2,170,72,2.2,33.8,53.2,10.8,0.0,0,0,,,False,False,False,False,False,False
"Dec 9, 2025, 8:32:00 PM",Z1 - 1600Ft @ 6%,5.1,60.12,11.79,130.0,139.0,5.1,60.12,11.79,130.0,139.0,488.2,926.0,,,,,,,,,,,,,,,,False,False,False,True,False,False
"Dec 8, 2025, 8:45:36 PM",Lunch Run,6.34,58.97,9.31,127.9,136,6.34,58.88,9.29,128.0,136.0,44.0,692.0,6.34,58.97,9.31,127.9,136,76,0.6,84.8,14.6,0.0,0.0,0,0,,,False,False,False,True,False,False
"Dec 6, 2025, 5:44:50 PM",Morning Run,7.35,107.25,14.6,110.9,152,7.35,104.65,14.24,111.0,152.0,420.6,962.0,7.35,107.25,14.6,110.9,152,79,65.6,32.0,2.4,0.0,0.0,0,0,,,False,False,False,True,False,False
"Dec 5, 2025, 8:56:37 PM",Strength intervals - 1500ft @30%,1.0,25.53,25.53,161.0,175.0,1.0,25.53,25.53,161.0,175.0,457.9,448.0,,,,,,,,,,,,,,,,False,False,False,True,False,False
"Dec 4, 2025, 3:51:12 PM",Morning Run,13.05,124.77,9.56,151.9,168,13.1,124.53,9.51,152.0,168.0,701.2,1783.0,13.05,124.77,9.56,151.9,168,94,0.3,7.8,30.7,61.2,0.0,0,0,,,False,False,False,True,False,False
"Dec 3, 2025, 7:51:32 PM",Lunch Run,7.09,62.08,8.76,139.8,170,7.09,62.03,8.75,140.0,170.0,53.8,803.0,7.09,62.08,8.76,139.8,170,91,0.4,35.9,43.8,19.9,0.0,0,0,,0.003,False,False,False,False,False,False
"Dec 2, 2025, 6:01:41 PM",Manual Workout,0.02,5.05,,129.0,144.0,0.02,5.05,,129.0,144.0,0.0,2.0,,,,,,,,,,,,,,,,False,False,False,False,False,False
"Dec 2, 2025, 4:37:03 PM",Z2//z3 4000ft @13.6%,5.59,83.8,14.99,158.0,167.0,5.59,83.8,14.99,158.0,167.0,1221.0,1429.0,,,,,,,,,,,,,,,,False,False,False,True,False,False
"Nov 30, 2025, 5:51:06 PM",Old Mamalahoa Hwy Scenic Route,6.4,85.12,13.29,123.0,167,6.41,68.15,10.63,127.0,167.0,332.0,817.0,6.4,85.12,13.29,123.0,167,84,28.8,43.2,24.7,3.4,0.0,0,0,,,False,False,False,True,False,False
"Nov 28, 2025, 2:24:51 AM",Kona: Home of Ironman,9.01,91.78,10.19,133.2,167,9.01,82.5,9.16,138.0,167.0,80.2,1001.0,9.01,91.78,10.19,133.2,167,68,19.3,30.6,27.8,22.3,0.0,0,0,,,False,False,False,True,False,False
"Nov 24, 2025, 11:20:47 PM",CD,0.41,5.02,,130.0,157.0,0.41,5.02,,130.0,157.0,0.0,56.0,,,,,,,,,,,,,,,,False,False,False,False,False,False
"Nov 24, 2025, 9:56:01 PM",Z2//z3 - 4000ft @13-14%,5.62,84.38,15.01,160.0,167.0,5.62,84.38,15.01,160.0,167.0,1221.0,1295.0,,,,,,,,,,,,,,,,False,False,False,True,False,False
"Nov 23, 2025, 2:29:26 PM","Remember the name, Qazi Aurangzeb 😀",9.3,126.02,13.55,110.7,136,9.3,123.73,13.3,112.0,136.0,505.2,1199.0,9.3,126.02,13.55,110.7,136,88,63.3,36.1,0.6,0.0,0.0,0,0,,,False,False,False,True,False,False
"Nov 23, 2025, 1:25:52 AM",Afternoon Run,7.04,62.43,8.86,133.0,166,7.04,61.72,8.77,133.0,166.0,49.4,787.0,7.04,62.43,8.86,133.0,166,77,1.0,49.6,41.2,8.2,0.0,0,0,,,False,False,False,False,False,False
"Nov 22, 2025, 12:29:28 AM",Strength - 1000ft @ 25% avg,0.83,18.32,22.07,159.0,173.0,0.83,18.32,22.07,159.0,173.0,305.8,290.0,,,,,,,,,,,,,,,,False,False,False,True,False,False
"Nov 20, 2025, 4:05:24 PM",Morning Run,7.07,54.72,7.74,149.7,163,7.11,53.95,7.59,150.0,163.0,48.4,797.0,7.07,54.72,7.74,149.7,163,79,1.0,6.8,39.3,52.9,0.0,0,0,,,False,True,False,False,False,False
"Nov 19, 2025, 4:25:15 PM",Morning Run,6.34,57.92,9.13,124.0,135,6.35,57.78,9.1,124.0,135.0,39.8,703.0,6.34,57.92,9.13,124.0,135,96,1.5,96.6,2.0,0.0,0.0,0,0,,,False,False,False,True,False,False
"Nov 18, 2025, 4:25:50 PM",Vk - z2//z3 -3280ft @ 11-12%,5.48,76.53,13.97,154.0,166.0,5.48,76.53,13.97,154.0,166.0,1001.4,1113.0,,,,,,,,,,,,,,,,False,False,False,True,False,False
"Nov 17, 2025, 9:36:08 PM",Afternoon Run,6.35,55.38,8.73,133.3,141,6.35,55.33,8.71,133.0,141.0,46.2,705.0,6.35,55.38,8.73,133.3,141,81,0.8,34.3,64.9,0.0,0.0,0,0,,,False,False,False,False,False,False
"Nov 16, 2025, 5:29:24 PM",Morning Run,7.79,107.93,13.85,116.6,178,7.8,105.82,13.57,117.0,178.0,444.8,1049.0,7.79,107.93,13.85,116.6,178,79,44.9,51.2,0.1,2.0,1.9,0,0,,,False,False,False,True,False,False
"Nov 15, 2025, 5:22:52 PM",Trail Run,13.06,128.8,9.86,156.3,176,13.07,128.53,9.83,156.0,176.0,711.6,1840.0,13.06,128.8,9.86,156.3,176,107,0.2,3.1,38.4,44.4,13.9,0,0,,,False,False,False,True,False,False
"Nov 14, 2025, 7:34:15 PM",Lunch Run,6.35,56.17,8.84,140.7,155,6.36,56.08,8.82,141.0,155.0,42.8,706.0,6.35,56.17,8.84,140.7,155,81,0.5,24.0,70.3,5.1,0.0,0,0,,,False,False,False,False,False,False
"Nov 13, 2025, 4:21:45 PM",Z2//z3 - 3000ft @ 10%,5.72,79.95,13.98,156.0,165.0,5.72,79.95,13.98,156.0,165.0,915.7,1117.0,,,,,,,,,,,,,,,,False,False,False,True,False,False
"Nov 12, 2025, 10:13:44 PM",Afternoon Run,7.03,61.67,8.77,140.8,152,7.03,61.6,8.76,141.0,152.0,51.4,782.0,7.03,61.67,8.77,140.8,152,79,0.6,14.3,84.7,0.3,0.0,0,0,,,False,False,False,False,False,False
"Nov 10, 2025, 10:12:43 PM",Manual Workout,4.01,39.95,9.96,123.0,131.0,4.01,39.95,9.96,123.0,131.0,0.0,541.0,,,,,,,,,,,,,,,,False,False,False,True,False,False
"Nov 9, 2025, 3:19:05 PM",Morning Run: 11k vert this week,18.55,234.1,12.62,150.9,175,18.59,234.08,12.59,151.0,175.0,1513.2,3005.0,18.55,234.1,12.62,150.9,175,94,0.3,8.9,39.9,48.3,2.6,0,0,,,True,False,False,True,False,False
"Nov 8, 2025, 2:09:19 PM",Morning Run,8.69,117.05,13.47,113.8,137,8.69,114.98,13.23,114.0,137.0,520.8,1128.0,8.69,117.05,13.47,113.8,137,87,48.4,50.7,0.9,0.0,0.0,0,0,,,False,False,False,True,False,False
"Nov 6, 2025, 7:39:37 PM",Lunch Run,6.2,65.53,10.57,152.5,175,6.2,65.0,10.48,152.0,175.0,401.0,922.0,6.2,65.53,10.57,152.5,175,91,0.6,6.3,38.5,51.9,2.7,0,0,,,False,False,False,True,False,False
"Nov 5, 2025, 4:19:40 PM",Z2//z3 VK (3280ft) @ 13:47 and 10%-11%,5.99,83.62,13.96,157.0,166.0,5.99,83.62,13.96,157.0,166.0,1001.5,1184.0,,,,,,,,,,,,,,,,False,False,False,True,False,False
"Nov 4, 2025, 4:16:39 PM",Morning Run,7.06,59.83,8.48,145.2,169,7.06,59.73,8.46,145.0,169.0,52.2,804.0,7.06,59.83,8.48,145.2,169,92,0.9,12.5,58.8,27.7,0.0,0,0,,,False,False,False,False,False,False
"Nov 3, 2025, 8:47:57 PM",Lunch Run,6.34,54.13,8.54,142.6,161,6.34,54.07,8.53,142.0,161.0,43.8,708.0,6.34,54.13,8.54,142.6,161,82,0.0,8.9,73.6,17.5,0.0,0,0,,,False,False,False,False,False,False
"Nov 2, 2025, 3:27:21 PM","Morning Run: 10,500ft /week",15.67,152.08,9.71,155.2,172,15.67,151.93,9.7,155.0,172.0,886.2,2176.0,15.67,152.08,9.71,155.2,172,108,0.2,4.4,26.5,68.0,0.9,0,0,,,True,False,False,True,False,False
"Nov 1, 2025, 1:55:04 PM",Morning Run,9.26,124.0,13.39,114.0,133,9.26,121.42,13.11,115.0,133.0,507.2,1188.0,9.26,124.0,13.39,114.0,133,94,51.5,48.2,0.3,0.0,0.0,0,0,,,False,False,False,True,False,False
"Oct 31, 2025, 10:09:24 PM",Leg strength -1000ft @ 20%,0.96,17.98,18.73,,,0.96,17.98,18.73,,,306.2,296.0,,,,,,,,,,,,,,,,False,False,False,True,False,False
"Oct 30, 2025, 3:21:36 PM",Morning Run,7.07,64.12,9.07,139.5,163,7.07,64.0,9.05,139.0,163.0,49.6,794.0,7.07,64.12,9.07,139.5,163,73,0.6,19.5,69.3,10.6,0.0,0,0,,,False,False,False,True,False,False
"Oct 29, 2025, 3:22:38 PM",High Z2/low Z3 - 3000ft @ 10%,5.69,81.07,14.25,158.0,167.0,5.69,81.07,14.25,158.0,167.0,916.4,1115.0,,,,,,,,,,,,,,,,False,False,False,True,False,False
"Oct 28, 2025, 8:49:04 PM",40% Hill Climbs - 1707ft,2.06,45.78,22.22,143.0,176.0,2.06,45.78,22.22,143.0,176.0,520.4,548.0,,,,,,,,,,,,,,,,False,False,False,True,False,False
"Oct 27, 2025, 7:48:06 PM",Lunch Run,7.04,62.18,8.83,139.9,152,7.04,62.12,8.82,140.0,152.0,49.4,782.0,7.04,62.18,8.83,139.9,152,84,0.2,10.9,88.8,0.1,0.0,0,0,,,False,False,False,False,False,False
"Oct 26, 2025, 9:30:53 PM",Recovery: 10% - 8200 ft week,2.05,30.03,14.65,136.0,145.0,2.05,30.03,14.65,136.0,145.0,327.3,401.0,,,,,,,,,,,,,,,,False,False,False,True,False,False
"Oct 25, 2025, 7:50:09 PM",Nihari Trail Run,15.7,154.13,9.82,159.4,179,15.7,153.88,9.8,159.0,179.0,885.4,2200.0,15.7,154.13,9.82,159.4,179,97,0.2,1.0,25.3,55.0,18.4,0,0,,,True,False,False,True,False,False
"Oct 25, 2025, 12:11:12 AM",CD,0.25,3.05,,130.0,137.0,0.25,3.05,,130.0,137.0,0.0,34.0,,,,,,,,,,,,,,,,False,False,False,False,False,False
"Oct 24, 2025, 11:25:43 PM",Paradise Bay Intervals and Strength,2.11,42.92,20.34,143.0,184.0,2.11,42.92,20.34,143.0,184.0,493.3,505.0,,,,,,,,,,,,,,,,False,False,False,True,False,False
"Oct 23, 2025, 3:31:10 PM",Morning Run,7.07,61.88,8.75,138.5,151,7.07,61.35,8.68,139.0,151.0,50.8,786.0,7.07,61.88,8.75,138.5,151,84,2.1,18.2,79.7,0.0,0.0,0,0,,,False,False,False,False,False,False
"Oct 22, 2025, 3:16:21 PM",Joy for the next 6 months ❤️🏔️,6.22,66.58,10.71,149.0,172,6.22,66.1,10.63,149.0,172.0,394.4,915.0,6.22,66.58,10.71,149.0,172,80,0.6,12.7,45.6,40.9,0.3,0,0,,,False,False,False,True,False,False
"Oct 21, 2025, 7:02:36 PM",Manual Workout,6.0,61.92,10.32,143.0,149.0,6.0,61.92,10.32,143.0,149.0,321.2,923.0,,,,,,,,,,,,,,,,False,False,False,True,False,False
"Oct 20, 2025, 8:08:09 PM",Nordictrack sucks 😡,6.33,54.72,8.64,142.7,165,6.33,54.63,8.63,143.0,165.0,45.6,699.0,6.33,54.72,8.64,142.7,165,113,0.0,12.7,77.5,9.7,0.0,0,0,,,False,False,False,False,False,False
"Oct 19, 2025, 10:42:12 PM",CD,0.52,5.68,10.92,137.0,152.0,0.52,5.68,10.92,137.0,152.0,0.0,70.0,,,,,,,,,,,,,,,,False,False,False,True,False,False
"Oct 19, 2025, 9:13:55 PM",Z2 VK (10%) dedicated to kids 😍🚀,6.26,87.53,13.98,156.0,165.0,6.26,87.53,13.98,156.0,165.0,1001.5,1222.0,,,,,,,,,,,,,,,,False,False,False,True,False,False
"Oct 19, 2025, 12:33:58 AM",CD,0.5,5.27,,144.0,165.0,0.5,5.27,,144.0,165.0,0.0,64.0,,,,,,,,,,,,,,,,False,False,False,False,False,False
"Oct 19, 2025, 12:13:57 AM",Strength: 20% - 1000 ft,1.0,19.47,19.47,164.0,180.0,1.0,19.47,19.47,164.0,180.0,306.7,300.0,,,,,,,,,,,,,,,,False,False,False,True,False,False
"Oct 17, 2025, 10:09:04 PM",Gorge Waterfalls 100k April 11 🚀💥,5.01,54.83,10.94,154.0,167.0,5.01,54.83,10.94,154.0,167.0,402.1,820.0,,,,,,,,,,,,,,,,False,False,False,True,False,False
"Oct 16, 2025, 8:19:13 PM",Afternoon Run,5.01,45.17,9.01,142.0,159,5.01,45.1,9.0,142.0,159.0,36.4,555.0,5.01,45.17,9.01,142.0,159,85,1.8,15.2,62.2,20.8,0.0,0,0,,,False,False,False,True,False,False
"Oct 12, 2025, 12:46:33 PM",Chicago Marathon 2025 ❤️,26.43,225.18,8.52,159.1,175,26.43,216.55,8.19,160.0,175.0,50.9,3075.0,26.43,225.18,8.52,159.1,175,91,0.1,3.8,9.9,80.5,5.7,0,0,,0.114,True,False,False,False,True,True
"Oct 9, 2025, 8:59:19 PM",Afternoon Run,3.75,28.15,7.52,156.0,176,3.75,28.08,7.49,157.0,176.0,33.8,419.0,3.75,28.15,7.52,156.0,176,83,1.2,9.7,27.0,39.2,22.9,0,0,,,False,True,False,False,False,False
"Oct 8, 2025, 6:37:43 PM",Lunch Run,3.74,28.72,7.67,160.9,180,3.75,28.65,7.64,161.0,180.0,33.6,422.0,3.74,28.72,7.67,160.9,180,73,1.1,2.0,24.0,36.6,36.4,0,0,,,False,True,False,False,False,False
"Oct 6, 2025, 6:59:48 PM",Lunch Run,5.01,39.83,7.95,154.7,172,5.01,39.75,7.93,153.0,172.0,38.6,557.0,5.01,39.83,7.95,154.7,172,111,0.3,4.6,20.9,71.0,3.2,0,0,,,False,True,False,False,False,False
"Oct 4, 2025, 1:37:44 PM",Morning Run,8.11,113.7,14.01,108.4,127,8.11,110.28,13.6,109.0,127.0,464.6,1042.0,8.11,113.7,14.01,108.4,127,83,76.7,23.3,0.0,0.0,0.0,0,0,,,False,False,False,True,False,False
"Oct 3, 2025, 6:52:25 PM",Lunch Run,6.34,54.15,8.54,150.3,168,6.34,54.07,8.53,150.0,168.0,45.4,710.0,6.34,54.15,8.54,150.3,168,82,0.6,9.4,46.9,43.2,0.0,0,0,,,False,False,False,False,False,False
"Oct 2, 2025, 7:35:11 PM",Lunch Run,6.36,49.88,7.85,162.6,181,6.36,49.82,7.83,162.0,181.0,42.0,726.0,6.36,49.88,7.85,162.6,181,107,0.2,2.4,19.3,44.0,34.1,0,0,,,False,True,False,False,False,False
"Sep 30, 2025, 2:08:46 PM",Morning Run,10.13,90.62,8.95,136.2,156,10.13,87.92,8.68,137.0,156.0,77.0,1113.0,10.13,90.62,8.95,136.2,156,76,2.4,23.5,68.8,5.3,0.0,0,0,,,False,False,False,False,False,False
"Sep 28, 2025, 1:48:17 PM",Morning Run,10.14,136.12,13.42,108.7,124,10.14,133.87,13.2,110.0,124.0,529.6,1256.0,10.14,136.12,13.42,108.7,124,77,76.9,23.1,0.0,0.0,0.0,0,0,,,False,False,False,True,False,False
"Sep 27, 2025, 1:40:34 PM",Ayaana’s LR,10.22,141.73,13.86,108.6,124,10.23,139.78,13.66,109.0,124.0,531.6,1282.0,10.22,141.73,13.86,108.6,124,83,83.4,16.6,0.0,0.0,0.0,0,0,,,False,False,False,True,False,False
"Sep 25, 2025, 2:17:13 PM",Morning Run: End of Training 😀,20.01,169.08,8.45,159.2,179,20.12,166.48,8.27,159.0,179.0,152.4,2384.0,20.01,169.08,8.45,159.2,179,75,0.3,7.2,17.6,45.0,29.9,0,0,,,True,False,False,False,False,False
"Sep 23, 2025, 3:17:02 PM",6 x 4min @ 6:19,8.21,70.15,8.54,149.0,181.0,8.21,70.15,8.54,149.0,181.0,0.0,1083.0,,,,,,,,,,,,,,,,False,False,False,False,False,False
"Sep 22, 2025, 7:56:52 PM",Manual Workout,6.22,60.2,9.68,127.0,133.0,6.22,60.2,9.68,127.0,133.0,0.0,838.0,,,,,,,,,,,,,,,,False,False,False,True,False,False
"Sep 21, 2025, 2:57:06 PM",Reborn: Flood of PRs 😂,10.14,112.4,11.09,155.1,178,10.14,108.83,10.73,156.0,178.0,810.0,1595.0,10.14,112.4,11.09,155.1,178,94,1.3,4.7,30.1,49.5,14.3,0,0,,,False,False,False,True,False,False
"Sep 20, 2025, 1:19:08 PM",Ayaana’s 2nd LR,10.2,156.95,15.39,103.3,125,10.2,150.65,14.77,104.0,125.0,536.2,1291.0,10.2,156.95,15.39,103.3,125,82,89.1,10.9,0.0,0.0,0.0,0,0,,,False,False,False,True,False,False
"Sep 19, 2025, 9:23:27 PM",Manual Workout,6.22,60.2,9.68,127.0,137.0,6.22,60.2,9.68,127.0,137.0,0.0,838.0,,,,,,,,,,,,,,,,False,False,False,True,False,False
"Sep 18, 2025, 1:56:59 PM",Morning Run: Sodium games 😀,18.02,150.48,8.35,159.2,181,18.13,147.32,8.13,159.0,181.0,135.0,2131.0,18.02,150.48,8.35,159.2,181,84,0.1,8.4,12.2,53.4,25.9,0,0,,,True,False,False,False,False,False
"Sep 16, 2025, 3:23:10 PM",4 x 1 mile,8.14,68.12,8.37,152.0,182.0,8.14,68.12,8.37,152.0,182.0,0.0,1083.0,,,,,,,,,,,,,,,,False,False,False,False,False,False
"Sep 15, 2025, 7:19:55 PM",Manual Workout,6.43,60.15,9.35,130.0,137.0,6.43,60.15,9.35,130.0,137.0,0.0,863.0,,,,,,,,,,,,,,,,False,False,False,True,False,False
"Sep 14, 2025, 1:15:36 PM",Morning Run: Loved it 😍,11.48,123.33,10.75,135.9,178,11.48,121.75,10.61,139.0,178.0,602.4,1515.0,11.48,123.33,10.75,135.9,178,72,31.5,14.6,21.7,22.8,9.4,0,0,,,False,False,False,True,False,False
"Sep 13, 2025, 4:12:36 PM",Morning Run,7.23,80.52,11.14,132.6,176,7.23,79.13,10.94,134.0,176.0,219.4,888.0,7.23,80.52,11.14,132.6,176,100,1.6,46.0,50.8,0.2,1.3,0,0,,,False,False,False,True,False,False
"Sep 11, 2025, 2:14:05 PM",Morning Run,17.91,158.87,8.87,158.5,182,17.91,156.58,8.74,159.0,182.0,112.0,2107.0,17.91,158.87,8.87,158.5,182,86,0.4,8.4,17.0,42.8,31.4,0,0,,,True,False,False,False,False,False
"Sep 9, 2025, 2:19:07 PM",6 x 1km,7.23,70.75,9.79,145.8,182,7.23,59.33,8.21,149.0,182.0,52.0,823.0,7.23,70.75,9.79,145.8,182,102,3.7,30.8,28.3,14.3,22.8,0,0,,,False,False,False,True,False,False
"Sep 8, 2025, 8:19:09 PM",Manual Workout,6.23,58.77,9.43,125.0,132.0,6.23,58.77,9.43,125.0,132.0,0.0,837.0,,,,,,,,,,,,,,,,False,False,False,True,False,False
"Sep 7, 2025, 1:14:59 PM",Date Run,10.99,149.1,13.57,115.3,177,11.04,145.22,13.15,115.0,177.0,579.0,1349.0,10.99,149.1,13.57,115.3,177,95,49.4,45.9,3.2,1.6,0.0,0,0,,,False,False,False,True,False,False
"Sep 6, 2025, 1:20:11 PM",Ayaana’s first LR Training,10.18,154.43,15.18,107.1,127,10.18,148.62,14.6,108.0,127.0,538.0,1276.0,10.18,154.43,15.18,107.1,127,84,78.0,22.0,0.0,0.0,0.0,0,0,,,False,False,False,True,False,False
"Sep 5, 2025, 7:12:32 PM",Trail,6.2,72.43,11.69,150.6,171,6.2,71.58,11.55,150.0,171.0,399.8,941.0,6.2,72.43,11.69,150.6,171,101,0.4,9.1,39.5,50.9,0.1,0,0,,,False,False,False,True,False,False
"Sep 4, 2025, 2:08:43 PM",Morning Run,17.16,145.1,8.46,160.0,184,17.24,141.17,8.19,160.0,184.0,133.6,2052.0,17.16,145.1,8.46,160.0,184,69,0.3,10.6,11.7,45.4,32.0,0,0,,0.035,True,False,False,False,False,False
"Sep 2, 2025, 2:07:07 PM",4 x 1 mile,8.11,74.83,9.23,148.1,179,8.11,65.67,8.1,151.0,179.0,68.8,929.0,8.11,74.83,9.23,148.1,179,81,3.0,25.9,33.3,12.4,25.4,0,0,,,False,False,False,True,False,False
"Sep 1, 2025, 5:12:29 PM",Morning Run,7.11,64.25,9.04,139.5,164,7.12,64.18,9.01,140.0,164.0,51.8,795.0,7.11,64.25,9.04,139.5,164,105,0.5,24.4,63.9,11.2,0.0,0,0,,,False,False,False,True,False,False
"Aug 31, 2025, 8:52:28 PM",Afternoon Run,8.01,72.03,8.99,138.0,148.0,8.01,72.03,8.99,138.0,148.0,0.0,732.0,,,,,,,,,,,,,,,,False,False,False,False,False,False
"Aug 30, 2025, 1:12:24 PM",Morning Run,8.11,113.62,14.0,111.4,128,8.11,111.78,13.78,112.0,128.0,466.8,1053.0,8.11,113.62,14.0,111.4,128,94,62.0,38.0,0.0,0.0,0.0,0,0,,,False,False,False,True,False,False
"Aug 29, 2025, 2:02:21 PM",Morning Run,15.55,132.12,8.49,158.2,180,15.55,130.77,8.41,159.0,180.0,112.0,1890.0,15.55,132.12,8.49,158.2,180,83,1.1,15.2,6.6,48.3,29.0,0,0,,,True,False,False,False,False,False
"Aug 27, 2025, 3:23:06 PM",4 x 1 mile @ 6:35,6.55,52.47,8.01,152.0,185.0,6.55,52.47,8.01,152.0,185.0,0.0,868.0,,,,,,,,,,,,,,,,False,False,False,False,False,False
"Aug 26, 2025, 3:03:34 PM",Morning Run,6.39,62.75,9.81,123.9,138,6.42,62.18,9.69,124.0,138.0,46.6,700.0,6.39,62.75,9.81,123.9,138,81,2.8,92.5,4.7,0.0,0.0,0,0,,,False,False,False,True,False,False
"Aug 26, 2025, 1:48:04 AM",Manual Workout,0.55,12.0,21.82,111.0,128.0,0.55,12.0,21.82,111.0,128.0,67.6,96.0,,,,,,,,,,,,,,,,False,False,False,True,False,False
"Aug 25, 2025, 8:38:32 PM",Manual Workout,5.02,48.73,9.71,124.0,135.0,5.02,48.73,9.71,124.0,135.0,0.0,674.0,,,,,,,,,,,,,,,,False,False,False,True,False,False
"Aug 24, 2025, 1:29:37 PM",Mount Umunhum,24.45,298.52,12.21,148.0,175,24.45,291.9,11.94,148.0,175.0,1470.6,3702.0,24.45,298.52,12.21,148.0,175,96,0.1,3.8,60.5,35.6,0.0,0,0,,,True,False,False,True,False,False
"Aug 22, 2025, 8:29:27 PM",4 x 1km,5.06,40.68,8.04,154.0,188.0,5.06,40.68,8.04,154.0,188.0,0.0,671.0,,,,,,,,,,,,,,,,False,False,False,False,False,False
"Aug 20, 2025, 2:41:53 PM",Morning Run,13.53,117.9,8.71,152.1,173,13.54,117.18,8.65,152.0,173.0,95.4,1611.0,13.53,117.9,8.71,152.1,173,96,0.7,16.9,15.3,62.6,4.5,0,0,,,False,False,False,False,False,False
"Aug 19, 2025, 6:55:46 PM",Lunch Run,6.39,60.33,9.44,128.3,143,6.4,60.28,9.42,128.0,143.0,48.0,704.0,6.39,60.33,9.44,128.3,143,96,3.0,56.1,40.9,0.0,0.0,0,0,,,False,False,False,True,False,False
"Aug 18, 2025, 7:15:55 PM",Lunch Run,5.01,48.68,9.71,126.8,142,5.01,48.62,9.7,127.0,142.0,41.4,550.0,5.01,48.68,9.71,126.8,142,74,2.1,69.1,28.8,0.0,0.0,0,0,,,False,False,False,True,False,False
"Aug 16, 2025, 2:30:13 PM",Tamalpa Headlands 50k,29.92,528.03,17.65,124.0,147,29.89,489.67,16.38,124.0,147.0,2073.2,4566.0,29.92,528.03,17.65,124.0,147,78,12.3,74.3,13.5,0.0,0.0,0,0,,,True,False,False,True,False,False
"Aug 15, 2025, 6:46:36 PM",Shakeout,3.77,36.27,9.62,141.4,155,3.77,36.2,9.6,141.0,155.0,37.2,452.0,3.77,36.27,9.62,141.4,155,88,0.7,19.7,73.9,5.7,0.0,0,0,,,False,False,False,True,False,False
"Aug 12, 2025, 6:47:43 PM",Progression,11.01,92.6,8.41,148.0,180.0,11.01,92.6,8.41,148.0,180.0,0.0,1465.0,,,,,,,,,,,,,,,,False,False,False,False,False,False
"Aug 9, 2025, 4:23:16 PM",Mailbox Peak Descent,6.3,101.2,16.07,131.0,174,5.61,63.28,11.28,143.0,174.0,16.6,671.0,6.3,101.2,16.07,131.0,174,92,34.5,18.7,20.3,25.3,1.2,0,0,,0.594,False,False,False,True,False,False
"Aug 9, 2025, 2:25:53 PM",Mailbox Peak Ascent,3.07,105.08,34.26,145.5,166,3.06,86.45,28.25,144.0,166.0,1239.2,1132.0,3.07,105.08,34.26,145.5,166,67,5.7,7.6,40.2,46.5,0.0,0,0,,,False,False,False,True,False,False
"Aug 7, 2025, 6:50:56 PM",Long Run,13.12,106.63,8.13,155.0,184.0,13.12,106.63,8.13,155.0,184.0,0.0,1741.0,,,,,,,,,,,,,,,,False,False,False,False,False,False
"Aug 6, 2025, 12:25:42 PM",Morning Run,10.81,143.82,13.31,123.6,187,10.79,143.32,13.28,130.0,187.0,710.4,1425.0,10.81,143.82,13.31,123.6,187,90,43.8,37.8,1.7,5.1,11.7,0,0,,,False,False,False,True,False,False
"Aug 2, 2025, 1:23:16 PM",Morning Run,4.29,48.07,11.2,121.5,157,4.29,44.48,10.37,123.0,157.0,86.0,494.0,4.29,48.07,11.2,121.5,157,86,37.5,36.5,22.9,3.1,0.0,0,0,,,False,False,False,True,False,False
"Jul 31, 2025, 12:54:23 PM",Yellowstone!!,3.25,37.1,11.41,113.8,125,3.26,36.78,11.28,114.0,125.0,76.2,367.0,3.25,37.1,11.41,113.8,125,81,35.2,64.8,0.0,0.0,0.0,0,0,,,False,False,False,True,False,False
"Jul 29, 2025, 2:22:43 AM",Night Trail Run,0.73,10.38,14.22,,,0.73,10.38,14.22,,,14.3,110.0,,,,,,,,,,,,,,,,False,False,False,True,False,False
"Jul 28, 2025, 3:17:32 PM",Morning Run,5.02,51.67,10.29,126.2,136,5.02,46.8,9.32,128.0,136.0,41.0,554.0,5.02,51.67,10.29,126.2,136,75,9.2,66.3,24.5,0.0,0.0,0,0,,,False,False,False,True,False,False
"Jul 27, 2025, 6:25:45 PM",Jackson: Run,5.68,60.72,10.7,140.3,155,5.68,55.27,9.73,142.0,155.0,39.2,659.0,5.68,60.72,10.7,140.3,155,83,4.0,12.3,76.0,7.8,0.0,0,0,,0.007,False,False,False,True,False,False
"Jul 24, 2025, 6:28:17 PM",Lunch Run,7.14,66.6,9.33,136.8,149,7.11,65.8,9.25,137.0,149.0,52.2,794.0,7.14,66.6,9.33,136.8,149,72,0.7,25.9,73.4,0.0,0.0,0,0,,,False,False,False,True,False,False
"Jul 23, 2025, 12:15:12 PM",Shehla Sierra Azul Trained ✅,13.72,227.75,16.6,121.4,176,13.79,227.73,16.51,122.0,176.0,1172.6,2115.0,13.72,227.75,16.6,121.4,176,75,14.1,77.7,8.1,0.0,0.0,0,0,,0.053,False,False,False,True,False,False
"Jul 22, 2025, 6:37:24 PM",Progression,6.34,50.32,7.94,158.6,179,6.34,50.23,7.92,158.0,179.0,47.0,726.0,6.34,50.32,7.94,158.6,179,86,0.5,4.5,24.2,47.3,23.5,0,0,,,False,True,False,False,False,False
"Jul 21, 2025, 5:46:14 PM",Morning Run,8.06,77.42,9.6,131.3,148,8.06,77.05,9.56,131.0,148.0,66.4,896.0,8.06,77.42,9.6,131.3,148,82,5.0,40.5,54.5,0.0,0.0,0,0,,,False,False,False,True,False,False
"Jul 20, 2025, 7:47:58 PM",Almost mile repeats 😅,6.6,51.87,7.86,152.0,178.0,6.6,51.87,7.86,152.0,178.0,0.0,873.0,,,,,,,,,,,,,,,,False,True,False,False,False,False
"Jul 19, 2025, 12:43:10 PM",Double Day: Hay is in the barn,7.91,122.68,15.51,115.8,144,7.91,117.45,14.85,115.0,144.0,652.2,1133.0,7.91,122.68,15.51,115.8,144,78,44.4,52.1,3.5,0.0,0.0,0,0,,,False,False,False,True,False,False
"Jul 18, 2025, 11:36:40 AM",Morning Run,16.04,211.8,13.2,120.7,158,16.05,209.25,13.04,121.0,158.0,919.6,2156.0,16.04,211.8,13.2,120.7,158,88,21.4,69.7,8.1,0.8,0.0,0,0,,,True,False,False,True,False,False
"Jul 17, 2025, 7:58:27 PM",Manual Workout,5.01,49.47,9.87,120.0,128.0,5.01,49.47,9.87,120.0,128.0,0.0,677.0,,,,,,,,,,,,,,,,False,False,False,True,False,False
"Jul 16, 2025, 2:34:38 PM",Morning Run,15.53,130.43,8.4,156.9,183,15.53,130.18,8.38,157.0,183.0,120.6,1882.0,15.53,130.43,8.4,156.9,183,96,0.1,9.2,14.4,55.7,20.5,0,0,,,True,False,False,False,False,False
"Jul 15, 2025, 3:18:47 PM",Morning Run,6.38,62.87,9.86,122.6,132,6.38,62.8,9.84,123.0,132.0,46.8,697.0,6.38,62.87,9.86,122.6,132,73,2.0,98.0,0.0,0.0,0.0,0,0,,,False,False,False,True,False,False
"Jul 14, 2025, 7:30:56 PM",Chicago Prep: 8 x 800m,7.01,55.23,7.88,156.0,183.0,7.01,55.23,7.88,156.0,183.0,0.0,928.0,,,,,,,,,,,,,,,,False,True,False,False,False,False
"Jul 14, 2025, 7:04:31 PM",Manual Workout,1.11,10.5,9.46,121.0,133.0,1.11,10.5,9.46,121.0,133.0,0.0,149.0,,,,,,,,,,,,,,,,False,False,False,True,False,False
"Jul 14, 2025, 12:19:02 AM",Manual Workout,5.01,47.8,9.54,130.0,136.0,5.01,47.8,9.54,130.0,136.0,0.0,674.0,,,,,,,,,,,,,,,,False,False,False,True,False,False
"Jul 11, 2025, 11:34:40 AM",Morning Run,15.22,198.5,13.04,124.8,147,15.22,188.83,12.41,125.0,147.0,775.8,2054.0,15.22,198.5,13.04,124.8,147,76,8.6,75.9,15.5,0.0,0.0,0,0,,,True,False,False,True,False,False
"Jul 10, 2025, 3:18:55 PM",Morning Run,6.27,59.37,9.47,136.2,152,6.27,59.32,9.46,136.0,152.0,37.0,713.0,6.27,59.37,9.47,136.2,152,114,0.0,31.5,68.2,0.3,0.0,0,0,,,False,False,False,True,False,False
"Jul 9, 2025, 2:26:12 PM",Kickoff: Chicago Marathon Training,15.6,130.47,8.36,163.3,185,15.6,128.32,8.23,163.0,185.0,114.4,1935.0,15.6,130.47,8.36,163.3,185,76,0.3,8.9,12.5,38.2,40.2,0,0,,,True,False,False,False,False,False
"Jul 8, 2025, 9:06:25 PM",Manual Workout,6.65,60.05,9.03,134.0,144.0,6.65,60.05,9.03,134.0,144.0,0.0,890.0,,,,,,,,,,,,,,,,False,False,False,True,False,False
"Jul 7, 2025, 6:43:06 PM",Lunch Run,8.02,69.55,8.67,151.6,183,8.02,69.47,8.66,151.0,183.0,57.6,950.0,8.02,69.55,8.67,151.6,183,115,0.0,6.9,56.2,24.7,12.2,0,0,,,False,False,False,False,False,False
"Jul 6, 2025, 7:12:54 PM",Manual Workout,5.02,40.75,8.12,151.0,175.0,5.02,40.75,8.12,151.0,175.0,0.0,666.0,,,,,,,,,,,,,,,,False,False,False,False,False,False
"Jul 5, 2025, 11:49:59 AM",Shehla’s Longest 🚀💥,15.7,201.6,12.84,120.0,147,15.7,198.33,12.63,120.0,147.0,785.0,2059.0,15.7,201.6,12.84,120.0,147,78,17.8,77.4,4.8,0.0,0.0,0,0,,,True,False,False,True,False,False
"Jul 3, 2025, 3:14:07 PM",Morning Run,7.04,67.48,9.58,133.2,146,7.04,67.43,9.58,133.0,146.0,47.8,780.0,7.04,67.48,9.58,133.2,146,104,1.1,40.2,58.7,0.0,0.0,0,0,,,False,False,False,True,False,False
"Jul 2, 2025, 2:32:09 PM",Morning Run,13.29,140.13,10.54,154.8,178,13.29,139.88,10.53,154.0,178.0,708.2,1990.0,13.29,140.13,10.54,154.8,178,88,0.2,2.0,33.8,61.1,2.9,0,0,,,False,False,False,True,False,False
"Jul 1, 2025, 9:10:54 PM",Manual Workout,7.01,65.02,9.28,138.0,148.0,7.01,65.02,9.28,138.0,148.0,0.0,941.0,,,,,,,,,,,,,,,,False,False,False,True,False,False
"Jun 30, 2025, 10:30:07 PM",Manual Workout,7.01,66.73,9.52,130.0,143.0,7.01,66.73,9.52,130.0,143.0,0.0,943.0,,,,,,,,,,,,,,,,False,False,False,True,False,False
"Jun 29, 2025, 10:21:02 PM",Western States 100: What a weekend! 🚀💥🎉,5.3,50.57,9.54,130.0,140.0,5.3,50.57,9.54,130.0,140.0,0.0,713.0,,,,,,,,,,,,,,,,False,False,False,True,False,False
"Jun 29, 2025, 2:17:11 AM",“Pacing” Kilian @ Western States 🔥🚀🤯,0.5,3.58,,162.0,193,0.4,2.05,,156.0,156.0,0.0,55.0,0.5,3.58,,162.0,193,146,0.0,0.0,42.9,28.6,28.6,0,0,,0.091,False,False,False,False,False,False
"Jun 27, 2025, 12:00:54 PM",Morning Run,13.14,172.32,13.12,114.5,135,13.14,169.77,12.92,114.0,135.0,711.2,1762.0,13.14,172.32,13.12,114.5,135,72,44.3,55.5,0.1,0.0,0.0,0,0,,,False,False,False,True,False,False
"Jun 26, 2025, 10:02:47 PM",Manual Workout,1.01,19.2,19.01,,,1.01,19.2,19.01,,,0.0,87.0,,,,,,,,,,,,,,,,False,False,False,True,False,False
"Jun 26, 2025, 3:06:50 PM",Morning Run,7.08,66.3,9.37,126.2,140,7.08,66.2,9.35,126.0,140.0,51.0,775.0,7.08,66.3,9.37,126.2,140,73,2.4,85.2,12.4,0.0,0.0,0,0,,,False,False,False,True,False,False
"Jun 25, 2025, 3:02:40 PM",Morning Run,8.07,72.98,9.04,136.1,150,8.08,72.93,9.03,136.0,150.0,61.4,892.0,8.07,72.98,9.04,136.1,150,82,1.9,25.0,73.1,0.0,0.0,0,0,,,False,False,False,True,False,False
"Jun 24, 2025, 2:52:58 PM",Morning Run,8.03,73.37,9.13,137.6,151,8.03,72.78,9.06,138.0,151.0,66.0,885.0,8.03,73.37,9.13,137.6,151,74,0.6,15.9,83.4,0.0,0.0,0,0,,,False,False,False,True,False,False
"Jun 23, 2025, 11:29:41 PM",Manual Workout,7.01,63.77,9.1,135.0,149.0,7.01,63.77,9.1,135.0,149.0,0.0,940.0,,,,,,,,,,,,,,,,False,False,False,True,False,False
"Jun 22, 2025, 6:34:21 PM",Manual Workout,6.22,58.72,9.44,136.0,153.0,6.22,58.72,9.44,136.0,153.0,0.0,836.0,,,,,,,,,,,,,,,,False,False,False,True,False,False
"Jun 20, 2025, 7:26:53 PM",Back! 😀,5.05,47.53,9.42,138.0,161,5.05,47.47,9.4,138.0,161.0,76.2,579.0,5.05,47.53,9.42,138.0,161,71,1.7,25.9,64.3,8.0,0.0,0,0,,,False,False,False,True,False,False
"Jun 11, 2025, 3:06:40 PM",Morning Run,7.08,65.97,9.32,133.1,172,7.08,65.97,9.32,133.0,172.0,50.8,796.0,7.08,65.97,9.32,133.1,172,74,2.5,50.0,35.2,11.8,0.5,0,0,,,False,False,False,True,False,False
"Jun 10, 2025, 9:20:34 PM",Vert - 2200ft,11.01,105.5,9.58,151.0,174.0,11.01,105.5,9.58,151.0,174.0,675.4,1689.0,,,,,,,,,,,,,,,,False,False,False,True,False,False
"Jun 9, 2025, 9:18:22 PM",Manual Workout,6.22,55.92,8.99,127.0,139.0,6.22,55.92,8.99,127.0,139.0,0.0,832.0,,,,,,,,,,,,,,,,False,False,False,False,False,False
"Jun 8, 2025, 12:18:58 PM",Morning Run,10.93,148.03,13.54,115.5,133,10.93,144.07,13.18,116.0,133.0,574.4,1434.0,10.93,148.03,13.54,115.5,133,90,37.0,62.9,0.2,0.0,0.0,0,0,,,False,False,False,True,False,False
"Jun 7, 2025, 6:30:11 PM",Lunch Run,8.05,64.12,7.97,161.9,183,8.05,63.87,7.93,162.0,183.0,58.0,957.0,8.05,64.12,7.97,161.9,183,127,0.0,7.2,8.1,51.2,33.5,0,0,,,False,True,False,False,False,False
"Jun 5, 2025, 7:23:46 PM",Treadmill Vert,10.41,108.3,10.4,152.0,176.0,10.41,108.3,10.4,152.0,176.0,784.0,1659.0,,,,,,,,,,,,,,,,False,False,False,True,False,False
"Jun 4, 2025, 3:54:23 PM",Morning Run,6.38,59.88,9.39,126.7,141,6.38,59.8,9.37,127.0,141.0,47.2,698.0,6.38,59.88,9.39,126.7,141,79,4.4,69.4,26.2,0.0,0.0,0,0,,,False,False,False,True,False,False
"Jun 3, 2025, 3:17:36 PM",Morning Run,8.04,75.48,9.39,127.0,138,8.04,75.43,9.38,127.0,138.0,59.4,877.0,8.04,75.48,9.39,127.0,138,71,0.9,84.5,14.5,0.0,0.0,0,0,,,False,False,False,True,False,False
"Jun 2, 2025, 7:05:23 PM",Lunch Run,7.06,65.97,9.34,129.8,145,7.06,65.92,9.34,130.0,145.0,52.8,770.0,7.06,65.97,9.34,129.8,145,107,0.3,57.9,41.8,0.0,0.0,0,0,,,False,False,False,True,False,False
"Jun 2, 2025, 2:24:48 AM",Manual Workout,0.42,4.28,,137.0,141.0,0.42,4.28,,137.0,141.0,0.0,54.0,,,,,,,,,,,,,,,,False,False,False,False,False,False
"Jun 2, 2025, 2:01:30 AM","Wk 2 Wkt 3 - Wildes Wasser Walk, Schladming, Austria",0.96,21.73,22.64,161.0,176.0,0.96,21.73,22.64,161.0,176.0,367.2,348.0,,,,,,,,,,,,,,,,False,False,False,True,False,False
"Jun 2, 2025, 1:43:48 AM",Manual Workout,1.79,17.08,9.54,116.0,131.0,1.79,17.08,9.54,116.0,131.0,0.0,241.0,,,,,,,,,,,,,,,,False,False,False,True,False,False
"May 31, 2025, 10:07:53 PM",Manual Workout,7.5,66.7,8.89,151.0,177.0,7.5,66.7,8.89,151.0,177.0,218.2,1065.0,,,,,,,,,,,,,,,,False,False,False,False,False,False
"May 30, 2025, 9:58:24 PM",Manual Workout,7.01,66.85,9.54,124.0,147.0,7.01,66.85,9.54,124.0,147.0,15.6,948.0,,,,,,,,,,,,,,,,False,False,False,True,False,False
"May 29, 2025, 2:56:51 PM",Trail Run,13.12,127.75,9.74,162.2,175,13.12,127.7,9.73,162.0,175.0,725.8,1886.0,13.12,127.75,9.74,162.2,175,93,0.1,0.5,8.9,67.4,23.0,0,0,,,False,False,False,True,False,False
"May 28, 2025, 3:09:39 PM",Morning Run,7.05,66.22,9.39,127.4,144,7.05,66.17,9.39,127.0,144.0,54.4,768.0,7.05,66.22,9.39,127.4,144,77,1.2,70.4,28.4,0.0,0.0,0,0,,,False,False,False,True,False,False
"May 27, 2025, 8:00:14 PM",My Workout - 615ft gain,7.78,72.0,9.25,138.0,173.0,7.78,72.0,9.25,138.0,173.0,187.6,1093.0,,,,,,,,,,,,,,,,False,False,False,True,False,False
"May 27, 2025, 2:20:11 AM",Manual Workout,5.01,46.92,9.37,132.0,140.0,5.01,46.92,9.37,132.0,140.0,0.0,673.0,,,,,,,,,,,,,,,,False,False,False,True,False,False
"May 25, 2025, 12:36:55 PM",Trail Run,10.95,142.8,13.04,122.0,155,10.96,140.62,12.83,123.0,155.0,567.8,1439.0,10.95,142.8,13.04,122.0,155,103,6.5,88.5,4.7,0.3,0.0,0,0,,,False,False,False,True,False,False
"May 24, 2025, 1:09:42 AM",Trail Run,10.04,105.47,10.5,165.4,188,10.04,103.02,10.26,165.0,188.0,668.8,1482.0,10.04,105.47,10.5,165.4,188,120,0.0,1.8,12.2,45.4,40.6,0,0,,,False,False,False,True,False,False
"May 20, 2025, 3:17:18 PM",Morning Run,7.02,67.57,9.63,129.8,146,7.02,67.28,9.58,130.0,146.0,47.4,764.0,7.02,67.57,9.63,129.8,146,112,0.7,60.9,38.4,0.0,0.0,0,0,,,False,False,False,True,False,False
"May 19, 2025, 7:16:28 PM",Lunch Run,6.37,61.67,9.69,132.0,146,6.37,61.6,9.67,132.0,146.0,41.8,705.0,6.37,61.67,9.69,132.0,146,76,1.2,45.9,52.9,0.0,0.0,0,0,,,False,False,False,True,False,False
"May 18, 2025, 1:00:40 PM",Trail Run,8.1,110.25,13.62,122.1,174,8.1,108.6,13.41,121.0,174.0,465.4,1093.0,8.1,110.25,13.62,122.1,174,95,28.8,58.3,5.7,5.8,1.4,0,0,,,False,False,False,True,False,False
"May 17, 2025, 4:17:44 PM",Morning Run,13.12,125.38,9.56,163.8,177,13.12,125.33,9.55,164.0,177.0,708.2,1875.0,13.12,125.38,9.56,163.8,177,88,0.6,0.2,8.2,65.3,25.6,0,0,,,False,False,False,True,False,False
"May 16, 2025, 3:23:39 PM",Morning Run,7.07,68.0,9.62,124.7,134,7.07,67.95,9.61,125.0,134.0,47.2,766.0,7.07,68.0,9.62,124.7,134,92,3.7,94.8,1.5,0.0,0.0,0,0,,,False,False,False,True,False,False
"May 15, 2025, 7:45:43 PM",Lunch Run,6.35,57.65,9.07,140.6,156,6.36,57.57,9.05,141.0,156.0,43.4,704.0,6.35,57.65,9.07,140.6,156,85,0.7,19.9,66.6,12.8,0.0,0,0,,,False,False,False,True,False,False
"May 14, 2025, 2:44:13 PM",Morning Run,8.06,79.23,9.83,123.9,135,8.06,78.93,9.79,124.0,135.0,62.8,877.0,8.06,79.23,9.83,123.9,135,74,1.9,96.3,1.8,0.0,0.0,0,0,,,False,False,False,True,False,False
"May 13, 2025, 8:51:57 PM",Afternoon Run,7.04,68.15,9.68,126.8,138,7.04,68.03,9.66,127.0,138.0,56.2,764.0,7.04,68.15,9.68,126.8,138,85,0.7,92.9,6.4,0.0,0.0,0,0,,,False,False,False,True,False,False
"May 13, 2025, 1:28:17 AM",Evening Run,7.02,68.93,9.81,128.4,137,7.02,68.63,9.78,128.0,137.0,55.8,761.0,7.02,68.93,9.81,128.4,137,87,0.6,85.1,14.4,0.0,0.0,0,0,,,False,False,False,True,False,False
"May 11, 2025, 4:31:26 PM",Morning Run,15.86,165.05,10.41,156.8,173,15.86,164.75,10.39,157.0,173.0,889.8,2283.0,15.86,165.05,10.41,156.8,173,107,0.1,1.0,24.7,70.7,3.5,0,0,,,True,False,False,True,False,False
"May 10, 2025, 1:50:20 AM",Evening Run,12.26,112.28,9.16,146.0,160,12.26,111.0,9.05,146.0,160.0,85.6,1389.0,12.26,112.28,9.16,146.0,160,91,0.4,7.6,76.4,15.6,0.0,0,0,,,False,False,False,True,False,False
"May 8, 2025, 3:52:47 PM",Morning Run,7.01,67.28,9.59,132.1,144,7.01,67.23,9.59,132.0,144.0,52.4,765.0,7.01,67.28,9.59,132.1,144,82,1.0,37.4,61.6,0.0,0.0,0,0,,,False,False,False,True,False,False
"May 7, 2025, 6:12:14 PM",Lunch Run,7.01,64.77,9.24,141.1,157,7.01,64.7,9.23,141.0,157.0,54.6,782.0,7.01,64.77,9.24,141.1,157,87,0.5,19.0,71.2,9.2,0.0,0,0,,,False,False,False,True,False,False
"May 6, 2025, 3:45:14 PM",Morning Run,6.37,61.28,9.63,131.7,141,6.37,61.22,9.61,132.0,141.0,43.0,689.0,6.37,61.28,9.63,131.7,141,79,0.7,42.7,56.6,0.0,0.0,0,0,,,False,False,False,True,False,False
"May 4, 2025, 3:16:33 AM",Evening Trail Run,0.43,5.1,,,,0.43,5.1,,,,0.0,59.0,,,,,,,,,,,,,,,,False,False,False,False,False,False
"May 3, 2025, 11:49:00 PM",Pacing/Crewing Qazi Kilian Aurangzeb 100k #3,13.82,212.45,15.37,133.7,161,13.82,205.1,14.84,134.0,161.0,837.8,2043.0,13.82,212.45,15.37,133.7,161,84,3.4,32.8,63.4,0.3,0.0,0,0,,,False,False,False,True,False,False
"May 3, 2025, 6:52:40 PM",Pacing/Crewing Qazi Kilian Aurangzeb 100k #2,10.45,135.85,12.99,149.1,168,10.45,128.78,12.32,150.0,168.0,467.8,1527.0,10.45,135.85,12.99,149.1,168,75,0.6,6.2,49.5,43.7,0.0,0,0,,,False,False,False,True,False,False
"May 3, 2025, 3:20:06 PM",Pacing/Crewing Qazi Kilian Aurangzeb 100k # 1,10.01,112.78,11.27,159.1,183,10.01,108.05,10.79,160.0,183.0,636.4,1512.0,10.01,112.78,11.27,159.1,183,92,0.5,1.2,27.8,45.8,24.8,0,0,,,False,False,False,True,False,False
"May 2, 2025, 12:10:36 AM",Afternoon Run,5.6,54.2,9.67,136.7,148,5.6,53.85,9.62,137.0,148.0,39.0,618.0,5.6,54.2,9.67,136.7,148,85,1.0,24.4,74.6,0.0,0.0,0,0,,,False,False,False,True,False,False
"Apr 30, 2025, 5:23:04 PM",Morning Run,7.03,65.35,9.29,149.7,164,7.03,65.33,9.29,150.0,164.0,49.4,857.0,7.03,65.35,9.29,149.7,164,88,0.5,4.8,40.0,54.7,0.0,0,0,,,False,False,False,True,False,False
"Apr 29, 2025, 12:42:02 AM",Afternoon Run,12.9,129.18,10.01,169.0,185,12.94,128.97,9.97,169.0,185.0,693.8,1963.0,12.9,129.18,10.01,169.0,185,137,0.0,0.0,6.4,45.4,48.1,0,0,,,False,False,False,True,False,False
"Apr 26, 2025, 8:26:48 PM",Afternoon Run,7.02,68.55,9.76,134.3,146,7.02,68.32,9.73,134.0,146.0,49.2,765.0,7.02,68.55,9.76,134.3,146,75,0.7,35.2,64.1,0.0,0.0,0,0,,,False,False,False,True,False,False
"Apr 23, 2025, 4:29:07 PM",Morning Run,7.03,66.38,9.44,150.0,165,7.03,66.3,9.43,150.0,165.0,49.4,877.0,7.03,66.38,9.44,150.0,165,93,0.6,2.3,40.8,56.4,0.0,0,0,,,False,False,False,True,False,False
"Apr 22, 2025, 8:57:41 PM",Afternoon Run,7.03,67.53,9.61,160.1,178,7.03,66.35,9.44,160.0,178.0,51.4,948.0,7.03,67.53,9.61,160.1,178,94,0.5,1.5,21.7,41.1,35.1,0,0,,,False,False,False,True,False,False
"Apr 21, 2025, 7:30:38 PM",Back!,7.08,66.62,9.41,150.6,171,7.08,66.55,9.4,150.0,171.0,52.2,889.0,7.08,66.62,9.41,150.6,171,85,1.4,4.9,41.3,51.9,0.5,0,0,,,False,False,False,True,False,False
"Apr 9, 2025, 3:49:57 PM",Morning Run,7.1,65.1,9.17,131.4,141,7.1,65.05,9.16,131.0,141.0,62.4,782.0,7.1,65.1,9.17,131.4,141,73,0.8,44.1,55.1,0.0,0.0,0,0,,,False,False,False,True,False,False
"Apr 8, 2025, 6:20:38 PM",Lunch Run,9.0,81.37,9.04,137.3,168,9.0,81.28,9.03,143.0,168.0,69.6,987.0,9.0,81.37,9.04,137.3,168,89,1.8,22.9,74.0,1.3,0.0,0,0,,,False,False,False,True,False,False
"Apr 7, 2025, 8:31:49 PM",Afternoon Run,7.06,65.35,9.25,132.0,142,7.06,65.28,9.25,132.0,142.0,57.4,766.0,7.06,65.35,9.25,132.0,142,118,0.0,49.0,51.0,0.0,0.0,0,0,,,False,False,False,True,False,False
"Apr 6, 2025, 6:10:50 PM",Lunch Run,6.38,60.53,9.49,136.7,149,6.38,60.47,9.48,137.0,149.0,44.2,716.0,6.38,60.53,9.49,136.7,149,81,0.6,28.6,70.8,0.0,0.0,0,0,,,False,False,False,True,False,False
"Apr 5, 2025, 8:24:05 PM",Afternoon Run,6.36,62.88,9.89,132.7,145,6.36,62.5,9.83,133.0,145.0,47.0,724.0,6.36,62.88,9.89,132.7,145,84,1.0,42.9,56.1,0.0,0.0,0,0,,,False,False,False,True,False,False
"Apr 5, 2025, 12:28:07 AM",Trail Run,13.11,124.07,9.46,165.7,183,13.15,123.57,9.4,166.0,183.0,711.0,1941.0,13.11,124.07,9.46,165.7,183,107,0.1,0.5,3.8,59.9,35.7,0,0,,,False,False,False,True,False,False
"Apr 3, 2025, 4:43:14 PM",Morning Run,7.06,65.08,9.22,132.6,142,7.06,64.97,9.2,133.0,142.0,46.0,778.0,7.06,65.08,9.22,132.6,142,84,0.5,39.9,59.6,0.0,0.0,0,0,,,False,False,False,True,False,False
"Apr 1, 2025, 9:16:02 PM",Afternoon Run,9.01,80.52,8.93,137.4,147,9.01,80.47,8.93,137.0,147.0,69.2,989.0,9.01,80.52,8.93,137.4,147,99,0.4,14.2,85.3,0.0,0.0,0,0,,,False,False,False,False,False,False
"Apr 1, 2025, 12:02:39 AM",Afternoon Run,8.05,66.72,8.29,151.5,184,8.05,66.35,8.24,152.0,184.0,59.8,942.0,8.05,66.72,8.29,151.5,184,74,0.7,21.7,27.0,31.4,19.1,0,0,,,False,False,False,False,False,False
"Mar 29, 2025, 7:10:52 PM",Lunch Run,8.02,75.5,9.41,128.3,141,8.02,75.43,9.41,128.0,141.0,64.8,863.0,8.02,75.5,9.41,128.3,141,75,1.6,66.1,32.3,0.0,0.0,0,0,,,False,False,False,True,False,False
"Mar 28, 2025, 6:23:55 PM",Lunch Run,8.03,76.22,9.5,128.0,137,8.03,76.17,9.49,128.0,137.0,60.4,862.0,8.03,76.22,9.5,128.0,137,73,0.6,81.8,17.5,0.0,0.0,0,0,,,False,False,False,True,False,False
"Mar 27, 2025, 11:21:40 PM",Afternoon Run,8.02,74.6,9.3,130.0,146,8.02,74.43,9.28,130.0,146.0,105.8,864.0,8.02,74.6,9.3,130.0,146,73,2.9,46.0,51.1,0.0,0.0,0,0,,,False,False,False,True,False,False
"Mar 26, 2025, 4:01:05 PM",Morning Run,8.03,75.5,9.41,130.2,142,8.03,75.43,9.39,130.0,142.0,67.4,873.0,8.03,75.5,9.41,130.2,142,78,0.7,50.3,48.9,0.0,0.0,0,0,,,False,False,False,True,False,False
"Mar 23, 2025, 8:49:22 PM",Afternoon Run,8.02,80.12,9.99,124.9,140,8.02,79.43,9.9,125.0,140.0,60.4,872.0,8.02,80.12,9.99,124.9,140,97,6.9,81.1,12.0,0.0,0.0,0,0,,,False,False,False,True,False,False
"Mar 22, 2025, 6:18:33 PM",Lunch Run,2.16,20.37,9.42,130.6,151,2.17,20.28,9.35,130.0,151.0,18.6,236.0,2.16,20.37,9.42,130.6,151,121,0.0,66.8,33.2,0.0,0.0,0,0,,,False,False,False,True,False,False
"Mar 22, 2025, 5:21:27 PM",Morning Run,5.75,55.95,9.73,120.4,132,5.75,55.83,9.71,121.0,132.0,51.0,626.0,5.75,55.95,9.73,120.4,132,78,23.3,76.7,0.0,0.0,0.0,0,0,,,False,False,False,True,False,False
"Mar 20, 2025, 4:23:49 PM",Morning Run,8.05,74.62,9.27,124.8,137,8.05,74.53,9.26,125.0,137.0,60.2,874.0,8.05,74.62,9.27,124.8,137,69,4.6,89.7,5.7,0.0,0.0,0,0,,,False,False,False,True,False,False
"Mar 19, 2025, 3:58:47 PM",Morning Run,8.03,73.35,9.14,125.6,134,8.03,73.15,9.11,126.0,134.0,62.6,875.0,8.03,73.35,9.14,125.6,134,82,0.8,98.3,0.9,0.0,0.0,0,0,,,False,False,False,True,False,False
"Mar 18, 2025, 8:50:00 PM",Afternoon Run,0.3,3.33,,,,0.3,3.33,,,,0.0,44.0,,,,,,,,,,,,,,,,False,False,False,False,False,False
"Mar 18, 2025, 7:09:47 PM",Lunch Run,7.73,73.25,9.48,138.0,184,7.78,71.82,9.23,145.0,184.0,63.2,843.0,7.73,73.25,9.48,138.0,184,98,1.1,64.1,18.0,1.1,15.6,0,0,,,False,False,False,True,False,False
"Mar 17, 2025, 7:11:00 PM",Lunch Run,8.01,73.3,9.15,129.3,139,8.01,73.23,9.14,129.0,139.0,67.8,871.0,8.01,73.3,9.15,129.3,139,75,0.7,79.7,19.6,0.0,0.0,0,0,,,False,False,False,True,False,False
"Mar 16, 2025, 7:55:33 PM",Lunch Run,8.03,74.35,9.26,129.9,140,8.03,74.3,9.25,130.0,140.0,62.8,876.0,8.03,74.35,9.26,129.9,140,81,0.8,54.0,45.2,0.0,0.0,0,0,,,False,False,False,True,False,False
"Mar 14, 2025, 6:55:47 PM",Lunch Run,8.04,73.0,9.08,136.2,147,8.04,72.93,9.07,136.0,147.0,66.6,893.0,8.04,73.0,9.08,136.2,147,61,1.0,28.7,70.3,0.0,0.0,0,0,,,False,False,False,True,False,False
"Mar 13, 2025, 6:22:18 PM",Flash Hail Storm ☔️,8.62,96.52,11.2,150.7,173,8.62,93.87,10.89,150.0,173.0,667.6,1331.0,8.62,96.52,11.2,150.7,173,68,0.6,9.2,41.6,48.2,0.4,0,0,,,False,False,False,True,False,False
"Mar 12, 2025, 4:45:44 PM",Morning Run,8.03,73.18,9.12,135.8,146,8.03,72.58,9.04,136.0,146.0,63.2,892.0,8.03,73.18,9.12,135.8,146,78,0.6,26.5,73.0,0.0,0.0,0,0,,,False,False,False,True,False,False
"Mar 11, 2025, 8:01:32 PM",Afternoon Run,8.05,73.35,9.12,136.6,149,8.05,73.27,9.1,137.0,149.0,60.8,893.0,8.05,73.35,9.12,136.6,149,78,0.7,17.8,81.5,0.0,0.0,0,0,,,False,False,False,True,False,False
"Mar 10, 2025, 6:39:13 PM",Lunch Run,8.03,71.75,8.94,134.9,149,8.03,71.7,8.93,135.0,149.0,61.4,894.0,8.03,71.75,8.94,134.9,149,81,0.7,38.1,61.2,0.0,0.0,0,0,,,False,False,False,False,False,False
"Mar 9, 2025, 8:48:02 PM",Afternoon Run,8.01,74.88,9.35,127.0,140,8.01,74.53,9.3,130.0,140.0,63.6,888.0,8.01,74.88,9.35,127.0,140,76,1.8,81.5,16.8,0.0,0.0,0,0,,,False,False,False,True,False,False
"Mar 8, 2025, 5:47:04 PM",Morning Run,8.01,75.68,9.45,130.4,142,8.01,75.6,9.44,130.0,142.0,55.2,884.0,8.01,75.68,9.45,130.4,142,110,2.4,41.6,56.0,0.0,0.0,0,0,,,False,False,False,True,False,False
"Mar 6, 2025, 5:19:18 PM",Morning Run,8.05,74.63,9.27,134.5,145,8.05,73.33,9.11,135.0,145.0,53.8,892.0,8.05,74.63,9.27,134.5,145,72,2.6,24.4,73.0,0.0,0.0,0,0,,,False,False,False,True,False,False
"Mar 5, 2025, 8:13:34 PM",Lunch Run,8.04,75.82,9.43,127.2,141,8.04,75.73,9.42,127.0,141.0,59.2,887.0,8.04,75.82,9.43,127.2,141,79,1.7,82.1,16.2,0.0,0.0,0,0,,,False,False,False,True,False,False
"Mar 4, 2025, 7:38:23 PM",Lunch Run,8.04,75.18,9.35,132.6,143,8.04,75.13,9.34,133.0,143.0,66.2,889.0,8.04,75.18,9.35,132.6,143,70,1.1,33.8,65.2,0.0,0.0,0,0,,,False,False,False,True,False,False
"Mar 2, 2025, 7:52:50 PM",Lunch Run,7.03,67.75,9.64,125.4,134,7.03,67.62,9.62,125.0,134.0,46.0,772.0,7.03,67.75,9.64,125.4,134,77,0.9,98.2,0.9,0.0,0.0,0,0,,,False,False,False,True,False,False
"Feb 28, 2025, 11:31:00 PM","Knocked at the pain cave, went in and out 💪",13.09,124.78,9.53,170.8,185,13.16,124.73,9.48,171.0,185.0,705.2,1952.0,13.09,124.78,9.53,170.8,185,91,0.2,0.2,3.2,35.3,61.0,0,0,,,False,False,False,True,False,False
"Feb 27, 2025, 5:14:45 PM",Morning Run,6.35,59.17,9.32,141.7,152,6.35,59.05,9.3,142.0,152.0,42.2,729.0,6.35,59.17,9.32,141.7,152,93,0.6,11.0,87.8,0.5,0.0,0,0,,,False,False,False,True,False,False
"Feb 25, 2025, 8:31:58 PM",Lunch Run,7.71,73.27,9.5,137.2,149,7.72,73.12,9.47,137.0,149.0,67.8,867.0,7.71,73.27,9.5,137.2,149,123,0.0,23.8,76.2,0.0,0.0,0,0,,,False,False,False,True,False,False
"Feb 25, 2025, 12:53:56 AM",Afternoon Run,7.02,64.55,9.2,135.8,145,7.02,64.47,9.18,136.0,145.0,51.2,773.0,7.02,64.55,9.2,135.8,145,84,0.8,18.1,81.1,0.0,0.0,0,0,,,False,False,False,True,False,False
"Feb 23, 2025, 10:11:16 PM",Afternoon Run,6.39,66.17,10.35,126.3,144,6.42,64.6,10.06,126.0,144.0,49.2,704.0,6.39,66.17,10.35,126.3,144,82,3.5,85.3,11.1,0.0,0.0,0,0,,,False,False,False,True,False,False
"Feb 21, 2025, 11:42:15 PM",Afternoon Run,13.12,125.8,9.59,168.2,183,13.16,125.52,9.54,168.0,183.0,700.6,1915.0,13.12,125.8,9.59,168.2,183,90,0.2,0.3,8.1,36.7,54.7,0,0,,,False,False,False,True,False,False
"Feb 20, 2025, 10:14:07 PM",Afternoon Run,6.36,61.78,9.71,130.4,140,6.37,61.73,9.69,130.0,140.0,44.8,699.0,6.36,61.78,9.71,130.4,140,96,0.2,62.2,37.6,0.0,0.0,0,0,,,False,False,False,True,False,False
"Feb 19, 2025, 7:56:45 PM",Lunch Run,8.06,76.6,9.51,135.5,147,8.06,76.52,9.49,136.0,147.0,61.0,895.0,8.06,76.6,9.51,135.5,147,82,0.5,22.0,77.5,0.0,0.0,0,0,,,False,False,False,True,False,False
"Feb 18, 2025, 8:16:19 PM",Lunch Run,8.02,78.27,9.76,128.1,140,8.02,78.27,9.76,128.0,140.0,62.4,883.0,8.02,78.27,9.76,128.1,140,72,0.7,79.6,19.6,0.0,0.0,0,0,,,False,False,False,True,False,False
"Feb 17, 2025, 10:31:31 PM",Afternoon Run,8.04,78.68,9.79,130.2,140,8.04,78.62,9.78,130.0,140.0,59.8,885.0,8.04,78.68,9.79,130.2,140,89,0.4,64.8,34.8,0.0,0.0,0,0,,,False,False,False,True,False,False
"Feb 16, 2025, 11:25:11 PM",Afternoon Run,7.02,67.18,9.57,127.3,182,7.02,66.65,9.49,150.0,182.0,48.2,770.0,7.02,67.18,9.57,127.3,182,83,1.1,90.0,3.4,0.4,5.2,0,0,,,False,False,False,True,False,False
"Feb 14, 2025, 11:17:27 PM",Afternoon Run,12.12,148.4,12.24,155.7,180,12.12,147.33,12.16,155.0,180.0,964.0,2016.0,12.12,148.4,12.24,155.7,180,86,0.3,8.0,27.1,51.6,13.0,0,0,,,False,False,False,True,False,False
"Feb 13, 2025, 9:54:05 PM",Afternoon Run,8.05,74.58,9.26,139.3,153,8.05,73.92,9.18,139.0,153.0,66.2,902.0,8.05,74.58,9.26,139.3,153,84,0.7,15.4,83.4,0.5,0.0,0,0,,,False,False,False,True,False,False
"Feb 11, 2025, 8:36:09 PM",Lunch Run,7.04,69.93,9.94,131.8,141,7.04,69.87,9.92,132.0,141.0,49.6,774.0,7.04,69.93,9.94,131.8,141,71,1.0,40.4,58.5,0.0,0.0,0,0,,,False,False,False,True,False,False
"Feb 10, 2025, 9:32:31 PM",Afternoon Run,6.34,63.63,10.03,132.8,170,6.34,62.97,9.93,133.0,170.0,47.6,699.0,6.34,63.63,10.03,132.8,170,89,1.3,39.9,58.4,0.4,0.0,0,0,,,False,False,False,True,False,False
"Feb 9, 2025, 7:20:07 PM",Lunch Run,15.68,156.88,10.0,161.1,174,15.68,156.1,9.96,161.0,174.0,889.4,2301.0,15.68,156.88,10.0,161.1,174,87,0.2,0.3,13.6,74.6,11.3,0,0,,,True,False,False,True,False,False
"Feb 7, 2025, 7:50:09 PM",Lunch Run,8.41,77.0,9.16,139.3,149,8.41,77.0,9.16,139.0,149.0,62.8,939.0,8.41,77.0,9.16,139.3,149,72,0.8,8.2,91.0,0.0,0.0,0,0,,,False,False,False,True,False,False
"Feb 6, 2025, 8:21:33 PM",Lunch Run,8.04,73.28,9.12,144.3,155,8.04,73.22,9.11,144.0,155.0,101.0,911.0,8.04,73.28,9.12,144.3,155,98,0.3,2.4,93.9,3.4,0.0,0,0,,,False,False,False,True,False,False
"Feb 5, 2025, 8:10:17 PM",Lunch Run,6.39,56.95,8.91,143.9,155,6.39,56.9,8.9,144.0,155.0,42.4,720.0,6.39,56.95,8.91,143.9,155,110,0.2,5.1,90.0,4.7,0.0,0,0,,,False,False,False,False,False,False
"Feb 4, 2025, 9:13:07 PM",Afternoon Run 🌧️ ☔️,8.05,72.93,9.06,141.4,151,8.05,72.85,9.05,141.0,151.0,63.2,883.0,8.05,72.93,9.06,141.4,151,89,0.5,9.2,90.3,0.0,0.0,0,0,,,False,False,False,True,False,False
"Feb 3, 2025, 10:06:20 PM",Afternoon Run,8.04,71.68,8.92,141.0,157,8.04,71.63,8.91,141.0,157.0,56.2,878.0,8.04,71.68,8.92,141.0,157,81,0.9,16.6,79.1,3.4,0.0,0,0,,,False,False,False,False,False,False
"Feb 2, 2025, 8:47:47 PM",Lunch Run,7.09,67.83,9.57,138.4,151,7.09,67.77,9.56,138.0,151.0,52.2,796.0,7.09,67.83,9.57,138.4,151,85,1.3,31.2,67.5,0.0,0.0,0,0,,,False,False,False,True,False,False
"Jan 28, 2025, 12:10:00 PM",Morning Run,7.02,65.17,9.28,,,7.02,65.17,9.28,,,0.0,1039.0,,,,,,,,,,,,,,,,False,False,False,True,False,False
"Jan 27, 2025, 10:40:00 AM",Treadmill Run,7.0,65.0,9.29,,,7.0,65.0,9.29,,,0.0,1036.0,,,,,,,,,,,,,,,,False,False,False,True,False,False
"Jan 25, 2025, 10:20:00 AM",Treadmill Run,7.15,66.17,9.25,,,7.15,66.17,9.25,,,0.0,1058.0,,,,,,,,,,,,,,,,False,False,False,True,False,False
"Jan 24, 2025, 11:20:00 AM",Treadmill Run,6.52,60.17,9.23,,,6.52,60.17,9.23,,,0.0,966.0,,,,,,,,,,,,,,,,False,False,False,True,False,False
"Jan 23, 2025, 9:00:00 AM",Treadmill Run,10.07,93.5,9.29,,,10.07,93.5,9.29,,,0.0,1490.0,,,,,,,,,,,,,,,,False,False,False,True,False,False
"Jan 19, 2025, 3:50:00 PM",Treadmill Run,7.52,61.3,8.15,,,7.52,61.3,8.15,,,0.0,1113.0,,,,,,,,,,,,,,,,False,False,False,False,False,False
"Jan 17, 2025, 8:40:00 AM",Treadmill Run,10.13,92.08,9.09,,,10.13,92.08,9.09,,,0.0,1499.0,,,,,,,,,,,,,,,,False,False,False,True,False,False
"Jan 16, 2025, 8:40:00 AM",Treadmill Run,10.07,92.08,9.14,,,10.07,92.08,9.14,,,0.0,1490.0,,,,,,,,,,,,,,,,False,False,False,True,False,False
"Jan 15, 2025, 8:10:00 AM",Night Run,7.08,65.67,9.28,,,7.08,65.67,9.28,,,0.0,1048.0,,,,,,,,,,,,,,,,False,False,False,True,False,False
"Jan 14, 2025, 8:10:00 AM",Treadmill Run,7.15,64.83,9.07,,,7.15,64.83,9.07,,,0.0,1058.0,,,,,,,,,,,,,,,,False,False,False,True,False,False
"Jan 13, 2025, 8:40:00 AM",Treadmill Run,8.08,75.5,9.34,,,8.08,75.5,9.34,,,0.0,1195.0,,,,,,,,,,,,,,,,False,False,False,True,False,False
"Jan 9, 2025, 6:22:58 PM",Morning Run,6.35,56.28,8.86,147.0,158,6.35,56.2,8.85,147.0,158.0,44.6,721.0,6.35,56.28,8.86,147.0,158,96,0.3,3.0,63.1,33.6,0.0,0,0,,,False,False,False,False,False,False
"Jan 5, 2025, 8:15:44 PM",Lunch Run,8.0,68.88,8.61,143.9,155,8.0,68.8,8.6,144.0,155.0,60.8,889.0,8.0,68.88,8.61,143.9,155,65,0.6,9.8,76.7,12.8,0.0,0,0,,,False,False,False,False,False,False
"Jan 3, 2025, 11:13:44 PM",Afternoon Run,8.0,63.75,7.96,149.4,167,8.01,63.68,7.95,149.0,167.0,57.0,885.0,8.0,63.75,7.96,149.4,167,87,0.4,12.9,29.3,57.4,0.0,0,0,,,False,True,False,False,False,False
"Jan 2, 2025, 7:28:41 PM",Lunch Run,8.02,71.67,8.94,134.6,145,8.02,71.45,8.91,135.0,145.0,63.8,881.0,8.02,71.67,8.94,134.6,145,95,0.3,32.1,67.6,0.0,0.0,0,0,,,False,False,False,False,False,False
"Dec 30, 2024, 5:29:21 PM",Lunch Run,11.05,100.02,9.05,149.2,170,11.05,98.82,8.94,149.0,170.0,261.2,1331.0,11.05,100.02,9.05,149.2,170,88,0.6,9.0,43.6,46.8,0.0,0,0,,,False,False,False,True,False,False
"Dec 29, 2024, 8:57:35 PM",Afternoon Run,10.02,107.5,10.73,126.6,176,10.02,104.35,10.41,126.0,176.0,213.3,1219.0,10.02,107.5,10.73,126.6,176,106,2.5,77.4,16.1,0.7,3.3,0,0,,,False,False,False,True,False,False
"Dec 27, 2024, 9:11:02 PM",10k @ 8% - 2534ft,6.21,60.95,9.81,171.0,189.0,6.21,60.95,9.81,171.0,189.0,772.5,1102.0,,,,,,,,,,,,,,,,False,False,False,True,False,False
"Dec 26, 2024, 7:23:08 PM",Afternoon Run,6.33,79.03,12.48,125.1,164,6.34,68.65,10.83,129.0,164.0,187.4,763.0,6.33,79.03,12.48,125.1,164,81,16.0,56.3,27.3,0.4,0.0,0,0,,,False,False,False,True,False,False
"Dec 25, 2024, 7:46:49 PM",Home far from home :),6.39,63.85,9.99,143.0,175.0,6.39,63.85,9.99,143.0,175.0,337.1,929.0,,,,,,,,,,,,,,,,False,False,False,True,False,False
"Dec 23, 2024, 9:22:28 PM",Afternoon Run,6.34,52.8,8.32,144.1,155,6.35,52.72,8.3,144.0,155.0,42.4,698.0,6.34,52.8,8.32,144.1,155,74,0.5,13.4,66.9,19.1,0.0,0,0,,,False,False,False,False,False,False
"Dec 22, 2024, 6:42:11 PM",Morning Run: Fasted,6.86,73.47,10.71,158.6,178,6.86,72.72,10.6,158.0,178.0,458.4,1058.0,6.86,73.47,10.71,158.6,178,86,0.9,8.1,13.9,58.5,18.5,0,0,,,False,False,False,True,False,False
"Dec 20, 2024, 10:37:14 PM",Afternoon Run,7.01,59.28,8.46,139.1,152,7.01,59.2,8.45,139.0,152.0,47.6,772.0,7.01,59.28,8.46,139.1,152,79,0.6,19.4,79.8,0.2,0.0,0,0,,,False,False,False,False,False,False
"Dec 17, 2024, 9:04:47 PM",Afternoon Run,7.01,59.28,8.45,138.0,151,7.02,59.23,8.44,138.0,151.0,47.0,774.0,7.01,59.28,8.45,138.0,151,95,0.7,27.8,71.5,0.0,0.0,0,0,,,False,False,False,False,False,False
"Dec 16, 2024, 7:52:26 PM",Lunch Run,7.01,61.65,8.79,136.4,155,7.01,61.6,8.79,137.0,155.0,65.6,861.0,7.01,61.65,8.79,136.4,155,82,0.6,21.2,77.8,0.4,0.0,0,0,,,False,False,False,False,False,False
"Dec 14, 2024, 9:58:41 PM",Afternoon Run,6.88,71.4,10.38,153.8,176,6.88,71.1,10.33,153.0,176.0,458.6,1027.0,6.88,71.4,10.38,153.8,176,91,0.6,9.2,28.1,53.2,8.9,0,0,,,False,False,False,True,False,False
"Dec 13, 2024, 8:07:40 PM",Lunch Run,7.01,58.47,8.35,148.4,158,7.01,58.38,8.33,148.0,158.0,50.2,774.0,7.01,58.47,8.35,148.4,158,78,0.5,4.3,57.4,37.8,0.0,0,0,,,False,False,False,False,False,False
"Dec 12, 2024, 9:17:08 PM",Afternoon Run,4.38,34.87,7.95,148.8,161,4.38,34.85,7.96,149.0,161.0,29.2,482.0,4.38,34.87,7.95,148.8,161,79,1.3,1.4,53.4,43.9,0.0,0,0,,,False,True,False,False,False,False
"Dec 11, 2024, 9:17:50 PM",Afternoon Run,4.26,35.6,8.35,142.4,155,4.27,35.52,8.32,142.0,155.0,38.2,474.0,4.26,35.6,8.35,142.4,155,90,1.1,14.1,79.7,5.1,0.0,0,0,,,False,False,False,False,False,False
"Dec 10, 2024, 10:18:33 PM",Afternoon Run,3.73,31.55,8.45,138.4,149,3.73,31.47,8.44,139.0,149.0,37.0,415.0,3.73,31.55,8.45,138.4,149,74,1.2,12.9,85.9,0.0,0.0,0,0,,,False,False,False,False,False,False
"Dec 8, 2024, 3:03:34 PM",CIM 2024,26.24,202.93,7.73,175.0,195,26.24,202.38,7.71,174.0,195.0,242.8,2961.0,26.24,202.93,7.73,175.0,195,143,0.0,0.0,3.0,44.8,52.2,0,0,,,True,True,False,False,True,False
"Dec 7, 2024, 6:04:24 PM",Shakeout Run,2.08,20.87,10.05,114.2,126,2.08,20.78,9.99,114.0,126.0,19.2,222.0,2.08,20.87,10.05,114.2,126,87,45.1,54.9,0.0,0.0,0.0,0,0,,,False,False,False,True,False,False
"Dec 6, 2024, 8:11:27 PM",Lunch Run,3.74,30.8,8.24,143.2,189,3.74,30.75,8.22,144.0,189.0,33.6,422.0,3.74,30.8,8.24,143.2,189,89,7.2,31.5,19.4,25.1,16.7,0,0,,,False,False,False,False,False,False
"Dec 4, 2024, 9:56:23 PM",Afternoon Run,5.02,37.95,7.55,158.3,179,5.02,37.88,7.55,159.0,179.0,35.0,574.0,5.02,37.95,7.55,158.3,179,83,0.8,2.9,21.8,60.0,14.5,0,0,,,False,True,False,False,False,False
"Dec 1, 2024, 5:11:27 PM",Morning Run,5.24,43.42,8.29,136.0,166,5.25,42.88,8.17,137.0,166.0,63.8,582.0,5.24,43.42,8.29,136.0,166,97,3.6,48.6,27.3,20.4,0.0,0,0,,,False,False,False,False,False,False
"Nov 30, 2024, 5:19:32 PM",Poipu Beach,8.51,75.68,8.9,134.3,171,8.55,71.77,8.39,136.0,171.0,94.2,947.0,8.51,75.68,8.9,134.3,171,75,9.2,32.9,41.7,15.9,0.3,0,0,,,False,False,False,False,False,False
"Nov 29, 2024, 5:22:48 PM",Hanalei Bay,6.31,56.23,8.91,127.6,145,6.31,55.52,8.8,128.0,145.0,100.4,703.0,6.31,56.23,8.91,127.6,145,78,3.6,58.8,37.6,0.0,0.0,0,0,,,False,False,False,False,False,False
"Nov 26, 2024, 7:10:37 PM",Lunch Run,8.08,62.5,7.73,156.3,182,8.13,62.42,7.68,156.0,182.0,60.0,898.0,8.08,62.5,7.73,156.3,182,86,0.5,9.8,25.2,39.3,25.1,0,0,,,False,True,False,False,False,False
"Nov 25, 2024, 8:35:14 PM",Lunch Run,8.03,69.2,8.62,135.5,146,8.03,68.85,8.57,135.0,146.0,60.0,884.0,8.03,69.2,8.62,135.5,146,90,0.8,28.9,70.3,0.0,0.0,0,0,,,False,False,False,False,False,False
"Nov 24, 2024, 8:10:18 PM",Lunch Run,7.02,62.5,8.9,129.2,142,7.02,62.45,8.9,129.0,142.0,48.8,765.0,7.02,62.5,8.9,129.2,142,67,0.8,62.0,37.2,0.0,0.0,0,0,,,False,False,False,False,False,False
"Nov 22, 2024, 7:36:42 PM",My happy place ❤️,6.25,71.67,11.46,147.3,184,6.26,70.13,11.2,147.0,184.0,401.8,929.0,6.25,71.67,11.46,147.3,184,84,0.7,12.7,46.4,36.9,3.3,0,0,,,False,False,False,True,False,False
"Nov 21, 2024, 11:07:01 PM",Last Long Run: Failed…,16.02,126.28,7.88,155.4,176,16.07,126.28,7.86,155.0,176.0,118.6,1788.0,16.02,126.28,7.88,155.4,176,93,0.2,0.5,46.1,46.6,6.6,0,0,,,True,True,False,False,False,False
"Nov 20, 2024, 11:11:04 PM",Afternoon Run,6.33,54.98,8.69,154.0,190,6.26,53.92,8.61,151.0,190.0,48.0,692.0,6.33,54.98,8.69,154.0,190,103,1.5,9.2,47.1,8.7,33.5,0,0,,,False,False,False,False,False,False
"Nov 19, 2024, 9:08:12 PM",Afternoon Run,8.08,69.37,8.58,135.9,172,8.08,69.3,8.58,136.0,172.0,61.8,904.0,8.08,69.37,8.58,135.9,172,80,0.8,50.8,30.7,17.2,0.5,0,0,,,False,False,False,False,False,False
"Nov 18, 2024, 8:32:14 PM",Lunch Run,10.08,78.7,7.81,152.6,175,10.14,78.43,7.73,153.0,175.0,80.2,1149.0,10.08,78.7,7.81,152.6,175,78,0.4,11.6,38.1,41.6,8.4,0,0,,,False,True,False,False,False,False
"Nov 15, 2024, 11:54:52 PM",Afternoon Run 🥶,20.02,156.43,7.82,159.0,179,20.07,155.7,7.76,159.0,179.0,137.2,2248.0,20.02,156.43,7.82,159.0,179,81,0.2,0.3,30.6,46.9,22.0,0,0,,0.03,True,True,False,False,False,False
"Nov 14, 2024, 7:17:16 PM",Lunch Run,7.01,61.35,8.75,141.5,151,7.01,61.25,8.74,142.0,151.0,46.2,765.0,7.01,61.35,8.75,141.5,151,99,0.5,3.8,95.7,0.0,0.0,0,0,,,False,False,False,False,False,False
"Nov 13, 2024, 7:14:19 PM",Lunch Run,8.01,58.9,7.35,163.8,177,8.04,58.83,7.32,164.0,177.0,57.4,903.0,8.01,58.9,7.35,163.8,177,86,0.5,0.9,10.8,55.5,32.4,0,0,,,False,True,False,False,False,False
"Nov 12, 2024, 8:37:07 PM",Lunch Run,8.01,71.47,8.92,134.8,146,8.01,71.25,8.9,135.0,146.0,60.6,875.0,8.01,71.47,8.92,134.8,146,90,0.4,32.0,67.7,0.0,0.0,0,0,,,False,False,False,False,False,False
"Nov 12, 2024, 12:16:54 AM",Afternoon Run 🔥,10.06,72.22,7.18,162.5,179,10.21,71.1,6.96,163.0,179.0,0.0,1110.0,10.06,72.22,7.18,162.5,179,69,1.5,9.5,4.3,51.2,33.5,0,0,,,False,True,False,False,False,False
"Nov 9, 2024, 3:58:11 PM",Morning Run,13.16,115.43,8.77,141.6,154,13.16,115.35,8.77,142.0,154.0,92.8,1437.0,13.16,115.43,8.77,141.6,154,88,0.3,5.0,92.7,1.9,0.0,0,0,,,False,False,False,False,False,False
"Nov 9, 2024, 12:09:42 AM",Missing Trails ❤️,10.34,95.98,9.28,159.4,175,10.39,95.52,9.19,159.0,175.0,517.0,1398.0,10.34,95.98,9.28,159.4,175,106,0.1,1.6,14.2,80.8,3.2,0,0,,,False,False,False,True,False,False
"Nov 7, 2024, 4:00:58 PM",Morning Run,7.46,55.32,7.42,164.7,180,7.46,55.32,7.42,165.0,180.0,58.8,844.0,7.46,55.32,7.42,164.7,180,70,0.8,3.3,14.0,34.6,47.2,0,0,,,False,True,False,False,False,False
"Nov 5, 2024, 8:37:54 PM",Lunch Run,8.01,67.83,8.47,143.9,165,8.01,67.1,8.38,143.0,165.0,57.2,883.0,8.01,67.83,8.47,143.9,165,92,0.8,3.8,93.3,2.0,0.0,0,0,,,False,False,False,False,False,False
"Nov 4, 2024, 7:39:40 PM",Lunch Run,8.01,66.27,8.27,147.8,158,8.02,65.97,8.23,148.0,158.0,57.6,878.0,8.01,66.27,8.27,147.8,158,83,0.5,2.2,55.6,41.7,0.0,0,0,,,False,False,False,False,False,False
"Nov 3, 2024, 7:39:59 PM",Lunch Run,6.36,53.4,8.39,144.0,157,6.36,53.1,8.35,144.0,157.0,45.6,695.0,6.36,53.4,8.39,144.0,157,86,1.0,15.0,59.1,24.9,0.0,0,0,,,False,False,False,False,False,False
"Nov 2, 2024, 4:07:21 PM",Morning Run,17.1,135.73,7.94,161.0,179,17.14,135.68,7.92,161.0,179.0,135.8,1994.0,17.1,135.73,7.94,161.0,179,91,0.2,3.8,14.8,55.1,26.1,0,0,,,True,True,False,False,False,False
"Nov 1, 2024, 6:53:48 PM",Lunch Run,6.39,53.22,8.32,148.7,160,6.39,53.08,8.31,149.0,160.0,41.2,704.0,6.39,53.22,8.32,148.7,160,90,0.8,1.2,54.1,43.9,0.0,0,0,,,False,False,False,False,False,False
"Oct 31, 2024, 3:24:54 PM",Morning Run: 4 x 1 mile,8.17,73.9,9.04,158.9,191,8.17,63.63,7.79,163.0,191.0,70.4,955.0,8.17,73.9,9.04,158.9,191,95,0.8,10.4,22.7,33.9,32.2,0,0,,0.069,False,False,False,True,False,False
"Oct 29, 2024, 6:43:17 PM",Lunch Run:Uptempo,8.01,60.78,7.59,156.1,177,8.05,60.78,7.55,156.0,177.0,59.4,887.0,8.01,60.78,7.59,156.1,177,78,0.8,7.3,30.6,46.3,14.9,0,0,,,False,True,False,False,False,False
"Oct 28, 2024, 6:28:48 PM",Lunch Run,8.03,66.68,8.3,140.3,155,8.07,66.68,8.26,140.0,155.0,63.6,881.0,8.03,66.68,8.3,140.3,155,73,0.8,17.9,75.0,6.3,0.0,0,0,,,False,False,False,False,False,False
"Oct 25, 2024, 2:52:05 PM",Morning Run,7.31,62.33,8.53,151.4,187,7.31,61.48,8.41,152.0,187.0,56.0,821.0,7.31,62.33,8.53,151.4,187,112,0.4,4.6,42.9,45.2,6.9,0,0,,,False,False,False,False,False,False
"Oct 24, 2024, 7:09:12 PM",Powered by TSLA 🔥🚀,10.75,83.02,7.72,165.2,183,10.81,82.82,7.66,165.0,183.0,72.4,1218.0,10.75,83.02,7.72,165.2,183,94,0.2,2.5,13.7,41.3,42.2,0,0,,,False,True,False,False,False,False
"Oct 23, 2024, 3:04:22 PM",Morning Run,7.01,59.53,8.49,139.9,154,7.02,59.17,8.43,140.0,154.0,51.4,768.0,7.01,59.53,8.49,139.9,154,84,1.0,20.0,77.5,1.6,0.0,0,0,,,False,False,False,False,False,False
"Oct 22, 2024, 2:47:05 PM",Morning Run,7.02,63.15,8.99,138.5,171,7.03,63.08,8.97,138.0,171.0,52.0,777.0,7.02,63.15,8.99,138.5,171,84,0.9,36.8,45.8,16.5,0.1,0,0,,,False,False,False,False,False,False
"Oct 22, 2024, 12:51:46 AM",Afternoon Run: AF3 🔥,8.05,63.72,7.91,165.9,189,8.05,62.97,7.82,166.0,189.0,63.0,917.0,8.05,63.72,7.91,165.9,189,91,0.4,2.3,13.5,36.7,47.1,0,0,,,False,True,False,False,False,False
"Oct 19, 2024, 12:16:15 AM",Afternoon Run,13.45,112.65,8.37,151.6,179,13.53,109.67,8.11,153.0,179.0,92.4,1502.0,13.45,112.65,8.37,151.6,179,91,1.0,17.6,24.3,36.0,21.2,0,0,,,False,False,False,False,False,False
"Oct 17, 2024, 3:14:53 PM",Morning Run,6.36,56.52,8.88,136.3,185,6.36,55.6,8.74,137.0,185.0,43.8,696.0,6.36,56.52,8.88,136.3,185,86,3.1,28.9,66.2,0.3,1.5,0,0,,,False,False,False,False,False,False
"Oct 16, 2024, 3:05:46 PM",Morning Run,10.07,89.0,8.84,136.8,151,10.07,88.67,8.81,137.0,151.0,72.6,1106.0,10.07,89.0,8.84,136.8,151,72,0.8,29.5,69.7,0.0,0.0,0,0,,,False,False,False,False,False,False
"Oct 15, 2024, 3:19:37 PM",Morning Run,8.01,75.15,9.38,163.9,185,8.01,73.23,9.14,157.0,185.0,66.2,866.0,8.01,75.15,9.38,163.9,185,107,2.5,12.8,12.8,4.0,68.0,0,0,,,False,False,False,True,False,False
"Oct 15, 2024, 1:01:14 AM",Evening Run: 8 x 1km,7.98,69.62,8.73,161.8,192,8.0,64.28,8.04,162.0,192.0,77.4,888.0,7.98,69.62,8.73,161.8,192,122,0.0,8.4,32.9,13.8,44.9,0,0,,,False,False,False,False,False,False
"Oct 13, 2024, 4:42:46 PM",Morning Run,10.07,89.22,8.86,137.6,152,10.08,89.15,8.84,138.0,152.0,80.2,1104.0,10.07,89.22,8.86,137.6,152,84,0.8,24.0,75.1,0.1,0.0,0,0,,,False,False,False,False,False,False
"Oct 12, 2024, 1:02:41 AM",Evening Run,8.03,63.7,7.93,160.1,182,8.03,61.03,7.6,161.0,182.0,0.0,892.0,8.03,63.7,7.93,160.1,182,89,0.2,5.9,25.9,36.2,31.7,0,0,,,False,True,False,False,False,False
"Oct 10, 2024, 3:47:50 PM",Morning Run,7.12,61.73,8.67,138.6,170,7.15,61.65,8.62,139.0,170.0,52.0,802.0,7.12,61.73,8.67,138.6,170,67,1.0,24.9,64.6,9.5,0.0,0,0,,,False,False,False,False,False,False
"Oct 9, 2024, 3:38:41 PM",Morning Run,8.02,70.15,8.75,142.4,174,8.07,70.03,8.68,143.0,174.0,61.6,914.0,8.02,70.15,8.75,142.4,174,85,0.7,24.4,58.1,15.9,1.0,0,0,,,False,False,False,False,False,False
"Oct 8, 2024, 3:48:19 PM",Morning Run,8.49,78.92,9.29,157.2,185,8.49,72.12,8.49,160.0,185.0,71.2,981.0,8.49,78.92,9.29,157.2,185,71,0.8,18.0,18.0,28.9,34.2,0,0,,,False,False,False,True,False,False
"Oct 7, 2024, 3:37:22 PM",Morning Run,7.01,65.0,9.27,131.0,167,7.05,64.45,9.14,129.0,167.0,54.0,769.0,7.01,65.0,9.27,131.0,167,84,1.2,49.5,48.1,1.2,0.0,0,0,,,False,False,False,True,False,False
"Oct 6, 2024, 2:42:07 PM",Rock n Roll HM: Adeena’s debut!,13.14,156.78,11.93,115.9,160,13.14,153.05,11.65,115.0,160.0,83.2,1433.0,13.14,156.78,11.93,115.9,160,93,32.7,65.8,1.4,0.2,0.0,0,0,,,False,False,False,True,False,False
"Oct 4, 2024, 2:58:17 PM",Morning Run,7.03,54.17,7.71,159.8,177,7.05,54.17,7.68,160.0,177.0,44.8,809.0,7.03,54.17,7.71,159.8,177,73,1.0,6.3,18.5,40.0,34.1,0,0,,,False,True,False,False,False,False
"Oct 3, 2024, 3:08:13 PM",Morning Run,7.02,62.0,8.83,132.8,148,7.04,61.95,8.8,133.0,148.0,48.2,783.0,7.02,62.0,8.83,132.8,148,95,1.1,44.6,54.3,0.0,0.0,0,0,,,False,False,False,False,False,False
"Oct 2, 2024, 3:05:57 PM",Morning Run,8.01,73.7,9.2,132.8,148,8.01,73.63,9.19,133.0,148.0,59.2,883.0,8.01,73.7,9.2,132.8,148,85,1.0,45.2,53.8,0.0,0.0,0,0,,,False,False,False,True,False,False
"Oct 1, 2024, 3:06:06 PM",Morning Run,8.01,79.95,9.98,125.5,144,8.05,79.9,9.93,126.0,144.0,65.2,871.0,8.01,79.95,9.98,125.5,144,86,3.9,81.1,15.0,0.0,0.0,0,0,,,False,False,False,True,False,False
"Oct 1, 2024, 1:22:59 AM",Evening Run 🥵,6.34,54.9,8.66,159.4,190,6.34,54.7,8.63,159.0,190.0,46.0,739.0,6.34,54.9,8.66,159.4,190,84,0.5,10.9,22.2,31.2,35.3,0,0,,,False,False,False,False,False,False
"Sep 29, 2024, 6:30:20 PM",Lunch Run,3.74,36.55,9.76,139.8,161,3.75,36.48,9.73,140.0,161.0,33.8,448.0,3.74,36.55,9.76,139.8,161,89,1.1,31.0,53.7,14.2,0.0,0,0,,,False,False,False,True,False,False
"Sep 29, 2024, 1:29:32 AM",Evening Run,10.0,79.98,7.99,166.1,185,10.01,79.9,7.98,166.0,185.0,70.0,1248.0,10.0,79.98,7.99,166.1,185,78,0.4,7.6,4.6,39.3,48.2,0,0,,,False,True,False,False,False,False
"Sep 26, 2024, 3:15:03 PM",Morning Run,7.01,68.02,9.7,122.2,132,7.04,67.9,9.64,122.0,132.0,51.4,769.0,7.01,68.02,9.7,122.2,132,75,4.3,95.7,0.0,0.0,0.0,0,0,,,False,False,False,True,False,False
"Sep 25, 2024, 3:14:43 PM",Morning Run,6.37,61.4,9.64,126.1,151,6.37,61.35,9.63,126.0,151.0,48.4,704.0,6.37,61.4,9.64,126.1,151,76,1.3,90.3,8.3,0.0,0.0,0,0,,,False,False,False,True,False,False
"Sep 24, 2024, 3:11:41 PM",Morning Run,7.03,67.73,9.63,129.0,144,7.03,67.68,9.63,129.0,144.0,50.2,771.0,7.03,67.73,9.63,129.0,144,75,2.7,50.9,46.4,0.0,0.0,0,0,,,False,False,False,True,False,False
"Sep 24, 2024, 1:39:51 AM",Evening Run: 🥵,6.36,61.38,9.65,134.0,144,6.36,61.32,9.64,134.0,144.0,44.4,707.0,6.36,61.38,9.65,134.0,144,88,0.7,27.4,71.9,0.0,0.0,0,0,,,False,False,False,True,False,False
"Sep 22, 2024, 4:18:32 PM",Morning Run,8.07,99.85,12.37,146.5,176,8.08,99.5,12.31,145.0,176.0,602.0,1301.0,8.07,99.85,12.37,146.5,176,90,0.6,19.4,43.0,35.2,1.8,0,0,,,False,False,False,True,False,False
"Sep 21, 2024, 12:46:06 AM",Afternoon Run,13.84,121.78,8.8,154.1,175,13.9,119.83,8.62,154.0,175.0,93.6,1665.0,13.84,121.78,8.8,154.1,175,77,0.4,7.8,24.2,60.7,7.0,0,0,,,False,False,False,False,False,False
"Sep 19, 2024, 3:06:17 PM",Morning Run,6.38,63.47,9.94,124.6,133,6.39,63.4,9.92,125.0,133.0,41.0,700.0,6.38,63.47,9.94,124.6,133,82,1.3,98.5,0.2,0.0,0.0,0,0,,,False,False,False,True,False,False
"Sep 19, 2024, 1:05:06 AM",Evening Run,7.03,61.07,8.68,147.6,187,7.17,60.85,8.49,147.0,187.0,164.8,837.0,7.03,61.07,8.68,147.6,187,81,0.9,26.7,36.3,19.2,16.9,0,0,,,False,False,False,False,False,False
"Sep 17, 2024, 3:27:18 PM",Morning Run,7.07,69.95,9.89,126.7,183,7.11,68.65,9.66,122.0,183.0,55.0,776.0,7.07,69.95,9.89,126.7,183,82,4.6,87.6,0.4,0.0,7.4,0,0,,,False,False,False,True,False,False
"Sep 16, 2024, 8:37:38 PM",Afternoon Run,7.01,68.27,9.73,128.8,142,7.02,67.18,9.57,129.0,142.0,50.0,765.0,7.01,68.27,9.73,128.8,142,73,1.8,57.9,40.3,0.0,0.0,0,0,,,False,False,False,True,False,False
"Sep 15, 2024, 5:19:16 PM",Morning Run,7.89,95.18,12.06,159.6,182,7.89,94.35,11.96,158.0,182.0,639.2,1293.0,7.89,95.18,12.06,159.6,182,82,0.9,5.2,23.3,41.2,29.5,0,0,,,False,False,False,True,False,False
"Sep 15, 2024, 1:23:52 AM",Evening Run,5.05,47.8,9.47,127.4,158,5.05,47.73,9.45,127.0,158.0,75.4,568.0,5.05,47.8,9.47,127.4,158,73,5.6,58.1,32.4,3.9,0.0,0,0,,,False,False,False,True,False,False
"Sep 14, 2024, 1:52:33 AM",Evening Run,7.0,61.08,8.72,132.0,175,7.01,60.63,8.65,134.0,175.0,48.8,782.0,7.0,61.08,8.72,132.0,175,91,1.6,55.6,42.5,0.2,0.1,0,0,,,False,False,False,False,False,False
"Sep 12, 2024, 3:24:20 PM",Morning Run,8.0,76.57,9.57,123.7,135,8.01,76.48,9.55,124.0,135.0,54.4,890.0,8.0,76.57,9.57,123.7,135,76,2.1,97.2,0.7,0.0,0.0,0,0,,,False,False,False,True,False,False
"Sep 11, 2024, 3:22:02 PM",Morning Run,8.01,75.82,9.46,125.6,141,8.01,75.75,9.46,125.0,141.0,59.8,881.0,8.01,75.82,9.46,125.6,141,81,3.1,82.4,14.5,0.0,0.0,0,0,,,False,False,False,True,False,False
"Sep 10, 2024, 3:19:00 PM",Morning Run,7.01,67.48,9.63,125.9,135,7.01,67.4,9.61,126.0,135.0,48.6,762.0,7.01,67.48,9.63,125.9,135,98,1.3,95.9,2.8,0.0,0.0,0,0,,,False,False,False,True,False,False
"Sep 8, 2024, 4:03:27 PM",Morning Run,15.85,195.65,12.34,151.9,171,15.86,194.1,12.24,151.0,171.0,898.8,2479.0,15.85,195.65,12.34,151.9,171,79,0.4,2.0,41.5,55.5,0.6,0,0,,,True,False,False,True,False,False
"Sep 5, 2024, 5:49:24 PM",Morning Run,6.38,60.2,9.44,135.6,149,6.38,60.15,9.43,136.0,149.0,45.4,720.0,6.38,60.2,9.44,135.6,149,80,0.9,32.8,66.3,0.0,0.0,0,0,,,False,False,False,True,False,False
"Sep 4, 2024, 3:23:17 PM",Morning Run,7.02,63.9,9.11,137.1,149,7.01,63.88,9.11,137.0,149.0,49.8,781.0,7.02,63.9,9.11,137.1,149,89,1.3,18.8,79.9,0.0,0.0,0,0,,,False,False,False,True,False,False
"Sep 3, 2024, 3:19:23 PM",Morning Run,8.01,74.03,9.24,134.4,149,8.05,74.03,9.2,134.0,149.0,63.2,893.0,8.01,74.03,9.24,134.4,149,67,0.9,27.3,71.8,0.0,0.0,0,0,,,False,False,False,True,False,False
"Sep 2, 2024, 4:56:55 PM",Morning Run,15.05,141.57,9.41,139.5,155,15.13,139.6,9.23,140.0,155.0,99.2,1708.0,15.05,141.57,9.41,139.5,155,70,0.7,16.9,82.0,0.3,0.0,0,0,,,True,False,False,True,False,False
"Sep 2, 2024, 1:16:10 AM",Evening Run,5.03,47.95,9.53,125.6,145,5.03,47.9,9.52,125.0,145.0,80.6,574.0,5.03,47.95,9.53,125.6,145,75,1.7,87.8,10.5,0.0,0.0,0,0,,,False,False,False,True,False,False
"Aug 30, 2024, 2:49:50 PM",Morning Run,7.0,65.12,9.3,131.5,165,7.0,64.4,9.2,132.0,165.0,50.8,777.0,7.0,65.12,9.3,131.5,165,105,0.8,50.1,48.2,0.9,0.0,0,0,,,False,False,False,True,False,False
"Aug 29, 2024, 3:24:30 PM",Morning Run,8.02,74.92,9.34,134.7,189,8.03,74.87,9.32,135.0,189.0,59.4,889.0,8.02,74.92,9.34,134.7,189,87,0.9,25.1,73.9,0.0,0.0,0,0,,,False,False,False,True,False,False
"Aug 28, 2024, 6:54:31 PM",Lunch Run,8.0,74.97,9.37,144.2,160,8.01,74.88,9.35,144.0,160.0,63.4,945.0,8.0,74.97,9.37,144.2,160,83,0.6,15.9,55.9,27.6,0.0,0,0,,,False,False,False,True,False,False
"Aug 28, 2024, 2:05:12 AM",Evening Run,7.02,66.15,9.42,133.3,142,7.02,66.15,9.42,133.0,142.0,51.8,783.0,7.02,66.15,9.42,133.3,142,83,0.8,30.2,69.0,0.0,0.0,0,0,,,False,False,False,True,False,False
"Aug 26, 2024, 5:56:45 PM",Morning Run,7.03,67.9,9.66,136.5,152,7.03,67.83,9.65,137.0,152.0,44.8,808.0,7.03,67.9,9.66,136.5,152,83,1.2,35.7,61.8,1.3,0.0,0,0,,,False,False,False,True,False,False
"Aug 25, 2024, 4:16:26 PM",Morning Run,15.73,173.07,11.0,149.6,166,15.73,171.98,10.93,150.0,166.0,884.0,2267.0,15.73,173.07,11.0,149.6,166,92,0.2,5.3,44.7,49.8,0.0,0,0,,,True,False,False,True,False,False
"Aug 23, 2024, 6:34:28 PM",Lunch Run,7.01,64.08,9.14,142.8,157,7.01,64.0,9.13,143.0,157.0,52.0,786.0,7.01,64.08,9.14,142.8,157,78,0.7,7.9,78.9,12.5,0.0,0,0,,,False,False,False,True,False,False
"Aug 22, 2024, 6:24:46 PM",Lunch Run,8.02,73.92,9.22,148.2,163,8.02,73.87,9.21,148.0,163.0,58.2,962.0,8.02,73.92,9.22,148.2,163,103,0.4,2.9,45.6,51.1,0.0,0,0,,,False,False,False,True,False,False
"Aug 22, 2024, 2:05:14 AM",Evening Run,7.01,55.0,7.84,164.2,179,7.02,54.95,7.83,164.0,179.0,50.6,831.0,7.01,55.0,7.84,164.2,179,91,0.7,2.0,17.1,26.1,54.1,0,0,,,False,True,False,False,False,False
"Aug 21, 2024, 1:52:57 AM",Evening Run,7.01,61.5,8.78,148.3,168,7.01,61.03,8.71,147.0,168.0,51.2,803.0,7.01,61.5,8.78,148.3,168,117,0.0,11.6,34.4,53.9,0.0,0,0,,,False,False,False,False,False,False
"Aug 20, 2024, 1:43:22 AM",Evening Run: Back,7.01,67.95,9.69,133.1,174,7.02,66.85,9.52,134.0,174.0,54.8,792.0,7.01,67.95,9.69,133.1,174,72,1.0,37.5,61.3,0.2,0.1,0,0,,,False,False,False,True,False,False
"Aug 14, 2024, 2:12:28 PM",Evening Run,5.65,60.0,10.62,,,5.65,60.0,10.62,,,,837.0,,,,,,,,,,,,,,,,False,False,False,True,False,False
"Aug 13, 2024, 9:51:49 AM",Afternoon Run,9.32,89.73,9.63,,,9.32,89.73,9.63,,,,1379.0,,,,,,,,,,,,,,,,False,False,False,True,False,False
"Aug 12, 2024, 1:30:00 PM",10k @ 12:20 (12% grade),7.27,90.0,12.38,,,7.27,90.0,12.38,,,1236.0,1076.0,,,,,,,,,,,,,,,,False,False,False,True,False,False
"Aug 11, 2024, 10:08:53 AM",Afternoon Run,9.32,89.23,9.57,,,9.32,89.23,9.57,,,,1379.0,,,,,,,,,,,,,,,,False,False,False,True,False,False
"Aug 10, 2024, 11:30:00 AM",Morning Run,10.04,95.17,9.48,,,10.04,95.17,9.48,,,0.0,1485.0,,,,,,,,,,,,,,,,False,False,False,True,False,False
"Aug 9, 2024, 11:40:00 AM",6% = 25 bpm,8.64,90.0,10.42,,,8.64,90.0,10.42,,,719.9,1278.0,,,,,,,,,,,,,,,,False,False,False,True,False,False
"Aug 8, 2024, 8:44:17 AM",Afternoon Run,10.07,97.63,9.7,,,10.07,97.63,9.7,,,,1490.0,,,,,,,,,,,,,,,,False,False,False,True,False,False
"Aug 7, 2024, 10:55:13 AM",Afternoon Run,6.03,60.4,10.02,,,6.03,60.4,10.02,,,,892.0,,,,,,,,,,,,,,,,False,False,False,True,False,False
"Aug 5, 2024, 5:50:00 AM",Easy 10k - 5% grade,6.22,67.5,10.85,,,6.22,67.5,10.85,,,500.5,921.0,,,,,,,,,,,,,,,,False,False,False,True,False,False
"Aug 3, 2024, 10:20:00 AM",Treadmill Run,8.95,86.5,9.66,,,8.95,86.5,9.66,,,0.0,1324.0,,,,,,,,,,,,,,,,False,False,False,True,False,False
"Aug 2, 2024, 12:30:00 PM",Treadmill - 12% grade,8.2,107.0,13.05,,,8.2,107.0,13.05,,,1544.1,1214.0,,,,,,,,,,,,,,,,False,False,False,True,False,False
"Aug 1, 2024, 8:40:46 AM",Afternoon Run,9.2,91.68,9.96,149.5,171,9.21,91.25,9.91,150.0,171.0,50.8,1230.0,9.2,91.68,9.96,149.5,171,106,0.5,7.1,48.3,43.8,0.3,0,0,,,False,False,False,True,False,False
"Jul 31, 2024, 8:29:46 AM",Treadmill Run,10.02,85.63,8.54,135.0,145,10.02,85.63,8.55,135.0,145.0,0.0,925.0,10.02,85.63,8.54,135.0,145,94,0.7,24.4,74.9,0.0,0.0,0,0,183.4,0.105,False,False,False,False,False,False
"Jul 30, 2024, 10:50:00 AM",Treadmill - 8% incline,9.0,100.0,11.11,,,9.0,100.0,11.11,,,1158.5,1332.0,,,,,,,,,,,,,,,,False,False,False,True,False,False
"Jul 29, 2024, 11:54:16 AM",Afternoon Run,10.01,83.02,8.29,135.2,144,10.01,83.02,8.29,136.0,144.0,0.0,907.0,10.01,83.02,8.29,135.2,144,73,1.4,20.4,78.2,0.0,0.0,0,0,180.9,0.094,False,False,False,False,False,False
"Jul 27, 2024, 8:46:17 AM",Afternoon Run: 60 miles/week,10.03,86.82,8.66,130.2,139,10.03,86.82,8.66,130.0,139.0,0.0,838.0,10.03,86.82,8.66,130.2,139,78,1.2,60.7,38.2,0.0,0.0,0,0,180.6,0.047,False,False,False,False,False,False
"Jul 26, 2024, 11:20:00 AM",Treadmill - 7% incline,9.02,90.93,10.08,,,9.02,90.93,10.08,,,1011.9,1335.0,,,,,,,,,,,,,,,,False,False,False,True,False,False
"Jul 25, 2024, 10:06:36 AM",Afternoon Run,10.02,86.65,8.64,143.3,152,10.02,86.65,8.65,144.0,152.0,0.0,1088.0,10.02,86.65,8.64,143.3,152,93,0.9,11.0,87.8,0.2,0.0,0,0,177.6,0.045,False,False,False,False,False,False
"Jul 24, 2024, 8:22:40 AM",Afternoon Run,11.02,94.72,8.6,145.1,155,11.02,94.72,8.6,145.0,155.0,0.0,1200.0,11.02,94.72,8.6,145.1,155,98,0.6,10.4,75.3,13.7,0.0,0,0,180.8,0.097,False,False,False,False,False,False
"Jul 23, 2024, 10:40:50 AM",Afternoon Run,10.02,86.5,8.63,144.6,176,10.02,86.5,8.63,145.0,176.0,0.0,1107.0,10.02,86.5,8.63,144.6,176,80,1.4,12.0,67.9,13.6,5.1,0,0,180.9,0.095,False,False,False,False,False,False
"Jul 22, 2024, 9:14:29 AM",Afternoon Run,10.15,90.4,8.9,147.1,161,10.15,90.4,8.91,148.0,161.0,0.0,1191.0,10.15,90.4,8.9,147.1,161,71,1.3,5.7,58.3,34.7,0.0,0,0,184.5,0.107,False,False,False,False,False,False
"Jul 18, 2024, 6:45:07 AM",Lunch Run,9.02,86.8,9.62,164.6,179,9.02,86.8,9.62,165.0,179.0,0.0,1302.0,9.02,86.8,9.62,164.6,179,97,0.5,1.2,9.4,55.6,33.2,0,0,,,False,False,False,True,False,False
"Jul 17, 2024, 4:17:07 AM",Morning Run,8.16,80.02,9.81,141.0,149.0,8.16,80.02,9.81,141.0,149.0,0.0,1207.0,,,,,,,,,,,,,,,,False,False,False,True,False,False
"Jul 15, 2024, 1:35:11 PM",Evening Run,6.22,56.87,9.15,147.2,164,6.22,56.8,9.13,147.0,164.0,63.8,736.0,6.22,56.87,9.15,147.2,164,113,0.3,12.5,47.5,39.7,0.0,0,0,,,False,False,False,True,False,False
"Jul 14, 2024, 1:34:16 PM",Evening Run,6.22,62.07,9.98,131.5,162,6.22,61.7,9.92,132.0,162.0,71.6,697.0,6.22,62.07,9.98,131.5,162,96,3.9,45.9,48.9,1.2,0.0,0,0,,,False,False,False,True,False,False
"Jul 12, 2024, 2:22:47 AM",Evening Run,6.35,61.62,9.71,130.3,143,6.35,61.43,9.67,130.0,143.0,57.8,682.0,6.35,61.62,9.71,130.3,143,96,0.6,47.9,51.6,0.0,0.0,0,0,,,False,False,False,True,False,False
"Jul 11, 2024, 2:39:57 AM",Evening Run,6.37,66.22,10.4,132.6,167,6.37,62.42,9.8,133.0,167.0,55.0,700.0,6.37,66.22,10.4,132.6,167,92,1.6,46.7,51.0,0.6,0.0,0,0,,,False,False,False,True,False,False
"Jul 10, 2024, 1:53:31 AM",Bubye trails for a month,7.82,84.52,10.81,169.0,182,7.83,83.88,10.71,169.0,182.0,646.2,1259.0,7.82,84.52,10.81,169.0,182,100,0.2,0.7,7.6,34.2,57.2,0,0,,,False,False,False,True,False,False
"Jul 9, 2024, 3:48:33 AM",🚨400 PR (1:10) 🎉,0.34,3.55,,146.3,166,0.27,1.25,,147.0,165.0,2.8,37.0,0.34,3.55,,146.3,166,104,3.4,17.4,32.9,46.4,0.0,0,0,,,False,False,False,False,False,False
"Jul 9, 2024, 3:11:18 AM",Pacing Shehla sub-30 5k 🎉❤️,3.27,30.2,9.23,133.1,146,3.27,30.17,9.23,133.0,146.0,43.8,349.0,3.27,30.2,9.23,133.1,146,86,0.3,46.9,52.7,0.0,0.0,0,0,,,False,False,False,True,False,False
"Jul 9, 2024, 3:04:49 AM",Evening Run,0.4,3.88,,118.5,130,0.41,3.83,,119.0,130.0,5.4,43.0,0.4,3.88,,118.5,130,73,19.3,80.7,0.0,0.0,0.0,0,0,,,False,False,False,False,False,False
"Jul 8, 2024, 2:28:51 AM",Evening Run,10.6,98.08,9.25,130.1,170,10.6,97.72,9.22,135.0,170.0,99.0,1149.0,10.6,98.08,9.25,130.1,170,81,1.0,64.5,33.4,1.1,0.0,0,0,,,False,False,False,True,False,False
"Jul 6, 2024, 2:16:35 AM",Evening Run,13.12,123.35,9.4,134.0,143,13.17,122.53,9.3,134.0,143.0,131.2,1421.0,13.12,123.35,9.4,134.0,143,107,0.2,30.9,68.9,0.0,0.0,0,0,,,False,False,False,True,False,False
"Jul 4, 2024, 2:33:38 AM",Evening Run,10.29,94.03,9.14,146.3,167,10.29,93.83,9.12,146.0,167.0,84.4,1176.0,10.29,94.03,9.14,146.3,167,71,0.6,11.8,46.4,41.1,0.0,0,0,,,False,False,False,True,False,False
"Jul 3, 2024, 2:36:26 AM",Evening Run,8.01,70.8,8.84,142.4,157,8.01,70.72,8.83,142.0,157.0,74.2,874.0,8.01,70.8,8.84,142.4,157,91,0.3,17.1,70.5,12.1,0.0,0,0,,,False,False,False,False,False,False
"Jul 2, 2024, 2:36:37 AM",Evening Run,8.02,72.03,8.98,135.2,151,8.02,71.87,8.96,135.0,151.0,83.4,873.0,8.02,72.03,8.98,135.2,151,84,0.5,35.8,63.8,0.0,0.0,0,0,,,False,False,False,False,False,False
"Jun 30, 2024, 4:32:48 PM",Morning Run,11.32,109.97,9.71,137.4,148,11.37,109.7,9.65,138.0,148.0,100.0,1254.0,11.32,109.97,9.71,137.4,148,93,0.4,20.6,78.9,0.0,0.0,0,0,,,False,False,False,True,False,False
"Jun 28, 2024, 2:16:44 AM",Evening Run,8.01,73.12,9.13,139.8,152,8.03,73.1,9.1,140.0,152.0,63.6,875.0,8.01,73.12,9.13,139.8,152,84,0.5,12.6,86.3,0.6,0.0,0,0,,,False,False,False,True,False,False
"Jun 27, 2024, 2:11:01 AM",Evening Run,8.02,75.45,9.41,129.7,142,8.02,75.27,9.39,130.0,142.0,71.4,868.0,8.02,75.45,9.41,129.7,142,91,0.7,56.5,42.8,0.0,0.0,0,0,,,False,False,False,True,False,False
"Jun 24, 2024, 6:10:03 PM",Lunch Run,5.1,60.47,11.87,159.2,181,5.1,60.47,11.86,157.0,181.0,0.0,793.0,5.1,60.47,11.87,159.2,181,68,1.3,11.8,12.0,42.3,32.7,0,0,,,False,False,False,True,False,False
"Jun 22, 2024, 2:21:04 AM",Evening Run,16.02,149.97,9.36,140.3,154,16.02,147.77,9.22,140.0,154.0,154.2,1784.0,16.02,149.97,9.36,140.3,154,86,0.3,14.4,85.0,0.3,0.0,0,0,,,True,False,False,True,False,False
"Jun 20, 2024, 2:17:38 AM",Benchmark 10k,6.23,43.53,6.99,179.8,191,6.26,43.5,6.95,180.0,191.0,43.4,694.0,6.23,43.53,6.99,179.8,191,90,0.5,0.3,3.6,10.5,85.1,0,0,,,False,False,True,False,False,False
"Jun 18, 2024, 8:13:12 PM",Afternoon Run,8.01,75.9,9.47,133.1,151,8.06,75.53,9.37,133.0,151.0,68.8,877.0,8.01,75.9,9.47,133.1,151,82,0.7,40.8,58.5,0.0,0.0,0,0,,,False,False,False,True,False,False
"Jun 17, 2024, 7:08:23 PM",Lunch Run,8.01,74.3,9.28,137.0,149,8.02,74.22,9.25,137.0,149.0,61.6,878.0,8.01,74.3,9.28,137.0,149,84,0.4,32.1,67.5,0.0,0.0,0,0,,,False,False,False,True,False,False
"Jun 15, 2024, 12:46:01 AM",Afternoon Run,15.59,166.63,10.69,155.0,175,15.59,164.65,10.56,155.0,175.0,896.8,2255.0,15.59,166.63,10.69,155.0,175,89,0.1,2.4,33.9,56.3,7.2,0,0,,,True,False,False,True,False,False
"Jun 13, 2024, 6:13:31 PM",Lunch Run,8.02,73.97,9.22,133.5,176,8.05,73.57,9.14,134.0,176.0,67.2,883.0,8.02,73.97,9.22,133.5,176,71,1.7,42.1,50.8,4.5,0.9,0,0,,,False,False,False,True,False,False
"Jun 12, 2024, 6:32:33 PM",Lunch Run,7.02,62.98,8.97,144.9,158,7.02,62.9,8.96,145.0,158.0,54.6,776.0,7.02,62.98,8.97,144.9,158,94,0.4,4.9,74.0,20.7,0.0,0,0,,,False,False,False,False,False,False
"Jun 12, 2024, 2:05:15 AM",Evening Run,8.0,76.6,9.57,133.9,145,8.01,76.33,9.53,134.0,145.0,80.6,870.0,8.0,76.6,9.57,133.9,145,89,0.6,35.5,63.9,0.0,0.0,0,0,,,False,False,False,True,False,False
"Jun 11, 2024, 2:13:41 AM",Evening Run,7.01,66.15,9.43,130.3,142,7.01,65.98,9.41,130.0,142.0,63.0,762.0,7.01,66.15,9.43,130.3,142,88,0.6,59.1,40.2,0.0,0.0,0,0,,,False,False,False,True,False,False
"Jun 8, 2024, 4:24:23 PM",Morning Run,18.39,256.53,13.95,157.1,174,18.39,246.38,13.4,158.0,174.0,1612.0,3175.0,18.39,256.53,13.95,157.1,174,88,0.2,2.1,24.8,66.4,6.5,0,0,158.4,0.066,True,False,False,True,False,False
"Jun 7, 2024, 2:34:49 AM",Evening Run,8.02,62.82,7.83,166.8,183,8.05,62.8,7.8,167.0,183.0,65.0,960.0,8.02,62.82,7.83,166.8,183,75,0.6,2.2,11.9,36.2,49.1,0,0,,,False,True,False,False,False,False
"Jun 6, 2024, 2:41:14 AM",Evening Run,7.01,66.67,9.51,133.7,152,7.01,66.5,9.49,134.0,152.0,74.0,788.0,7.01,66.67,9.51,133.7,152,91,2.3,38.4,59.0,0.3,0.0,0,0,,,False,False,False,True,False,False
"Jun 5, 2024, 2:16:29 AM",Running,6.36,61.77,9.72,136.7,149,6.36,61.23,9.63,137.0,149.0,40.7,732.0,6.36,61.77,9.72,136.7,149,85,0.8,34.7,64.5,0.0,0.0,90.0,93.0,180.5,,False,False,False,True,False,False
"May 30, 2024, 5:35:25 PM",Morning Run,6.36,59.87,9.42,138.3,158,6.36,57.87,9.1,138.0,158.0,48.4,716.0,6.36,59.87,9.42,138.3,158,75,0.8,30.4,62.3,6.5,0.0,0,0,,,False,False,False,True,False,False
"May 29, 2024, 7:04:04 PM",Lunch Run,6.38,78.18,12.26,152.6,183,6.44,77.43,12.02,150.0,183.0,414.6,1018.0,6.38,78.18,12.26,152.6,183,81,0.5,12.6,30.7,46.5,9.8,0,0,,0.114,False,False,False,True,False,False
"May 28, 2024, 7:59:07 PM",Lunch Run,7.01,65.37,9.33,134.5,152,7.01,65.12,9.29,135.0,152.0,73.8,789.0,7.01,65.37,9.33,134.5,152,84,0.9,39.3,59.5,0.3,0.0,0,0,,,False,False,False,True,False,False
"May 23, 2024, 6:34:45 PM",Lunch Run,6.32,71.52,11.31,149.3,179,6.32,69.82,11.05,149.0,179.0,412.0,948.0,6.32,71.52,11.31,149.3,179,76,0.5,10.8,47.9,34.8,6.1,0,0,,,False,False,False,True,False,False
"May 22, 2024, 6:24:59 PM",Lunch Run,7.02,64.52,9.19,139.9,156,7.02,63.77,9.08,140.0,156.0,87.2,788.0,7.02,64.52,9.19,139.9,156,93,1.3,19.5,74.6,4.5,0.0,0,0,,,False,False,False,True,False,False
"May 21, 2024, 6:28:43 PM",Lunch Run,6.35,44.38,6.99,175.7,189,6.39,44.37,6.94,176.0,189.0,55.2,725.0,6.35,44.38,6.99,175.7,189,87,0.6,0.8,6.0,13.3,79.3,0,0,,,False,False,True,False,False,False
"May 20, 2024, 7:33:15 PM",Lunch Run,7.01,61.02,8.7,136.3,152,7.01,60.93,8.69,136.0,152.0,66.0,781.0,7.01,61.02,8.7,136.3,152,76,0.9,32.1,66.3,0.6,0.0,0,0,,,False,False,False,False,False,False
"May 19, 2024, 4:26:30 PM",Morning Run,10.11,92.8,9.18,136.2,152,10.15,92.5,9.11,136.0,152.0,86.2,1123.0,10.11,92.8,9.18,136.2,152,71,2.1,28.1,69.6,0.2,0.0,0,0,,,False,False,False,True,False,False
"May 18, 2024, 2:14:00 AM",Evening Run,6.02,50.25,8.35,144.9,187,6.02,49.93,8.29,145.0,187.0,46.8,685.0,6.02,50.25,8.35,144.9,187,67,2.0,34.6,33.2,16.4,13.7,0,0,,,False,False,False,False,False,False
"May 16, 2024, 6:37:06 PM",Lunch Run,6.27,69.25,11.05,149.7,173,6.33,68.6,10.84,149.0,173.0,441.8,946.0,6.27,69.25,11.05,149.7,173,67,0.6,15.3,31.0,50.2,2.8,0,0,,,False,False,False,True,False,False
"May 15, 2024, 6:42:13 PM",Lunch Run,7.01,60.98,8.7,145.1,163,7.01,60.77,8.67,145.0,163.0,61.2,788.0,7.01,60.98,8.7,145.1,163,85,0.6,9.2,57.8,32.4,0.0,0,0,,,False,False,False,False,False,False
"May 13, 2024, 6:18:10 PM",CIM 2024!,7.01,64.43,9.19,134.2,149,7.05,64.4,9.13,134.0,149.0,58.4,778.0,7.01,64.43,9.19,134.2,149,84,1.1,40.8,58.2,0.0,0.0,0,0,,,False,False,False,True,False,False
"May 12, 2024, 5:12:51 PM",No-nutrition Long Run,16.32,188.52,11.55,151.2,178,16.32,179.8,11.02,151.0,178.0,913.4,2288.0,16.32,188.52,11.55,151.2,178,90,0.4,6.6,40.6,50.3,2.2,0,0,,,True,False,False,True,False,False
"May 9, 2024, 5:50:45 PM",Morning Run,6.2,63.83,10.29,159.1,179,6.21,62.85,10.12,159.0,179.0,413.6,938.0,6.2,63.83,10.29,159.1,179,86,0.5,5.6,17.8,53.9,22.2,0,0,,,False,False,False,True,False,False
"May 8, 2024, 6:59:36 PM",Lunch Run,7.02,61.45,8.75,144.5,160,7.03,61.35,8.73,144.0,160.0,63.0,791.0,7.02,61.45,8.75,144.5,160,90,0.7,15.0,52.4,31.9,0.0,0,0,,,False,False,False,False,False,False
"May 7, 2024, 8:20:55 PM",Afternoon Run,5.01,45.1,8.99,140.2,155,5.02,45.1,8.98,140.0,155.0,58.6,559.0,5.01,45.1,8.99,140.2,155,91,0.9,16.3,79.8,3.0,0.0,0,0,,,False,False,False,False,False,False
"May 6, 2024, 7:16:19 PM",Lunch Run,7.01,56.33,8.04,149.0,185,7.05,56.13,7.96,149.0,185.0,86.0,789.0,7.01,56.33,8.04,149.0,185,82,1.7,7.8,57.2,19.2,14.1,0,0,,,False,False,False,False,False,False
"May 5, 2024, 3:55:17 PM",Morning Run,10.17,102.88,10.12,149.1,167,10.17,101.28,9.96,149.0,167.0,524.4,1415.0,10.17,102.88,10.12,149.1,167,78,0.7,4.4,51.9,43.0,0.0,0,0,,,False,False,False,True,False,False
"May 1, 2024, 6:15:36 PM",Lunch Run,6.39,54.45,8.52,143.8,157,6.39,54.43,8.52,144.0,157.0,64.4,717.0,6.39,54.45,8.52,143.8,157,83,0.8,16.9,52.1,30.2,0.0,0,0,,,False,False,False,False,False,False
"Apr 30, 2024, 5:36:05 PM",Morning Run,5.1,47.43,9.3,129.5,142,5.12,47.43,9.26,130.0,142.0,52.6,567.0,5.1,47.43,9.3,129.5,142,84,1.3,57.0,41.7,0.0,0.0,0,0,,,False,False,False,True,False,False
"Apr 27, 2024, 1:00:55 PM",UTMB Canyons 50k: 17th in my AG! 🙌🏼,32.16,347.3,10.8,160.3,177,32.12,336.1,10.46,160.0,177.0,1714.0,4805.0,32.16,347.3,10.8,160.3,177,78,0.2,1.3,10.9,82.5,5.0,0,0,,,True,False,False,True,False,False
"Apr 25, 2024, 1:05:26 AM",Evening Run,3.34,39.42,11.81,117.9,158,3.34,39.4,11.8,118.0,158.0,37.4,357.0,3.34,39.42,11.81,117.9,158,92,38.4,54.8,4.0,2.8,0.0,0,0,,,False,False,False,True,False,False
"Apr 25, 2024, 12:07:26 AM",Afternoon Run,3.47,26.28,7.58,147.4,167,3.47,26.12,7.53,148.0,167.0,30.6,378.0,3.47,26.28,7.58,147.4,167,87,5.5,8.5,35.1,50.9,0.0,0,0,,,False,True,False,False,False,False
"Apr 24, 2024, 12:22:47 AM",Afternoon Run,5.03,38.08,7.57,155.3,183,5.05,38.08,7.54,155.0,183.0,84.2,575.0,5.03,38.08,7.57,155.3,183,82,1.1,7.5,27.1,45.1,19.3,0,0,,,False,True,False,False,False,False
"Apr 23, 2024, 12:27:08 AM",Afternoon Run,4.2,56.0,13.33,129.3,167,4.2,47.48,11.3,130.0,167.0,203.2,529.0,4.2,56.0,13.33,129.3,167,84,19.6,39.4,26.8,14.2,0.0,0,0,,,False,False,False,True,False,False
"Apr 20, 2024, 11:22:49 PM",Afternoon Run,8.04,133.08,16.55,116.8,152,8.04,122.17,15.2,118.0,152.0,686.8,1125.0,8.04,133.08,16.55,116.8,152,80,42.3,43.3,14.4,0.0,0.0,0,0,,,False,False,False,True,False,False
"Apr 19, 2024, 1:59:19 AM",Golden hour ☄️🔥,6.23,58.77,9.43,161.3,181,6.23,58.07,9.32,161.0,181.0,408.6,895.0,6.23,58.77,9.43,161.3,181,63,0.5,3.7,18.4,40.3,37.2,0,0,,,False,False,False,True,False,False
"Apr 17, 2024, 5:51:52 PM",Morning Run,6.41,51.42,8.02,153.0,185.0,6.41,51.42,8.02,153.0,185.0,41.1,951.0,,,,,,,,,,,,,,,,False,False,False,False,False,False
"Apr 15, 2024, 7:29:14 PM",Lunch Run:On tired legs,6.22,65.52,10.54,146.9,174,6.22,64.87,10.43,147.0,174.0,412.4,892.0,6.22,65.52,10.54,146.9,174,82,1.1,19.0,37.0,41.4,1.5,0,0,,,False,False,False,True,False,False
"Apr 14, 2024, 4:42:27 PM",Morning Run: Taper starts,18.75,231.87,12.37,158.3,175,18.75,228.38,12.18,158.0,175.0,1578.0,3110.0,18.75,231.87,12.37,158.3,175,74,0.5,1.1,18.4,75.1,4.9,0,0,,,True,False,False,True,False,False
"Apr 11, 2024, 6:14:47 PM",Lunch Run,8.07,68.55,8.5,147.0,163,8.07,68.05,8.43,147.0,163.0,74.0,882.0,8.07,68.55,8.5,147.0,163,87,0.7,9.1,42.4,47.8,0.0,0,0,,,False,False,False,False,False,False
"Apr 9, 2024, 6:17:31 PM",Lunch Run: Hot...,10.07,89.97,8.94,143.6,158,10.12,89.93,8.89,144.0,158.0,92.4,1111.0,10.07,89.97,8.94,143.6,158,82,0.5,10.5,77.0,12.0,0.0,0,0,,,False,False,False,False,False,False
"Apr 6, 2024, 4:40:38 PM",Training Run for Canyons 50k 🎉,21.88,224.3,10.25,156.6,179,21.88,221.15,10.11,157.0,179.0,1271.8,3122.0,21.88,224.3,10.25,156.6,179,78,0.2,2.0,23.7,69.1,5.0,0,0,,,True,False,False,True,False,False
"Apr 5, 2024, 12:01:45 AM",Afternoon Run,6.87,79.97,11.65,139.5,168,6.87,77.8,11.32,139.0,168.0,485.0,1017.0,6.87,79.97,11.65,139.5,168,82,2.5,26.4,48.6,22.4,0.0,0,0,,,False,False,False,True,False,False
"Apr 4, 2024, 12:35:51 AM",Afternoon Run,6.21,64.35,10.37,150.5,176,6.27,64.27,10.25,150.0,176.0,399.0,927.0,6.21,64.35,10.37,150.5,176,101,0.9,14.9,32.0,48.8,3.4,0,0,,,False,False,False,True,False,False
"Apr 3, 2024, 12:38:40 AM",Afternoon Run,6.35,60.05,9.45,129.9,141,6.36,59.97,9.43,130.0,141.0,64.0,690.0,6.35,60.05,9.45,129.9,141,88,1.5,49.7,48.8,0.0,0.0,0,0,,,False,False,False,True,False,False
"Mar 31, 2024, 5:48:02 PM",Morning Run,6.89,78.55,11.41,142.6,168,6.89,78.22,11.35,142.0,168.0,457.4,1008.0,6.89,78.55,11.41,142.6,168,76,2.2,21.2,47.5,29.1,0.0,0,0,,,False,False,False,True,False,False
"Mar 29, 2024, 7:01:50 PM",Lunch Run,6.38,57.22,8.97,136.3,152,6.38,56.08,8.79,136.0,152.0,70.0,703.0,6.38,57.22,8.97,136.3,152,97,1.6,24.3,73.8,0.3,0.0,0,0,,,False,False,False,False,False,False
"Mar 28, 2024, 7:14:07 PM",Lunch Run,7.01,62.43,8.9,138.2,152,7.01,61.58,8.78,138.0,152.0,70.8,767.0,7.01,62.43,8.9,138.2,152,71,1.7,21.1,76.4,0.8,0.0,0,0,,,False,False,False,False,False,False
"Mar 27, 2024, 5:27:15 PM",Morning Run,6.2,68.25,11.01,138.8,167,6.2,67.15,10.83,142.0,167.0,399.2,896.0,6.2,68.25,11.01,138.8,167,98,2.5,33.5,41.2,22.8,0.0,0,0,,,False,False,False,True,False,False
"Mar 25, 2024, 7:33:32 PM",Lunch Run,7.02,58.57,8.34,144.6,173,7.02,58.47,8.33,145.0,173.0,72.2,770.0,7.02,58.57,8.34,144.6,173,80,1.6,14.1,57.8,25.6,1.0,0,0,,,False,False,False,False,False,False
"Mar 24, 2024, 8:01:42 PM",Afternoon Run,3.6,39.5,10.97,116.8,130,3.6,38.72,10.76,117.0,130.0,63.0,387.0,3.6,39.5,10.97,116.8,130,92,27.5,72.5,0.0,0.0,0.0,0,0,,,False,False,False,True,False,False
"Mar 23, 2024, 5:05:04 PM",Morning Run,22.4,228.78,10.21,163.6,185,22.4,226.25,10.1,164.0,185.0,1251.8,3312.0,22.4,228.78,10.21,163.6,185,90,0.3,0.1,8.1,70.7,20.9,0,0,,,True,False,False,True,False,False
"Mar 21, 2024, 6:48:40 PM",Lunch Run,6.38,57.68,9.04,141.0,157,6.41,57.65,8.99,141.0,157.0,67.6,701.0,6.38,57.68,9.04,141.0,157,88,0.6,15.8,63.9,19.6,0.0,0,0,,,False,False,False,True,False,False
"Mar 20, 2024, 5:50:50 PM",Morning Run,6.19,63.12,10.2,159.3,180,6.19,63.1,10.19,159.0,180.0,409.2,926.0,6.19,63.12,10.2,159.3,180,92,0.6,1.0,20.9,55.6,21.9,0,0,,,False,False,False,True,False,False
"Mar 19, 2024, 6:44:01 PM",Lunch Run,7.01,63.38,9.04,134.7,149,7.01,63.3,9.03,135.0,149.0,62.6,765.0,7.01,63.38,9.04,134.7,149,93,0.6,38.8,60.5,0.0,0.0,0,0,,,False,False,False,True,False,False
"Mar 18, 2024, 4:56:55 PM",Morning Run,7.02,62.35,8.88,137.1,151,7.03,62.07,8.83,137.0,151.0,57.8,766.0,7.02,62.35,8.88,137.1,151,99,0.4,22.0,77.7,0.0,0.0,0,0,,,False,False,False,False,False,False
"Mar 16, 2024, 4:40:31 PM",Morning Run: Hot 🥵,6.86,75.27,10.97,151.3,173,6.87,74.75,10.88,152.0,173.0,476.8,1031.0,6.86,75.27,10.97,151.3,173,91,0.9,10.8,31.7,55.1,1.5,0,0,,,False,False,False,True,False,False
"Mar 15, 2024, 5:35:51 PM",Morning Run,7.01,65.27,9.31,138.9,155,7.01,64.92,9.26,139.0,155.0,45.2,768.0,7.01,65.27,9.31,138.9,155,86,0.7,24.7,71.4,3.2,0.0,0,0,,,False,False,False,True,False,False
"Mar 14, 2024, 5:09:15 PM",Morning Run,6.31,68.37,10.84,151.6,174,6.31,67.52,10.7,151.0,174.0,410.6,953.0,6.31,68.37,10.84,151.6,174,83,0.7,9.8,39.4,47.9,2.3,0,0,,,False,False,False,True,False,False
"Mar 13, 2024, 6:12:06 PM",Lunch Run,7.01,63.65,9.08,136.5,149,7.01,63.43,9.05,137.0,149.0,59.8,764.0,7.01,63.65,9.08,136.5,149,88,1.1,29.1,69.9,0.0,0.0,0,0,,,False,False,False,True,False,False
"Mar 11, 2024, 4:56:12 PM",Ramadan Mubarak ☪️,7.02,67.35,9.59,128.4,139,7.06,67.05,9.5,129.0,139.0,60.6,761.0,7.02,67.35,9.59,128.4,139,88,1.5,76.3,22.2,0.0,0.0,0,0,,,False,False,False,True,False,False
"Mar 9, 2024, 7:43:23 PM",Lunch Run,5.01,49.88,9.96,127.2,139,5.01,49.27,9.83,127.0,139.0,44.2,562.0,5.01,49.88,9.96,127.2,139,90,5.0,70.9,24.1,0.0,0.0,0,0,,,False,False,False,True,False,False
"Mar 8, 2024, 5:10:14 PM",DNF Training Run,22.79,315.83,13.86,154.3,177,22.71,300.73,13.24,155.0,177.0,1900.6,3935.0,22.79,315.83,13.86,154.3,177,68,2.2,10.2,20.0,59.3,8.3,0,0,,,True,False,False,True,False,False
"Mar 7, 2024, 6:34:45 PM",Morning Run,5.03,43.35,8.61,147.3,176,5.03,42.85,8.52,147.0,176.0,85.8,591.0,5.03,43.35,8.61,147.3,176,73,1.1,5.2,58.0,32.1,3.6,0,0,,,False,False,False,False,False,False
"Mar 6, 2024, 6:18:29 PM",Morning Run,6.86,70.08,10.22,159.1,184,6.86,69.87,10.19,159.0,184.0,481.6,1073.0,6.86,70.08,10.22,159.1,184,74,1.9,0.6,24.1,45.9,27.5,0,0,,,False,False,False,True,False,False
"Mar 4, 2024, 8:57:01 PM",Lunch Run,8.02,74.43,9.28,130.5,154,8.05,73.92,9.18,131.0,154.0,82.0,903.0,8.02,74.43,9.28,130.5,154,81,2.5,57.4,39.4,0.7,0.0,0,0,,,False,False,False,True,False,False
"Mar 2, 2024, 7:25:46 PM",Double day: Trail Run,6.87,75.12,10.93,152.2,176,6.88,74.55,10.84,152.0,176.0,474.2,1080.0,6.87,75.12,10.93,152.2,176,80,2.1,6.4,32.6,53.8,5.2,0,0,,,False,False,False,True,False,False
"Mar 1, 2024, 7:32:27 PM",Lunch Run,8.6,96.0,11.16,161.1,183,8.69,95.48,10.99,160.0,183.0,647.8,1404.0,8.6,96.0,11.16,161.1,183,94,0.5,4.0,21.2,42.8,31.5,0,0,,,False,False,False,True,False,False
"Feb 29, 2024, 7:17:58 PM",Lunch Run,7.01,62.02,8.84,141.4,157,7.01,62.02,8.85,142.0,157.0,49.0,858.0,7.01,62.02,8.84,141.4,157,94,1.1,16.7,74.2,8.0,0.0,0,0,184.1,0.536,False,False,False,False,False,False
"Feb 28, 2024, 9:31:43 PM",Afternoon Run,7.04,64.55,9.17,133.2,167,7.04,64.03,9.1,133.0,167.0,63.4,793.0,7.04,64.55,9.17,133.2,167,80,2.0,41.5,52.4,4.1,0.0,0,0,,,False,False,False,True,False,False
"Feb 27, 2024, 7:14:53 PM",Lunch Run,6.43,63.2,9.82,129.4,138,6.47,62.67,9.69,129.0,138.0,93.0,723.0,6.43,63.2,9.82,129.4,138,90,0.9,72.1,26.9,0.0,0.0,0,0,,,False,False,False,True,False,False
"Feb 26, 2024, 8:29:35 PM",Lunch Run,6.32,66.0,10.44,119.6,128,6.33,65.8,10.39,120.0,128.0,53.8,700.0,6.32,66.0,10.44,119.6,128,88,9.4,90.6,0.0,0.0,0.0,0,0,,,False,False,False,True,False,False
"Feb 24, 2024, 6:15:11 PM",Mt Umumhum is always special ❤️,24.22,288.07,11.9,160.6,175,24.22,280.15,11.57,161.0,175.0,1525.8,3816.0,24.22,288.07,11.9,160.6,175,103,0.1,0.3,11.2,78.8,9.6,0,0,,,True,False,False,True,False,False
"Feb 23, 2024, 8:23:01 PM",Lunch Run,5.01,47.33,9.44,134.5,146,5.01,46.85,9.35,135.0,146.0,52.2,566.0,5.01,47.33,9.44,134.5,146,89,1.1,35.6,63.4,0.0,0.0,0,0,,,False,False,False,True,False,False
"Feb 22, 2024, 7:09:36 PM",Failed Threshold 10k,7.0,52.78,7.54,171.7,187,7.03,52.75,7.5,172.0,187.0,54.0,858.0,7.0,52.78,7.54,171.7,187,124,0.0,0.3,1.4,40.1,58.3,0,0,,0.034,False,True,False,False,False,False
"Feb 21, 2024, 7:19:16 PM",Lunch Run,5.84,54.18,9.28,137.7,152,5.84,54.15,9.27,138.0,152.0,49.8,659.0,5.84,54.18,9.28,137.7,152,91,0.8,23.4,75.8,0.0,0.0,0,0,,,False,False,False,True,False,False
"Feb 20, 2024, 7:21:43 PM",Lunch Run,8.56,93.77,10.96,154.1,176,8.64,93.55,10.83,154.0,176.0,637.6,1347.0,8.56,93.77,10.96,154.1,176,100,0.3,7.8,34.8,46.1,11.1,0,0,,,False,False,False,True,False,False
"Feb 19, 2024, 8:45:37 PM",Lunch Run,7.01,66.13,9.43,133.0,148,7.04,66.1,9.39,133.0,148.0,75.8,806.0,7.01,66.13,9.43,133.0,148,96,0.4,40.2,59.4,0.0,0.0,0,0,,,False,False,False,True,False,False
"Feb 17, 2024, 7:02:39 PM",Lunch Run,15.14,157.53,10.41,163.9,180,15.14,154.15,10.18,165.0,180.0,892.6,2283.0,15.14,157.53,10.41,163.9,180,96,0.1,2.0,9.5,53.9,34.4,0,0,,,True,False,False,True,False,False
"Feb 16, 2024, 8:44:58 PM",Lactate Threshold +,5.07,38.1,7.51,169.5,189,5.1,37.97,7.45,170.0,189.0,79.6,607.0,5.07,38.1,7.51,169.5,189,71,2.8,1.1,5.6,26.1,64.4,0,0,,,False,True,False,False,False,False
"Feb 15, 2024, 7:57:05 PM",Lunch Run,6.31,61.58,9.76,138.6,153,6.41,61.57,9.61,139.0,153.0,42.2,717.0,6.31,61.58,9.76,138.6,153,85,1.2,19.8,77.9,1.0,0.0,0,0,,,False,False,False,True,False,False
"Feb 14, 2024, 7:18:52 PM",Lunch Run,8.58,95.55,11.14,160.5,182,8.58,95.23,11.1,161.0,182.0,636.8,1382.0,8.58,95.55,11.14,160.5,182,97,0.3,3.5,22.0,43.0,31.2,0,0,,,False,False,False,True,False,False
"Feb 13, 2024, 7:51:21 PM",Lunch Run,8.08,78.35,9.7,132.7,146,8.08,77.43,9.58,133.0,146.0,84.6,911.0,8.08,78.35,9.7,132.7,146,89,1.8,38.6,59.7,0.0,0.0,0,0,,,False,False,False,True,False,False
"Feb 12, 2024, 9:06:09 PM",Afternoon Run,7.03,64.8,9.22,133.4,153,7.03,63.8,9.08,134.0,153.0,58.6,790.0,7.03,64.8,9.22,133.4,153,85,3.7,28.5,67.4,0.4,0.0,0,0,,,False,False,False,True,False,False
"Feb 12, 2024, 2:58:24 AM",Kelvin Kiptum 😢,6.37,63.28,9.93,131.0,154,6.37,62.68,9.84,131.0,154.0,42.0,710.0,6.37,63.28,9.93,131.0,154,104,0.8,56.8,42.3,0.2,0.0,0,0,,,False,False,False,True,False,False
"Feb 10, 2024, 5:16:19 PM",My happy place ❤️🏔️,9.46,118.42,12.52,150.1,185,9.46,114.83,12.14,149.0,185.0,724.2,1504.0,9.46,118.42,12.52,150.1,185,80,2.9,5.7,35.3,54.3,1.8,0,0,,,False,False,False,True,False,False
"Feb 9, 2024, 6:43:57 PM",Morning Run,10.1,91.02,9.01,141.5,153,10.13,91.0,8.98,141.0,153.0,81.2,1138.0,10.1,91.02,9.01,141.5,153,92,0.5,8.7,90.5,0.4,0.0,0,0,,,False,False,False,True,False,False
"Feb 9, 2024, 1:07:22 AM",Afternoon Run,6.41,61.8,9.65,143.6,179,6.41,60.22,9.39,147.0,179.0,47.2,716.0,6.41,61.8,9.65,143.6,179,112,1.2,16.3,61.0,13.8,7.7,0,0,,,False,False,False,True,False,False
"Feb 7, 2024, 10:01:22 PM",Afternoon Run,7.02,65.03,9.27,150.8,166,7.05,64.32,9.12,151.0,166.0,75.0,795.0,7.02,65.03,9.27,150.8,166,115,0.0,4.8,35.5,59.7,0.0,0,0,,,False,False,False,True,False,False
"Feb 6, 2024, 7:44:54 PM",Rebuilding…,7.02,68.67,9.78,137.6,175,7.08,66.4,9.38,134.0,175.0,86.4,794.0,7.02,68.67,9.78,137.6,175,78,1.4,17.8,76.8,3.9,0.2,0,0,,,False,False,False,True,False,False
"Feb 1, 2024, 9:20:39 AM",Afternoon Run,6.23,61.52,9.88,140.0,151,6.23,60.98,9.79,140.0,151.0,10.6,658.0,6.23,61.52,9.88,140.0,151,106,0.7,14.5,84.9,0.0,0.0,0,0,,,False,False,False,True,False,False
"Jan 31, 2024, 7:45:02 AM",Lunch Run,5.21,51.95,9.97,131.2,140,5.21,51.83,9.95,131.0,140.0,69.2,540.0,5.21,51.95,9.97,131.2,140,90,1.5,52.3,46.1,0.0,0.0,0,0,,,False,False,False,True,False,False
"Jan 28, 2024, 4:19:45 AM",Islamabad Marathon 2024: Humbled 😅,26.36,236.02,8.95,164.5,179,26.28,229.28,8.72,165.0,179.0,493.6,3072.0,26.36,236.02,8.95,164.5,179,108,0.1,0.2,10.4,66.8,22.6,0,0,,,True,False,False,False,True,False
"Jan 25, 2024, 8:36:22 AM",Afternoon Run,3.13,22.68,7.26,171.3,183,3.13,22.43,7.17,172.0,183.0,26.4,335.0,3.13,22.68,7.26,171.3,183,100,0.7,1.4,5.4,20.7,71.7,0,0,,,False,True,False,False,False,False
"Jan 23, 2024, 8:16:35 AM",Taper,5.06,39.28,7.77,162.5,188,5.06,39.23,7.75,163.0,188.0,40.8,550.0,5.06,39.28,7.77,162.5,188,92,0.7,4.5,18.3,33.8,42.6,0,0,,,False,True,False,False,False,False
"Jan 22, 2024, 7:57:49 AM",Race vibes 🙌🏼🎊,5.08,40.88,8.05,159.7,181,5.11,40.87,8.0,160.0,181.0,37.8,545.0,5.08,40.88,8.05,159.7,181,94,0.8,4.2,22.1,35.0,37.9,0,0,,,False,False,False,False,False,False
"Jan 20, 2024, 8:51:55 AM",Afternoon Run,8.79,80.58,9.17,156.6,185,8.33,69.6,8.36,168.0,185.0,91.0,914.0,8.79,80.58,9.17,156.6,185,104,3.3,10.6,3.7,72.5,9.8,0,0,,0.296,False,False,False,True,False,False
"Jan 19, 2024, 9:18:45 AM",Afternoon Run with Ayra’s recovery 😂,10.22,83.93,8.21,167.3,189,10.22,83.1,8.13,167.0,189.0,76.4,1149.0,10.22,83.93,8.21,167.3,189,97,0.3,1.7,13.6,34.2,50.2,0,0,,,False,False,False,False,False,False
"Jan 17, 2024, 7:43:43 AM",Lunch Run,8.01,73.58,9.18,139.8,147,8.02,73.48,9.16,140.0,147.0,93.2,839.0,8.01,73.58,9.18,139.8,147,87,0.8,5.9,93.3,0.0,0.0,0,0,,,False,False,False,True,False,False
"Jan 16, 2024, 8:21:27 AM",Afternoon Run,10.18,98.47,9.68,138.3,146,10.24,98.45,9.61,138.0,146.0,93.4,1069.0,10.18,98.47,9.68,138.3,146,89,0.3,4.5,95.3,0.0,0.0,0,0,,,False,False,False,True,False,False
"Jan 15, 2024, 7:44:17 AM",Lunch Run,3.38,34.67,10.25,131.2,140,3.38,34.45,10.19,131.0,140.0,29.6,351.0,3.38,34.67,10.25,131.2,140,87,1.2,54.9,44.0,0.0,0.0,0,0,,,False,False,False,True,False,False
"Jan 14, 2024, 6:37:52 AM",Registered for Islamabad Marathon 🇵🇰 🎊,18.02,148.07,8.21,160.6,192,18.03,147.23,8.17,161.0,192.0,132.0,1967.0,18.02,148.07,8.21,160.6,192,97,0.3,0.7,36.7,33.1,29.2,0,0,,,True,False,False,False,False,False
"Jan 13, 2024, 6:53:55 AM",Lunch Run,6.79,61.77,9.1,145.3,155,6.84,61.73,9.02,145.0,155.0,45.6,714.0,6.79,61.77,9.1,145.3,155,99,0.3,1.3,93.8,4.6,0.0,0,0,,,False,False,False,True,False,False
"Jan 11, 2024, 7:06:56 AM",8 x 1 min @ vo2,10.14,91.08,8.98,157.5,193,10.15,88.78,8.75,158.0,193.0,74.4,1166.0,10.14,91.08,8.98,157.5,193,116,0.0,1.6,31.0,50.1,17.3,0,0,,,False,False,False,False,False,False
"Jan 10, 2024, 8:37:16 AM",Afternoon Run,7.16,66.38,9.27,142.6,181,7.17,65.15,9.09,143.0,181.0,64.4,754.0,7.16,66.38,9.27,142.6,181,92,1.0,3.7,87.5,3.7,4.0,0,0,,,False,False,False,True,False,False
"Jan 9, 2024, 8:17:04 AM",Afternoon Run,9.02,86.08,9.54,134.6,149,9.03,84.52,9.36,135.0,149.0,88.4,944.0,9.02,86.08,9.54,134.6,149,81,0.9,26.2,72.9,0.0,0.0,0,0,,,False,False,False,True,False,False
"Jan 8, 2024, 8:04:21 AM",Afternoon Run,10.48,101.92,9.72,136.0,148,10.55,101.45,9.62,136.0,148.0,111.2,1093.0,10.48,101.92,9.72,136.0,148,76,0.7,12.5,86.8,0.0,0.0,0,0,,,False,False,False,True,False,False
"Jan 4, 2024, 7:07:27 PM",Lunch Run,7.01,63.57,9.06,145.0,155,7.04,63.53,9.02,145.0,155.0,55.8,761.0,7.01,63.57,9.06,145.0,155,88,0.2,1.5,93.6,4.6,0.0,0,0,,,False,False,False,True,False,False
"Jan 3, 2024, 9:15:15 PM",Nothing beats CA ❤️🗻,6.2,61.38,9.9,166.8,187,6.26,60.32,9.64,166.0,187.0,380.0,904.0,6.2,61.38,9.9,166.8,187,93,0.3,0.8,12.6,40.6,45.6,422.0,422.4,174.8,,False,False,False,True,False,False
"Jan 2, 2024, 8:57:07 PM",Lunch Run,6.37,59.05,9.27,143.4,153,6.38,58.97,9.24,144.0,153.0,54.8,704.0,6.37,59.05,9.27,143.4,153,94,0.4,5.1,92.3,2.2,0.0,0,0,,,False,False,False,True,False,False
"Dec 31, 2023, 7:34:47 PM",Afternoon Hike,0.0,57.57,19.57,93.0,158,2.07,40.52,19.57,89.0,158.0,86.8,222.0,0.0,57.57,,93.0,158,69,87.1,9.6,2.4,0.9,0.0,0,0,,,False,False,False,True,False,False
"Dec 31, 2023, 6:33:09 PM",Afternoon Run,0.11,5.03,,92.5,96,0.11,2.42,,90.0,96.0,16.8,15.0,0.11,5.03,,92.5,96,89,100.0,0.0,0.0,0.0,0.0,0,0,,,False,False,False,False,False,False
"Dec 30, 2023, 3:23:34 PM",Conestoga Trail Run,11.23,238.92,21.28,136.6,184,11.22,174.13,15.52,142.0,184.0,1106.0,1880.0,11.23,238.92,21.28,136.6,184,83,11.3,24.7,47.6,13.0,3.3,0,0,,,False,False,False,True,False,False
"Dec 30, 2023, 3:03:13 PM",Morning Run,0.69,18.08,26.25,114.2,150,0.65,10.12,15.57,130.0,150.0,78.8,128.0,0.69,18.08,26.25,114.2,150,76,46.0,25.7,28.3,0.0,0.0,0,0,,,False,False,False,True,False,False
"Dec 27, 2023, 6:57:59 PM",Afternoon Run,6.69,98.38,14.7,118.7,157,6.7,90.02,13.44,120.0,157.0,188.3,821.0,6.69,98.38,14.7,118.7,157,82,20.2,77.5,2.0,0.4,0.0,0,0,,,False,False,False,True,False,False
"Dec 26, 2023, 6:51:00 PM",Discovering DE ❤️,10.5,109.45,10.42,135.1,156,10.51,101.67,9.67,137.0,156.0,310.6,1236.0,10.5,109.45,10.42,135.1,156,76,5.9,25.9,65.3,2.9,0.0,0,0,,,False,False,False,True,False,False
"Dec 25, 2023, 6:29:04 PM",Afternoon Run,5.15,56.53,10.97,145.1,170,5.15,52.82,10.26,145.0,170.0,148.6,596.0,5.15,56.53,10.97,145.1,170,98,3.1,12.3,50.8,33.7,0.0,0,0,,,False,False,False,True,False,False
"Dec 23, 2023, 6:11:49 PM",Dogmeat PR 🙌🏼💪🗻,13.8,160.42,11.62,163.1,186,13.8,157.15,11.39,163.0,186.0,1171.0,2270.0,13.8,160.42,11.62,163.1,186,59,0.0,1.0,7.7,69.6,21.8,0,0,,,False,False,False,True,False,False
"Dec 21, 2023, 7:06:05 PM",Building Mileage,10.04,89.5,8.92,148.1,160,10.07,89.47,8.88,148.0,160.0,87.6,1106.0,10.04,89.5,8.92,148.1,160,102,0.1,1.8,62.0,36.0,0.0,0,0,,,False,False,False,False,False,False
"Dec 20, 2023, 7:18:45 PM",Rain Run ☔️💧,8.07,74.25,9.2,146.5,169,8.07,71.38,8.85,148.0,169.0,77.6,883.0,8.07,74.25,9.2,146.5,169,111,0.1,1.6,86.8,11.4,0.0,0,0,,,False,False,False,True,False,False
"Dec 19, 2023, 7:00:42 PM",Testing out: 1 mile @ 6:45,7.01,57.85,8.25,164.9,188,7.05,57.35,8.13,165.0,188.0,46.3,806.0,7.01,57.85,8.25,164.9,188,98,0.4,2.9,13.4,37.0,46.2,98.0,99.0,180.0,,False,False,False,False,False,False
"Dec 17, 2023, 6:54:45 PM",Unexplainable happiness 🗻❤️,11.75,126.03,10.73,153.4,170,11.75,122.75,10.45,154.0,170.0,621.4,1615.0,11.75,126.03,10.73,153.4,170,91,0.6,1.4,35.4,62.6,0.0,0,0,,,False,False,False,True,False,False
"Dec 15, 2023, 7:21:53 PM",Lunch Run,3.74,35.65,9.52,133.8,149,3.75,35.63,9.5,134.0,149.0,32.8,404.0,3.74,35.65,9.52,133.8,149,86,1.1,39.3,59.6,0.0,0.0,0,0,,,False,False,False,True,False,False
"Dec 11, 2023, 8:55:53 PM",Sucks!,6.37,57.65,9.05,140.0,152,6.38,57.62,9.03,140.0,152.0,47.2,689.0,6.37,57.65,9.05,140.0,152,87,0.8,18.0,80.9,0.3,0.0,0,0,,,False,False,False,True,False,False
"Dec 9, 2023, 7:18:03 PM",Forcing air through my 🫁,8.02,75.75,9.44,138.3,149,8.02,75.55,9.42,138.0,149.0,64.6,862.0,8.02,75.75,9.44,138.3,149,101,0.5,20.0,79.5,0.0,0.0,0,0,,,False,False,False,True,False,False
"Dec 7, 2023, 8:14:20 PM",Lunch Run,4.88,50.63,10.37,121.0,135,4.89,50.42,10.31,121.0,135.0,38.8,516.0,4.88,50.63,10.37,121.0,135,83,20.6,75.4,4.0,0.0,0.0,0,0,,,False,False,False,True,False,False
"Nov 30, 2023, 5:58:47 PM",Morning Run,6.38,57.65,9.04,134.6,148,6.41,57.62,8.99,135.0,148.0,53.6,685.0,6.38,57.65,9.04,134.6,148,88,1.3,28.7,70.0,0.0,0.0,0,0,,,False,False,False,True,False,False
"Nov 28, 2023, 6:13:28 PM",Back to it 🙌🏼,5.03,49.82,9.91,125.9,172,5.03,47.03,9.35,129.0,172.0,43.0,538.0,5.03,49.82,9.91,125.9,172,88,18.5,40.7,39.0,1.2,0.6,0,0,,,False,False,False,True,False,False
"Nov 25, 2023, 11:12:42 PM",Cabo 🌊,3.14,39.03,12.43,127.2,152,3.14,36.72,11.69,131.0,152.0,132.8,446.0,3.14,39.03,12.43,127.2,152,97,7.9,64.3,27.3,0.5,0.0,0,0,,,False,False,False,True,False,False
"Nov 18, 2023, 2:21:33 PM",Big Bear Marathon: 3:04:10 Official,26.44,184.33,6.97,169.3,187,26.44,183.22,6.93,169.0,187.0,113.8,2910.0,26.44,184.33,6.97,169.3,187,47,0.0,0.1,1.8,59.9,38.1,0,0,,,True,False,True,False,True,False
"Nov 16, 2023, 6:52:49 PM",Shakeout,3.37,24.43,7.26,161.4,178,3.37,24.37,7.23,161.0,178.0,33.0,369.0,3.37,24.43,7.26,161.4,178,87,2.1,2.1,15.3,50.3,30.1,0,0,,,False,True,False,False,False,False
"Nov 14, 2023, 11:24:20 PM",Afternoon Run,4.24,31.05,7.32,160.0,180,4.24,30.98,7.31,160.0,180.0,35.0,461.0,4.24,31.05,7.32,160.0,180,81,2.0,2.3,18.5,63.6,13.6,0,0,,,False,True,False,False,False,False
"Nov 13, 2023, 7:58:57 PM",Lunch Run,5.05,41.87,8.3,148.6,181,5.07,39.37,7.77,152.0,181.0,90.0,573.0,5.05,41.87,8.3,148.6,181,81,6.5,4.3,50.5,32.4,6.3,0,0,,,False,False,False,False,False,False
"Nov 11, 2023, 4:37:40 PM",Race shoes: All set 🙌🏼,10.76,81.73,7.6,162.4,184,10.76,79.95,7.43,164.0,184.0,70.0,1219.0,10.76,81.73,7.6,162.4,184,72,2.7,5.6,17.4,37.8,36.6,0,0,189.3,0.096,False,True,False,False,False,False
"Nov 10, 2023, 8:04:38 PM",Lunch Run,5.03,41.35,8.22,149.9,183,5.03,41.27,8.2,150.0,183.0,96.2,575.0,5.03,41.35,8.22,149.9,183,102,0.3,6.5,55.2,29.0,9.0,0,0,,,False,False,False,False,False,False
"Nov 9, 2023, 8:41:15 PM",Lunch Run,5.08,48.03,9.46,144.3,170,5.08,45.08,8.87,144.0,170.0,55.0,564.0,5.08,48.03,9.46,144.3,170,87,0.5,16.5,56.9,26.1,0.0,0,0,,,False,False,False,True,False,False
"Nov 7, 2023, 9:42:16 PM",Afternoon Run,6.38,55.88,8.76,138.4,171,6.38,55.22,8.66,137.0,171.0,62.2,690.0,6.38,55.88,8.76,138.4,171,102,1.2,2.9,91.5,4.3,0.2,0,0,,,False,False,False,False,False,False
"Nov 6, 2023, 6:43:09 PM",Morning Run,7.03,60.97,8.68,135.6,146,7.05,60.92,8.64,136.0,146.0,82.6,762.0,7.03,60.97,8.68,135.6,146,89,0.6,20.9,78.4,0.0,0.0,0,0,,,False,False,False,False,False,False
"Nov 5, 2023, 6:10:26 PM",Morning Run,4.37,37.28,8.54,135.8,156,4.36,37.23,8.54,136.0,156.0,36.0,473.0,4.37,37.28,8.54,135.8,156,88,1.8,32.0,61.5,4.7,0.0,0,0,189.0,0.08,False,False,False,False,False,False
"Nov 4, 2023, 3:13:45 PM",Strong up strong down 🙌🏼,15.05,147.75,9.82,159.6,176,15.07,147.22,9.77,160.0,176.0,875.4,2142.0,15.05,147.75,9.82,159.6,176,116,0.0,0.4,23.7,59.9,15.9,0,0,,,True,False,False,True,False,False
"Nov 3, 2023, 2:52:32 PM",Close to being junk miles….,6.4,54.15,8.46,139.8,154,6.4,53.57,8.37,140.0,154.0,46.4,688.0,6.4,54.15,8.46,139.8,154,88,0.9,10.6,88.1,0.3,0.0,0,0,,,False,False,False,False,False,False
"Nov 1, 2023, 6:17:29 PM",Last 4 x 1 mile,5.86,55.32,9.44,162.0,195,5.91,41.48,7.02,169.0,195.0,39.0,737.0,5.86,55.32,9.44,162.0,195,96,1.9,13.2,19.2,18.8,46.8,0,0,186.6,0.541,False,False,False,True,False,False
"Oct 31, 2023, 5:20:55 PM",Morning Run,6.4,57.07,8.92,136.2,147,6.42,56.95,8.87,136.0,147.0,48.4,687.0,6.4,57.07,8.92,136.2,147,87,0.5,26.0,73.5,0.0,0.0,0,0,,,False,False,False,False,False,False
"Oct 30, 2023, 6:44:36 PM",Lunch Run,5.02,45.65,9.09,129.9,143,5.04,45.38,9.0,130.0,143.0,52.4,541.0,5.02,45.65,9.09,129.9,143,78,0.7,56.1,43.2,0.0,0.0,0,0,,,False,False,False,True,False,False
"Oct 29, 2023, 4:11:53 PM",Mt Hamilton: Felt 🌟,18.5,134.97,7.29,151.9,173,18.5,133.72,7.23,152.0,173.0,171.0,2069.0,18.5,134.97,7.29,151.9,173,87,0.3,4.7,43.8,49.1,2.1,0,0,,0.018,True,True,False,False,False,False
"Oct 28, 2023, 3:59:17 PM",Morning Run,4.15,39.43,9.5,124.9,142,4.19,39.28,9.37,125.0,142.0,32.6,446.0,4.15,39.43,9.5,124.9,142,87,2.5,89.7,7.8,0.0,0.0,0,0,,,False,False,False,True,False,False
"Oct 28, 2023, 1:14:51 AM",Evening Run,7.02,62.37,8.88,127.5,137,7.07,62.33,8.82,128.0,137.0,63.6,763.0,7.02,62.37,8.88,127.5,137,81,0.7,84.3,15.0,0.0,0.0,0,0,,,False,False,False,False,False,False
"Oct 27, 2023, 12:58:37 AM",Afternoon Run,5.02,43.3,8.63,135.1,161,5.02,43.23,8.61,135.0,161.0,89.2,565.0,5.02,43.3,8.63,135.1,161,74,0.6,45.2,49.1,5.1,0.0,0,0,,,False,False,False,False,False,False
"Oct 26, 2023, 12:30:12 AM",4 x 1 mile: Cranking it up 🤮,6.01,57.32,9.54,159.0,197,6.04,43.38,7.18,168.0,197.0,46.0,749.0,6.01,57.32,9.54,159.0,197,80,7.2,15.3,14.6,18.5,44.3,0,0,183.7,0.438,False,False,False,True,False,False
"Oct 25, 2023, 12:52:31 AM",Afternoon Run,5.61,46.92,8.36,134.1,160,5.63,46.92,8.33,134.0,160.0,68.0,589.0,5.61,46.92,8.36,134.1,160,94,1.1,55.1,37.2,6.6,0.0,0,0,185.6,0.584,False,False,False,False,False,False
"Oct 24, 2023, 12:45:40 AM",Afternoon Run,7.01,63.62,9.08,124.9,148,7.05,63.6,9.02,125.0,148.0,55.4,756.0,7.01,63.62,9.08,124.9,148,82,0.6,90.4,8.9,0.0,0.0,0,0,,,False,False,False,True,False,False
"Oct 21, 2023, 3:45:55 PM",Morning Run,20.07,167.73,8.36,158.9,184,20.09,165.37,8.23,160.0,184.0,126.0,2337.0,20.07,167.73,8.36,158.9,184,84,1.1,9.1,15.1,47.0,27.7,0,0,186.8,0.583,True,False,False,False,False,False
"Oct 19, 2023, 1:02:58 AM",Uptempo (effort),7.01,50.28,7.17,166.2,188,7.02,50.28,7.16,166.0,188.0,41.0,784.0,7.01,50.28,7.17,166.2,188,86,1.0,1.9,18.1,33.4,45.5,0,0,191.8,0.419,False,True,False,False,False,False
"Oct 18, 2023, 1:09:02 AM",Evening Run,6.38,58.1,9.1,127.4,140,6.41,57.77,9.01,127.0,140.0,41.8,689.0,6.38,58.1,9.1,127.4,140,88,0.4,77.4,22.2,0.0,0.0,0,0,,,False,False,False,True,False,False
"Oct 15, 2023, 3:54:21 PM","Quality, strong but hard Long Run",20.12,163.6,8.13,158.8,182,20.14,162.27,8.06,159.0,182.0,129.0,2330.0,20.12,163.6,8.13,158.8,182,78,0.6,11.6,18.9,36.4,32.5,0,0,189.5,0.115,True,False,False,False,False,False
"Oct 12, 2023, 7:34:33 PM",Zone 1,6.45,64.33,9.97,120.3,131,6.45,64.28,9.97,121.0,131.0,37.0,695.0,6.45,64.33,9.97,120.3,131,82,9.3,90.7,0.0,0.0,0.0,0,0,182.1,0.071,False,False,False,True,False,False
"Oct 11, 2023, 4:23:16 PM",Recovery and then take off 🚀,13.55,187.37,13.83,135.5,169,13.55,187.35,13.83,138.0,169.0,1178.6,2113.0,13.55,187.37,13.83,135.5,169,60,5.8,35.9,41.5,16.7,0.0,0,0,,,False,False,False,True,False,False
"Oct 10, 2023, 5:10:41 PM",Race mode: 4 x 1 mile,8.1,76.32,9.42,155.4,193,8.11,63.0,7.77,159.0,193.0,58.0,979.0,8.1,76.32,9.42,155.4,193,89,2.6,15.8,29.7,18.5,33.4,0,0,181.2,0.189,False,False,False,True,False,False
"Oct 9, 2023, 5:30:39 PM",Zone 1,7.0,70.08,10.01,119.4,127,7.01,70.08,10.0,120.0,127.0,39.0,762.0,7.0,70.08,10.01,119.4,127,81,1.9,98.1,0.0,0.0,0.0,0,0,182.0,0.579,False,False,False,True,False,False
"Oct 8, 2023, 4:35:36 PM",Morning Run,0.31,3.22,,148.9,155,0.31,3.22,,149.0,155.0,4.0,40.0,0.31,3.22,,148.9,155,136,0.0,0.0,56.9,43.1,0.0,0,0,181.8,0.364,False,False,False,False,False,True
"Oct 8, 2023, 3:45:38 PM",Celebrating Kiptum 👑 and my amazing 🇵🇰 friends,6.23,42.9,6.88,174.6,190,6.24,42.78,6.86,175.0,190.0,33.0,704.0,6.23,42.9,6.88,174.6,190,119,0.0,0.9,4.2,28.1,66.9,0,0,194.8,0.071,False,False,True,False,False,True
"Oct 6, 2023, 3:51:48 PM",Strictly Zone 1,6.97,71.83,10.3,118.4,129,6.99,71.8,10.27,118.0,129.0,43.7,744.0,6.97,71.83,10.3,118.4,129,78,20.8,79.2,0.0,0.0,0.0,115.2,117.2,178.6,,False,False,False,True,False,False
"Oct 5, 2023, 3:49:01 PM",Morning Run: Hot 🥵 in October,15.48,131.63,8.5,153.8,184,15.52,129.1,8.32,154.0,184.0,100.0,1769.0,15.48,131.63,8.5,153.8,184,73,1.0,10.4,37.0,33.5,18.1,0,0,186.2,0.116,True,False,False,False,False,False
"Oct 4, 2023, 5:55:09 PM",Morning Run,5.03,49.92,9.92,124.4,135,5.03,49.85,9.91,125.0,135.0,29.0,559.0,5.03,49.92,9.92,124.4,135,86,2.2,90.8,7.1,0.0,0.0,0,0,180.8,0.051,False,False,False,True,False,False
"Oct 3, 2023, 3:33:05 PM",8 x 800m: Hard… (threshold/vo2max),7.02,78.07,11.12,148.5,185,7.05,54.35,7.71,154.0,185.0,46.0,922.0,7.02,78.07,11.12,148.5,185,75,6.1,25.2,26.1,14.5,28.2,0,0,182.3,0.21,False,False,False,True,False,False
"Oct 1, 2023, 3:13:23 PM",Rock n Roll half marathon and 10k 😀,14.87,195.82,13.17,119.4,180,14.85,195.6,13.17,130.0,180.0,155.8,1530.0,14.87,195.82,13.17,119.4,180,73,47.1,32.0,6.4,9.3,5.2,0,0,,,False,False,False,True,False,False
"Sep 30, 2023, 4:10:09 PM",10k lane 2,6.2,43.45,7.01,173.1,188,6.21,43.43,6.99,173.0,188.0,61.2,672.0,6.2,43.45,7.01,173.1,188,120,0.0,0.2,1.7,33.8,64.3,0,0,,,False,True,False,False,False,False
"Sep 30, 2023, 4:00:31 PM",Morning Run,0.97,9.05,9.35,131.8,159,0.97,8.5,8.76,136.0,159.0,0.0,113.0,0.97,9.05,9.35,131.8,159,89,11.9,45.2,29.2,13.7,0.0,0,0,169.9,0.473,False,False,False,True,False,False
"Sep 29, 2023, 6:29:57 PM",Recovery,5.01,49.03,9.78,129.3,142,5.01,48.87,9.75,129.0,142.0,27.0,567.0,5.01,49.03,9.78,129.3,142,91,1.1,59.8,39.1,0.0,0.0,0,0,183.9,0.053,False,False,False,True,False,False
"Sep 28, 2023, 3:18:03 PM",Ditched by Boston 😅,17.03,140.03,8.22,154.5,185,17.04,137.77,8.09,155.0,185.0,115.0,1951.0,17.03,140.03,8.22,154.5,185,89,0.5,12.3,34.4,22.5,30.4,0,0,187.4,0.115,True,False,False,False,False,False
"Sep 27, 2023, 1:39:32 AM",🚨Adeena’s 5k PR 🔥,3.13,34.6,11.06,120.7,137,3.13,34.38,10.98,121.0,137.0,20.0,354.0,3.13,34.6,11.06,120.7,137,83,7.6,87.2,5.1,0.0,0.0,0,0,178.3,0.415,False,False,False,True,False,False
"Sep 26, 2023, 5:13:01 PM",Iphone-15 5x optical zoom ❤️,11.84,136.62,11.54,141.9,172,11.84,117.65,9.94,145.0,172.0,606.6,1567.0,11.84,136.62,11.54,141.9,172,67,6.4,12.7,51.2,29.5,0.2,0,0,,,False,False,False,True,False,False
"Sep 25, 2023, 6:38:03 PM",Recovery,6.43,59.73,9.29,128.0,140,6.43,59.73,9.29,128.0,140.0,36.0,702.0,6.43,59.73,9.29,128.0,140,67,1.6,67.9,30.6,0.0,0.0,0,0,181.9,0.063,False,False,False,True,False,False
"Sep 24, 2023, 4:52:24 PM",4 x 1 mile: dedicated to the amazing Pak team at Berlin,8.12,81.58,10.05,154.6,189,8.14,65.05,7.99,159.0,189.0,64.0,1009.0,8.12,81.58,10.05,154.6,189,86,1.8,16.3,30.7,18.4,32.9,0,0,182.0,0.535,False,False,False,True,False,False
"Sep 21, 2023, 3:17:02 PM",Easy + 4 miles @ 7:08,16.03,139.2,8.69,145.0,179,16.12,137.15,8.51,145.0,179.0,95.4,1750.0,16.03,139.2,8.69,145.0,179,107,0.3,23.9,40.2,23.2,12.5,134.0,136.2,184.0,,True,False,False,False,False,False
"Sep 19, 2023, 3:03:34 PM",Morning Run,8.07,73.83,9.15,129.1,139,8.07,73.75,9.14,129.0,139.0,42.0,879.0,8.07,73.83,9.15,129.1,139,86,1.0,56.7,42.2,0.0,0.0,0,0,185.0,0.059,False,False,False,True,False,False
"Sep 18, 2023, 12:55:34 AM",Long uptempo,15.04,118.55,7.88,163.0,181,15.07,116.75,7.75,163.0,181.0,101.0,1747.0,15.04,118.55,7.88,163.0,181,100,0.3,1.3,11.3,65.6,21.5,0,0,189.1,0.077,True,True,False,False,False,False
"Sep 13, 2023, 4:07:38 PM",Those rollers at the top ☠️ .. another fall 😬,18.69,247.05,13.22,150.3,178,18.69,240.42,12.86,151.0,178.0,1321.8,2970.0,18.69,247.05,13.22,150.3,178,84,1.0,4.1,47.6,44.5,2.7,0,0,,,True,False,False,True,False,False
"Sep 12, 2023, 5:36:45 PM",Morning Run,7.01,69.23,9.87,124.4,142,7.01,62.63,8.93,128.0,142.0,39.0,771.0,7.01,69.23,9.87,124.4,142,73,15.7,41.8,42.6,0.0,0.0,0,0,184.3,0.423,False,False,False,True,False,False
"Sep 11, 2023, 4:57:14 PM",10k @ tempo,8.4,65.32,7.78,156.6,176,8.4,65.32,7.78,157.0,176.0,48.0,953.0,8.4,65.32,7.78,156.6,176,76,1.2,15.1,9.5,51.6,22.6,0,0,188.1,0.108,False,True,False,False,False,False
"Sep 9, 2023, 4:12:05 PM",Morning Run,7.0,65.22,9.31,125.3,138,7.0,65.22,9.32,126.0,138.0,34.0,765.0,7.0,65.22,9.31,125.3,138,76,13.4,68.1,18.5,0.0,0.0,0,0,181.9,0.352,False,False,False,True,False,False
"Sep 7, 2023, 3:07:55 PM",Kennedy Top: Flashbacks of QS100k ❤️,15.91,191.1,12.01,153.3,175,16.03,186.75,11.65,153.0,175.0,1112.8,2453.0,15.91,191.1,12.01,153.3,175,77,1.4,7.5,31.6,54.9,4.7,0,0,,,True,False,False,True,False,False
"Sep 6, 2023, 3:54:20 PM",Morning Run,8.01,73.23,9.14,128.6,142,8.01,73.23,9.14,129.0,142.0,50.0,873.0,8.01,73.23,9.14,128.6,142,80,7.0,39.7,53.3,0.0,0.0,0,0,184.8,0.06,False,False,False,True,False,False
"Sep 5, 2023, 3:01:14 PM",Morning Run,15.05,142.0,9.43,129.6,145,15.07,137.73,9.14,130.0,145.0,97.0,1673.0,15.05,142.0,9.43,129.6,145,76,3.7,61.4,34.9,0.0,0.0,0,0,184.2,0.553,True,False,False,True,False,False
"Sep 4, 2023, 2:14:02 PM",Morning Run,7.1,83.82,11.81,137.1,172,7.1,73.98,10.42,137.0,172.0,181.6,851.0,7.1,83.82,11.81,137.1,172,104,6.4,28.4,50.7,13.8,0.7,0,0,,,False,False,False,True,False,False
"Sep 2, 2023, 12:47:57 AM",2 x 5k @ 7:15,15.39,128.07,8.32,153.7,180,15.41,126.02,8.18,154.0,180.0,106.0,1796.0,15.39,128.07,8.32,153.7,180,86,0.4,3.6,48.8,30.8,16.3,0,0,184.0,0.575,True,False,False,False,False,False
"Aug 30, 2023, 3:33:22 PM",Morning Run,12.79,117.88,9.22,140.3,153,12.81,115.38,9.01,141.0,153.0,85.0,1466.0,12.79,117.88,9.22,140.3,153,86,0.7,16.7,82.1,0.5,0.0,0,0,183.6,0.064,False,False,False,True,False,False
"Aug 28, 2023, 6:21:27 PM",Lunch Run,6.46,59.33,9.18,133.2,151,6.46,58.68,9.08,134.0,151.0,33.0,721.0,6.46,59.33,9.18,133.2,151,80,1.3,45.5,53.2,0.0,0.0,0,0,184.3,0.549,False,False,False,True,False,False
"Aug 26, 2023, 4:40:23 PM",Train on full stomach,12.11,144.78,11.95,152.0,176,12.11,142.77,11.79,152.0,176.0,767.0,1764.0,12.11,144.78,11.95,152.0,176,89,0.2,3.6,42.1,50.9,3.2,0,0,167.2,0.08,False,False,False,True,False,False
"Aug 26, 2023, 2:36:31 AM",Evening Run,5.11,46.92,9.19,127.1,149,5.11,46.92,9.18,127.0,149.0,67.0,550.0,5.11,46.92,9.19,127.1,149,81,2.6,76.8,20.6,0.0,0.0,0,0,182.5,0.377,False,False,False,True,False,False
"Aug 25, 2023, 1:46:28 AM",Home trails ❤️,6.28,65.8,10.48,154.4,180,6.32,64.93,10.27,154.0,180.0,386.0,869.0,6.28,65.8,10.48,154.4,180,89,0.7,8.2,32.2,39.1,19.8,0,0,180.2,0.084,False,False,False,True,False,False
"Aug 23, 2023, 2:51:18 PM",Morning Run,7.01,59.52,8.49,150.7,176,7.01,59.15,8.44,151.0,176.0,58.4,783.0,7.01,59.52,8.49,150.7,176,76,0.9,17.2,26.0,49.7,6.2,0,0,,,False,False,False,False,False,False
"Aug 19, 2023, 3:33:55 PM",Morning Run,10.55,104.45,9.9,124.9,136,10.55,102.45,9.71,125.0,136.0,64.0,1208.0,10.55,104.45,9.9,124.9,136,70,3.3,90.8,5.9,0.0,0.0,0,0,180.3,0.56,False,False,False,True,False,False
"Aug 17, 2023, 1:45:20 AM",2 x 5k + strides: Hot n hard 🥵,12.4,107.7,8.69,161.8,192,12.42,103.75,8.35,162.0,192.0,80.0,1525.0,12.4,107.7,8.69,161.8,192,88,0.6,12.5,18.9,22.5,45.4,0,0,181.3,0.445,False,False,False,False,False,False
"Aug 16, 2023, 2:00:41 AM",Evening Run,7.02,67.02,9.55,130.3,139,7.02,66.97,9.54,131.0,139.0,38.0,782.0,7.02,67.02,9.55,130.3,139,81,1.2,53.7,45.1,0.0,0.0,0,0,182.1,0.546,False,False,False,True,False,False
"Aug 15, 2023, 1:32:28 AM",3 x 1k,7.02,60.07,8.55,155.7,196,7.05,59.65,8.46,155.0,196.0,43.0,857.0,7.02,60.07,8.55,155.7,196,100,0.9,18.7,14.7,43.9,21.8,0,0,183.1,0.406,False,False,False,False,False,False
"Aug 12, 2023, 4:29:55 PM",Brutal heat 🔥,20.6,293.55,14.25,150.0,174,20.6,293.53,14.25,150.0,174.0,1404.4,3049.0,20.6,293.55,14.25,150.0,174,84,0.2,3.2,50.9,45.2,0.5,0,0,,,True,False,False,True,False,False
"Aug 12, 2023, 1:17:31 AM",Evening Run,5.08,47.25,9.31,138.6,173,5.08,47.17,9.29,139.0,173.0,77.2,573.0,5.08,47.25,9.31,138.6,173,108,1.1,28.2,52.9,17.1,0.7,0,0,,,False,False,False,True,False,False
"Aug 10, 2023, 1:58:57 AM",Evening Run,7.0,64.8,9.25,132.5,144,7.0,64.73,9.25,133.0,144.0,38.0,786.0,7.0,64.8,9.25,132.5,144,77,1.7,35.2,63.1,0.0,0.0,0,0,180.6,0.547,False,False,False,True,False,False
"Aug 9, 2023, 1:48:09 AM",Evening Run,7.01,63.95,9.12,132.9,145,7.02,63.95,9.11,133.0,145.0,39.0,786.0,7.01,63.95,9.12,132.9,145,81,1.4,35.1,63.5,0.0,0.0,0,0,182.2,0.067,False,False,False,True,False,False
"Aug 8, 2023, 1:53:29 AM",Evening Run,7.02,66.27,9.44,133.4,143,7.03,65.88,9.37,134.0,143.0,35.0,799.0,7.02,66.27,9.44,133.4,143,82,1.2,31.0,67.8,0.0,0.0,0,0,178.9,0.58,False,False,False,True,False,False
"Aug 6, 2023, 3:31:17 PM",Morning Run: Autopilot ,5.05,50.28,9.95,121.5,134,5.05,50.28,9.96,122.0,134.0,30.0,556.0,5.05,50.28,9.95,121.5,134,69,12.6,85.0,2.4,0.0,0.0,0,0,179.9,0.045,False,False,False,True,False,False
"Aug 5, 2023, 4:14:44 PM",Black Mountain + Black heat = 🔥🍗🥔,12.4,169.35,13.66,154.9,176,12.39,163.8,13.22,155.0,176.0,950.6,2070.0,12.4,169.35,13.66,154.9,176,105,0.1,1.8,29.0,67.7,1.4,0,0,,,False,False,False,True,False,False
"Aug 5, 2023, 1:54:12 AM",Evening Run,4.83,46.02,9.52,126.6,156,4.83,46.02,9.53,127.0,156.0,65.0,536.0,4.83,46.02,9.52,126.6,156,85,3.7,73.6,19.0,3.7,0.0,0,0,178.6,0.582,False,False,False,True,False,False
"Aug 4, 2023, 2:28:31 AM",Hard 10k benchmark 🔥,6.23,43.08,6.92,179.5,192,6.24,43.08,6.9,180.0,192.0,36.0,755.0,6.23,43.08,6.92,179.5,192,127,0.0,0.4,5.5,11.1,83.0,0,0,190.5,0.569,False,False,True,False,False,False
"Aug 2, 2023, 3:14:15 PM",Morning Run: Valorfly 2,7.02,58.27,8.31,141.9,153,7.02,58.22,8.29,143.0,153.0,44.0,807.0,7.02,58.27,8.31,141.9,153,76,1.9,17.1,77.9,3.1,0.0,0,0,183.8,0.442,False,False,False,False,False,False
"Aug 2, 2023, 2:10:27 AM",Evening Run,7.03,60.37,8.59,140.5,154,7.02,60.37,8.6,141.0,154.0,39.0,812.0,7.03,60.37,8.59,140.5,154,83,1.7,8.3,89.0,1.0,0.0,0,0,183.0,0.076,False,False,False,False,False,False
"Jul 31, 2023, 2:45:23 PM",Morning Run,6.43,61.05,9.49,131.2,147,6.43,61.05,9.49,132.0,147.0,40.0,744.0,6.43,61.05,9.49,131.2,147,77,1.6,46.7,51.7,0.0,0.0,0,0,181.6,0.056,False,False,False,True,False,False
"Jul 29, 2023, 2:46:08 PM",Jet-lagged: 🗻==❤️,15.32,193.38,12.62,157.1,180,15.39,189.78,12.33,158.0,180.0,932.0,2468.0,15.32,193.38,12.62,157.1,180,83,0.3,3.0,23.1,64.0,9.5,0,0,161.0,0.608,True,False,False,True,False,False
"Jul 18, 2023, 1:32:42 PM",Evening Run,6.27,62.92,10.04,143.0,153,6.27,62.67,10.0,143.0,153.0,31.6,841.0,6.27,62.92,10.04,143.0,153,96,0.7,11.8,81.5,6.1,0.0,0,0,,,False,False,False,True,False,False
"Jul 15, 2023, 1:30:59 PM",Evening Run,8.02,74.32,9.27,146.6,157,8.02,74.13,9.24,146.0,157.0,25.8,1022.0,8.02,74.32,9.27,146.6,157,117,0.0,7.9,58.7,33.4,0.0,0,0,,,False,False,False,True,False,False
"Jul 14, 2023, 1:28:17 PM",Evening Run,7.01,68.92,9.83,135.4,156,7.01,68.7,9.8,135.0,156.0,23.6,852.0,7.01,68.92,9.83,135.4,156,102,3.1,28.3,68.3,0.2,0.0,0,0,,,False,False,False,True,False,False
"Jul 13, 2023, 1:27:50 PM",Evening Run,4.19,51.97,12.41,131.0,146,4.19,51.95,12.4,131.0,146.0,21.6,493.0,4.19,51.97,12.41,131.0,146,109,2.5,49.2,48.3,0.0,0.0,0,0,,,False,False,False,True,False,False
"Jul 10, 2023, 1:26:49 PM",Evening Run,6.23,59.98,9.62,133.0,141,6.23,59.77,9.59,132.0,141.0,16.8,733.0,6.23,59.98,9.62,133.0,141,111,0.9,28.9,70.3,0.0,0.0,0,0,,,False,False,False,True,False,False
"Jul 9, 2023, 8:12:21 AM",Recovery: 60 mile week,6.51,65.83,10.11,133.9,144,6.56,62.98,9.6,134.0,144.0,27.6,761.0,6.51,65.83,10.11,133.9,144,77,2.6,26.8,70.5,0.0,0.0,0,0,,,False,False,False,True,False,False
"Jul 8, 2023, 6:42:14 AM",2 x 5k hard @ 7:05,10.51,91.93,8.75,156.2,185,10.5,85.65,8.16,157.0,185.0,56.0,1334.0,10.51,91.93,8.75,156.2,185,96,0.5,16.8,31.8,13.6,37.3,0,0,,,False,False,False,False,False,False
"Jul 6, 2023, 6:29:42 AM",Lunch Run,10.21,100.37,9.83,129.5,158,10.27,97.93,9.54,130.0,158.0,43.6,1075.0,10.21,100.37,9.83,129.5,158,90,1.4,71.6,22.2,4.7,0.0,0,0,,,False,False,False,True,False,False
"Jul 5, 2023, 5:55:25 AM",Run until the end of DHA 😅,20.43,217.45,10.64,134.1,175,20.34,183.47,9.02,140.0,175.0,104.0,2545.0,20.43,217.45,10.64,134.1,175,81,13.7,25.9,46.0,11.9,2.4,0,0,,,True,False,False,True,False,False
"Jul 4, 2023, 1:18:20 PM",Evening Run,7.26,67.0,9.23,140.0,162,7.29,66.2,9.08,140.0,162.0,25.6,768.0,7.26,67.0,9.23,140.0,162,92,0.7,17.6,70.9,10.8,0.0,0,0,,,False,False,False,True,False,False
"Jul 3, 2023, 1:21:43 AM",Morning Run,5.51,108.68,19.73,118.1,151,5.43,58.67,10.8,124.0,151.0,49.4,605.0,5.51,108.68,19.73,118.1,151,75,40.5,45.1,14.4,0.0,0.0,0,0,,,False,False,False,True,False,False
"Jul 2, 2023, 1:25:53 PM",Evening Run,8.01,76.38,9.54,141.5,152,8.06,74.47,9.24,142.0,152.0,27.4,841.0,8.01,76.38,9.54,141.5,152,83,0.8,6.6,92.5,0.1,0.0,0,0,,,False,False,False,True,False,False
"Jul 1, 2023, 1:14:59 PM",Burning the morning fuel 😀,6.23,59.7,9.58,138.7,177,6.23,59.63,9.57,138.0,177.0,24.4,673.0,6.23,59.7,9.58,138.7,177,100,1.8,51.0,23.4,19.9,3.9,0,0,,,False,False,False,True,False,False
"Jun 30, 2023, 1:10:13 PM",Evening Run,10.02,93.78,9.36,143.5,151,10.07,93.27,9.26,144.0,151.0,29.4,1055.0,10.02,93.78,9.36,143.5,151,93,0.6,3.6,95.7,0.0,0.0,0,0,,,False,False,False,True,False,False
"Jun 29, 2023, 12:33:54 PM",Eid Mubarak 🎉,7.41,73.75,9.95,139.5,156,7.45,72.7,9.76,139.0,156.0,138.8,860.0,7.41,73.75,9.95,139.5,156,105,0.3,11.6,86.0,2.0,0.0,0,0,,,False,False,False,True,False,False
"Jun 27, 2023, 12:49:55 PM",First LR after the race,13.13,129.97,9.9,133.5,168,13.23,128.02,9.68,134.0,168.0,48.2,1430.0,13.13,129.97,9.9,133.5,168,107,0.6,43.4,56.0,0.1,0.0,0,0,,,False,False,False,True,False,False
"Jun 26, 2023, 1:19:42 PM",2 x 1 mile @ 7:10,7.02,62.97,8.96,140.8,174,7.07,61.93,8.76,141.0,174.0,18.6,746.0,7.02,62.97,8.96,140.8,174,113,0.3,26.2,49.5,22.0,2.0,0,0,,,False,False,False,False,False,False
"Jun 25, 2023, 1:08:48 PM",Crazy storm ☔️ ,8.06,88.82,11.01,114.9,141,8.15,80.15,9.83,117.0,141.0,37.4,930.0,8.06,88.82,11.01,114.9,141,79,28.1,69.6,2.2,0.0,0.0,0,0,,,False,False,False,True,False,False
"Jun 24, 2023, 1:20:26 PM",51C / 124F,7.38,73.18,9.91,138.3,150,7.38,73.17,9.91,138.0,150.0,35.8,846.0,7.38,73.18,9.91,138.3,150,102,1.6,20.2,78.2,0.0,0.0,0,0,,,False,False,False,True,False,False
"Jun 23, 2023, 1:13:29 PM",Evening Run,6.72,67.43,10.04,136.1,151,6.77,64.7,9.56,136.0,151.0,28.4,754.0,6.72,67.43,10.04,136.1,151,107,1.2,30.0,68.7,0.0,0.0,0,0,,,False,False,False,True,False,False
"Jun 22, 2023, 1:15:23 PM",Evening Run,6.26,61.62,9.85,141.3,158,6.31,59.97,9.5,141.0,156.0,32.2,738.0,6.26,61.62,9.85,141.3,158,103,5.3,18.4,51.8,24.5,0.0,0,0,,,False,False,False,True,False,False
"Jun 21, 2023, 1:00:32 PM",O buoy! These evening runs… 111F/44C,7.21,68.0,9.43,149.5,166,7.27,66.17,9.1,150.0,166.0,20.2,881.0,7.21,68.0,9.43,149.5,166,80,2.7,9.8,30.5,56.9,0.0,0,0,,,False,False,False,True,False,False
"Jun 19, 2023, 1:03:45 PM",They are here! MashaAllah 🎊🙌🏼🕺🎉,7.19,64.85,9.02,142.3,174,7.19,64.43,8.96,142.0,174.0,36.0,796.0,7.19,64.85,9.02,142.3,174,85,1.9,31.2,25.2,37.7,4.0,0,0,,,False,False,False,True,False,False
"Jun 17, 2023, 1:12:09 PM",Recovery: Biryani + 10km 🕺,6.22,60.55,9.73,134.1,143,6.23,60.37,9.69,134.0,143.0,19.8,668.0,6.22,60.55,9.73,134.1,143,106,1.5,27.6,70.9,0.0,0.0,0,0,,,False,False,False,True,False,False
"Jun 16, 2023, 1:04:09 PM",Hard! 4 x 1k,5.76,62.42,10.84,151.4,189,5.78,49.23,8.52,154.0,189.0,10.0,811.0,5.76,62.42,10.84,151.4,189,83,1.7,24.4,22.0,26.1,25.8,0,0,175.5,0.209,False,False,False,True,False,False
"Jun 14, 2023, 1:00:37 PM",Evening Run,6.33,58.95,9.31,137.6,151,6.34,58.72,9.26,138.0,151.0,19.6,694.0,6.33,58.95,9.31,137.6,151,80,1.8,25.8,72.4,0.0,0.0,0,0,,,False,False,False,True,False,False
"Jun 13, 2023, 1:01:33 PM",Evening Run,8.13,76.22,9.37,128.2,137,8.2,75.57,9.22,128.0,137.0,43.0,953.0,8.13,76.22,9.37,128.2,137,108,0.9,74.5,24.6,0.0,0.0,0,0,,,False,False,False,True,False,False
"Jun 12, 2023, 12:58:46 PM",Tough as Hell! 🔥🥵,8.02,73.32,9.14,148.5,161,8.07,73.17,9.07,148.0,161.0,22.0,966.0,8.02,73.32,9.14,148.5,161,83,0.6,9.7,42.3,47.5,0.0,0,0,,,False,False,False,True,False,False
"Jun 11, 2023, 12:59:26 PM",Afternoon Run,8.01,74.03,9.25,135.4,145,8.05,73.68,9.15,135.0,145.0,20.8,852.0,8.01,74.03,9.25,135.4,145,96,0.1,27.0,72.9,0.0,0.0,0,0,,,False,False,False,True,False,False
"Jun 10, 2023, 1:01:28 PM",Recovery ,6.41,64.43,10.05,123.5,168,6.47,63.53,9.82,124.0,168.0,29.6,684.0,6.41,64.43,10.05,123.5,168,95,2.4,97.5,0.0,0.1,0.0,0,0,,,False,False,False,True,False,False
"Jun 10, 2023, 12:52:09 AM",Lahore 5k time trial,3.12,20.92,6.71,185.8,192,3.14,20.87,6.65,177.0,192.0,10.2,336.0,3.12,20.92,6.71,185.8,192,117,0.0,0.6,0.0,5.6,93.8,0,0,,,False,False,True,False,False,False
"Jun 8, 2023, 1:03:14 PM",Evening Run,5.01,44.87,8.96,142.0,152,5.05,44.85,8.88,142.0,152.0,13.2,542.0,5.01,44.87,8.96,142.0,152,79,1.1,13.8,84.6,0.6,0.0,0,0,,,False,False,False,False,False,False
"Jun 7, 2023, 1:03:23 PM",Evening Run,6.36,62.15,9.77,124.6,136,6.41,62.12,9.69,124.0,136.0,15.0,657.0,6.36,62.15,9.77,124.6,136,104,5.7,81.8,12.5,0.0,0.0,0,0,,,False,False,False,True,False,False
"Jun 6, 2023, 12:48:01 PM",Dedicated to the Queen of Apple 👑,8.69,75.4,8.68,134.5,180,8.69,75.25,8.66,134.0,180.0,50.0,955.0,8.69,75.4,8.68,134.5,180,110,1.0,45.1,46.4,3.4,4.1,0,0,,,False,False,False,False,False,False
"Jun 5, 2023, 1:06:12 PM",Evening Run,7.02,64.4,9.17,138.5,148,7.08,64.38,9.09,139.0,148.0,31.0,738.0,7.02,64.4,9.17,138.5,148,77,1.7,24.4,73.9,0.0,0.0,0,0,,,False,False,False,True,False,False
"Jun 4, 2023, 3:19:53 AM",Morning Run,5.15,53.32,10.34,133.5,154,5.15,53.32,10.35,132.0,154.0,33.2,560.0,5.15,53.32,10.34,133.5,154,78,1.3,47.3,50.5,1.0,0.0,0,0,,,False,False,False,True,False,False
"Jun 3, 2023, 1:02:44 PM",Evening Run,6.52,55.62,8.53,139.1,169,6.52,55.4,8.5,139.0,169.0,19.8,684.0,6.52,55.62,8.53,139.1,169,112,0.6,20.6,66.1,12.7,0.0,0,0,,,False,False,False,False,False,False
"Jun 2, 2023, 1:21:32 PM",Evening Run,6.23,58.03,9.32,126.5,131,6.23,57.8,9.28,125.0,131.0,16.2,647.0,6.23,58.03,9.32,126.5,131,89,0.5,99.5,0.0,0.0,0.0,0,0,,,False,False,False,True,False,False
"Jun 1, 2023, 12:51:32 PM",5k @ 7:25,8.28,70.5,8.51,146.3,173,8.35,70.08,8.39,144.0,173.0,21.6,874.0,8.28,70.5,8.51,146.3,173,73,0.4,13.4,56.6,26.3,3.3,0,0,,,False,False,False,False,False,False
"May 30, 2023, 1:20:47 PM",Running,7.3,71.92,9.85,123.0,132.0,7.3,71.92,9.85,123.0,132.0,95.8,751.0,,,,,,,,,,,,,,,,False,False,False,True,False,False
"May 29, 2023, 1:16:05 PM",3 x 1 mile,6.48,53.08,8.19,156.4,186,6.54,52.85,8.08,157.0,186.0,69.2,721.0,6.48,53.08,8.19,156.4,186,107,0.7,15.3,35.4,14.2,34.4,45.0,44.6,183.2,,False,False,False,False,False,False
"May 28, 2023, 1:23:08 PM",Running,5.02,46.57,9.28,129.5,140,5.02,46.55,9.27,130.0,140.0,71.8,522.0,5.02,46.57,9.28,129.5,140,80,2.1,60.9,36.9,0.0,0.0,36.0,36.0,184.0,,False,False,False,True,False,False
"May 27, 2023, 1:10:18 PM",Running,10.03,91.58,9.13,130.8,179,10.03,91.3,9.1,131.0,179.0,139.4,1045.0,10.03,91.58,9.13,130.8,179,92,1.6,51.0,46.4,0.3,0.7,80.0,80.6,181.5,,False,False,False,True,False,False
"May 26, 2023, 1:21:42 PM",Evening Run,7.2,64.93,9.02,129.4,140,7.25,64.63,8.91,129.0,140.0,30.8,749.0,7.2,64.93,9.02,129.4,140,109,1.6,63.4,35.1,0.0,0.0,0,0,,,False,False,False,True,False,False
"May 25, 2023, 1:24:16 PM",Burpy Run,7.25,64.37,8.87,134.3,141,7.25,64.37,8.88,133.0,141.0,24.0,758.0,7.25,64.37,8.87,134.3,141,94,0.1,26.9,73.0,0.0,0.0,0,0,,,False,False,False,False,False,False
"May 24, 2023, 1:37:31 PM",Evening Run,6.33,59.63,9.42,127.3,141,6.37,59.6,9.36,126.0,141.0,23.2,655.0,6.33,59.63,9.42,127.3,141,82,0.6,72.5,27.0,0.0,0.0,0,0,,,False,False,False,True,False,False
"May 23, 2023, 1:29:07 PM",Evening Run,6.25,60.52,9.69,135.7,146,6.28,60.42,9.62,136.0,146.0,30.2,644.0,6.25,60.52,9.69,135.7,146,85,1.2,23.4,75.4,0.0,0.0,0,0,,,False,False,False,True,False,False
"May 22, 2023, 1:24:24 PM",Evening Run,5.19,50.57,9.74,134.4,170,5.19,50.47,9.72,135.0,170.0,12.4,555.0,5.19,50.57,9.74,134.4,170,114,0.0,39.8,59.7,0.5,0.0,0,0,,,False,False,False,True,False,False
"May 20, 2023, 2:55:59 PM",Evening Run,4.22,41.28,9.78,125.5,136,4.22,40.97,9.71,125.0,136.0,8.2,433.0,4.22,41.28,9.78,125.5,136,83,6.5,73.5,20.0,0.0,0.0,0,0,,,False,False,False,True,False,False
"May 19, 2023, 1:37:35 PM",Lahori Run 😀,4.01,39.58,9.87,127.1,137,4.04,38.9,9.63,127.0,137.0,16.0,414.0,4.01,39.58,9.87,127.1,137,111,1.5,74.8,23.7,0.0,0.0,0,0,,,False,False,False,True,False,False
"May 13, 2023, 11:44:56 AM",QSER 100k: Chasing the cutoffs,63.02,1010.92,16.04,142.9,172,63.02,937.35,14.87,144.0,172.0,3993.8,9848.0,63.02,1010.92,16.04,142.9,172,79,0.1,8.6,80.4,10.9,0.0,4939.2,4937.0,123.7,,True,False,False,True,False,False
"May 11, 2023, 5:33:03 PM","Shakeout; recovery from allergies, cold .. 😬",3.8,32.32,8.49,142.0,177,3.8,32.25,8.49,142.0,177.0,29.0,435.0,3.8,32.32,8.49,142.0,177,86,2.0,23.5,56.0,14.5,4.1,0,0,186.6,0.373,False,False,False,False,False,False
"May 11, 2023, 12:13:13 AM",Ayaana with my watch 😀,9.15,123.88,13.54,179.7,200,9.25,121.27,13.11,180.0,200.0,79.0,1125.0,9.15,123.88,13.54,179.7,200,151,0.0,0.0,0.1,10.4,89.5,0,0,,,False,False,False,True,False,False
"May 8, 2023, 6:57:25 PM",Heat Acclimation: My version of Sauna 🔥 😅,7.04,76.18,10.83,162.3,186,7.04,76.17,10.82,162.0,186.0,508.0,1079.0,7.04,76.18,10.83,162.3,186,120,0.0,0.5,5.5,79.7,14.3,0,0,,,False,False,False,True,False,False
"May 5, 2023, 6:45:39 PM",Lunch Run,5.05,39.08,7.74,157.0,184.0,5.05,39.08,7.74,157.0,184.0,29.8,578.0,,,,,,,,,,,,,,,,False,True,False,False,False,False
"May 4, 2023, 6:14:05 PM",Guess when the temp is peaking? Race day 😅,5.09,48.52,9.53,124.0,148,5.11,48.52,9.5,124.0,148.0,70.0,555.0,5.09,48.52,9.53,124.0,148,71,9.4,80.3,10.2,0.0,0.0,0,0,187.5,0.559,False,False,False,True,False,False
"May 3, 2023, 4:33:17 PM",Day off: Power hike plus downhill run ⭐️,24.0,317.35,13.22,146.0,161,24.0,317.35,13.22,147.0,161.0,1832.6,3721.0,24.0,317.35,13.22,146.0,161,88,0.3,6.3,69.1,24.3,0.0,0,0,,,True,False,False,True,False,False
"May 2, 2023, 7:13:37 PM",Lunch Run,5.17,48.47,9.37,125.6,165,5.17,47.93,9.27,125.0,165.0,77.0,554.0,5.17,48.47,9.37,125.6,165,80,5.3,77.8,12.2,4.8,0.0,0,0,186.6,0.53,False,False,False,True,False,False
"Apr 29, 2023, 3:50:48 PM",Another fall.. But happy with the run 🙌🏼,18.34,250.68,13.67,142.1,162,18.34,250.67,13.67,142.0,162.0,1391.0,2778.0,18.34,250.68,13.67,142.1,162,89,0.2,13.1,72.5,14.2,0.0,0,0,,0.057,True,False,False,True,False,False
"Apr 28, 2023, 6:10:01 PM",Nothing beats good health ,7.01,64.1,9.14,134.6,152,7.01,63.73,9.09,135.0,152.0,42.0,800.0,7.01,64.1,9.14,134.6,152,78,3.8,33.9,62.1,0.2,0.0,0,0,186.1,0.495,False,False,False,True,False,False
"Apr 25, 2023, 5:32:29 PM",Trail Fartlek,6.81,73.9,10.86,146.8,179,6.87,73.42,10.69,146.0,179.0,462.6,942.0,6.81,73.9,10.86,146.8,179,83,0.8,11.7,57.2,26.3,4.0,0,0,,,False,False,False,True,False,False
"Apr 24, 2023, 8:11:11 PM",Afternoon Run,7.01,64.32,9.17,126.2,137,7.01,64.32,9.18,127.0,137.0,45.0,755.0,7.01,64.32,9.17,126.2,137,76,2.4,83.2,14.4,0.0,0.0,0,0,183.0,0.559,False,False,False,True,False,False
"Apr 22, 2023, 4:50:29 PM",Brutal Hot 2nd Half 🔥(90F/32C),29.83,409.25,13.72,150.6,173,29.75,378.32,12.72,152.0,173.0,2107.8,4523.0,29.83,409.25,13.72,150.6,173,77,0.6,6.5,42.7,49.2,1.0,0,0,,,True,False,False,True,False,False
"Apr 20, 2023, 5:45:32 PM",Morning Run,7.02,62.42,8.89,126.9,138,7.02,62.42,8.89,127.0,138.0,43.0,744.0,7.02,62.42,8.89,126.9,138,94,1.1,77.2,21.7,0.0,0.0,0,0,189.0,0.558,False,False,False,False,False,False
"Apr 19, 2023, 7:21:37 PM",Lunch Run,7.0,63.97,9.14,127.7,149,7.02,61.15,8.71,129.0,149.0,42.0,724.0,7.0,63.97,9.14,127.7,149,71,5.1,67.2,27.6,0.0,0.0,0,0,188.7,0.548,False,False,False,True,False,False
"Apr 18, 2023, 5:15:20 PM",Trail Run,8.31,91.1,10.97,137.1,159,8.31,89.98,10.83,136.0,159.0,609.0,1203.0,8.31,91.1,10.97,137.1,159,63,2.0,30.8,57.6,9.5,0.0,0,0,,,False,False,False,True,False,False
"Apr 17, 2023, 5:17:52 PM",Trail Run,8.3,91.07,10.97,136.5,159,8.3,91.05,10.97,131.0,159.0,612.8,1191.0,8.3,91.07,10.97,136.5,159,85,2.1,38.9,52.2,6.8,0.0,0,0,,,False,False,False,True,False,False
"Apr 16, 2023, 5:58:29 PM",Fresh as these flowers,10.07,115.0,11.42,140.6,167,10.07,114.98,11.42,139.0,167.0,783.8,1468.0,10.07,115.0,11.42,140.6,167,63,0.9,32.2,43.7,23.3,0.0,0,0,,,False,False,False,True,False,False
"Apr 14, 2023, 5:04:25 PM",Morning Run,11.01,102.02,9.26,124.7,140,11.05,98.25,8.89,126.0,140.0,75.0,1159.0,11.01,102.02,9.26,124.7,140,76,8.5,74.1,17.4,0.0,0.0,0,0,188.6,0.383,False,False,False,True,False,False
"Apr 13, 2023, 5:07:35 PM",Morning Trail Run,8.4,96.9,11.53,136.3,164,8.46,94.8,11.21,137.0,164.0,621.0,1117.0,8.4,96.9,11.53,136.3,164,75,1.9,42.6,40.8,14.6,0.0,0,0,176.5,0.595,False,False,False,True,False,False
"Apr 12, 2023, 6:14:49 PM",Lunch Run: Windy,8.09,63.75,7.88,144.4,163,8.11,62.75,7.74,145.0,163.0,59.0,874.0,8.09,63.75,7.88,144.4,163,73,3.1,10.6,58.8,27.5,0.0,0,0,189.8,0.607,False,True,False,False,False,False
"Apr 11, 2023, 6:56:07 PM",Lunch Trail Run,6.85,73.78,10.76,135.2,161,6.91,73.53,10.64,135.0,161.0,457.0,857.0,6.85,73.78,10.76,135.2,161,64,2.1,39.4,46.4,12.2,0.0,0,0,178.3,0.442,False,False,False,True,False,False
"Apr 10, 2023, 4:00:22 PM",10k meters climbed for Ramadan (19th day),6.82,75.92,11.13,134.5,161,6.9,75.8,10.99,135.0,161.0,461.0,956.0,6.82,75.92,11.13,134.5,161,80,0.7,50.8,42.6,5.8,0.0,0,0,,,False,False,False,True,False,False
"Apr 8, 2023, 5:20:21 PM",Heck of a Trail Run,16.1,184.88,11.48,137.3,164,16.25,181.85,11.19,137.0,164.0,1104.2,2257.0,16.1,184.88,11.48,137.3,164,68,2.5,35.5,49.1,13.0,0.0,0,0,,,True,False,False,True,False,False
"Apr 7, 2023, 3:48:57 PM",Therapeutic Trail Run,12.58,130.25,10.36,134.2,167,12.62,126.98,10.06,134.0,167.0,660.8,1614.0,12.58,130.25,10.36,134.2,167,105,1.4,44.0,54.2,0.4,0.0,0,0,,,False,False,False,True,False,False
"Apr 6, 2023, 4:50:13 PM",Morning Trail Run,6.93,79.72,11.5,134.1,191,7.0,76.45,10.92,136.0,191.0,469.4,978.0,6.93,79.72,11.5,134.1,191,69,3.4,48.9,37.0,10.6,0.0,0,0,,,False,False,False,True,False,False
"Apr 5, 2023, 6:52:12 PM",3 x 1 mile,8.12,67.48,8.31,138.4,159,8.14,65.08,8.0,139.0,159.0,51.0,856.0,8.12,67.48,8.31,138.4,159,74,3.0,18.8,66.2,12.0,0.0,0,0,188.4,0.099,False,False,False,False,False,False
"Apr 4, 2023, 5:04:46 PM",Morning Trail Run,8.34,94.68,11.36,134.3,157,8.42,92.6,11.0,135.0,157.0,603.2,1215.0,8.34,94.68,11.36,134.3,157,63,2.0,46.5,44.8,6.7,0.0,0,0,,,False,False,False,True,False,False
"Apr 3, 2023, 6:39:35 PM",Morning Trail Run,10.06,116.13,11.54,134.7,159,10.06,116.13,11.54,135.0,159.0,780.2,1515.0,10.06,116.13,11.54,134.7,159,73,2.3,46.0,43.2,8.5,0.0,0,0,,,False,False,False,True,False,False
"Apr 2, 2023, 6:15:04 PM",Morning Trail Run,9.92,117.42,11.84,137.5,165,9.92,117.4,11.83,138.0,165.0,750.8,1473.0,9.92,117.42,11.84,137.5,165,76,0.8,41.5,38.4,19.2,0.0,0,0,,,False,False,False,True,False,False
"Mar 31, 2023, 11:27:18 PM",Afternoon Trail Run,12.33,141.42,11.47,147.2,170,12.4,140.05,11.29,148.0,170.0,985.0,1750.0,12.33,141.42,11.47,147.2,170,72,0.7,12.0,44.5,42.8,0.0,0,0,172.4,0.489,False,False,False,True,False,False
"Mar 30, 2023, 7:09:51 PM",Lunch Trail Run,9.86,116.35,11.79,144.3,171,9.97,110.22,11.06,145.0,171.0,760.0,1348.0,9.86,116.35,11.79,144.3,171,70,1.3,18.7,45.2,34.7,0.0,0,0,175.6,0.557,False,False,False,True,False,False
"Mar 29, 2023, 5:49:02 PM",Morning Run: Hail and thunderstorms ⛈️ ,8.1,76.5,9.45,124.0,152,8.12,73.43,9.04,124.0,152.0,61.0,846.0,8.1,76.5,9.45,124.0,152,71,6.7,82.2,10.6,0.5,0.0,0,0,184.5,0.513,False,False,False,True,False,False
"Mar 28, 2023, 5:34:36 PM",Morning Trail Run,10.08,119.13,11.82,137.4,161,10.15,114.8,11.31,138.0,161.0,829.0,1359.0,10.08,119.13,11.82,137.4,161,78,0.9,42.8,40.3,16.0,0.0,0,0,178.5,0.087,False,False,False,True,False,False
"Mar 27, 2023, 5:23:05 PM",Trail Run,7.3,83.5,11.43,137.1,173,7.37,82.05,11.13,137.0,173.0,487.0,1050.0,7.3,83.5,11.43,137.1,173,75,2.7,38.9,39.1,19.0,0.3,514.6,513.2,173.5,,False,False,False,True,False,False
"Mar 25, 2023, 7:27:54 PM",Ramadan Trail Run,9.42,119.02,12.63,145.2,169,9.46,113.37,11.98,145.0,169.0,710.6,1432.0,9.42,119.02,12.63,145.2,169,87,1.8,16.6,43.1,38.5,0.0,0,0,,,False,False,False,True,False,False
"Mar 24, 2023, 5:00:25 PM",Morning Run,7.02,64.93,9.25,132.9,167,7.04,62.33,8.85,133.0,167.0,56.6,749.0,7.02,64.93,9.25,132.9,167,80,1.9,40.9,55.3,1.9,0.0,0,0,,,False,False,False,True,False,False
"Mar 23, 2023, 5:06:27 PM",1st Ramadan :),6.41,58.93,9.19,124.0,134,6.41,58.93,9.19,124.0,134.0,41.0,686.0,6.41,58.93,9.19,124.0,134,82,1.8,97.4,0.8,0.0,0.0,0,0,184.7,0.056,False,False,False,True,False,False
"Mar 22, 2023, 7:19:31 PM",QS peak week: 10k feet vert in 3 days 🙌🏼,15.28,191.47,12.53,146.0,172,15.29,185.55,12.14,147.0,172.0,1281.6,2384.0,15.28,191.47,12.53,146.0,172,80,1.8,17.0,40.5,40.4,0.3,0,0,,,True,False,False,True,False,False
"Mar 21, 2023, 6:46:30 PM",Lunch Trail Run: Chickened out,9.59,127.8,13.33,138.3,167,9.59,110.67,11.54,142.0,167.0,804.0,1357.0,9.59,127.8,13.33,138.3,167,90,8.9,28.0,35.2,28.0,0.0,0,0,172.3,0.571,False,False,False,True,False,False
"Mar 20, 2023, 6:38:45 PM",Pushing it before Ramadan ,11.85,140.47,11.85,147.1,170,11.86,139.22,11.74,147.0,170.0,946.8,1812.0,11.85,140.47,11.85,147.1,170,81,0.5,10.7,47.6,41.2,0.0,0,0,,,False,False,False,True,False,False
"Mar 18, 2023, 4:17:57 PM",Morning Trail Run,15.4,166.78,10.83,150.4,175,15.4,165.47,10.74,150.0,175.0,819.6,2121.0,15.4,166.78,10.83,150.4,175,95,0.2,7.1,38.7,52.9,1.0,0,0,,,True,False,False,True,False,False
"Mar 17, 2023, 5:05:45 PM",Morning Trail Run,15.49,163.65,10.57,162.9,187,15.49,162.3,10.48,163.0,187.0,1042.0,2238.0,15.49,163.65,10.57,162.9,187,97,0.0,1.4,14.1,55.5,28.9,0,0,,,True,False,False,True,False,False
"Mar 15, 2023, 6:25:49 PM",Lunch Trail Run,8.85,101.55,11.47,156.7,180,8.88,98.67,11.11,157.0,180.0,665.0,1350.0,8.85,101.55,11.47,156.7,180,92,0.5,1.8,37.3,40.4,20.0,0,0,175.3,0.438,False,False,False,True,False,False
"Mar 14, 2023, 6:31:23 PM",Huge storm i☔️,7.06,63.62,9.01,135.5,148,7.06,63.15,8.94,136.0,148.0,219.0,794.0,7.06,63.62,9.01,135.5,148,84,0.9,33.0,66.1,0.0,0.0,0,0,183.0,0.08,False,False,False,True,False,False
"Mar 13, 2023, 9:09:20 PM",Afternoon Run,8.68,73.75,8.5,137.0,147,8.7,73.7,8.47,137.0,147.0,60.0,960.0,8.68,73.75,8.5,137.0,147,91,0.8,17.9,81.3,0.0,0.0,0,0,181.7,0.588,False,False,False,False,False,False
"Mar 11, 2023, 5:03:02 PM",Morning Run,3.35,31.15,9.3,126.6,135,3.35,31.15,9.3,127.0,135.0,24.0,372.0,3.35,31.15,9.3,126.6,135,88,2.8,90.8,6.3,0.0,0.0,0,0,180.1,0.059,False,False,False,True,False,False
"Mar 11, 2023, 4:16:40 PM",With Ayaana ❤️,3.37,46.02,13.65,97.6,117,3.37,45.18,13.41,99.0,117.0,22.0,361.0,3.37,46.02,13.65,97.6,117,72,99.2,0.8,0.0,0.0,0.0,0,0,160.0,0.479,False,False,False,True,False,False
"Mar 10, 2023, 7:23:12 PM",Lunch Run,8.05,72.07,8.95,133.8,143,8.05,72.07,8.95,134.0,143.0,56.0,878.0,8.05,72.07,8.95,133.8,143,93,0.8,30.5,68.7,0.0,0.0,0,0,181.7,0.369,False,False,False,False,False,False
"Mar 9, 2023, 7:44:07 PM",Lunch Trail Run: Back to 🗻 ❤️,6.21,69.02,11.12,146.1,173,6.23,68.43,10.98,146.0,173.0,406.0,845.0,6.21,69.02,11.12,146.1,173,78,1.0,22.7,35.4,39.5,1.5,0,0,177.9,0.051,False,False,False,True,False,False
"Mar 8, 2023, 6:15:01 PM",Morning Run,6.4,59.37,9.27,131.2,141,6.41,59.37,9.26,132.0,141.0,34.0,721.0,6.4,59.37,9.27,131.2,141,79,1.8,45.4,52.8,0.0,0.0,0,0,184.2,0.538,False,False,False,True,False,False
"Mar 5, 2023, 3:30:40 PM",Napa Valley Marathon: BQ-ed 🎉🙌🏼🕺,26.51,189.62,7.15,167.7,186,26.5,189.1,7.14,168.0,186.0,161.4,2914.0,26.51,189.62,7.15,167.7,186,71,1.2,0.9,1.5,62.0,34.4,295.6,382.8,184.4,,True,True,False,False,True,False
"Mar 3, 2023, 7:54:03 PM",Lunch Run,3.4,24.45,7.2,155.8,174,3.4,24.37,7.17,157.0,174.0,23.0,371.0,3.4,24.45,7.2,155.8,174,71,4.0,2.3,22.1,68.2,3.5,0,0,188.9,0.503,False,True,False,False,False,False
"Mar 1, 2023, 7:19:15 PM",San Jose,4.01,29.92,7.46,154.1,168,4.01,29.9,7.46,154.0,168.0,31.8,437.0,4.01,29.92,7.46,154.1,168,69,1.2,3.3,24.5,71.0,0.0,48.2,46.0,186.3,,False,True,False,False,False,False
"Feb 27, 2023, 8:47:08 PM",Lunch Run,7.01,50.78,7.24,155.2,173,7.02,50.02,7.13,156.0,173.0,38.0,757.0,7.01,50.78,7.24,155.2,173,71,2.9,2.9,20.2,73.9,0.1,0,0,190.8,0.582,False,True,False,False,False,False
"Feb 26, 2023, 6:22:37 PM",Morning Run,7.02,54.07,7.71,144.3,165,7.02,54.07,7.7,145.0,165.0,50.0,757.0,7.02,54.07,7.71,144.3,165,82,1.2,12.1,63.0,23.8,0.0,0,0,190.2,0.068,False,True,False,False,False,False
"Feb 25, 2023, 8:52:20 PM",Bay Area ❤️🏔️,7.02,54.22,7.73,149.3,163,7.01,54.13,7.72,150.0,163.0,44.0,778.0,7.02,54.22,7.73,149.3,163,90,1.1,6.2,38.3,54.4,0.0,0,0,191.4,0.056,False,True,False,False,False,False
"Feb 23, 2023, 9:23:51 PM",Afternoon Run,7.0,62.87,8.98,128.2,142,7.01,62.77,8.95,129.0,142.0,48.0,743.0,7.0,62.87,8.98,128.2,142,71,2.4,58.7,38.9,0.0,0.0,0,0,184.0,0.541,False,False,False,False,False,False
"Feb 21, 2023, 4:38:12 PM",Morning Run,17.27,134.75,7.8,154.6,174,17.28,132.78,7.68,155.0,174.0,111.0,1917.0,17.27,134.75,7.8,154.6,174,74,0.9,8.1,25.5,57.0,8.5,0,0,188.8,0.595,True,True,False,False,False,False
"Feb 19, 2023, 6:21:00 PM",San Jose,7.02,63.2,9.0,130.2,140,7.05,63.18,8.96,130.0,140.0,46.3,751.0,7.02,63.2,9.0,130.2,140,78,0.9,56.9,42.1,0.0,0.0,69.0,68.4,183.6,,False,False,False,True,False,False
"Feb 17, 2023, 10:34:20 PM",Trail LR,14.54,144.2,9.92,155.8,180,14.67,142.63,9.72,156.0,180.0,954.4,2064.0,14.54,144.2,9.92,155.8,180,104,0.1,3.6,34.6,51.4,10.2,0,0,,,False,False,False,True,False,False
"Feb 17, 2023, 12:33:14 AM",Burps/min > beats/min 😅,8.03,75.62,9.41,125.9,135,8.03,75.27,9.37,126.0,135.0,38.0,880.0,8.03,75.62,9.41,125.9,135,110,0.6,97.9,1.4,0.0,0.0,0,0,180.2,0.563,False,False,False,True,False,False
"Feb 15, 2023, 6:39:56 PM",8 x 1km: Hard… 💦🥵,9.25,90.42,9.77,152.3,185,9.25,69.33,7.5,155.0,185.0,84.0,1159.0,9.25,90.42,9.77,152.3,185,83,1.2,23.0,29.3,15.4,31.1,0,0,183.4,0.2,False,False,False,True,False,False
"Feb 14, 2023, 6:59:52 PM",Morning Run,8.07,75.42,9.35,124.1,134,8.08,75.42,9.33,124.0,134.0,65.0,882.0,8.07,75.42,9.35,124.1,134,75,1.5,98.1,0.4,0.0,0.0,0,0,182.6,0.063,False,False,False,True,False,False
"Feb 13, 2023, 6:50:03 PM",LR 3 x 5k ,20.04,153.95,7.68,157.4,182,20.05,153.58,7.66,157.0,182.0,127.0,2272.0,20.04,153.95,7.68,157.4,182,86,0.4,1.9,23.9,57.1,16.7,0,0,188.2,0.137,True,True,False,False,False,False
"Feb 11, 2023, 8:19:18 PM",Lunch Run,8.11,72.42,8.93,134.2,145,8.11,72.42,8.93,135.0,145.0,54.0,893.0,8.11,72.42,8.93,134.2,145,73,1.4,24.3,74.3,0.0,0.0,0,0,184.9,0.054,False,False,False,False,False,False
"Feb 10, 2023, 5:34:37 PM",Trail LR,16.08,162.12,10.08,152.2,174,16.09,159.6,9.92,153.0,174.0,941.6,2218.0,16.08,162.12,10.08,152.2,174,89,0.2,2.7,41.1,54.5,1.6,0,0,,,True,False,False,True,False,False
"Feb 9, 2023, 5:15:26 PM",Morning Run,7.02,62.15,8.86,132.6,143,7.02,62.15,8.85,133.0,143.0,45.0,769.0,7.02,62.15,8.86,132.6,143,87,1.0,42.4,56.6,0.0,0.0,0,0,182.1,0.563,False,False,False,False,False,False
"Feb 8, 2023, 7:26:31 PM",Visit to kids school,6.86,59.97,8.74,146.8,187,6.89,57.68,8.37,146.0,187.0,59.0,789.0,6.86,59.97,8.74,146.8,187,74,2.0,38.4,18.2,19.6,21.9,0,0,183.2,0.177,False,False,False,False,False,False
"Feb 7, 2023, 7:39:34 PM",Lunch Run,6.4,62.63,9.78,127.8,136,6.4,62.63,9.79,128.0,136.0,40.0,714.0,6.4,62.63,9.78,127.8,136,70,2.1,79.1,18.8,0.0,0.0,0,0,178.8,0.348,False,False,False,True,False,False
"Feb 6, 2023, 6:39:21 PM","2 x 5k @ 6:58, 7:14",16.54,136.5,8.25,153.4,180,16.7,133.8,8.01,154.0,180.0,104.2,1802.0,16.54,136.5,8.25,153.4,180,94,0.2,2.2,59.4,14.2,24.0,197.0,194.4,183.2,0.197,True,False,False,False,False,False
"Feb 4, 2023, 4:52:15 PM",The hunt 🐺🦌,13.42,134.4,10.01,150.3,169,13.44,132.45,9.85,151.0,169.0,651.8,1766.0,13.42,134.4,10.01,150.3,169,67,0.6,1.6,57.6,40.3,0.0,0,0,,,False,False,False,True,False,False
"Feb 3, 2023, 8:10:44 PM",Lunch Run,7.02,62.3,8.87,136.2,146,7.02,62.3,8.87,137.0,146.0,45.0,782.0,7.02,62.3,8.87,136.2,146,84,1.1,14.3,84.6,0.0,0.0,0,0,182.2,0.348,False,False,False,False,False,False
"Feb 2, 2023, 8:15:05 PM",Drag…,16.18,135.72,8.39,157.0,182,16.22,133.63,8.24,157.0,182.0,96.6,1794.0,16.18,135.72,8.39,157.0,182,103,0.0,1.5,43.6,17.1,37.8,168.2,170.4,179.6,,True,False,False,False,False,False
"Feb 1, 2023, 7:56:44 PM",Lunch Run,6.41,56.73,8.85,135.0,144,6.41,56.73,8.85,136.0,144.0,38.0,720.0,6.41,56.73,8.85,135.0,144,79,1.4,22.8,75.8,0.0,0.0,0,0,182.2,0.063,False,False,False,False,False,False
"Jan 31, 2023, 7:25:11 PM",4 x 1 mile (4 mins rest),7.99,78.45,9.82,149.1,186,8.02,60.92,7.6,155.0,186.0,61.9,889.0,7.99,78.45,9.82,149.1,186,80,6.2,24.2,32.6,7.6,29.5,125.2,121.6,156.4,,False,False,False,True,False,False
"Jan 31, 2023, 1:10:55 AM",Afternoon Run,4.2,37.02,8.81,127.1,133,4.2,37.02,8.81,127.0,133.0,36.0,447.0,4.2,37.02,8.81,127.1,133,113,0.4,99.3,0.4,0.0,0.0,0,0,183.4,0.074,False,False,False,False,False,False
"Jan 29, 2023, 10:11:07 PM",San Jose,6.34,57.9,9.13,130.9,153,6.36,56.78,8.93,131.0,153.0,40.3,678.0,6.34,57.9,9.13,130.9,153,85,1.1,68.6,29.9,0.5,0.0,75.0,75.8,176.0,,False,False,False,True,False,False
"Jan 27, 2023, 5:10:08 PM",Apple Ultra + 2XU MCS tights 🔥,20.03,166.77,8.33,154.5,181,20.09,165.8,8.25,155.0,181.0,132.7,2231.0,20.03,166.77,8.33,154.5,181,70,0.5,13.5,31.1,33.3,21.7,228.2,229.6,182.4,,True,False,False,False,False,False
"Jan 26, 2023, 8:11:42 PM",Lunch Run,6.4,63.32,9.9,122.9,133,6.41,63.32,9.88,123.0,133.0,37.0,710.0,6.4,63.32,9.9,122.9,133,112,0.9,99.0,0.1,0.0,0.0,0,0,180.2,0.568,False,False,False,True,False,False
"Jan 25, 2023, 7:32:51 PM",Long Hill repeats,15.13,182.38,12.05,158.4,181,15.29,181.62,11.88,158.0,181.0,1250.1,2456.0,15.13,182.38,12.05,158.4,181,93,0.2,3.1,29.3,49.4,17.9,1320.8,1322.2,170.6,,True,False,False,True,False,False
"Jan 24, 2023, 7:51:07 PM",Lunch Run,7.06,65.98,9.35,128.2,138,7.06,65.95,9.34,128.0,138.0,45.0,778.0,7.06,65.98,9.35,128.2,138,91,1.0,88.0,11.0,0.0,0.0,0,0,179.5,0.61,False,False,False,True,False,False
"Jan 23, 2023, 7:38:03 PM",8x800m,8.35,79.13,9.47,149.6,186,8.4,74.07,8.82,150.0,186.0,47.1,912.0,8.35,79.13,9.47,149.6,186,86,0.6,24.3,34.6,14.4,26.1,132.2,126.4,153.2,,False,False,False,True,False,False
"Jan 22, 2023, 12:01:06 AM",Afternoon Run,6.36,58.85,9.25,128.1,137,6.36,58.85,9.25,128.0,137.0,37.0,698.0,6.36,58.85,9.25,128.1,137,107,0.3,86.8,12.9,0.0,0.0,0,0,184.2,0.06,False,False,False,True,False,False
"Jan 20, 2023, 7:29:25 PM",Lunch Run,6.41,65.5,10.22,120.0,128.0,6.41,65.5,10.22,120.0,128.0,45.6,707.0,,,,,,,,,,,,,,,,False,False,False,True,False,False
"Jan 18, 2023, 4:48:25 PM",Trail marathon,26.71,337.78,12.65,151.0,172.0,26.71,337.78,12.65,151.0,172.0,1968.8,3647.0,,,,,,,,,,,,,,,,True,False,False,True,True,False
"Jan 17, 2023, 8:17:18 PM",Lunch Run,5.1,48.65,9.54,124.4,147,5.12,48.65,9.5,125.0,147.0,76.0,563.0,5.1,48.65,9.54,124.4,147,76,2.0,89.7,8.3,0.0,0.0,0,0,180.3,0.061,False,False,False,True,False,False
"Jan 17, 2023, 12:24:05 AM",Afternoon Run,7.01,67.37,9.61,122.5,130,7.01,67.37,9.61,123.0,130.0,54.0,763.0,7.01,67.37,9.61,122.5,130,71,2.7,97.3,0.0,0.0,0.0,0,0,179.3,0.063,False,False,False,True,False,False
"Jan 14, 2023, 7:54:49 PM","3 x 5k @ 6:50, 6:52, 6:52",13.93,112.95,8.11,160.6,185,14.0,110.6,7.9,161.0,185.0,25.9,1637.0,13.93,112.95,8.11,160.6,185,93,0.2,10.5,27.8,12.5,48.9,211.8,208.2,173.7,,False,False,False,False,False,False
"Jan 12, 2023, 7:39:08 PM",QS100 B#2- B2B 21k: 3/3,13.0,115.48,8.88,147.2,183,13.01,115.48,8.88,147.0,183.0,85.0,1509.0,13.0,115.48,8.88,147.2,183,82,0.9,21.1,35.4,29.7,12.9,0,0,182.7,0.133,False,False,False,False,False,False
"Jan 11, 2023, 8:28:36 PM",QS100 B#2- B2B 21k: 2/3,13.01,112.7,8.67,146.2,181,13.04,112.63,8.64,146.0,181.0,121.0,1499.0,13.01,112.7,8.67,146.2,181,80,1.0,7.9,63.8,14.7,12.7,0,0,182.2,0.117,False,False,False,False,False,False
"Jan 10, 2023, 7:52:02 PM",QS100 B#2- B2B 21k: 1/3,13.0,121.97,9.38,135.3,149,13.01,121.9,9.37,136.0,149.0,95.0,1476.0,13.0,121.97,9.38,135.3,149,77,0.9,22.5,76.6,0.0,0.0,0,0,179.8,0.061,False,False,False,True,False,False
"Jan 10, 2023, 12:43:35 AM",4x1 mile: Hard...,6.73,63.47,9.43,154.1,189,6.74,49.02,7.27,161.0,189.0,0.0,750.0,6.73,63.47,9.43,154.1,189,91,4.4,15.6,36.3,8.0,35.7,63.0,62.4,157.6,,False,False,False,True,False,False
"Jan 7, 2023, 9:50:11 PM",Junk miles...,3.78,26.63,7.05,159.8,180,3.78,26.63,7.04,161.0,180.0,34.0,419.0,3.78,26.63,7.05,159.8,180,102,0.9,1.4,20.6,54.0,23.1,0,0,188.7,0.089,False,True,False,False,False,False
"Jan 6, 2023, 6:42:03 PM",QS100 B#1 - B2B 25k: 3/3,15.54,138.1,8.89,145.0,155,15.55,135.75,8.73,145.0,155.0,131.0,1783.0,15.54,138.1,8.89,145.0,155,93,0.3,2.5,91.9,5.3,0.0,0,0,185.3,0.573,True,False,False,False,False,False
"Jan 5, 2023, 8:33:25 PM",QS100 B#1 - B2B 25k: 2/3,15.52,137.2,8.84,140.6,152,15.56,134.92,8.67,141.0,152.0,107.0,1743.0,15.52,137.2,8.84,140.6,152,72,0.7,8.1,91.0,0.2,0.0,0,0,182.2,0.435,True,False,False,False,False,False
"Jan 4, 2023, 8:00:11 PM",QS100 prep - B2B 25k: 1/3,15.65,145.52,9.3,138.9,157,15.7,139.4,8.88,139.0,157.0,70.3,1762.0,15.65,145.52,9.3,138.9,157,83,1.2,19.2,79.2,0.4,0.0,0,0,181.4,0.07,True,False,False,True,False,False
"Jan 3, 2023, 8:06:24 PM",Benchmark 10k: Tempo,6.24,43.2,6.93,176.3,184,6.24,42.98,6.89,177.0,184.0,37.0,701.0,6.24,43.2,6.93,176.3,184,122,0.0,0.3,1.1,13.1,85.5,59.6,66.6,187.4,,False,False,True,False,False,False
"Jan 3, 2023, 7:57:18 PM",Warm up,0.89,7.68,8.66,136.3,164,0.89,7.42,8.34,138.0,164.0,18.0,102.0,0.89,7.68,8.66,136.3,164,81,7.1,29.0,50.3,13.5,0.0,0,0,175.6,0.125,False,False,False,False,False,False
"Jan 2, 2023, 5:34:04 PM",Morning Run,7.09,63.18,8.91,137.0,148,7.09,62.52,8.82,138.0,148.0,43.0,814.0,7.09,63.18,8.91,137.0,148,74,1.9,21.3,76.8,0.0,0.0,0,0,189.6,0.063,False,False,False,False,False,False
"Dec 31, 2022, 4:15:53 PM",Bubye 2022,17.25,151.93,8.81,149.0,167.0,17.25,151.93,8.81,149.0,167.0,112.1,2025.0,,,,,,,,,,,,,,,,True,False,False,False,False,False
"Dec 30, 2022, 3:59:43 PM",Exploring LA,7.58,71.48,9.43,149.8,179,7.57,69.12,9.13,150.0,179.0,334.0,963.0,7.58,71.48,9.43,149.8,179,75,2.7,10.0,40.2,42.8,4.4,0,0,183.8,0.137,False,False,False,True,False,False
"Dec 27, 2022, 10:52:17 PM",Trail Run with Shehla,4.01,63.25,15.77,119.5,140,4.01,53.07,13.23,122.0,140.0,83.0,507.0,4.01,63.25,15.77,119.5,140,93,26.5,68.7,4.8,0.0,0.0,0,0,147.7,0.226,False,False,False,True,False,False
"Dec 24, 2022, 4:51:04 PM",Death Valley: -190 feet 🙃,3.13,22.22,7.1,164.8,181,3.13,22.15,7.08,166.0,181.0,23.0,359.0,3.13,22.22,7.1,164.8,181,106,0.8,1.7,6.2,55.9,35.3,0,0,189.4,0.044,False,True,False,False,False,False
"Dec 24, 2022, 4:04:31 PM",Death Valley: with Shehla,3.22,45.87,14.26,112.9,159,3.22,35.72,11.09,119.0,159.0,70.0,384.0,3.22,45.87,14.26,112.9,159,69,56.0,31.2,7.0,5.8,0.0,0,0,158.5,0.629,False,False,False,True,False,False
"Dec 22, 2022, 10:51:01 PM",Afternoon Run,7.05,64.25,9.12,133.3,152,7.05,64.18,9.1,134.0,152.0,46.0,794.0,7.05,64.25,9.12,133.3,152,76,2.4,39.8,57.3,0.5,0.0,0,0,186.5,0.061,False,False,False,True,False,False
"Dec 21, 2022, 7:55:56 PM",Lunch Run,8.36,75.55,9.03,137.3,150,8.36,75.55,9.04,138.0,150.0,56.0,967.0,8.36,75.55,9.03,137.3,150,84,1.0,24.0,75.0,0.0,0.0,0,0,185.6,0.54,False,False,False,True,False,False
"Dec 20, 2022, 10:41:42 PM",Long hill repeats ,12.59,144.52,11.48,157.4,179,12.7,143.98,11.34,157.0,179.0,953.0,1960.0,12.59,144.52,11.48,157.4,179,83,0.3,3.4,32.6,42.6,21.2,1024.2,1021.4,171.6,,False,False,False,True,False,False
"Dec 18, 2022, 6:43:00 PM",Morning Run,17.26,145.87,8.45,149.2,178,17.29,145.37,8.41,149.0,178.0,116.0,1993.0,17.26,145.87,8.45,149.2,178,75,0.8,4.2,69.1,17.3,8.7,0,0,184.5,0.109,True,False,False,False,False,False
"Dec 16, 2022, 8:09:34 PM",Lunch Run,6.44,57.77,8.97,130.7,138,6.45,57.77,8.96,131.0,138.0,41.0,711.0,6.44,57.77,8.97,130.7,138,73,2.2,49.3,48.6,0.0,0.0,0,0,181.6,0.573,False,False,False,False,False,False
"Dec 13, 2022, 6:37:10 PM",Running,10.01,81.22,8.11,156.9,176,10.05,81.17,8.08,157.0,176.0,67.9,1150.0,10.01,81.22,8.11,156.9,176,83,0.5,3.5,27.9,58.0,10.1,107.6,108.2,181.3,,False,False,False,False,False,False
"Dec 12, 2022, 7:36:19 PM",Lunch Run,8.11,74.23,9.15,138.0,148,8.11,70.97,8.75,139.0,148.0,59.0,912.0,8.11,74.23,9.15,138.0,148,79,2.2,8.0,89.8,0.0,0.0,0,0,183.7,0.538,False,False,False,True,False,False
"Dec 10, 2022, 9:57:00 PM",Can’t miss the rain ☔️ ,10.34,97.48,9.43,143.2,157,10.34,89.87,8.69,144.0,157.0,61.3,1223.0,10.34,97.48,9.43,143.2,157,71,0.5,12.9,71.7,14.8,0.0,0,0,176.3,0.608,False,False,False,True,False,False
"Dec 10, 2022, 12:06:57 AM",Quick mile with Ayaana,3.54,45.5,12.85,107.8,148,3.54,43.22,12.21,111.0,148.0,25.0,401.0,3.54,45.5,12.85,107.8,148,72,56.5,34.7,8.8,0.0,0.0,0,0,150.0,0.484,False,False,False,True,False,False
"Dec 4, 2022, 3:03:42 PM",CIM: My best race MashAllah 🤩 🎉,26.4,202.15,7.66,166.3,194,26.37,201.2,7.63,167.0,194.0,179.0,3062.0,26.4,202.15,7.66,166.3,194,72,0.3,0.2,2.1,70.8,26.6,0,0,184.1,0.066,True,True,False,False,True,False
"Dec 2, 2022, 12:21:26 AM",Gloomy/rainy run 🖤,3.44,27.43,7.98,145.8,159,3.44,27.43,7.97,147.0,159.0,31.0,388.0,3.44,27.43,7.98,145.8,159,77,3.0,2.6,68.7,25.8,0.0,0,0,184.0,0.067,False,True,False,False,False,False
"Nov 29, 2022, 6:49:16 PM",Morning Run,5.31,38.93,7.33,157.6,180,5.31,38.83,7.31,158.0,180.0,32.0,591.0,5.31,38.93,7.33,157.6,180,78,2.4,9.2,12.7,59.4,16.3,0,0,190.1,0.62,False,True,False,False,False,False
"Nov 28, 2022, 7:40:12 PM",Lunch Run: Hay is in the barn 😀,5.03,39.88,7.94,142.7,168,5.03,39.88,7.93,144.0,168.0,34.0,556.0,5.03,39.88,7.94,142.7,168,75,2.6,17.1,53.8,26.4,0.0,0,0,189.6,0.082,False,True,False,False,False,False
"Nov 27, 2022, 6:07:41 PM","San Jose / San Jose, Almaden Quicksilver County Park",5.01,73.98,14.76,106.4,122,5.01,68.28,13.63,108.0,122.0,236.3,633.0,5.01,73.98,14.76,106.4,122,72,78.4,21.6,0.0,0.0,0.0,292.6,294.0,134.8,,False,False,False,True,False,False
"Nov 26, 2022, 3:37:03 PM",San Jose,5.01,40.17,8.02,146.9,167,5.02,40.17,8.0,147.0,167.0,33.2,556.0,5.01,40.17,8.02,146.9,167,76,1.2,16.6,27.6,54.6,0.0,53.2,53.2,186.0,,False,False,False,False,False,False
"Nov 25, 2022, 11:30:27 PM",San Jose,5.0,44.27,8.85,139.4,154,5.0,44.25,8.85,139.0,154.0,33.2,552.0,5.0,44.27,8.85,139.4,154,82,1.9,12.8,83.5,1.8,0.0,56.8,57.0,178.5,,False,False,False,False,False,False
"Nov 24, 2022, 5:16:38 PM",Running,11.83,93.15,7.88,161.6,185,11.95,92.82,7.77,162.0,185.0,23.3,1265.0,11.83,93.15,7.88,161.6,185,71,1.4,9.4,9.9,45.4,34.0,85.0,84.4,184.0,,False,True,False,False,False,False
"Nov 22, 2022, 12:08:38 AM",Evening Trail Run,5.12,52.8,10.31,132.3,161,5.12,52.23,10.2,134.0,161.0,79.0,614.0,5.12,52.8,10.31,132.3,161,87,14.2,26.8,54.4,4.6,0.0,0,0,165.9,0.612,False,False,False,True,False,False
"Nov 20, 2022, 10:41:24 PM",Exploring wilderness,6.27,65.17,10.39,149.4,172,6.27,57.65,9.19,150.0,172.0,206.9,772.0,6.27,65.17,10.39,149.4,172,86,0.7,8.9,36.3,53.5,0.6,275.4,276.0,161.0,,False,False,False,True,False,False
"Nov 18, 2022, 11:23:44 PM",Buenas 🌴🍹🍍,4.27,45.05,10.55,146.3,177,4.27,41.93,9.82,146.0,177.0,111.0,550.0,4.27,45.05,10.55,146.3,177,83,1.2,13.1,54.3,27.1,4.3,0,0,174.0,0.573,False,False,False,True,False,False
"Nov 16, 2022, 4:08:08 PM",Morning Run,10.07,89.67,8.91,138.7,154,10.08,89.33,8.86,139.0,154.0,162.0,1136.0,10.07,89.67,8.91,138.7,154,92,0.8,10.0,85.9,3.3,0.0,0,0,184.9,0.62,False,False,False,False,False,False
"Nov 15, 2022, 7:43:21 PM",Running,8.02,69.1,8.62,138.5,147,8.02,69.08,8.61,139.0,147.0,51.6,849.0,8.02,69.1,8.62,138.5,147,86,0.4,14.5,85.1,0.0,0.0,85.4,88.4,182.6,,False,False,False,False,False,False
"Nov 14, 2022, 7:31:14 PM",Exploring home trails,11.31,120.7,10.67,150.8,175,11.38,116.37,10.23,151.0,175.0,674.0,1509.0,11.31,120.7,10.67,150.8,175,108,0.1,6.8,43.7,44.7,4.7,0,0,177.8,0.097,False,False,False,True,False,False
"Nov 12, 2022, 5:04:58 PM",Morning Trail Run,5.08,68.15,13.42,122.3,136,5.08,67.55,13.3,123.0,136.0,247.0,621.0,5.08,68.15,13.42,122.3,136,72,7.3,89.4,3.2,0.0,0.0,0,0,145.8,0.522,False,False,False,True,False,False
"Nov 11, 2022, 10:51:14 PM",Best training LR MashAllah ,20.01,155.58,7.77,165.7,184,20.01,154.35,7.71,166.0,184.0,105.0,2350.0,20.01,155.58,7.77,165.7,184,87,0.5,0.5,12.7,49.2,37.0,0,0,184.8,0.102,True,True,False,False,False,False
"Nov 10, 2022, 7:24:56 PM",Lunch Run,3.43,29.65,8.64,134.8,145,3.43,29.53,8.61,135.0,145.0,26.0,386.0,3.43,29.65,8.64,134.8,145,102,0.9,36.0,63.2,0.0,0.0,0,0,181.7,0.56,False,False,False,False,False,False
"Nov 9, 2022, 7:38:44 PM",Lunch Run,5.09,40.18,7.89,159.5,178,5.09,40.18,7.89,160.0,178.0,71.0,606.0,5.09,40.18,7.89,159.5,178,86,1.2,1.9,11.9,78.9,6.2,0,0,183.3,0.615,False,True,False,False,False,False
"Nov 7, 2022, 7:04:57 PM",Lunch Run: Z1,6.44,61.75,9.59,129.0,138,6.44,61.75,9.59,129.0,138.0,45.0,721.0,6.44,61.75,9.59,129.0,138,72,1.1,89.4,9.5,0.0,0.0,0,0,181.3,0.556,False,False,False,True,False,False
"Nov 6, 2022, 4:13:41 PM",Queen of the mountains 👸❤️,5.0,71.0,14.21,114.4,140,5.03,68.7,13.66,115.0,140.0,244.0,600.0,5.0,71.0,14.21,114.4,140,71,47.7,50.1,2.2,0.0,0.0,0,0,150.5,0.488,False,False,False,True,False,False
"Nov 4, 2022, 7:05:11 PM",Trail Run,6.23,68.3,10.97,143.8,171,6.23,66.57,10.69,143.0,171.0,394.0,809.0,6.23,68.3,10.97,143.8,171,87,0.8,18.6,48.2,32.3,0.1,0,0,180.6,0.588,False,False,False,True,False,False
"Nov 3, 2022, 6:49:13 PM",Lunch Run,8.07,63.7,7.9,148.1,158,8.07,63.7,7.89,149.0,158.0,54.0,901.0,8.07,63.7,7.9,148.1,158,79,0.8,1.7,61.7,35.7,0.0,0,0,185.9,0.599,False,True,False,False,False,False
"Nov 2, 2022, 7:27:25 PM",Lunch Run,8.05,63.8,7.92,148.4,160,8.06,63.8,7.92,149.0,160.0,56.0,905.0,8.05,63.8,7.92,148.4,160,81,1.1,7.5,38.8,52.5,0.0,0,0,187.7,0.594,False,True,False,False,False,False
"Oct 31, 2022, 8:11:59 PM",Afternoon Run,7.08,62.6,8.84,136.9,146,7.08,62.6,8.84,137.0,146.0,44.0,791.0,7.08,62.6,8.84,136.9,146,88,1.1,13.6,85.3,0.0,0.0,0,0,184.1,0.504,False,False,False,False,False,False
"Oct 29, 2022, 3:20:59 PM",Mt Umunhum: Dream come true!,23.48,262.8,11.19,154.0,170.0,23.48,262.8,11.19,154.0,170.0,1405.4,3127.0,,,,,,,,,,,,,,,,True,False,False,True,False,False
"Oct 28, 2022, 11:09:18 PM",Fall is here 🍁🍂,5.04,43.82,8.7,141.7,170,5.04,43.37,8.61,142.0,170.0,68.6,549.0,5.04,43.82,8.7,141.7,170,127,0.0,6.7,85.7,7.6,0.0,95.4,94.0,181.4,,False,False,False,False,False,False
"Oct 27, 2022, 6:26:56 PM",Lunch Run,7.08,63.75,9.0,141.9,154,7.08,62.32,8.8,142.0,154.0,46.0,811.0,7.08,63.75,9.0,141.9,154,70,2.3,2.2,94.7,0.7,0.0,0,0,181.0,0.062,False,False,False,True,False,False
"Oct 27, 2022, 12:54:08 AM",Mile repeats: 1 mile PR 🎉 (5:49),7.45,57.97,7.79,165.2,191,7.56,56.15,7.43,166.0,191.0,0.0,789.0,7.45,57.97,7.79,165.2,191,126,0.0,2.3,30.9,18.3,48.6,117.0,113.2,172.5,,False,True,False,False,False,False
"Oct 25, 2022, 5:18:46 PM",This route after a while,10.11,92.7,9.17,137.5,150,10.14,90.65,8.94,137.0,150.0,94.4,1085.0,10.11,92.7,9.17,137.5,150,103,2.1,9.1,88.9,0.0,0.0,164.6,165.2,176.1,,False,False,False,True,False,False
"Oct 24, 2022, 6:42:10 PM",10 sec reps,8.03,71.5,8.91,137.4,166,8.03,71.43,8.9,137.0,166.0,46.0,904.0,8.03,71.5,8.91,137.4,166,79,0.9,21.0,71.9,6.2,0.0,0,0,183.6,0.583,False,False,False,False,False,False
"Oct 23, 2022, 7:20:09 PM",Lunch Trail Run: Easy,6.22,70.22,11.29,139.2,160,6.28,70.12,11.17,139.0,160.0,394.0,804.0,6.22,70.22,11.29,139.2,160,94,1.4,30.9,46.6,21.0,0.0,0,0,175.9,0.064,False,False,False,True,False,False
"Oct 21, 2022, 11:56:32 PM",Rehearsal: 75 laps in Lane 1 😅,20.02,156.37,7.81,156.5,176,20.25,156.35,7.72,156.0,176.0,3.9,2113.0,20.02,156.37,7.81,156.5,176,121,0.0,2.3,37.0,43.7,17.0,264.4,277.4,180.4,,True,True,False,False,False,False
"Oct 20, 2022, 5:33:47 PM",VO2 max intervals,8.08,69.1,8.55,153.0,191.0,8.08,69.1,8.55,153.0,191.0,55.4,964.0,,,,,,,,,,,,,,,,False,False,False,False,False,False
"Oct 19, 2022, 6:42:41 PM",Running,8.02,77.32,9.65,129.3,140,8.01,77.28,9.65,129.0,140.0,54.9,843.0,8.02,77.32,9.65,129.3,140,107,0.6,62.5,36.9,0.0,0.0,99.4,98.2,178.4,,False,False,False,True,False,False
"Oct 18, 2022, 5:58:57 PM",Uptempo 10k (progression),8.31,65.0,7.82,156.9,178,8.37,64.93,7.76,152.0,178.0,58.1,899.0,8.31,65.0,7.82,156.9,178,123,0.0,2.5,38.6,42.1,16.8,89.8,88.6,184.0,,False,True,False,False,False,False
"Oct 17, 2022, 6:44:42 PM",Trail Run: Easy,6.18,71.47,11.56,140.8,162,6.24,70.88,11.36,140.0,162.0,377.3,853.0,6.18,71.47,11.56,140.8,162,120,0.0,25.2,50.9,24.0,0.0,426.8,426.8,171.4,,False,False,False,True,False,False
"Oct 16, 2022, 7:37:30 PM",Dedicated to our amazing Pak Backyard Ultra team,8.03,73.33,9.13,131.8,141,8.08,73.3,9.07,132.0,141.0,55.4,845.0,8.03,73.33,9.13,131.8,141,107,0.6,44.8,54.6,0.0,0.0,94.8,94.8,179.9,,False,False,False,True,False,False
"Oct 15, 2022, 4:48:55 PM",Fasted Intervals 8 x 800m,10.36,92.2,8.9,160.3,189,10.6,90.5,8.54,160.0,189.0,23.0,1177.0,10.36,92.2,8.9,160.3,189,135,0.0,0.0,23.8,47.7,28.5,95.2,95.8,175.0,0.661,False,False,False,False,False,False
"Oct 14, 2022, 9:25:29 PM",Running,7.02,64.38,9.17,147.7,158,7.02,64.37,9.17,146.0,158.0,46.0,780.0,7.02,64.38,9.17,147.7,158,123,0.0,1.9,73.7,24.4,0.0,75.4,75.8,178.6,,False,False,False,True,False,False
"Oct 13, 2022, 8:11:37 PM",Running: the streams are flowing …😍,14.02,123.15,8.79,151.2,182,14.09,121.37,8.61,150.0,182.0,85.4,1584.0,14.02,123.15,8.79,151.2,182,105,0.5,6.6,37.7,47.7,7.5,164.2,164.2,177.8,,False,False,False,False,False,False
"Oct 12, 2022, 3:25:44 PM",Trail Run:Easy,6.24,70.0,11.23,143.4,166,6.29,69.48,11.05,142.0,166.0,377.8,888.0,6.24,70.0,11.23,143.4,166,122,0.0,11.1,61.3,27.6,0.0,419.6,420.0,174.0,,False,False,False,True,False,False
"Oct 11, 2022, 5:57:11 PM",Cordless is even better 😊 ,8.4,66.28,7.89,158.9,180,8.07,62.62,7.76,159.0,180.0,53.1,942.0,8.4,66.28,7.89,158.9,180,101,1.8,10.3,7.8,44.1,36.0,92.6,92.2,182.9,,False,True,False,False,False,False
"Oct 9, 2022, 3:13:23 PM","Rock n Roll: Ayaana 2:28, Adeena 1:18 🤩 ",13.32,151.83,11.4,132.0,159,13.32,147.4,11.07,132.0,159.0,39.0,1584.0,13.32,151.83,11.4,132.0,159,93,3.4,56.7,34.2,5.7,0.0,0,0,175.7,0.42,False,False,False,True,False,False
"Oct 8, 2022, 4:03:45 PM",Down from Mt Hamilton: powered by Maurten 😀,19.09,157.33,8.24,154.4,180,19.09,156.55,8.2,155.0,180.0,186.7,2160.0,19.09,157.33,8.24,154.4,180,85,0.8,7.1,38.0,44.1,10.1,0,0,183.3,0.092,True,False,False,False,False,False
"Oct 6, 2022, 3:51:03 PM",Morning Run,8.24,69.27,8.4,149.0,177,8.31,68.92,8.29,149.0,177.0,57.3,929.0,8.24,69.27,8.4,149.0,177,109,0.3,19.0,32.0,41.1,7.6,86.8,88.6,182.0,,False,False,False,False,False,False
"Oct 5, 2022, 3:16:56 PM",Morning Run,6.4,61.28,9.57,126.7,139,6.4,61.28,9.57,127.0,139.0,39.0,705.0,6.4,61.28,9.57,126.7,139,81,1.8,80.9,17.3,0.0,0.0,0,0,184.2,0.379,False,False,False,True,False,False
"Oct 5, 2022, 1:13:41 AM",Mile repeats ,8.08,66.42,8.22,158.0,190,8.25,63.23,7.66,158.0,190.0,0.0,907.0,8.08,66.42,8.22,158.0,190,127,0.0,1.0,50.8,13.1,35.1,93.0,91.6,180.4,,False,False,False,False,False,False
"Oct 3, 2022, 6:11:28 PM",San Jose,8.02,74.97,9.35,135.1,145,8.05,74.95,9.31,135.0,145.0,51.6,873.0,8.02,74.97,9.35,135.1,145,118,0.0,32.4,67.6,0.0,0.0,95.4,99.4,178.8,,False,False,False,True,False,False
"Oct 2, 2022, 4:06:10 PM",Fasted Trail Run,10.35,105.6,10.2,147.4,164,10.43,105.4,10.11,147.0,164.0,506.0,1399.0,10.35,105.6,10.2,147.4,164,117,0.0,8.3,51.8,39.9,0.0,560.0,559.6,175.1,,False,False,False,True,False,False
"Sep 30, 2022, 4:17:40 PM",Long Run,15.46,130.58,8.45,160.3,190,14.98,124.3,8.3,160.0,189.0,87.8,1798.0,15.46,130.58,8.45,160.3,190,124,0.0,0.9,14.9,68.5,15.8,163.6,167.6,180.9,,True,False,False,False,False,False
"Sep 29, 2022, 3:19:54 PM",Running,5.01,43.67,8.71,141.1,154,5.01,43.63,8.71,141.0,154.0,33.7,547.0,5.01,43.67,8.71,141.1,154,118,0.0,7.1,92.0,0.9,0.0,57.8,57.4,183.6,,False,False,False,False,False,False
"Sep 29, 2022, 12:26:45 AM",Ayaana’s last LR 🎉🤩,8.88,109.07,12.28,126.2,150,8.93,102.8,11.51,126.0,150.0,52.0,1035.0,8.88,109.07,12.28,126.2,150,89,1.2,92.9,5.9,0.0,0.0,0,0,172.3,0.066,False,False,False,True,False,False
"Sep 28, 2022, 3:23:36 PM",Fartlek,7.34,63.25,8.62,154.5,189,7.34,63.23,8.61,151.0,189.0,49.0,833.0,7.34,63.25,8.62,154.5,189,124,0.0,12.0,42.7,20.2,25.0,83.2,82.2,179.6,,False,False,False,False,False,False
"Sep 27, 2022, 1:38:03 AM",10k: 40:56 (Tempo),6.22,41.52,6.67,178.2,187,6.3,41.5,6.59,178.0,187.0,0.0,674.0,6.22,41.52,6.67,178.2,187,152,0.0,0.0,0.0,8.9,91.1,89.8,91.0,188.9,,False,False,True,False,False,False
"Sep 27, 2022, 1:24:54 AM",Warmup,1.01,8.38,8.29,141.1,168,1.01,8.33,8.25,142.0,168.0,5.0,115.0,1.01,8.38,8.29,141.1,168,89,5.9,23.0,42.2,28.9,0.0,0,0,183.5,0.506,False,False,False,False,False,False
"Sep 25, 2022, 8:34:52 PM",Hot run in the afternoon ,7.03,64.27,9.15,143.6,159,7.02,64.25,9.15,143.0,159.0,46.1,767.0,7.03,64.27,9.15,143.6,159,112,0.4,17.2,52.3,30.1,0.0,75.8,74.8,179.8,,False,False,False,True,False,False
"Sep 24, 2022, 2:22:19 PM",Morning Trail Run: Another 🐝 sting 😅,14.07,133.7,9.5,162.0,178,14.16,133.03,9.39,161.0,178.0,621.1,1896.0,14.07,133.7,9.5,162.0,178,135,0.0,0.0,11.6,64.7,23.7,749.6,748.6,177.8,,False,False,False,True,False,False
"Sep 23, 2022, 5:58:39 PM",Z1 before tomorrow’s harder workout ,7.0,71.33,10.19,129.6,138,7.03,71.32,10.15,130.0,138.0,45.4,746.0,7.0,71.33,10.19,129.6,138,83,0.8,78.4,20.7,0.0,0.0,0,0,,,False,False,False,True,False,False
"Sep 22, 2022, 4:14:44 PM",Apple watch 8 😀,7.02,66.72,9.5,137.4,186,7.05,66.53,9.44,137.0,186.0,46.5,759.0,7.02,66.72,9.5,137.4,186,107,0.4,13.4,80.7,3.1,2.5,78.6,76.4,178.3,,False,False,False,True,False,False
"Sep 21, 2022, 3:30:36 PM",Morning Run,7.01,66.7,9.52,145.3,169,7.01,65.7,9.37,146.0,169.0,43.0,865.0,7.01,66.7,9.52,145.3,169,72,2.0,2.0,81.9,14.0,0.0,0,0,184.0,0.566,False,False,False,True,False,False
"Sep 21, 2022, 1:24:18 AM",Pacing my Rockstar’s tempo session ,3.24,34.27,10.57,131.5,140,3.24,34.18,10.55,132.0,140.0,19.0,388.0,3.24,34.27,10.57,131.5,140,92,1.5,49.3,49.2,0.0,0.0,0,0,177.9,0.048,False,False,False,True,False,False
"Sep 20, 2022, 4:54:33 PM",Morning Trail Run,11.46,141.1,12.31,165.7,185,11.58,138.97,12.0,166.0,185.0,968.0,1994.0,11.46,141.1,12.31,165.7,185,85,0.3,0.9,15.3,35.5,48.0,0,0,168.6,0.122,False,False,False,True,False,False
"Sep 18, 2022, 5:00:44 PM",Fasted and Crazy windy: 30miles in 2 days,17.02,155.47,9.13,152.6,180,17.03,153.37,9.01,152.0,180.0,75.1,2064.0,17.02,155.47,9.13,152.6,180,80,0.8,4.3,54.2,20.6,20.0,0,0,181.1,0.098,True,False,False,True,False,False
"Sep 17, 2022, 3:37:52 PM",Morning Run: Fasted,13.36,123.77,9.26,141.4,152,13.36,122.12,9.14,142.0,152.0,89.0,1562.0,13.36,123.77,9.26,141.4,152,88,0.8,8.4,90.3,0.5,0.0,0,0,183.6,0.56,False,False,False,True,False,False
"Sep 15, 2022, 4:32:06 PM",Morning Run,4.86,46.65,9.6,139.9,163,4.86,44.9,9.24,139.0,163.0,14.6,521.0,4.86,46.65,9.6,139.9,163,122,0.0,13.8,76.8,9.4,0.0,0,0,,,False,False,False,True,False,False
"Sep 14, 2022, 4:14:00 PM",Morning Run: Sunrise,8.32,84.73,10.18,134.1,151,8.32,80.85,9.72,134.0,151.0,52.3,913.0,8.32,84.73,10.18,134.1,151,96,2.1,43.4,54.5,0.0,0.0,0,0,,,False,False,False,True,False,False
"Sep 13, 2022, 4:32:20 PM",Run before work,4.93,50.9,10.33,133.3,146,5.09,44.7,8.78,135.0,146.0,27.0,587.0,4.93,50.9,10.33,133.3,146,80,5.2,28.7,66.2,0.0,0.0,0,0,175.5,0.483,False,False,False,True,False,False
"Sep 13, 2022, 3:02:37 AM",Aloha! 🏄‍♂️,7.05,76.43,10.84,138.5,150,7.36,70.9,9.63,140.0,150.0,24.0,886.0,7.05,76.43,10.84,138.5,150,94,3.4,14.1,82.5,0.0,0.0,0,0,171.6,0.59,False,False,False,True,False,False
"Sep 11, 2022, 5:49:38 PM",Morning Run,8.04,74.15,9.22,149.2,186,8.04,73.03,9.08,149.0,186.0,59.0,1001.0,8.04,74.15,9.22,149.2,186,94,0.5,3.1,53.7,39.0,3.7,0,0,179.4,0.583,False,False,False,True,False,False
"Sep 10, 2022, 2:39:56 PM",Registered for another one MashAllah 🤩 ,17.16,146.98,8.56,160.3,191,17.16,146.98,8.57,161.0,191.0,95.0,2106.0,17.16,146.98,8.56,160.3,191,96,0.3,1.0,29.5,41.5,27.8,0,0,178.6,0.586,True,False,False,False,False,False
"Sep 9, 2022, 2:06:52 AM",Hot uptempo 🔥,6.22,43.77,7.03,176.1,192,6.22,43.77,7.04,177.0,192.0,0.0,746.0,6.22,43.77,7.03,176.1,192,93,1.4,1.8,5.9,11.0,80.0,0,0,183.4,0.089,False,True,False,False,False,False
"Sep 7, 2022, 3:00:22 PM",Morning Run,8.09,78.62,9.71,141.2,154,8.09,78.35,9.68,142.0,154.0,53.0,982.0,8.09,78.62,9.71,141.2,154,88,0.8,12.6,85.8,0.8,0.0,0,0,179.1,0.049,False,False,False,True,False,False
"Sep 6, 2022, 3:15:48 PM",Slow and steady,8.1,78.02,9.63,138.5,149,8.1,77.97,9.63,139.0,149.0,55.1,973.0,8.1,78.02,9.63,138.5,149,77,1.3,14.6,84.1,0.0,0.0,0,0,178.7,0.053,False,False,False,True,False,False
"Sep 6, 2022, 2:16:52 AM",Evening Run,5.02,47.17,9.39,137.4,145,5.02,47.17,9.4,138.0,145.0,31.7,560.0,5.02,47.17,9.39,137.4,145,95,0.8,8.8,90.4,0.0,0.0,0,0,178.7,0.064,False,False,False,True,False,False
"Sep 5, 2022, 1:35:02 AM",Evening Run,6.53,79.8,12.23,130.4,175,6.53,70.12,10.74,133.0,175.0,58.0,805.0,6.53,79.8,12.23,130.4,175,87,10.1,57.3,22.5,8.8,1.3,0,0,164.5,0.602,False,False,False,True,False,False
"Sep 2, 2022, 2:41:02 PM",LR: Ran into Jerry 😀,17.02,148.77,8.74,159.0,187,17.06,146.28,8.57,159.0,187.0,174.0,2126.0,17.02,148.77,8.74,159.0,187,86,0.5,4.2,30.8,37.3,27.1,0,0,180.6,0.106,True,False,False,False,False,False
"Sep 1, 2022, 6:03:03 PM",Lunch Run,5.05,46.45,9.2,137.8,152,5.05,46.45,9.2,138.0,152.0,36.0,601.0,5.05,46.45,9.2,137.8,152,82,2.0,23.1,74.4,0.4,0.0,0,0,179.5,0.532,False,False,False,True,False,False
"Aug 31, 2022, 3:40:36 PM",Morning Run,9.4,81.6,8.68,139.3,157,9.4,81.25,8.64,140.0,157.0,57.0,1083.0,9.4,81.6,8.68,139.3,157,86,3.9,9.5,85.1,1.6,0.0,0,0,176.7,0.074,False,False,False,False,False,False
"Aug 29, 2022, 6:31:58 PM",Lunch Trail Run: Home trails ❤️,8.67,104.13,12.01,163.0,184,8.73,103.73,11.88,163.0,184.0,632.0,1536.0,8.67,104.13,12.01,163.0,184,124,0.0,3.2,11.9,50.5,34.4,0,0,169.5,0.099,False,False,False,True,False,False
"Aug 28, 2022, 3:57:16 PM",Fasted Regenerative ,10.19,100.58,9.87,130.8,143,10.19,100.58,9.87,131.0,143.0,69.2,1189.0,10.19,100.58,9.87,130.8,143,74,2.0,43.4,54.7,0.0,0.0,0,0,176.5,0.071,False,False,False,True,False,False
"Aug 27, 2022, 1:55:14 PM",Easy Fasted Long Run,17.03,157.03,9.22,144.7,156,17.03,156.38,9.18,145.0,156.0,128.0,2004.0,17.03,157.03,9.22,144.7,156,79,0.4,3.6,87.2,8.7,0.0,0,0,176.8,0.06,True,False,False,True,False,False
"Aug 26, 2022, 3:36:56 PM",Felt great: VO2 max 😍,6.4,55.02,8.6,154.1,188,6.41,55.02,8.58,154.0,188.0,40.0,750.0,6.4,55.02,8.6,154.1,188,88,0.8,6.3,35.3,41.6,16.0,0,0,179.3,0.172,False,False,False,False,False,False
"Aug 24, 2022, 3:33:38 PM",Much better ,6.43,60.58,9.43,137.6,153,6.43,60.58,9.42,138.0,153.0,42.0,731.0,6.43,60.58,9.43,137.6,153,72,1.8,23.9,74.1,0.2,0.0,0,0,177.8,0.559,False,False,False,True,False,False
"Aug 23, 2022, 4:17:25 PM",Labored…,7.02,64.77,9.22,147.9,165,7.02,64.7,9.22,148.0,165.0,45.0,830.0,7.02,64.77,9.22,147.9,165,80,1.8,8.6,32.3,57.3,0.0,0,0,177.2,0.056,False,False,False,True,False,False
"Aug 22, 2022, 3:21:04 PM",Back in the Bay: Rebuilding ,6.43,57.53,8.94,141.2,153,6.43,57.47,8.94,142.0,153.0,40.4,725.0,6.43,57.53,8.94,141.2,153,91,1.2,8.8,88.5,1.5,0.0,0,0,176.9,0.405,False,False,False,False,False,False
"Aug 17, 2022, 12:45:12 PM",Back from covid,1.99,26.95,13.52,117.3,145,2.03,22.27,10.97,119.0,145.0,29.9,211.0,1.99,26.95,13.52,117.3,145,81,39.3,42.6,18.1,0.0,0.0,0,0,,,False,False,False,True,False,False
"Aug 9, 2022, 1:23:25 PM",Snaky intervals 😅,7.21,66.87,9.28,153.3,182,7.21,65.05,9.02,156.0,182.0,43.7,810.0,7.21,66.87,9.28,153.3,182,100,0.4,10.6,37.6,30.4,21.0,0,0,164.4,0.143,False,False,False,True,False,False
"Aug 6, 2022, 5:46:41 AM",Mountains 🏔 ❤️,6.55,81.55,12.46,154.8,179,6.54,75.9,11.61,157.0,179.0,321.5,1010.0,6.55,81.55,12.46,154.8,179,81,2.2,5.2,23.8,62.1,6.7,0,0,155.2,0.129,False,False,False,True,False,False
"Aug 4, 2022, 12:43:02 PM",Proud Run,10.02,92.58,9.24,147.8,159,10.03,92.52,9.22,148.0,159.0,106.6,1131.0,10.02,92.58,9.24,147.8,159,86,0.8,3.7,62.9,32.6,0.0,0,0,175.3,0.057,False,False,False,True,False,False
"Aug 3, 2022, 12:27:21 PM",Hard Strides,6.32,67.28,10.64,148.5,182,6.34,67.17,10.59,148.0,182.0,47.5,764.0,6.32,67.28,10.64,148.5,182,87,1.0,10.6,49.0,32.4,7.0,0,0,165.0,0.175,False,False,False,True,False,False
"Aug 1, 2022, 12:21:44 PM",Afternoon Run,10.01,98.65,9.86,139.4,161,10.02,95.77,9.56,140.0,161.0,37.5,1111.0,10.01,98.65,9.86,139.4,161,90,0.7,7.5,90.7,1.1,0.0,0,0,175.4,0.664,False,False,False,True,False,False
"Jul 31, 2022, 12:18:30 PM",Uptempo,6.23,44.7,7.18,163.6,184,6.24,44.7,7.16,164.0,184.0,80.4,656.0,6.23,44.7,7.18,163.6,184,91,1.3,2.2,10.3,61.3,24.9,0,0,183.7,0.106,False,True,False,False,False,False
"Jul 30, 2022, 12:52:07 PM",Waris Nihari Run,7.02,69.85,9.95,139.1,147,7.02,69.7,9.93,139.0,147.0,91.1,790.0,7.02,69.85,9.95,139.1,147,94,0.8,11.0,88.2,0.0,0.0,0,0,175.8,0.538,False,False,False,True,False,False
"Jul 29, 2022, 12:39:25 PM",Afternoon Run,10.03,92.65,9.24,140.9,153,10.06,89.43,8.89,141.0,153.0,123.5,1066.0,10.03,92.65,9.24,140.9,153,71,1.6,7.6,90.3,0.5,0.0,0,0,178.0,0.066,False,False,False,True,False,False
"Jul 28, 2022, 12:43:19 PM",Loaded strides,7.26,71.4,9.84,148.0,175,7.29,68.17,9.35,148.0,175.0,82.4,825.0,7.26,71.4,9.84,148.0,175,82,1.8,3.4,60.3,33.3,1.2,0,0,176.8,0.586,False,False,False,True,False,False
"Jul 27, 2022, 12:50:48 PM",Afternoon Run,6.7,60.25,8.99,144.4,158,6.7,60.25,8.99,145.0,158.0,98.4,737.0,6.7,60.25,8.99,144.4,158,92,1.0,9.7,64.4,24.8,0.0,0,0,178.6,0.408,False,False,False,False,False,False
"Jul 26, 2022, 1:29:29 PM",Intervals 8 x 800m,7.66,66.28,8.65,161.8,193,7.66,63.32,8.27,164.0,193.0,95.0,859.0,7.66,66.28,8.65,161.8,193,81,0.7,2.5,22.7,43.2,30.9,0,0,175.3,0.163,False,False,False,False,False,False
"Jul 24, 2022, 6:00:52 AM",Galliyat 20k 🥈for Shehla 🎉,12.26,237.72,19.39,130.2,162,12.67,188.78,14.9,133.0,162.0,484.8,1679.0,12.26,237.72,19.39,130.2,162,100,8.9,46.8,38.6,5.7,0.0,0,0,126.3,0.251,False,False,False,True,False,False
"Jul 22, 2022, 1:34:05 PM",All set for Galliyat 20k 😀,6.68,60.58,9.08,137.8,151,6.68,57.33,8.58,138.0,151.0,85.1,690.0,6.68,60.58,9.08,137.8,151,73,2.1,17.8,80.1,0.0,0.0,0,0,177.3,0.532,False,False,False,True,False,False
"Jul 19, 2022, 1:24:01 PM",Evening Run: Lahore temp on autopilot 😅,5.01,50.0,9.99,133.8,151,5.01,49.85,9.95,134.0,151.0,19.0,558.0,5.01,50.0,9.99,133.8,151,90,1.6,37.0,61.3,0.0,0.0,0,0,176.0,0.337,False,False,False,True,False,False
"Jul 18, 2022, 12:39:59 PM",Most expensive patties I’ve had 😅,10.06,118.37,11.77,152.1,176,10.09,94.75,9.39,152.0,176.0,26.6,1171.0,10.06,118.37,11.77,152.1,176,95,0.8,4.1,35.0,57.7,2.4,0,0,176.2,0.28,False,False,False,True,False,False
"Jul 17, 2022, 1:41:20 PM",Base: 60 miles for the week,9.18,86.73,9.45,144.6,153,9.18,84.0,9.15,145.0,153.0,38.0,1035.0,9.18,86.73,9.45,144.6,153,95,0.5,3.7,94.3,1.6,0.0,0,0,177.3,0.438,False,False,False,True,False,False
"Jul 16, 2022, 1:22:41 PM",Longish tempo,10.02,81.87,8.17,163.0,178,10.02,74.52,7.44,164.0,178.0,64.0,1074.0,10.02,81.87,8.17,163.0,178,86,0.7,1.6,8.9,68.8,20.0,0,0,180.8,0.71,False,False,False,False,False,False
"Jul 14, 2022, 5:46:21 AM","If it rains, you run 😀",8.08,80.8,10.0,132.1,140,8.12,75.6,9.31,132.0,140.0,106.4,847.0,8.08,80.8,10.0,132.1,140,92,1.1,45.0,53.8,0.0,0.0,0,0,176.4,0.539,False,False,False,True,False,False
"Jul 13, 2022, 8:38:47 AM",Rainy Long Run,17.2,165.58,9.63,142.8,153,17.34,158.23,9.13,143.0,153.0,109.8,1878.0,17.2,165.58,9.63,142.8,153,97,0.3,4.3,93.7,1.7,0.0,142.2,137.8,170.4,0.37,True,False,False,True,False,False
"Jul 12, 2022, 1:21:05 PM",I love garmin GPS 😅,7.59,71.82,9.46,140.4,153,7.74,68.02,8.79,141.0,153.0,100.0,814.0,7.59,71.82,9.46,140.4,153,93,0.7,8.6,88.6,2.1,0.0,0,0,177.3,0.076,False,False,False,True,False,False
"Jul 11, 2022, 1:23:37 PM",Evening Run,7.49,73.02,9.75,146.9,171,7.66,70.02,9.14,147.0,171.0,95.1,835.0,7.49,73.02,9.75,146.9,171,94,1.1,8.8,59.9,29.8,0.4,0,0,176.8,0.596,False,False,False,True,False,False
"Jul 10, 2022, 12:17:58 PM",Eid Mubarak ,6.65,64.25,9.67,140.7,152,6.65,64.17,9.65,141.0,152.0,138.0,749.0,6.65,64.25,9.67,140.7,152,86,1.7,15.7,81.8,0.8,0.0,0,0,174.8,0.489,False,False,False,True,False,False
"Jul 9, 2022, 1:09:53 PM",Dodging lamb run 😅,10.08,96.77,9.6,152.8,175,10.08,96.67,9.59,153.0,175.0,183.1,1197.0,10.08,96.77,9.6,152.8,175,73,0.4,2.5,38.1,56.9,2.0,0,0,174.4,0.502,False,False,False,True,False,False
"Jul 8, 2022, 1:30:36 PM",Tempo,6.36,53.12,8.35,165.4,186,6.36,51.67,8.12,165.0,186.0,84.5,752.0,6.36,53.12,8.35,165.4,186,71,0.5,1.6,11.4,40.8,45.7,0,0,,,False,False,False,False,False,False
"Jul 6, 2022, 4:34:39 AM",Running,6.23,61.03,9.79,144.1,154,6.23,60.58,9.72,144.0,154.0,61.3,714.0,6.23,61.03,9.79,144.1,154,92,0.5,7.4,87.7,4.3,0.0,60.0,60.2,175.4,0.587,False,False,False,True,False,False
"Jul 4, 2022, 3:57:44 AM",Recovery ,6.24,62.45,10.01,141.0,158,6.24,61.67,9.88,141.0,158.0,119.2,734.0,6.24,62.45,10.01,141.0,158,90,0.4,15.2,78.0,6.5,0.0,0,0,,,False,False,False,True,False,False
"Jul 3, 2022, 12:21:41 AM",Thanks Margalla Trail Runners,12.29,241.23,19.63,151.0,186,12.29,179.97,14.64,158.0,186.0,798.0,2089.0,12.29,241.23,19.63,151.0,186,90,4.7,14.8,26.1,36.3,18.0,0,0,,0.375,False,False,False,True,False,False
"Jul 1, 2022, 1:41:57 PM",Hard intervals turned sweet with the 👑,6.0,52.57,8.76,154.0,189.0,6.0,52.57,8.76,154.0,189.0,25.2,710.0,,,,,,,,,,,,,,,,False,False,False,False,False,False
"Jun 30, 2022, 1:57:15 PM",Good weather run ,8.04,71.83,8.93,,,8.04,71.48,8.89,,,92.0,852.0,8.04,71.83,8.93,,,,,,,,,67.6,66.8,,,False,False,False,False,False,False
"Jun 29, 2022, 1:35:49 PM",Evening Run,7.01,64.45,9.2,156.1,171,7.01,63.77,9.1,156.0,171.0,64.4,852.0,7.01,64.45,9.2,156.1,171,71,0.3,3.4,15.2,81.1,0.0,0,0,,,False,False,False,True,False,False
"Jun 28, 2022, 1:32:17 PM",Evening Run: hot n humid 🥵🔥 ,6.21,55.93,9.0,153.3,177,6.21,55.3,8.9,153.0,177.0,82.5,719.0,6.21,55.93,9.0,153.3,177,71,0.4,2.1,32.2,62.3,3.0,0,0,,,False,False,False,True,False,False
"Jun 26, 2022, 11:42:59 PM",Morning Run: 1000 miles up for the year,7.01,63.55,9.07,151.0,191.0,7.01,63.55,9.07,151.0,191.0,61.3,818.0,,,,,,,,,,,,,,,,False,False,False,True,False,False
"Jun 26, 2022, 1:50:57 PM",Lahori run,5.58,49.23,8.83,148.8,177,5.58,48.85,8.75,150.0,177.0,0.0,631.0,5.58,49.23,8.83,148.8,177,71,1.9,2.6,70.0,14.2,11.2,0,0,177.8,0.548,False,False,False,False,False,False
"Jun 23, 2022, 3:11:24 PM",Easy vert: Will miss these trails,6.16,73.52,11.93,146.5,169,6.22,73.25,11.78,146.0,169.0,387.6,810.0,6.16,73.52,11.93,146.5,169,86,1.2,10.9,47.8,40.1,0.0,0,0,171.2,0.414,False,False,False,True,False,False
"Jun 23, 2022, 2:41:21 AM",Uptempo 10k,6.26,42.67,6.82,169.6,189,6.23,42.67,6.85,170.0,189.0,0.0,653.0,6.26,42.67,6.82,169.6,189,111,0.3,1.1,1.4,48.6,48.6,0,0,184.6,0.086,False,False,True,False,False,False
"Jun 23, 2022, 2:14:25 AM",Evening Run,2.21,26.38,11.94,122.4,170,2.21,21.9,9.91,129.0,170.0,6.0,253.0,2.21,26.38,11.94,122.4,170,81,28.9,43.0,20.7,7.4,0.0,0,0,157.6,0.559,False,False,False,True,False,False
"Jun 21, 2022, 4:40:49 PM",Hoooottt 🥵🔥,7.01,62.92,8.98,147.3,177,7.01,62.92,8.98,148.0,177.0,41.0,783.0,7.01,62.92,8.98,147.3,177,92,1.1,8.4,42.1,47.3,1.2,0,0,178.4,0.073,False,False,False,False,False,False
"Jun 18, 2022, 6:00:22 PM",Mount Diablo: Dream come true 🤩,14.16,172.97,12.22,160.0,188.0,14.16,172.97,12.22,160.0,188.0,1240.0,2021.0,,,,,,,,,,,,,,,,False,False,False,True,False,False
"Jun 17, 2022, 6:42:29 PM",All set for tomorrow ,6.36,53.83,8.46,146.3,169,6.36,53.58,8.42,147.0,169.0,42.0,691.0,6.36,53.83,8.46,146.3,169,71,1.2,3.2,82.1,13.4,0.0,0,0,181.1,0.473,False,False,False,False,False,False
"Jun 17, 2022, 6:09:09 PM",Returning to pick Shehla,1.37,12.4,9.04,127.0,139,1.37,12.33,9.0,128.0,139.0,12.0,143.0,1.37,12.4,9.04,127.0,139,83,5.2,67.2,27.6,0.0,0.0,0,0,179.0,0.549,False,False,False,True,False,False
"Jun 16, 2022, 5:53:38 PM",Morning Run,5.02,44.73,8.92,143.7,156,5.02,44.73,8.91,144.0,156.0,32.0,556.0,5.02,44.73,8.92,143.7,156,86,1.8,11.5,72.6,14.1,0.0,0,0,178.5,0.073,False,False,False,False,False,False
"Jun 16, 2022, 2:37:49 AM",Pacing Shehla to a PR MashAllah ,6.43,67.42,10.48,136.4,188,6.43,61.28,9.53,137.0,188.0,36.0,714.0,6.43,67.42,10.48,136.4,188,81,13.2,22.7,44.9,9.3,9.9,0,0,165.5,0.562,False,False,False,True,False,False
"Jun 15, 2022, 6:26:36 PM",Lunch Run,5.11,46.53,9.11,145.0,190,5.11,46.53,9.11,145.0,190.0,68.0,575.0,5.11,46.53,9.11,145.0,190,86,1.7,17.0,56.8,15.6,8.9,0,0,179.5,0.499,False,False,False,True,False,False
"Jun 15, 2022, 2:33:25 AM",Ayaana’s Long Run 😍,8.01,94.07,11.75,123.1,151,8.01,88.08,11.0,124.0,151.0,46.0,897.0,8.01,94.07,11.75,123.1,151,89,5.5,91.0,3.6,0.0,0.0,0,0,171.7,0.436,False,False,False,True,False,False
"Jun 14, 2022, 6:19:34 PM",Lunch Run,5.02,45.32,9.03,136.6,150,5.02,43.85,8.74,138.0,150.0,30.0,539.0,5.02,45.32,9.03,136.6,150,80,2.6,23.3,74.1,0.0,0.0,0,0,180.6,0.349,False,False,False,True,False,False
"Jun 13, 2022, 5:59:00 PM",Morning Run,10.31,93.78,9.1,139.7,177,10.31,93.07,9.03,140.0,177.0,61.0,1117.0,10.31,93.78,9.1,139.7,177,79,0.8,31.3,52.9,12.0,3.0,0,0,176.4,0.563,False,False,False,True,False,False
"Jun 11, 2022, 5:07:47 PM",Speedgoat 5: Hooottt 🥵 90F UV-9,9.04,111.2,12.3,156.0,177.0,9.04,111.2,12.3,156.0,177.0,651.2,1325.0,,,,,,,,,,,,,,,,False,False,False,True,False,False
"Jun 10, 2022, 4:20:17 PM",Morning Run 🥵 83F,5.01,49.28,9.83,130.0,141,5.01,49.23,9.83,130.0,141.0,29.0,547.0,5.01,49.28,9.83,130.0,141,87,3.1,51.4,45.5,0.0,0.0,0,0,176.6,0.376,False,False,False,True,False,False
"Jun 9, 2022, 3:35:44 PM",Long Run,15.65,148.55,9.49,144.6,158,15.65,147.22,9.41,145.0,158.0,108.0,1742.0,15.65,148.55,9.49,144.6,158,90,0.7,3.4,81.1,14.8,0.0,0,0,176.0,0.395,True,False,False,True,False,False
"Jun 8, 2022, 6:22:18 PM",Lunch Run,5.11,50.27,9.84,132.4,150,5.11,50.27,9.84,132.0,150.0,68.0,556.0,5.11,50.27,9.84,132.4,150,80,1.8,42.0,56.2,0.0,0.0,0,0,175.7,0.06,False,False,False,True,False,False
"Jun 8, 2022, 2:33:13 AM",8x800m: Max HR test 200 bpm ,8.34,67.82,8.14,157.7,200,8.34,65.77,7.89,156.0,200.0,45.0,973.0,8.34,67.82,8.14,157.7,200,73,0.9,2.1,40.9,27.7,28.4,0,0,179.1,0.171,False,False,False,False,False,False
"Jun 6, 2022, 6:56:46 PM",Lunch Run,7.01,64.23,9.17,135.6,147,7.01,63.77,9.1,136.0,147.0,46.0,788.0,7.01,64.23,9.17,135.6,147,84,1.1,23.4,75.5,0.0,0.0,0,0,176.8,0.564,False,False,False,True,False,False
"Jun 6, 2022, 12:54:00 AM",Afternoon Run: to pickup the car,1.29,12.68,9.8,140.8,153,1.29,11.2,8.68,144.0,153.0,6.0,145.0,1.29,12.68,9.8,140.8,153,93,6.2,12.5,74.0,7.2,0.0,0,0,175.0,0.604,False,False,False,True,False,False
"Jun 4, 2022, 4:28:41 PM",So many flowers!,14.25,158.73,11.14,155.0,175.0,14.25,158.73,11.14,155.0,175.0,731.0,1984.0,,,,,,,,,,,,,,,,False,False,False,True,False,False
"Jun 3, 2022, 6:34:10 PM",Regenerative,5.08,49.68,9.77,128.6,146,5.08,49.5,9.74,129.0,146.0,68.0,575.0,5.08,49.68,9.77,128.6,146,82,2.1,74.0,23.9,0.0,0.0,0,0,179.2,0.491,False,False,False,True,False,False
"Jun 2, 2022, 3:28:36 PM",Morning Run: Solid cadence 🙌,15.01,129.88,8.65,152.9,189,15.01,128.12,8.54,153.0,189.0,83.0,1759.0,15.01,129.88,8.65,152.9,189,90,0.4,1.6,56.9,30.9,10.2,0,0,179.4,0.408,True,False,False,False,False,False
"May 31, 2022, 5:35:31 PM",Morning Run,6.41,54.17,8.45,149.1,160,6.41,54.17,8.45,150.0,160.0,40.0,751.0,6.41,54.17,8.45,149.1,160,77,1.2,7.1,36.5,55.2,0.0,0,0,178.5,0.068,False,False,False,False,False,False
"May 30, 2022, 6:57:21 PM",Lunch Run,5.09,43.92,8.62,137.9,160,5.09,43.78,8.6,138.0,160.0,65.0,571.0,5.09,43.92,8.62,137.9,160,77,1.9,18.1,72.6,7.4,0.0,0,0,178.7,0.518,False,False,False,False,False,False
"May 29, 2022, 6:02:21 PM",Lunch Run,14.56,200.03,13.73,132.3,167,14.52,188.35,12.97,134.0,167.0,791.5,1935.0,14.56,200.03,13.73,132.3,167,73,6.9,43.3,43.2,6.6,0.0,0,0,,,False,False,False,True,False,False
"May 21, 2022, 2:01:28 PM",San Francisco 50k: Stoked while bruised :D,30.65,422.65,13.79,144.0,165.0,30.65,422.65,13.79,144.0,165.0,2009.2,3971.0,,,,,,,,,,,,,,,,True,False,False,True,False,False
"May 19, 2022, 4:53:58 PM",Clearing my head,3.36,26.02,7.74,151.3,163,3.36,25.95,7.72,152.0,163.0,24.0,370.0,3.36,26.02,7.74,151.3,163,90,2.2,3.2,37.8,56.8,0.0,0,0,180.5,0.513,False,True,False,False,False,False
"May 17, 2022, 6:34:15 PM",Zone 2,5.11,40.37,7.89,147.3,159,5.11,40.17,7.86,148.0,159.0,70.0,554.0,5.11,40.37,7.89,147.3,159,75,2.0,4.5,55.2,38.3,0.0,0,0,180.5,0.536,False,True,False,False,False,False
"May 16, 2022, 6:19:12 PM",Lunch Run,5.1,42.47,8.32,141.9,157,5.1,42.47,8.33,142.0,157.0,71.0,551.0,5.1,42.47,8.32,141.9,157,90,1.0,9.0,80.4,9.6,0.0,0,0,182.1,0.421,False,False,False,False,False,False
"May 14, 2022, 5:26:11 PM",Trying race strategy ,6.13,72.52,11.82,151.4,168,6.13,72.42,11.81,151.0,168.0,387.0,906.0,6.13,72.52,11.82,151.4,168,88,0.6,1.6,38.5,59.2,0.0,0,0,155.6,0.581,False,False,False,True,False,False
"May 13, 2022, 7:34:53 PM",Hot start to taper for next Saturday 50k 🥵 ,3.65,25.45,6.98,166.9,187,3.65,25.45,6.97,168.0,187.0,27.0,400.0,3.65,25.45,6.98,166.9,187,81,2.7,2.2,14.1,25.3,55.7,0,0,184.0,0.478,False,False,True,False,False,False
"May 11, 2022, 5:55:41 PM",Morning Run,6.42,51.18,7.97,149.0,166,6.42,51.17,7.97,150.0,166.0,42.0,709.0,6.42,51.18,7.97,149.0,166,71,2.7,4.9,44.6,47.9,0.0,0,0,182.6,0.074,False,True,False,False,False,False
"May 10, 2022, 7:41:53 PM",Lunch Run: Buy the dip,6.41,60.78,9.48,127.1,135,6.41,60.78,9.48,128.0,135.0,41.0,685.0,6.41,60.78,9.48,127.1,135,79,1.6,94.4,4.1,0.0,0.0,0,0,180.5,0.053,False,False,False,True,False,False
"May 7, 2022, 5:09:10 PM",Long one before SF 50k,20.05,248.0,12.37,151.0,176.0,20.05,248.0,12.37,151.0,176.0,1286.8,2758.0,,,,,,,,,,,,,,,,True,False,False,True,False,False
"May 6, 2022, 6:44:31 PM",Failed preflight check with new bottles ,5.08,47.5,9.35,133.9,158,5.08,46.17,9.09,136.0,158.0,70.0,565.0,5.08,47.5,9.35,133.9,158,76,8.5,21.1,63.7,6.7,0.0,0,0,177.3,0.584,False,False,False,True,False,False
"May 4, 2022, 5:05:23 PM",Yasso 800m,9.5,75.78,7.98,163.0,194,9.5,74.78,7.87,163.0,194.0,51.0,1086.0,9.5,75.78,7.98,163.0,194,73,0.8,1.6,19.1,47.1,31.4,0,0,179.9,0.205,False,True,False,False,False,False
"May 4, 2022, 5:02:13 PM",Morning Run,0.28,2.35,,126.9,138,0.28,2.25,,129.0,138.0,0.0,27.0,0.28,2.35,,126.9,138,98,14.3,38.1,47.6,0.0,0.0,0,0,179.3,0.12,False,False,False,False,False,False
"May 3, 2022, 7:17:02 PM",Lunch Run,7.01,58.88,8.4,142.1,153,7.01,58.88,8.4,143.0,153.0,45.0,765.0,7.01,58.88,8.4,142.1,153,83,1.1,6.7,91.1,1.0,0.0,0,0,181.2,0.391,False,False,False,False,False,False
"May 2, 2022, 6:30:34 PM",Eid Mubarak! Water!!! 💦 ,8.71,93.6,10.75,158.8,180,8.71,86.67,9.95,159.0,180.0,639.0,1179.0,8.71,93.6,10.75,158.8,180,70,0.6,0.8,27.5,52.9,18.2,0,0,168.2,0.585,False,False,False,True,False,False
"Apr 30, 2022, 5:08:08 PM",Morning Run: z2 constant effort ,7.01,55.9,7.97,148.6,159,7.01,55.9,7.97,149.0,159.0,46.0,770.0,7.01,55.9,7.97,148.6,159,76,1.3,2.9,50.2,45.6,0.0,0,0,180.5,0.07,False,True,False,False,False,False
"Apr 28, 2022, 5:48:18 PM",Morning Run,7.01,66.72,9.51,128.8,162,7.01,65.85,9.39,129.0,162.0,52.0,728.0,7.01,66.72,9.51,128.8,162,75,1.7,77.6,19.8,0.9,0.0,0,0,178.7,0.057,False,False,False,True,False,False
"Apr 27, 2022, 4:44:22 PM",Registered for San Francisco 50k 🥳 ,6.11,66.57,10.9,140.5,162,6.11,66.57,10.9,140.0,162.0,396.0,765.0,6.11,66.57,10.9,140.5,162,106,0.4,31.1,44.7,23.8,0.0,0,0,167.5,0.565,False,False,False,True,False,False
"Apr 26, 2022, 4:46:55 PM",Morning Run,8.01,69.22,8.64,129.3,139,8.01,69.17,8.64,130.0,139.0,58.0,822.0,8.01,69.22,8.64,129.3,139,73,1.6,63.7,34.6,0.0,0.0,0,0,183.1,0.07,False,False,False,False,False,False
"Apr 25, 2022, 4:58:04 PM",5 x 800m,7.33,58.75,8.02,148.4,187,7.33,58.28,7.95,147.0,187.0,32.0,761.0,7.33,58.75,8.02,148.4,187,73,2.6,17.9,42.4,20.1,17.0,0,0,182.9,0.172,False,False,False,False,False,False
"Apr 23, 2022, 4:57:58 PM",40th birthday gift to myself 🎊,13.12,117.53,8.96,136.2,159,13.16,117.53,8.93,137.0,159.0,88.0,1401.0,13.12,117.53,8.96,136.2,159,68,4.4,20.7,71.0,3.8,0.0,0,0,181.1,0.368,False,False,False,False,False,False
"Apr 22, 2022, 5:55:43 PM",Lets do a mountain ultra 😀 ,8.64,98.15,11.36,149.6,171,8.64,97.8,11.32,149.0,171.0,647.0,1171.0,8.64,98.15,11.36,149.6,171,87,0.7,9.7,37.8,51.9,0.0,0,0,162.8,0.611,False,False,False,True,False,False
"Apr 21, 2022, 5:12:23 PM",Morning Run,10.03,90.53,9.02,134.2,152,10.03,90.08,8.98,135.0,152.0,100.0,1081.0,10.03,90.53,9.02,134.2,152,68,1.9,24.7,73.2,0.2,0.0,0,0,177.8,0.079,False,False,False,True,False,False
"Apr 20, 2022, 5:01:38 PM",Ran into kids 😀,9.01,76.62,8.5,144.3,183,9.01,76.38,8.48,143.0,183.0,53.0,962.0,9.01,76.62,8.5,144.3,183,70,1.1,18.9,55.5,12.7,11.7,0,0,181.0,0.413,False,False,False,False,False,False
"Apr 19, 2022, 5:05:46 PM",Getting used to fasted runs 😅,10.02,88.12,8.79,136.2,173,10.02,87.9,8.77,136.0,173.0,156.0,1083.0,10.02,88.12,8.79,136.2,173,60,1.5,39.0,49.2,9.0,1.3,0,0,180.1,0.069,False,False,False,False,False,False
"Apr 17, 2022, 5:17:17 PM",Morning Run,8.05,71.72,8.91,127.8,139,8.05,71.72,8.91,128.0,139.0,55.0,834.0,8.05,71.72,8.91,127.8,139,83,3.7,57.9,38.4,0.0,0.0,0,0,181.6,0.065,False,False,False,False,False,False
"Apr 16, 2022, 6:36:01 PM",Easy vert ❤️,6.23,69.17,11.11,146.3,173,6.23,68.42,10.98,145.0,173.0,393.0,836.0,6.23,69.17,11.11,146.3,173,79,1.1,12.5,51.7,34.2,0.5,0,0,163.8,0.442,False,False,False,True,False,False
"Apr 15, 2022, 4:48:45 PM",Morning Run,10.03,91.87,9.16,132.5,151,10.03,91.12,9.08,133.0,151.0,94.0,1067.0,10.03,91.87,9.16,132.5,151,74,4.5,25.6,69.9,0.0,0.0,0,0,179.7,0.573,False,False,False,True,False,False
"Apr 14, 2022, 6:09:04 PM",Lunch Run,8.04,75.78,9.42,132.2,143,8.04,75.78,9.43,133.0,143.0,56.0,880.0,8.04,75.78,9.42,132.2,143,74,1.3,35.3,63.5,0.0,0.0,0,0,177.3,0.351,False,False,False,True,False,False
"Apr 13, 2022, 4:18:43 PM",Morning Run,8.04,71.72,8.92,130.4,143,8.04,71.65,8.91,131.0,143.0,54.0,845.0,8.04,71.72,8.92,130.4,143,76,1.0,60.0,39.0,0.0,0.0,0,0,182.2,0.527,False,False,False,False,False,False
"Apr 12, 2022, 5:35:28 PM",Morning Run,8.03,71.75,8.94,128.3,138,8.03,71.68,8.93,129.0,138.0,63.0,856.0,8.03,71.75,8.94,128.3,138,80,1.4,82.4,16.2,0.0,0.0,0,0,180.5,0.536,False,False,False,False,False,False
"Apr 10, 2022, 6:04:58 PM",Lunch Run,6.41,60.07,9.37,128.8,142,6.41,60.07,9.37,129.0,142.0,49.0,701.0,6.41,60.07,9.37,128.8,142,72,6.0,42.6,51.4,0.0,0.0,0,0,177.2,0.075,False,False,False,True,False,False
"Apr 9, 2022, 4:45:21 PM",Fasted long run,10.03,92.92,9.27,132.2,145,10.02,92.75,9.26,132.0,145.0,72.0,1089.0,10.03,92.92,9.27,132.2,145,79,4.1,32.6,63.3,0.0,0.0,0,0,181.0,0.069,False,False,False,True,False,False
"Apr 8, 2022, 4:11:32 PM",Morning Run,7.47,61.2,8.19,148.2,167,7.47,61.2,8.19,149.0,167.0,51.0,822.0,7.47,61.2,8.19,148.2,167,86,0.8,17.0,38.0,44.1,0.0,0,0,180.8,0.414,False,False,False,False,False,False
"Apr 6, 2022, 3:19:08 PM",Morning Run,8.03,70.68,8.8,136.9,148,8.03,70.68,8.8,138.0,148.0,52.0,867.0,8.03,70.68,8.8,136.9,148,71,2.5,14.6,82.8,0.0,0.0,0,0,180.6,0.552,False,False,False,False,False,False
"Apr 5, 2022, 4:41:19 PM",Morning Run,6.41,57.17,8.92,141.4,168,6.41,56.9,8.88,141.0,168.0,42.0,705.0,6.41,57.17,8.92,141.4,168,80,1.0,21.3,64.1,13.6,0.0,0,0,178.3,0.102,False,False,False,False,False,False
"Apr 4, 2022, 6:02:04 PM",Lunch Run,7.02,64.57,9.2,132.2,141,7.02,64.5,9.19,132.0,141.0,43.0,749.0,7.02,64.57,9.2,132.2,141,76,1.5,42.6,55.9,0.0,0.0,0,0,176.1,0.556,False,False,False,True,False,False
"Mar 31, 2022, 4:19:46 PM","1hr @ 6:57, 180+ bpm",12.21,94.57,7.74,171.8,193,12.21,90.67,7.43,173.0,193.0,62.0,1451.0,12.21,94.57,7.74,171.8,193,81,0.9,0.5,12.5,24.3,61.8,0,0,181.2,0.112,False,True,False,False,False,False
"Mar 30, 2022, 7:02:59 PM",Zone 1 easy run,5.02,46.65,9.3,126.4,138,5.02,46.58,9.28,127.0,138.0,34.0,554.0,5.02,46.65,9.3,126.4,138,63,2.5,79.5,17.9,0.0,0.0,0,0,178.6,0.553,False,False,False,True,False,False
"Mar 28, 2022, 6:56:49 PM",Recovery ,6.41,57.38,8.95,134.1,144,6.41,57.38,8.95,135.0,144.0,42.0,722.0,6.41,57.38,8.95,134.1,144,77,1.8,24.6,73.6,0.0,0.0,0,0,177.7,0.584,False,False,False,False,False,False
"Mar 25, 2022, 4:02:07 PM",Easy hour run,7.01,60.87,8.68,138.4,148,7.01,60.82,8.68,139.0,148.0,49.0,792.0,7.01,60.87,8.68,138.4,148,77,1.2,7.2,91.6,0.0,0.0,0,0,180.0,0.464,False,False,False,False,False,False
"Mar 23, 2022, 3:50:57 PM",Morning Run: Craving for hills :D,6.88,52.3,7.6,159.2,182,6.96,52.02,7.47,159.0,182.0,20.8,744.0,6.88,52.3,7.6,159.2,182,83,0.9,6.4,20.2,39.7,32.8,0,0,,,False,True,False,False,False,False
"Mar 22, 2022, 4:56:57 PM",Morning Run: hot 🥵 ,6.43,56.62,8.8,149.8,161,6.43,56.62,8.81,150.0,161.0,39.0,767.0,6.43,56.62,8.8,149.8,161,87,1.1,1.4,41.6,55.9,0.0,0,0,92.0,0.586,False,False,False,False,False,False
"Mar 19, 2022, 5:24:02 PM",Morning Run,5.31,45.77,8.62,140.2,151,5.31,45.77,8.62,141.0,151.0,32.0,607.0,5.31,45.77,8.62,140.2,151,76,2.5,8.2,89.3,0.0,0.0,0,0,178.0,0.364,False,False,False,False,False,False
"Mar 17, 2022, 7:56:56 PM",Lunch Run,6.4,56.35,8.8,142.6,155,6.4,56.35,8.8,143.0,155.0,42.0,747.0,6.4,56.35,8.8,142.6,155,85,1.2,4.5,85.3,9.0,0.0,0,0,179.0,0.578,False,False,False,False,False,False
"Mar 15, 2022, 7:54:55 PM",Lunch Run,8.06,70.53,8.75,150.1,158,8.06,70.53,8.75,151.0,158.0,53.0,973.0,8.06,70.53,8.75,150.1,158,77,0.9,1.3,40.0,57.8,0.0,0,0,174.4,0.619,False,False,False,False,False,False
"Mar 14, 2022, 6:25:03 PM",Back to the grind,6.38,54.18,8.5,150.5,178,6.38,54.07,8.47,151.0,178.0,39.0,755.0,6.38,54.18,8.5,150.5,178,71,1.1,7.7,27.1,58.2,5.9,0,0,176.3,0.549,False,False,False,False,False,False
"Mar 12, 2022, 5:52:06 PM",First one after the race ,4.87,43.67,8.97,138.3,169,4.87,43.43,8.92,139.0,169.0,29.0,559.0,4.87,43.67,8.97,138.3,169,90,3.8,16.4,75.1,4.8,0.0,0,0,175.3,0.591,False,False,False,False,False,False
"Mar 6, 2022, 3:33:32 PM",Napa Valley Marathon: 30 mins+ PR 😀,26.4,206.17,7.81,167.8,179,26.37,204.75,7.76,168.0,179.0,163.4,3124.0,26.4,206.17,7.81,167.8,179,102,0.4,0.3,0.4,66.4,32.6,0,0,177.6,0.109,True,True,False,False,True,False
"Mar 5, 2022, 6:19:49 PM",All set for tomorrow inshaAllah ,2.69,25.2,9.37,128.5,144,2.69,25.08,9.32,128.0,144.0,16.0,308.0,2.69,25.2,9.37,128.5,144,88,3.0,62.9,34.1,0.0,0.0,0,0,173.1,0.623,False,False,False,True,False,False
"Mar 3, 2022, 7:52:34 PM",Garmin run 😊,3.15,23.67,7.52,145.7,171,3.15,23.58,7.49,148.0,171.0,23.0,287.0,3.15,23.67,7.52,145.7,171,82,24.9,4.1,3.8,66.2,1.0,0,0,178.9,0.566,False,True,False,False,False,False
"Mar 2, 2022, 1:20:20 AM",Afternoon Run,4.01,31.22,7.78,157.2,180,4.01,31.15,7.77,157.0,180.0,33.0,442.0,4.01,31.22,7.78,157.2,180,89,2.6,2.2,22.7,53.3,19.2,0,0,,,False,True,False,False,False,False
"Feb 28, 2022, 6:42:12 PM",Morning Run,4.02,34.88,8.68,142.6,161,4.02,34.82,8.66,143.0,161.0,32.6,428.0,4.02,34.88,8.68,142.6,161,87,1.7,1.4,89.1,7.8,0.0,0,0,,,False,False,False,False,False,False
"Feb 26, 2022, 10:21:17 PM",Afternoon Run,4.02,33.55,8.36,139.3,157,4.02,33.47,8.33,139.0,157.0,32.7,422.0,4.02,33.55,8.36,139.3,157,89,1.4,16.2,79.3,3.1,0.0,0,0,,,False,False,False,False,False,False
"Feb 26, 2022, 12:46:31 AM",I am ready tey I am sure oay! 🙃,10.05,80.28,7.99,152.4,182,10.02,79.57,7.94,153.0,182.0,55.4,1059.0,10.05,80.28,7.99,152.4,182,118,0.0,0.8,41.1,55.5,2.7,0,0,,,False,True,False,False,False,False
"Feb 24, 2022, 7:47:09 PM",Lunch Run,4.02,32.48,8.09,147.5,156,4.02,32.42,8.06,148.0,156.0,33.0,426.0,4.02,32.48,8.09,147.5,156,94,1.0,2.5,55.4,41.1,0.0,0,0,,,False,False,False,False,False,False
"Feb 23, 2022, 12:48:51 AM",Afternoon Run,5.02,37.22,7.41,162.2,180,5.02,37.22,7.41,162.0,180.0,37.5,533.0,5.02,37.22,7.41,162.2,180,90,1.3,2.3,15.5,46.6,34.2,67.2,63.0,178.4,,False,True,False,False,False,False
"Feb 22, 2022, 12:32:44 AM",Easy run,6.03,51.5,8.54,138.6,167,6.03,51.5,8.54,139.0,167.0,76.5,651.0,6.03,51.5,8.54,138.6,167,87,10.7,14.5,61.9,12.9,0.0,91.4,93.6,173.9,,False,False,False,False,False,False
"Feb 20, 2022, 5:12:24 PM",Intervals in my Alma Mater jersey 😀,7.73,62.18,8.04,143.2,199,7.73,61.37,7.94,143.0,199.0,22.6,884.0,7.73,62.18,8.04,143.2,199,30,13.0,12.1,25.2,32.3,17.4,0,0,,,False,False,False,False,False,False
"Feb 19, 2022, 8:09:43 PM",Easy run,5.03,43.35,8.61,141.6,154,5.03,43.35,8.62,142.0,154.0,30.9,556.0,5.03,43.35,8.61,141.6,154,83,0.8,14.5,82.3,2.4,0.0,0,0,,,False,False,False,False,False,False
"Feb 18, 2022, 12:42:28 AM",Last long with race shoes and now taper,16.74,135.0,8.06,143.4,191,16.73,133.58,7.98,149.0,191.0,70.1,1850.0,16.74,135.0,8.06,143.4,191,41,11.1,1.5,39.7,39.1,8.6,0,0,,,True,False,False,False,False,False
"Feb 17, 2022, 1:04:58 AM",Easy run,5.06,44.95,8.88,135.0,145,5.06,44.95,8.88,135.0,145.0,30.9,555.0,5.06,44.95,8.88,135.0,145,81,0.7,27.6,71.7,0.0,0.0,53.6,58.2,172.2,,False,False,False,False,False,False
"Feb 15, 2022, 1:03:37 AM",Great session,10.05,76.35,7.59,158.2,170,10.05,76.3,7.59,158.0,170.0,22.3,1112.0,10.05,76.35,7.59,158.2,170,98,0.2,0.7,24.4,74.8,0.0,123.8,123.6,172.8,,False,True,False,False,False,False
"Feb 12, 2022, 5:24:11 PM",Fasted 7 x 800m,8.28,70.7,8.54,153.7,182,8.28,68.27,8.25,154.0,182.0,24.7,951.0,8.28,70.7,8.54,153.7,182,80,1.0,10.8,39.1,24.8,24.3,100.2,96.8,171.4,,False,False,False,False,False,False
"Feb 12, 2022, 12:02:49 AM",Recovery run,4.01,36.57,9.11,142.1,177,4.01,36.55,9.11,142.0,177.0,32.6,443.0,4.01,36.57,9.11,142.1,177,119,0.0,14.7,77.8,5.7,1.8,44.6,48.0,176.7,,False,False,False,True,False,False
"Feb 10, 2022, 11:11:25 PM",Hot long run for the week,21.25,186.87,8.79,157.3,178,21.24,183.95,8.66,157.0,178.0,69.3,2461.0,21.25,186.87,8.79,157.3,178,101,0.1,0.9,12.0,83.1,3.9,0,0,,,True,False,False,False,False,False
"Feb 9, 2022, 7:33:01 PM",Lunch Run,5.01,45.07,9.0,147.0,159,4.99,44.62,8.94,147.0,159.0,30.4,558.0,5.01,45.07,9.0,147.0,159,97,0.6,3.3,64.2,31.9,0.0,0,0,,,False,False,False,True,False,False
"Feb 7, 2022, 8:07:49 PM",Intervals,10.63,81.78,7.69,164.7,180,10.63,80.92,7.61,165.0,180.0,20.5,1212.0,10.63,81.78,7.69,164.7,180,106,0.2,0.7,16.4,37.4,45.4,0,0,,,False,True,False,False,False,False
"Feb 6, 2022, 4:17:50 PM",San Francisco Half Marathon: Golden Gate Park,6.41,98.68,15.39,107.8,146,6.26,88.05,14.07,110.0,146.0,51.7,662.0,6.41,98.68,15.39,107.8,146,100,95.2,4.5,0.3,0.0,0.0,0,0,,,False,False,False,True,False,False
"Feb 5, 2022, 7:01:15 PM",enjoyable route,6.37,58.32,9.16,147.0,164,6.3,55.6,8.83,149.0,164.0,102.2,742.0,6.37,58.32,9.16,147.0,164,109,0.5,3.8,66.2,29.5,0.0,0,0,,,False,False,False,True,False,False
"Feb 4, 2022, 8:05:41 PM",Recovery run,5.03,46.48,9.24,139.9,152,5.03,46.28,9.2,140.0,152.0,31.1,558.0,5.03,46.48,9.24,139.9,152,87,0.6,16.2,82.9,0.3,0.0,51.4,55.2,177.3,,False,False,False,True,False,False
"Feb 3, 2022, 11:12:33 PM",Well executed long run,20.06,170.32,8.49,157.8,180,20.06,166.57,8.3,158.0,180.0,72.8,2297.0,20.06,170.32,8.49,157.8,180,83,0.2,4.3,40.3,22.3,33.0,0,0,,,True,False,False,False,False,False
"Feb 2, 2022, 7:10:31 PM",Testing out race shoes,5.03,44.92,8.93,139.7,171,5.03,44.92,8.93,140.0,171.0,30.7,553.0,5.03,44.92,8.93,139.7,171,94,0.4,11.9,87.5,0.2,0.0,55.6,55.8,175.8,,False,False,False,False,False,False
"Jan 31, 2022, 8:01:57 PM",Loaded intervals 😅,11.44,86.68,7.58,162.1,185,11.44,85.63,7.49,162.0,185.0,20.7,1288.0,11.44,86.68,7.58,162.1,185,92,0.3,5.5,17.5,35.9,40.9,128.0,127.4,177.0,,False,True,False,False,False,False
"Jan 29, 2022, 4:57:17 PM",With Shehla: 200 miles up for the month ,8.04,108.65,13.51,112.2,173,8.04,107.28,13.34,125.0,173.0,54.6,826.0,8.04,108.65,13.51,112.2,173,96,73.0,21.8,3.2,1.7,0.4,0,0,,,False,False,False,True,False,False
"Jan 28, 2022, 10:55:41 PM",Easy peezy long run 😀,18.04,155.37,8.61,155.2,186,18.04,152.23,8.44,155.0,186.0,76.4,2035.0,18.04,155.37,8.61,155.2,186,102,0.1,0.4,19.6,75.0,4.9,0,0,,,True,False,False,False,False,False
"Jan 27, 2022, 7:25:32 PM",Easy run,5.03,43.05,8.56,146.6,158,5.03,43.05,8.56,147.0,158.0,30.7,563.0,5.03,43.05,8.56,146.6,158,98,0.4,1.5,78.5,19.6,0.0,50.8,54.4,178.1,,False,False,False,False,False,False
"Jan 25, 2022, 8:17:11 PM",Intervals ,9.53,78.38,8.22,157.8,182,9.53,72.65,7.62,160.0,182.0,24.4,1068.0,9.53,78.38,8.22,157.8,182,103,0.2,5.1,35.2,25.3,34.2,0,0,,,False,False,False,False,False,False
"Jan 23, 2022, 3:51:01 PM",Shehla’s training run: 2 weeks to go inshaAllah ,12.96,154.73,11.94,121.7,199,13.01,153.62,11.81,122.0,199.0,79.5,1444.0,12.96,154.73,11.94,121.7,199,97,52.8,31.6,3.9,2.5,9.3,132.4,131.8,169.7,,False,False,False,True,False,False
"Jan 22, 2022, 9:04:21 PM",Z2 recovery ,6.05,59.12,9.77,136.0,172,6.05,58.77,9.71,136.0,172.0,29.5,671.0,6.05,59.12,9.77,136.0,172,91,1.8,22.4,75.2,0.3,0.3,61.0,85.2,169.6,,False,False,False,True,False,False
"Jan 21, 2022, 4:55:31 PM",Fasted long run: RecoveryAir 😀,15.43,129.15,8.37,,,15.43,129.15,8.37,,,91.4,2291.0,,,,,,,,,,,,,,,,True,False,False,False,False,False
"Jan 19, 2022, 7:37:24 PM",Lunch Run,7.01,64.25,9.16,151.1,179,7.01,63.68,9.08,151.0,179.0,45.2,788.0,7.01,64.25,9.16,151.1,179,114,0.0,1.2,56.0,40.0,2.8,0,0,,,False,False,False,True,False,False
"Jan 18, 2022, 7:16:08 PM",Intervals 7 x 800m,10.03,78.62,7.84,161.4,186,10.03,78.2,7.8,161.0,186.0,34.3,1138.0,10.03,78.62,7.84,161.4,186,120,0.0,0.6,15.7,53.5,30.2,95.6,94.0,173.6,0.024,False,True,False,False,False,False
"Jan 16, 2022, 7:33:55 PM",Lunch Run,5.42,49.68,9.17,150.0,186,5.4,47.78,8.85,151.0,186.0,50.6,634.0,5.42,49.68,9.17,150.0,186,88,1.2,9.3,47.3,32.5,9.7,0,0,,,False,False,False,True,False,False
"Jan 15, 2022, 8:17:44 PM",Lunch Run with Salman,13.14,116.32,8.85,160.0,199,13.24,110.53,8.35,166.0,199.0,102.7,1514.0,13.14,116.32,8.85,160.0,199,80,1.6,2.1,37.2,30.4,28.6,0,0,,,False,False,False,False,False,False
"Jan 14, 2022, 12:02:45 AM",3 mins/mile slower and 54 bpm lower,8.19,74.68,9.12,137.0,169,8.06,73.22,9.08,137.0,145.0,0.0,886.0,8.19,74.68,9.12,137.0,169,108,0.3,12.9,86.2,0.5,0.0,108.0,106.0,170.1,,False,False,False,True,False,False
"Jan 13, 2022, 1:09:59 AM",10k time trial - cool down,1.06,8.65,8.18,156.5,163,1.04,8.5,8.17,156.0,163.0,0.0,112.0,1.06,8.65,8.18,156.5,163,139,0.0,0.0,14.4,85.6,0.0,0,0,,,False,False,False,False,False,False
"Jan 13, 2022, 12:26:12 AM",💥 The exclusive 38:54 10k💥,6.26,39.6,6.32,191.2,199,6.33,39.6,6.26,191.0,199.0,0.0,695.0,6.26,39.6,6.32,191.2,199,130,0.0,0.1,0.6,0.7,98.7,84.4,85.2,177.4,,False,False,True,False,False,False
"Jan 13, 2022, 12:10:08 AM",10k trial - warmup,1.68,13.15,7.84,166.2,179,1.68,12.57,7.48,168.0,176.0,0.0,184.0,1.68,13.15,7.84,166.2,179,156,0.0,0.0,0.0,82.6,17.4,0,0,,,False,True,False,False,False,False
"Jan 10, 2022, 7:54:51 PM",Long Run: Bay Area at its best!,15.55,125.78,8.09,161.0,180.0,15.55,125.78,8.09,161.0,180.0,100.2,2309.0,,,,,,,,,,,,,,,,True,False,False,False,False,False
"Jan 8, 2022, 9:08:59 PM",2 x 5k ,10.14,83.63,8.25,160.3,188,10.14,74.47,7.34,166.0,188.0,18.4,1142.0,10.14,83.63,8.25,160.3,188,116,0.0,11.6,19.9,28.4,40.0,0,0,,,False,False,False,False,False,False
"Jan 7, 2022, 7:40:06 PM",Longish with strides,10.38,88.23,8.5,163.9,188,10.38,85.4,8.23,157.0,188.0,91.3,1196.0,10.38,88.23,8.5,163.9,188,84,1.9,0.0,3.1,80.0,14.9,0,0,,,False,False,False,False,False,False
"Jan 5, 2022, 7:27:30 PM",San Jose,8.45,74.67,8.84,148.7,187,8.44,74.37,8.81,149.0,187.0,55.3,955.0,8.45,74.67,8.84,148.7,187,106,0.3,6.6,66.1,12.9,14.2,90.0,94.0,172.3,,False,False,False,False,False,False
"Jan 4, 2022, 7:30:14 PM",Intervals,6.61,64.38,9.75,152.9,194,6.61,56.07,8.48,153.0,194.0,22.6,774.0,6.61,64.38,9.75,152.9,194,90,1.5,8.0,50.5,16.5,23.5,104.8,110.2,167.0,,False,False,False,True,False,False
"Jan 3, 2022, 8:51:14 PM",2nd part,3.04,27.4,9.01,159.9,191,3.04,26.38,8.68,160.0,191.0,25.0,367.0,3.04,27.4,9.01,159.9,191,140,0.0,0.0,44.9,24.7,30.4,0,0,,,False,False,False,True,False,False
"Jan 3, 2022, 8:06:47 PM",Part 1 ,4.53,42.8,9.44,144.6,172,4.53,42.18,9.31,142.0,172.0,20.5,497.0,4.53,42.8,9.44,144.6,172,115,0.0,1.8,79.5,17.8,0.9,0,0,,,False,False,False,True,False,False
"Jan 1, 2022, 8:32:59 PM",Kicking off 2022 with an easy long run 🎉,20.07,202.62,10.09,141.1,178,20.07,196.02,9.77,144.0,178.0,282.3,2351.0,20.07,202.62,10.09,141.1,178,79,6.1,11.6,58.8,20.8,2.6,0,0,,,True,False,False,True,False,False
"Dec 28, 2021, 2:24:23 AM",Universal Orlando,5.07,50.68,10.0,143.6,175,5.07,49.2,9.7,143.0,175.0,23.3,584.0,5.07,50.68,10.0,143.6,175,92,1.8,2.7,91.6,3.2,0.7,0,0,,,False,False,False,True,False,False
"Dec 25, 2021, 12:00:13 AM",That sub-6 mile 🚀🙌🎉,6.19,58.68,9.47,156.0,191,6.51,44.3,6.8,164.0,191.0,0.0,711.0,6.19,58.68,9.47,156.0,191,87,6.0,12.3,25.6,17.5,38.5,0,0,,,False,False,False,True,False,False
"Dec 23, 2021, 9:32:51 PM",Date run 😀,10.13,148.92,14.69,107.2,125,10.13,135.77,13.4,107.0,125.0,61.1,1112.0,10.13,148.92,14.69,107.2,125,62,82.3,17.7,0.0,0.0,0.0,0,0,,,False,False,False,True,False,False
"Dec 22, 2021, 8:03:54 PM",Easy long: monitoring cadence ,15.61,150.15,9.62,141.2,185,15.61,145.92,9.35,142.0,185.0,95.7,1726.0,15.61,150.15,9.62,141.2,185,98,0.5,5.9,88.1,4.8,0.7,194.6,188.6,174.8,,True,False,False,True,False,False
"Dec 21, 2021, 11:41:03 PM",Benchmark sub-9: easy run,9.1,81.55,8.96,137.3,146,9.1,81.55,8.96,137.0,146.0,0.0,981.0,9.1,81.55,8.96,137.3,146,124,0.0,17.2,82.8,0.0,0.0,140.0,137.8,175.5,,False,False,False,False,False,False
"Dec 20, 2021, 8:27:53 PM",Easy: chest hrm going crazy at start,7.02,66.08,9.42,133.6,154,7.02,65.63,9.35,134.0,154.0,45.8,768.0,7.02,66.08,9.42,133.6,154,87,8.0,13.6,76.7,1.7,0.0,0,0,,,False,False,False,True,False,False
"Dec 19, 2021, 10:52:03 PM",Shehla’s first brick (40k -2h47m): Run,3.57,47.78,13.39,113.6,128,3.57,47.38,13.27,115.0,128.0,22.1,390.0,3.57,47.78,13.39,113.6,128,99,44.0,56.0,0.0,0.0,0.0,0,0,,,False,False,False,True,False,False
"Dec 17, 2021, 8:13:02 PM",Low effort: recovering from tooth implant ,6.38,63.65,9.98,135.0,147,6.38,63.47,9.95,135.0,147.0,40.8,704.0,6.38,63.65,9.98,135.0,147,87,0.5,32.3,67.2,0.0,0.0,85.0,91.6,171.2,,False,False,False,True,False,False
"Dec 15, 2021, 8:08:37 PM",Lunch Run,7.01,64.38,9.18,148.2,156,7.08,63.9,9.03,147.0,156.0,45.3,785.0,7.01,64.38,9.18,148.2,156,137,0.0,0.0,77.3,22.7,0.0,0,0,,,False,False,False,True,False,False
"Dec 14, 2021, 8:22:41 PM",San Jose,7.02,63.33,9.02,148.8,166,7.02,63.05,8.98,149.0,166.0,41.8,780.0,7.02,63.33,9.02,148.8,166,117,0.0,2.4,60.0,37.6,0.0,67.6,71.8,175.6,,False,False,False,True,False,False
"Dec 12, 2021, 8:31:34 PM",25k PR at sub-5 km 🕺,15.61,124.17,7.95,166.7,181,15.61,124.17,7.95,166.0,181.0,95.1,1763.0,15.61,124.17,7.95,166.7,181,142,0.0,0.0,3.8,63.9,32.3,125.0,127.2,175.9,,True,True,False,False,False,False
"Dec 10, 2021, 7:49:32 PM",Steady,7.02,63.05,8.98,141.5,154,7.02,63.03,8.98,139.0,154.0,45.2,776.0,7.02,63.05,8.98,141.5,154,99,0.7,0.0,97.3,2.0,0.0,0,0,,,False,False,False,False,False,False
"Dec 9, 2021, 8:24:07 PM",Fartlek,7.02,56.97,8.11,163.8,185,6.52,52.05,7.98,164.0,185.0,41.9,816.0,7.02,56.97,8.11,163.8,185,130,0.0,0.8,17.5,53.5,28.2,72.8,73.8,179.0,,False,False,False,False,False,False
"Dec 8, 2021, 8:06:56 PM",Hills,7.05,73.07,10.37,161.9,180,7.04,72.53,10.3,158.0,180.0,474.0,1106.0,7.05,73.07,10.37,161.9,180,108,0.2,0.6,16.5,55.0,27.6,0,0,,,False,False,False,True,False,False
"Dec 7, 2021, 7:45:17 PM",Lunch Run,8.04,70.92,8.83,149.9,182,8.04,70.55,8.77,151.0,182.0,54.8,900.0,8.04,70.92,8.83,149.9,182,119,0.0,0.9,56.3,42.2,0.6,0,0,,,False,False,False,False,False,False
"Dec 6, 2021, 2:06:56 AM",Ran to car after the 15 miles hike,1.37,10.65,7.78,186.5,199,1.37,10.58,7.72,186.0,199.0,31.4,164.0,1.37,10.65,7.78,186.5,199,167,0.0,0.0,0.0,2.7,97.3,0,0,,,False,True,False,False,False,False
"Dec 4, 2021, 11:19:43 PM",Brick (60k - 2h44m): Run,6.28,55.08,8.77,150.4,158,6.28,54.3,8.65,150.0,158.0,40.3,699.0,6.28,55.08,8.77,150.4,158,141,0.0,0.0,62.6,37.4,0.0,48.2,48.4,172.2,0.431,False,False,False,False,False,False
"Dec 3, 2021, 8:25:34 PM",HR continues to improve MashAllah 🙌,7.53,67.83,9.0,148.8,157,8.05,67.83,8.43,147.0,157.0,54.3,838.0,7.53,67.83,9.0,148.8,157,136,0.0,0.0,74.6,25.4,0.0,76.6,79.8,176.3,,False,False,False,True,False,False
"Dec 2, 2021, 6:54:37 PM",Home trails ❤️,7.07,74.12,10.49,161.8,183,7.15,73.98,10.35,162.0,183.0,469.5,1111.0,7.07,74.12,10.49,161.8,183,126,0.0,0.7,17.0,52.2,30.1,515.8,519.6,171.2,,False,False,False,True,False,False
"Dec 1, 2021, 7:20:59 PM",Saucony Endorphin Pro: nice and smooth,8.03,71.28,8.88,141.4,158,8.03,71.27,8.88,141.0,158.0,55.3,890.0,8.03,71.28,8.88,141.4,158,124,0.0,4.5,93.7,1.8,0.0,83.2,84.2,173.8,,False,False,False,False,False,False
"Nov 30, 2021, 7:18:02 PM",Back home: Easy,7.02,63.02,8.98,143.7,161,7.02,62.95,8.97,144.0,161.0,45.5,780.0,7.02,63.02,8.98,143.7,161,123,0.0,15.0,69.0,16.0,0.0,54.4,54.4,172.7,,False,False,False,False,False,False
"Nov 29, 2021, 5:37:38 PM",👋 Hawaii 👋 ,7.51,82.08,10.92,134.8,171,7.51,73.32,9.76,136.0,171.0,229.0,959.0,7.51,82.08,10.92,134.8,171,82,8.6,30.0,49.7,11.5,0.1,0,0,,,False,False,False,True,False,False
"Nov 27, 2021, 8:05:26 PM",Treadmill: felt horrible…,1.09,9.48,8.7,161.9,175,1.09,9.48,8.7,162.0,175.0,0.0,144.0,1.09,9.48,8.7,161.9,175,122,0.0,7.1,15.0,35.4,42.5,0,0,,,False,False,False,False,False,False
"Nov 25, 2021, 6:27:55 PM",True tropical trail run,10.76,126.2,11.73,156.5,186,10.75,113.13,10.52,155.0,186.0,617.7,1598.0,10.76,126.2,11.73,156.5,186,104,0.4,3.1,32.9,46.3,17.4,0,0,,0.091,False,False,False,True,False,False
"Nov 24, 2021, 2:57:38 AM",Aloha! 🏄‍♂️ ,4.83,46.93,9.72,148.2,174,4.83,43.95,9.1,150.0,174.0,97.0,582.0,4.83,46.93,9.72,148.2,174,92,2.2,16.1,40.8,37.5,3.4,134.4,152.0,172.6,,False,False,False,True,False,False
"Nov 22, 2021, 9:37:58 PM",Easy,7.02,63.05,8.98,143.2,158,7.02,63.03,8.98,143.0,158.0,41.5,774.0,7.02,63.05,8.98,143.2,158,104,0.3,10.8,73.3,15.5,0.0,50.6,53.8,174.0,,False,False,False,False,False,False
"Nov 21, 2021, 7:12:00 PM","Longer, higher at easy effort",12.27,139.28,11.35,157.0,177,12.27,139.0,11.33,157.0,177.0,940.9,1993.0,12.27,139.28,11.35,157.0,177,89,0.3,5.9,23.2,58.0,12.6,1033.4,1023.8,171.3,,False,False,False,True,False,False
"Nov 19, 2021, 4:21:16 PM",Steady 178 cadence throughout,8.04,73.4,9.13,152.8,168,8.04,73.4,9.13,151.0,168.0,53.9,930.0,8.04,73.4,9.13,152.8,168,131,0.0,0.6,37.0,62.3,0.0,82.6,86.0,178.1,,False,False,False,True,False,False
"Nov 18, 2021, 4:46:12 PM",Morning Run,7.01,65.0,9.27,146.3,173,7.0,64.65,9.24,151.0,173.0,45.6,818.0,7.01,65.0,9.27,146.3,173,79,6.1,11.0,29.6,52.9,0.3,0,0,,,False,False,False,True,False,False
"Nov 17, 2021, 8:48:10 PM",Easy but longer and higher hill run,8.63,98.0,11.36,154.8,176,8.63,97.82,11.33,155.0,176.0,595.8,1345.0,8.63,98.0,11.36,154.8,176,103,0.2,3.6,31.1,58.7,6.5,660.2,654.2,171.4,,False,False,False,True,False,False
"Nov 16, 2021, 6:46:55 PM",Easy,8.09,74.05,9.15,146.2,162,8.09,73.98,9.14,146.0,162.0,55.1,905.0,8.09,74.05,9.15,146.2,162,99,0.4,7.9,70.6,21.0,0.0,79.8,86.2,174.6,,False,False,False,True,False,False
"Nov 15, 2021, 4:49:43 PM",Fast 10k,6.25,44.63,7.15,175.1,186,6.24,44.48,7.13,175.0,186.0,36.8,701.0,6.25,44.63,7.15,175.1,186,113,0.0,0.4,1.6,20.5,77.4,57.4,68.0,180.0,,False,True,False,False,False,False
"Nov 15, 2021, 4:39:25 PM",Warm up,0.75,6.5,8.67,143.5,165,0.75,6.28,8.37,144.0,165.0,8.4,83.0,0.75,6.5,8.67,143.5,165,87,6.9,13.4,49.6,30.1,0.0,13.4,8.4,176.3,,False,False,False,False,False,False
"Nov 12, 2021, 4:52:52 PM",This route after a while,10.02,95.48,9.53,146.5,162,10.02,95.13,9.49,146.0,162.0,93.8,1217.0,10.02,95.48,9.53,146.5,162,107,0.3,6.3,69.7,23.7,0.0,156.2,158.6,176.1,,False,False,False,True,False,False
"Nov 11, 2021, 7:39:25 PM",Dedicated to the strong upcoming Pakistan cricket team 💪,8.02,71.73,8.95,157.1,187,8.02,71.47,8.91,157.0,187.0,54.7,969.0,8.02,71.73,8.95,157.1,187,102,0.2,0.7,21.9,66.0,11.3,87.2,88.4,175.8,,False,False,False,False,False,False
"Nov 10, 2021, 10:19:24 PM",Bondi X: Solid cadence throughout,8.04,72.3,8.99,147.1,165,8.04,72.1,8.97,147.0,165.0,52.8,896.0,8.04,72.3,8.99,147.1,165,97,0.2,1.6,70.9,27.2,0.0,63.4,65.8,175.7,,False,False,False,False,False,False
"Nov 8, 2021, 6:45:52 PM",Right leg not 100% after yesterday’s gardening ,7.04,68.0,9.65,148.2,156,7.04,67.98,9.66,148.0,156.0,45.6,863.0,7.04,68.0,9.65,148.2,156,129,0.0,1.9,73.8,24.3,0.0,78.4,82.0,177.4,,False,False,False,True,False,False
"Nov 6, 2021, 9:51:12 PM",Brick (80km - 4h 28m):  Run part,10.02,96.28,9.61,159.6,187,10.02,96.28,9.61,160.0,187.0,69.0,1347.0,10.02,96.28,9.61,159.6,187,123,0.0,0.2,15.3,73.7,10.8,81.4,80.6,173.2,,False,False,False,True,False,False
"Nov 6, 2021, 12:27:27 AM",Pacing Shehla for 1 mile PR (8:44) 🎉,2.25,35.38,15.73,113.3,165,1.94,24.45,12.6,123.0,165.0,10.8,210.0,2.25,35.38,15.73,113.3,165,81,64.4,3.2,23.4,9.0,0.0,0,0,,,False,False,False,True,False,False
"Nov 4, 2021, 7:00:19 PM",Afternoon Run,8.11,72.5,8.94,147.9,186,8.11,72.5,8.94,148.0,186.0,54.9,922.0,8.11,72.5,8.94,147.9,186,97,0.2,1.8,73.4,19.9,4.8,89.0,90.8,177.1,,False,False,False,False,False,False
"Nov 3, 2021, 7:30:39 PM",Hill: Trail block 😀,6.24,66.38,10.64,165.9,183,6.24,65.88,10.56,161.0,183.0,371.9,959.0,6.24,66.38,10.64,165.9,183,105,0.6,0.2,5.0,54.6,39.6,0,0,,,False,False,False,True,False,False
"Nov 2, 2021, 4:34:23 PM",Morning Run,7.03,63.63,9.06,146.2,159,7.03,63.57,9.04,146.0,159.0,45.9,795.0,7.03,63.63,9.06,146.2,159,96,0.6,10.0,46.1,43.3,0.0,0,0,,,False,False,False,True,False,False
"Nov 1, 2021, 3:35:51 PM",Morning Run,8.12,74.5,9.17,147.7,186,8.12,74.17,9.13,148.0,186.0,56.1,908.0,8.12,74.5,9.17,147.7,186,113,0.1,0.4,91.6,7.4,0.5,0,0,,,False,False,False,True,False,False
"Oct 30, 2021, 7:49:56 PM",Lunch Run,7.03,66.62,9.48,150.3,191,7.03,66.55,9.47,150.0,191.0,45.6,856.0,7.03,66.62,9.48,150.3,191,103,0.4,1.0,71.0,19.8,7.8,0,0,,,False,False,False,True,False,False
"Oct 28, 2021, 11:14:07 PM",First long one after the marathon,15.61,145.97,9.35,153.0,181,15.61,143.9,9.22,153.0,181.0,96.6,1924.0,15.61,145.97,9.35,153.0,181,125,0.0,0.9,32.1,62.9,4.2,0,0,,,True,False,False,True,False,False
"Oct 26, 2021, 6:05:20 PM",Lunch Run,9.03,83.83,9.29,151.5,162,9.03,82.98,9.19,151.0,162.0,56.8,1083.0,9.03,83.83,9.29,151.5,162,105,0.2,0.4,45.3,54.1,0.0,0,0,,,False,False,False,True,False,False
"Oct 25, 2021, 7:17:24 PM",Lunch Run,8.16,80.35,9.85,139.4,177,8.14,80.07,9.84,139.0,177.0,56.0,924.0,8.16,80.35,9.85,139.4,177,122,0.0,3.9,94.8,0.1,1.2,0,0,,,False,False,False,True,False,False
"Oct 24, 2021, 6:51:13 PM","Rainy, windy victory run",11.07,109.83,9.92,145.4,154,11.06,109.43,9.89,144.0,154.0,70.6,1258.0,11.07,109.83,9.92,145.4,154,98,0.1,0.6,97.8,1.5,0.0,0,0,,,False,False,False,True,False,False
"Oct 22, 2021, 7:39:36 PM","Bad schedule, reschedule it and run",8.03,78.18,9.74,145.4,161,8.03,78.0,9.71,145.0,161.0,53.3,975.0,8.03,78.18,9.74,145.4,161,83,1.3,5.3,74.1,19.4,0.0,0,0,,,False,False,False,True,False,False
"Oct 21, 2021, 4:02:52 PM",Lovely Fall day run,7.02,65.52,9.33,157.6,170,7.02,65.22,9.29,158.0,170.0,43.9,882.0,7.02,65.52,9.33,157.6,170,115,0.0,4.1,17.4,78.5,0.0,0,0,,,False,False,False,True,False,False
"Oct 20, 2021, 8:28:09 PM",Afternoon Run,9.01,81.02,8.99,157.4,174,9.0,80.67,8.96,158.0,174.0,58.2,1092.0,9.01,81.02,8.99,157.4,174,99,0.2,1.4,22.3,70.6,5.5,0,0,,,False,False,False,False,False,False
"Oct 18, 2021, 11:12:43 PM",Brick session (65km: 3h 40m): Run,9.42,93.77,9.95,153.7,164,9.42,93.27,9.9,154.0,164.0,63.4,1241.0,9.42,93.77,9.95,153.7,164,111,0.0,0.5,27.7,71.8,0.0,0,0,,,False,False,False,True,False,False
"Oct 17, 2021, 4:20:36 PM",Hill after a while,6.24,67.3,10.79,161.8,183,6.24,66.28,10.62,162.0,183.0,366.8,950.0,6.24,67.3,10.79,161.8,183,122,0.0,0.9,18.0,55.9,25.3,0,0,,,False,False,False,True,False,False
"Oct 16, 2021, 12:00:11 AM",Felt like an elephant,10.02,99.67,9.95,160.6,172,10.01,99.3,9.92,161.0,171.0,67.6,1389.0,10.02,99.67,9.95,160.6,172,117,0.0,1.1,11.8,85.8,1.3,0,0,,,False,False,False,True,False,False
"Oct 15, 2021, 1:15:35 AM",High effort run after a while,6.25,44.58,7.13,183.7,194,6.25,44.57,7.13,182.0,194.0,0.0,690.0,6.25,44.58,7.13,183.7,194,110,0.2,0.4,0.0,0.9,98.5,0,0,,,False,True,False,False,False,False
"Oct 12, 2021, 3:41:00 PM",Another easy one,6.37,60.7,9.54,140.8,177,6.36,60.25,9.47,141.0,177.0,40.4,705.0,6.37,60.7,9.54,140.8,177,113,0.1,13.3,85.4,0.7,0.4,0,0,,,False,False,False,True,False,False
"Oct 11, 2021, 5:30:48 PM",Windy 🌬: Lets build some running volume ,6.36,61.75,9.71,144.8,157,6.36,61.62,9.69,144.0,157.0,40.6,730.0,6.36,61.75,9.71,144.8,157,132,0.0,0.3,88.0,11.7,0.0,0,0,,,False,False,False,True,False,False
"Oct 9, 2021, 4:44:30 PM",Recovery: with kids,1.65,20.93,12.67,111.2,167,1.65,19.63,11.9,113.0,167.0,0.0,182.0,1.65,20.93,12.67,111.2,167,94,65.0,33.3,0.0,1.6,0.0,0,0,,,False,False,False,True,False,False
"Oct 7, 2021, 3:44:16 PM",Light run on close by trail,3.12,32.22,10.33,129.3,147,3.12,31.22,10.01,129.0,147.0,20.3,345.0,3.12,32.22,10.33,129.3,147,77,2.9,58.3,38.8,0.0,0.0,0,0,,,False,False,False,True,False,False
"Oct 5, 2021, 3:34:03 PM",Getting closer to normal ,6.33,63.15,9.98,135.5,151,6.33,63.08,9.97,135.0,151.0,39.1,699.0,6.33,63.15,9.98,135.5,151,95,0.7,35.1,64.2,0.0,0.0,0,0,,,False,False,False,True,False,False
"Oct 3, 2021, 6:06:15 PM",Recovery ,3.75,38.03,10.14,142.8,168,3.75,38.0,10.13,143.0,168.0,28.4,434.0,3.75,38.03,10.14,142.8,168,121,0.0,14.3,71.9,13.8,0.0,34.0,34.2,167.9,,False,False,False,True,False,False
"Oct 2, 2021, 7:52:42 PM",Unplanned 60k duathlon (total 3h 10mi): Run,6.26,62.28,9.95,165.3,180,6.26,62.28,9.95,165.0,180.0,40.5,849.0,6.26,62.28,9.95,165.3,180,145,0.0,0.0,10.9,50.9,38.2,70.8,67.0,166.0,,False,False,False,True,False,False
"Oct 1, 2021, 1:58:50 AM",Ayaana using my watch,0.62,6.5,10.49,134.5,180,0.62,6.38,10.29,134.0,180.0,5.0,73.0,0.62,6.5,10.49,134.5,180,79,30.3,17.2,17.2,17.5,17.8,6.6,9.6,171.0,,False,False,False,True,False,False
"Sep 30, 2021, 7:56:50 PM",Flyin HR: hot but still haven’t recovered completely ,3.74,30.23,8.07,168.8,186,3.74,30.23,8.08,168.0,186.0,28.4,433.0,3.74,30.23,8.07,168.8,186,134,0.0,0.0,12.6,34.5,53.0,32.2,32.0,170.6,,False,False,False,False,False,False
"Sep 28, 2021, 8:41:51 PM",Left over ,0.32,3.22,,151.5,160,0.31,2.98,,151.0,160.0,3.5,37.0,0.32,3.22,,151.5,160,143,0.0,0.0,56.4,43.6,0.0,0,0,,,False,False,False,False,False,False
"Sep 28, 2021, 7:58:16 PM",Some light strides,4.69,43.65,9.3,146.2,173,4.65,43.12,9.27,146.0,173.0,29.1,529.0,4.69,43.65,9.3,146.2,173,116,0.0,6.5,72.5,20.0,1.0,0,0,,,False,False,False,True,False,False
"Sep 27, 2021, 12:30:55 AM",Easy short check,4.02,37.88,9.44,144.7,156,4.01,37.88,9.45,145.0,156.0,31.0,450.0,4.02,37.88,9.44,144.7,156,109,0.3,1.6,83.4,14.6,0.0,39.6,40.2,165.6,,False,False,False,True,False,False
"Sep 25, 2021, 1:38:19 AM",Ayaana’s first sub-30 5k ❤️🎉,3.07,29.95,9.75,144.7,172,3.06,29.68,9.7,144.0,172.0,0.0,340.0,3.07,29.95,9.75,144.7,172,75,3.1,12.1,49.6,33.8,1.4,0,0,,,False,False,False,True,False,False
"Sep 19, 2021, 12:43:13 PM",San Francisco Marathon: That sub-4 mashaAllah 🤩,26.55,239.08,9.0,164.8,190,26.55,238.6,8.99,165.0,190.0,404.8,3325.0,26.55,239.08,9.0,164.8,190,116,0.0,0.1,0.6,76.4,22.9,0,0,,,True,False,False,True,True,False
"Sep 19, 2021, 12:19:00 PM",Morning Run,0.83,13.68,16.56,,,0.83,9.82,11.83,,,0.0,123.0,0.83,13.68,16.56,,,,,,,,,0,0,141.8,,False,False,False,True,False,False
"Sep 19, 2021, 12:10:11 PM",Morning Run,0.31,2.38,,,,0.31,2.2,,,,0.0,46.0,0.31,2.38,,,,,,,,,,0,0,166.2,,False,False,False,False,False,False
"Sep 18, 2021, 6:56:45 PM",All systems operational: With Salman,3.16,28.75,9.1,153.7,168,3.16,28.75,9.1,154.0,168.0,22.0,359.0,3.16,28.75,9.1,153.7,168,108,0.3,1.9,35.7,62.1,0.0,40.4,38.8,170.0,,False,False,False,True,False,False
"Sep 15, 2021, 3:18:44 PM",Last one: rest for the next 3 days,3.75,32.68,8.71,146.2,160,3.73,32.55,8.73,146.0,160.0,28.3,428.0,3.75,32.68,8.71,146.2,160,80,1.4,16.6,31.0,51.0,0.0,43.4,43.2,178.3,,False,False,False,False,False,False
"Sep 14, 2021, 3:34:09 PM",Last speed workout before the race: Felt good 😎,5.02,41.05,8.18,153.8,186,5.01,40.95,8.17,154.0,186.0,37.4,583.0,5.02,41.05,8.18,153.8,186,79,1.7,11.5,26.9,43.1,16.8,0,0,,,False,False,False,False,False,False
"Sep 13, 2021, 4:07:59 PM",Tapering: Right after breakfast,3.73,32.87,8.81,153.0,166,3.73,32.85,8.81,153.0,166.0,28.3,425.0,3.73,32.87,8.81,153.0,166,86,2.5,1.1,28.3,68.1,0.0,0,0,,,False,False,False,False,False,False
"Sep 11, 2021, 2:21:28 PM",Full taper starts: Last Regular run,10.02,95.25,9.51,140.7,179,10.0,94.7,9.47,141.0,179.0,68.4,1140.0,10.02,95.25,9.51,140.7,179,76,0.6,19.3,66.6,11.7,1.8,0,0,,,False,False,False,True,False,False
"Sep 10, 2021, 1:44:19 AM",Easy feel run: Never looked at the watch ,6.36,62.6,9.85,142.1,157,6.36,62.1,9.76,142.0,157.0,40.6,742.0,6.36,62.6,9.85,142.1,157,88,0.9,18.8,62.6,17.7,0.0,0,0,,,False,False,False,True,False,False
"Sep 9, 2021, 1:58:56 AM",Easy,6.37,59.4,9.32,149.5,161,6.37,59.12,9.28,150.0,161.0,40.7,751.0,6.37,59.4,9.32,149.5,161,87,0.4,7.0,38.9,53.6,0.0,0,0,,,False,False,False,True,False,False
"Sep 8, 2021, 2:04:26 AM",Under the lights: beating kipchoge marathon pace over 100m sprint 😂,7.53,70.87,9.41,155.5,190,7.52,66.85,8.89,156.0,190.0,0.0,859.0,7.53,70.87,9.41,155.5,190,85,0.5,11.3,24.7,44.0,19.5,0,0,,0.054,False,False,False,True,False,False
"Sep 5, 2021, 5:53:09 PM",Recovery ,6.41,63.72,9.95,135.7,152,6.39,63.35,9.91,136.0,152.0,40.5,717.0,6.41,63.72,9.95,135.7,152,87,1.0,31.2,67.7,0.0,0.0,0,0,,,False,False,False,True,False,False
"Sep 3, 2021, 1:34:52 PM",All set: Let’s do it (inshaAllah) 🙌,23.52,218.38,9.29,156.4,182,23.51,215.62,9.17,156.0,182.0,325.0,2913.0,23.52,218.38,9.29,156.4,182,100,0.1,3.1,34.1,49.0,13.7,0,0,,,True,False,False,True,False,False
"Sep 2, 2021, 1:26:55 AM","NEVER eat cashews before a run, EVER!",6.39,63.65,9.96,137.5,155,6.39,63.63,9.96,138.0,155.0,40.3,706.0,6.39,63.65,9.96,137.5,155,80,1.1,36.7,57.7,4.5,0.0,77.2,77.4,170.5,,False,False,False,True,False,False
"Aug 31, 2021, 3:43:27 PM",Mixing it,8.47,73.73,8.7,153.7,188,8.47,72.57,8.57,158.0,188.0,56.1,981.0,8.47,73.73,8.7,153.7,188,81,5.0,13.2,19.6,39.7,22.6,0,0,,0.005,False,False,False,False,False,False
"Aug 30, 2021, 2:28:52 AM",Adeena with my watch 😎,3.27,42.08,12.85,194.9,210,3.27,39.67,12.13,194.0,210.0,0.0,469.0,3.27,42.08,12.85,194.9,210,168,0.0,0.0,0.0,0.2,99.8,0,0,,,False,False,False,True,False,False
"Aug 29, 2021, 1:53:28 PM",Recovery: crazy post run cramping yesterday ,6.52,65.02,9.97,130.2,141,6.51,64.78,9.95,130.0,141.0,40.6,719.0,6.52,65.02,9.97,130.2,141,103,0.6,58.9,40.5,0.0,0.0,0,0,,,False,False,False,True,False,False
"Aug 28, 2021, 1:31:41 PM","Jet lagged, <3 hrs sleep and AQI=160",15.61,133.67,8.56,166.1,181,15.6,133.05,8.53,166.0,181.0,94.1,1844.0,15.61,133.67,8.56,166.1,181,136,0.0,0.0,10.3,50.2,39.5,0,0,,,True,False,False,False,False,False
"Aug 26, 2021, 3:25:50 PM",Back in the Bay Area,9.41,91.07,9.68,136.7,147,9.4,90.97,9.68,136.0,147.0,61.4,1053.0,9.41,91.07,9.68,136.7,147,95,0.2,16.8,83.1,0.0,0.0,0,0,,,False,False,False,True,False,False
"Aug 23, 2021, 12:27:10 PM",Tired run….,6.23,63.95,10.26,150.6,169,6.22,63.18,10.16,151.0,169.0,57.5,705.0,6.23,63.95,10.26,150.6,169,105,0.4,5.1,44.1,50.5,0.0,0,0,,,False,False,False,True,False,False
"Aug 22, 2021, 4:43:05 AM",Better weather: Consistent pace with low HR,6.26,62.53,9.99,139.8,152,6.26,62.38,9.96,140.0,152.0,59.9,641.0,6.26,62.53,9.99,139.8,152,99,0.4,15.4,84.0,0.3,0.0,0,0,,,False,False,False,True,False,False
"Aug 21, 2021, 3:08:17 AM",Easy: Under the sun,6.24,62.27,9.98,147.8,165,6.23,61.45,9.86,148.0,165.0,62.6,651.0,6.24,62.27,9.98,147.8,165,101,1.1,9.5,41.3,48.2,0.0,0,0,,,False,False,False,True,False,False
"Aug 18, 2021, 12:37:52 PM",Comparing Alphafly with Clifton with two almost identical runs,6.44,58.87,9.14,155.2,188,6.44,58.85,9.14,155.0,188.0,27.4,694.0,6.44,58.87,9.14,155.2,188,111,0.3,3.0,51.7,28.6,16.4,67.0,67.4,168.1,,False,False,False,True,False,False
"Aug 17, 2021, 12:35:22 PM",Couple of splits on tired legs,6.48,60.45,9.33,159.6,182,6.48,60.28,9.3,160.0,182.0,27.6,730.0,6.48,60.45,9.33,159.6,182,110,0.1,1.1,23.7,51.1,24.0,0,0,,,False,False,False,True,False,False
"Aug 16, 2021, 12:33:32 PM",Easy 10k on tired legs,6.43,63.23,9.83,150.3,165,6.42,61.95,9.65,150.0,165.0,27.4,700.0,6.43,63.23,9.83,150.3,165,122,0.0,3.8,44.0,52.1,0.0,0,0,,,False,False,False,True,False,False
"Aug 15, 2021, 12:35:08 PM",Moderate: Future of Pakistan ,10.03,85.15,8.49,169.5,190,10.03,84.97,8.47,169.0,190.0,116.8,1122.0,10.03,85.15,8.49,169.5,190,114,0.0,0.8,5.6,32.7,61.0,0,0,,,False,False,False,False,False,False
"Aug 14, 2021, 1:20:55 AM",Glorious day to have Azaadi run with the Amazing Pakistani Running Community ,6.29,52.72,8.38,,,6.29,52.72,8.38,,,55.8,936.0,,,,,,,,,,,,,,,,False,False,False,False,False,False
"Aug 12, 2021, 12:50:32 PM",Worst run of the year,3.12,29.45,9.43,159.9,174,3.12,29.32,9.4,161.0,174.0,37.1,337.0,3.12,29.45,9.43,159.9,174,130,0.0,1.1,17.3,72.2,9.4,0,0,,,False,False,False,True,False,False
"Aug 9, 2021, 12:17:55 PM",HM over DHA Lahore,13.15,121.77,9.26,160.9,179,13.15,119.92,9.12,161.0,179.0,92.5,1488.0,13.15,121.77,9.26,160.9,179,108,0.2,0.6,14.3,63.3,21.6,119.4,120.6,168.7,,False,False,False,True,False,False
"Aug 6, 2021, 12:54:15 PM",Pushing it in 110F feels like ,3.58,29.3,8.19,162.6,186,3.58,28.68,8.01,162.0,186.0,25.8,382.0,3.58,29.3,8.19,162.6,186,113,0.4,3.1,25.9,27.0,43.7,36.8,35.8,166.7,,False,False,False,False,False,False
"Aug 5, 2021, 1:13:25 PM",Run right after meeting some old friends ,6.27,60.32,9.62,152.8,179,6.27,60.28,9.61,153.0,179.0,69.8,714.0,6.27,60.32,9.62,152.8,179,112,0.1,1.9,35.1,60.4,2.5,0,0,,,False,False,False,True,False,False
"Aug 4, 2021, 12:45:47 PM",Another zone2: faster and hotter,6.24,57.9,9.28,147.8,157,6.24,57.72,9.25,148.0,157.0,57.5,663.0,6.24,57.9,9.28,147.8,157,91,0.3,2.2,64.5,33.0,0.0,0,0,,,False,False,False,True,False,False
"Aug 3, 2021, 1:01:07 PM",Back to zone2. How? No idea 😂,6.24,61.6,9.87,146.6,156,6.23,61.1,9.81,146.0,156.0,60.5,650.0,6.24,61.6,9.87,146.6,156,114,0.0,5.8,61.1,33.2,0.0,0,0,,,False,False,False,True,False,False
"Aug 2, 2021, 12:46:28 PM",First longer one with flyin HR! 😬,10.06,95.47,9.49,166.5,190,10.05,94.52,9.4,166.0,190.0,103.0,1269.0,10.06,95.47,9.49,166.5,190,106,0.2,0.9,14.1,29.7,55.2,0,0,,,False,False,False,True,False,False
"Jul 30, 2021, 1:28:55 PM",Cautious: getting acclimatized ,6.23,57.27,9.19,159.1,176,6.23,56.9,9.13,159.0,176.0,56.7,750.0,6.23,57.27,9.19,159.1,176,115,0.0,2.6,20.0,65.5,11.8,0,0,,,False,False,False,True,False,False
"Jul 29, 2021, 1:25:00 PM",Easy with better weather.. just 100F 😅,6.23,56.95,9.14,157.3,170,6.22,56.6,9.1,157.0,170.0,56.9,739.0,6.23,56.95,9.14,157.3,170,103,0.3,0.9,21.1,77.8,0.0,0,0,,,False,False,False,True,False,False
"Jul 27, 2021, 12:47:58 PM",Welcome by Pakistan .. temp: 90F with 112F feels like 😂,6.24,59.68,9.56,161.0,179,6.24,59.2,9.49,161.0,179.0,169.9,800.0,6.24,59.68,9.56,161.0,179,104,0.2,0.4,19.3,59.2,20.9,0,0,,,False,False,False,True,False,False
"Jul 25, 2021, 2:24:18 AM",Easy: off to the heat inshaAllah 😀,6.51,58.25,8.94,142.0,151,6.51,58.25,8.95,142.0,151.0,40.2,678.0,6.51,58.25,8.94,142.0,151,93,0.4,6.3,93.3,0.0,0.0,51.0,49.4,167.4,,False,False,False,False,False,False
"Jul 23, 2021, 3:50:01 AM",Recovery ,4.03,40.28,10.0,127.9,135,4.03,40.15,9.96,128.0,135.0,32.1,420.0,4.03,40.28,10.0,127.9,135,94,1.0,92.9,6.1,0.0,0.0,0,0,,,False,False,False,True,False,False
"Jul 22, 2021, 2:30:33 AM",True improvement is beating your own past 😀,15.62,125.98,8.06,163.0,175,15.62,125.97,8.06,163.0,175.0,91.0,1728.0,15.62,125.98,8.06,163.0,175,98,0.1,0.3,2.7,87.3,9.6,161.0,172.0,174.6,,True,False,False,False,False,False
"Jul 21, 2021, 3:14:08 AM",Eid: didn’t feel like running..,3.97,36.1,9.09,138.6,152,3.97,35.9,9.04,138.0,152.0,29.0,420.0,3.97,36.1,9.09,138.6,152,76,1.4,22.2,76.2,0.2,0.0,0,0,,,False,False,False,True,False,False
"Jul 20, 2021, 3:34:38 AM",Run after the ride,4.03,31.97,7.94,152.6,166,4.02,31.95,7.95,152.0,166.0,28.4,426.0,4.03,31.97,7.94,152.6,166,118,0.0,1.4,38.1,60.5,0.0,35.6,39.0,174.7,,False,True,False,False,False,False
"Jul 16, 2021, 9:07:57 PM",Heat test: Prep for Lahori heat 🔥🔥,10.01,96.62,9.65,147.5,163,10.01,96.27,9.62,148.0,163.0,65.8,1132.0,10.01,96.62,9.65,147.5,163,83,0.4,9.3,48.6,41.7,0.0,0,0,,,False,False,False,True,False,False
"Jul 14, 2021, 4:13:17 PM",Sore legs and meetings…,6.33,61.47,9.7,142.6,161,6.33,61.42,9.7,143.0,161.0,40.4,695.0,6.33,61.47,9.7,142.6,161,90,0.6,14.1,63.0,22.2,0.0,0,0,,,False,False,False,True,False,False
"Jul 13, 2021, 2:44:00 AM",⚡️Blistering half marathon (1:32)⚡️,13.15,92.58,7.04,178.9,188,13.26,92.58,6.98,179.0,188.0,0.0,1388.0,13.15,92.58,7.04,178.9,188,115,0.0,0.2,0.3,3.7,95.9,185.0,183.6,171.9,,False,True,False,False,False,False
"Jul 9, 2021, 4:34:27 PM",Crazy hot 🥵 and the poor little thing,6.47,62.5,9.66,148.9,170,6.46,62.02,9.6,149.0,170.0,40.3,775.0,6.47,62.5,9.66,148.9,170,92,0.9,16.7,30.0,52.4,0.0,0,0,,,False,False,False,True,False,False
"Jul 8, 2021, 2:37:27 AM",💥took 3 years:  sub-20 5k mashaAllah (19:59) 💥,3.12,20.12,6.44,178.9,191,3.12,20.12,6.45,179.0,191.0,7.1,331.0,3.12,20.12,6.44,178.9,191,102,0.7,0.3,2.1,11.3,85.7,26.4,45.6,176.2,,False,False,True,False,False,False
"Jul 7, 2021, 2:15:33 AM",Easy run,6.04,57.9,9.58,132.3,140,6.03,56.93,9.44,132.0,140.0,36.5,625.0,6.04,57.9,9.58,132.3,140,100,0.4,46.1,53.5,0.0,0.0,0,0,,,False,False,False,True,False,False
"Jul 5, 2021, 5:37:28 PM",Free style Fartlek,6.32,53.12,8.4,163.5,189,6.31,52.93,8.39,164.0,189.0,38.7,731.0,6.32,53.12,8.4,163.5,189,86,0.4,2.4,21.4,40.5,35.3,0,0,,,False,False,False,False,False,False
"Jul 3, 2021, 2:27:48 AM",Recovery with family ,2.72,38.58,14.18,105.8,125,2.71,37.33,13.77,106.0,125.0,18.5,294.0,2.72,38.58,14.18,105.8,125,85,92.9,7.1,0.0,0.0,0.0,0,0,,,False,False,False,True,False,False
"Jul 2, 2021, 1:31:52 AM",Long run for the week with Alphafly,16.06,143.77,8.95,146.4,161,16.05,142.42,8.87,147.0,161.0,98.2,1703.0,16.06,143.77,8.95,146.4,161,84,0.2,3.0,77.8,19.0,0.0,0,0,,,True,False,False,False,False,False
"Jun 30, 2021, 4:40:28 PM",Alphafly-in again 😀,5.85,58.48,9.99,144.9,158,5.84,52.33,8.96,148.0,158.0,36.5,615.0,5.85,58.48,9.99,144.9,158,116,0.0,7.7,65.3,27.0,0.0,0,0,,,False,False,False,True,False,False
"Jun 29, 2021, 1:53:20 AM",Easy but longer than usual,9.04,87.48,9.68,135.0,146,9.03,86.43,9.57,135.0,146.0,58.1,949.0,9.04,87.48,9.68,135.0,146,88,0.8,27.2,72.0,0.0,0.0,0,0,,,False,False,False,True,False,False
"Jun 28, 2021, 2:57:28 AM",New gear with Adeena: 400m in 1:12  🎉,4.01,45.35,11.3,129.8,183,4.0,43.27,10.82,130.0,183.0,0.0,463.0,4.01,45.35,11.3,129.8,183,85,18.2,48.4,13.7,13.4,6.4,0,0,,0.048,False,False,False,True,False,False
"Jun 25, 2021, 3:55:14 PM",Long hill run with a pack of coyotes 😀,13.6,131.92,9.7,157.0,172,13.53,128.47,9.5,158.0,172.0,571.9,1754.0,13.6,131.92,9.7,157.0,172,82,0.6,2.0,15.1,82.0,0.4,0,0,,0.708,False,False,False,True,False,False
"Jun 24, 2021, 4:51:12 PM",First look at Hoka Clifton 8,6.34,62.63,9.88,136.4,149,6.34,62.27,9.82,137.0,149.0,40.5,668.0,6.34,62.63,9.88,136.4,149,86,0.5,29.1,70.4,0.0,0.0,0,0,,,False,False,False,True,False,False
"Jun 23, 2021, 1:52:26 AM",Easy double today: Run,3.76,35.88,9.54,135.8,148,3.75,35.53,9.47,137.0,148.0,28.2,396.0,3.76,35.88,9.54,135.8,148,90,2.7,25.4,71.9,0.0,0.0,0,0,,,False,False,False,True,False,False
"Jun 22, 2021, 2:55:42 AM",Zone 4: Another sub-7 10k 😀,6.24,43.62,6.99,176.3,188,6.24,43.53,6.98,176.0,188.0,0.0,656.0,6.24,43.62,6.99,176.3,188,105,0.2,0.3,0.9,10.5,88.1,0,0,,,False,False,True,False,False,False
"Jun 20, 2021, 5:02:43 PM",Easy: listening to a Steve Jobs podcast,6.43,59.17,9.2,146.6,162,6.42,58.95,9.18,147.0,162.0,40.7,712.0,6.43,59.17,9.2,146.6,162,86,1.1,13.3,42.0,43.6,0.0,0,0,,,False,False,False,True,False,False
"Jun 18, 2021, 2:37:40 PM",Crazy hot 🥵 long run for the week,16.03,142.63,8.9,147.6,171,16.02,140.17,8.75,148.0,171.0,98.1,1711.0,16.03,142.63,8.9,147.6,171,86,0.6,6.0,65.5,27.8,0.0,0,0,,,True,False,False,False,False,False
"Jun 16, 2021, 4:41:02 PM",Hot 🥵 and HR going crazy! ,6.3,54.6,8.66,148.7,167,6.29,54.32,8.64,149.0,167.0,39.6,679.0,6.3,54.6,8.66,148.7,167,79,0.9,8.6,39.8,50.7,0.0,0,0,,,False,False,False,False,False,False
"Jun 15, 2021, 4:36:09 PM",Hoka today,6.15,60.73,9.88,134.7,149,6.15,58.47,9.51,137.0,149.0,40.6,637.0,6.15,60.73,9.88,134.7,149,87,1.8,35.4,62.8,0.0,0.0,0,0,,,False,False,False,True,False,False
"Jun 15, 2021, 1:34:10 AM",Road test with Nike Alphafly,6.4,56.12,8.77,137.1,147,6.39,55.78,8.73,137.0,147.0,40.5,674.0,6.4,56.12,8.77,137.1,147,87,0.6,11.4,88.0,0.0,0.0,0,0,,,False,False,False,False,False,False
"Jun 14, 2021, 2:47:04 AM",Magical Alphafly next %: Absolutely ❤️ them,6.29,49.77,7.91,151.7,184,6.28,49.0,7.8,152.0,184.0,0.0,652.0,6.29,49.77,7.91,151.7,184,87,1.2,1.9,42.9,49.4,4.6,0,0,,,False,True,False,False,False,False
"Jun 11, 2021, 3:03:03 PM",Long hill run with calf sleeves 😀,13.36,129.72,9.71,161.8,176,13.36,127.3,9.53,162.0,176.0,566.8,1791.0,13.36,129.72,9.71,161.8,176,90,0.3,1.5,9.3,79.7,9.2,0,0,,,False,False,False,True,False,False
"Jun 9, 2021, 9:13:48 PM",Listening to very interesting NPR podcast about Palestine,7.02,69.12,9.85,136.6,179,7.02,68.3,9.73,137.0,179.0,45.6,749.0,7.02,69.12,9.85,136.6,179,99,0.6,28.0,70.9,0.1,0.4,0,0,,,False,False,False,True,False,False
"Jun 9, 2021, 2:41:25 AM",Time trial: Still short of sub-20 5k (20:26). Same day PRs for both Shehla and myself 😀,3.12,20.55,6.58,184.6,191,3.12,20.55,6.59,185.0,191.0,0.0,331.0,3.12,20.55,6.58,184.6,191,138,0.0,0.0,0.7,2.0,97.2,46.2,47.2,171.0,,False,False,True,False,False,False
"Jun 7, 2021, 4:51:23 PM",Easy with couple strides: results from yesterday’s gardening workout 😀,6.39,62.23,9.74,139.3,180,6.38,61.93,9.71,139.0,180.0,40.5,693.0,6.39,62.23,9.74,139.3,180,98,0.3,14.6,81.2,2.7,1.3,0,0,,,False,False,False,True,False,False
"Jun 6, 2021, 3:03:58 AM",With Adeena: 4x100m strides at end,3.07,39.67,12.9,120.4,175,3.06,36.25,11.85,119.0,175.0,0.0,369.0,3.07,39.67,12.9,120.4,175,97,48.7,32.2,10.0,7.7,1.3,0,0,,,False,False,False,True,False,False
"Jun 4, 2021, 3:43:37 PM",Hot and sunny🌞 : weekly long run,16.02,149.68,9.34,154.1,172,16.01,145.72,9.1,155.0,172.0,97.2,1971.0,16.02,149.68,9.34,154.1,172,86,0.5,3.1,22.5,73.6,0.3,0,0,,,True,False,False,True,False,False
"Jun 2, 2021, 3:41:41 PM",Morning Run,6.37,62.57,9.82,132.3,143,6.36,61.78,9.71,133.0,143.0,40.1,666.0,6.37,62.57,9.82,132.3,143,82,1.7,39.0,59.3,0.0,0.0,0,0,,,False,False,False,True,False,False
"Jun 2, 2021, 2:37:54 AM",Evening Run with Shehla: 3x20 secs strides,4.18,54.43,13.03,120.6,173,4.18,53.62,12.83,121.0,173.0,27.9,490.0,4.18,54.43,13.03,120.6,173,89,22.4,68.3,5.6,3.2,0.6,0,0,,0.036,False,False,False,True,False,False
"Jun 1, 2021, 4:40:32 PM",Tired hot 🥵 : Gps off for 1st mile,7.02,57.42,8.18,168.8,187,7.02,55.67,7.93,172.0,187.0,45.0,814.0,7.02,57.42,8.18,168.8,187,84,0.4,1.7,12.2,19.9,65.7,0,0,,,False,False,False,False,False,False
"May 29, 2021, 2:49:27 AM",Double run: Ayaana’s first 10k mashaAllah 🏆,6.23,76.07,12.21,113.3,136,6.22,75.13,12.08,113.0,136.0,0.0,653.0,6.23,76.07,12.21,113.3,136,93,63.3,35.5,1.2,0.0,0.0,0,0,,,False,False,False,True,False,False
"May 28, 2021, 3:32:07 PM",Long run: target avg pace. Slow start faster end,15.09,139.75,9.26,149.9,177,15.08,136.57,9.06,150.0,177.0,91.7,1734.0,15.09,139.75,9.26,149.9,177,88,0.3,3.6,68.3,18.5,9.3,0,0,,,True,False,False,True,False,False
"May 27, 2021, 3:46:37 PM",Easy: Experimenting with HR,6.35,62.28,9.81,131.3,144,6.34,61.42,9.69,132.0,144.0,40.8,669.0,6.35,62.28,9.81,131.3,144,71,1.1,47.5,51.5,0.0,0.0,0,0,,,False,False,False,True,False,False
"May 26, 2021, 3:37:55 PM",Easy: GPS f-up,6.04,62.15,10.29,135.9,149,6.03,57.38,9.52,136.0,149.0,40.4,677.0,6.04,62.15,10.29,135.9,149,82,3.1,25.8,71.1,0.0,0.0,0,0,,,False,False,False,True,False,False
"May 25, 2021, 3:50:25 PM",Easy run,6.38,61.07,9.57,144.7,181,6.38,60.57,9.49,145.0,181.0,40.6,736.0,6.38,61.07,9.57,144.7,181,81,1.1,24.1,29.8,44.9,0.0,0,0,,,False,False,False,True,False,False
"May 23, 2021, 10:45:44 PM",Double workout: Tempo run downhill with some ascent,8.2,65.58,8.0,169.1,187,8.2,63.85,7.79,171.0,187.0,126.4,972.0,8.2,65.58,8.0,169.1,187,105,0.1,2.8,5.6,33.1,58.3,0,0,,0.383,False,False,False,False,False,False
"May 22, 2021, 2:25:15 AM",Family fun on track: Kids picking up mashaAllah 💪,6.57,51.57,7.85,161.9,189,6.56,51.22,7.81,162.0,189.0,0.0,724.0,6.57,51.57,7.85,161.9,189,105,0.7,1.1,20.3,46.2,31.7,0,0,,,False,True,False,False,False,False
"May 20, 2021, 5:24:41 PM",Registered for my 1st Marathon inshaAllah 😀,10.05,96.2,9.58,146.6,159,10.03,94.47,9.42,147.0,159.0,93.9,1116.0,10.05,96.2,9.58,146.6,159,82,0.5,1.4,80.9,17.2,0.0,0,0,,,False,False,False,True,False,False
"May 18, 2021, 6:54:19 PM",Lunch Run,6.38,61.05,9.56,139.9,150,6.38,60.33,9.46,140.0,150.0,40.3,678.0,6.38,61.05,9.56,139.9,150,92,0.5,13.9,85.7,0.0,0.0,0,0,,,False,False,False,True,False,False
"May 17, 2021, 5:46:52 PM",Tempo 10k,6.41,50.47,7.87,168.0,182,6.4,50.37,7.87,168.0,182.0,40.4,702.0,6.41,50.47,7.87,168.0,182,98,0.3,0.6,7.3,47.1,44.7,0,0,,,False,True,False,False,False,False
"May 14, 2021, 3:36:00 PM",Post Eid: Strong start to the season ,20.06,189.28,9.44,151.9,170,20.05,186.43,9.3,152.0,170.0,128.4,2342.0,20.06,189.28,9.44,151.9,170,82,0.2,3.6,39.4,56.8,0.0,0,0,,,True,False,False,True,False,False
"May 12, 2021, 3:45:05 PM",Eid Mubarak! Finishing 30 workouts during Ramadan mashaAllah ,5.02,50.1,9.99,125.6,138,5.01,50.0,9.98,126.0,138.0,30.8,524.0,5.02,50.1,9.99,125.6,138,77,3.8,80.1,16.0,0.0,0.0,0,0,,,False,False,False,True,False,False
"May 10, 2021, 4:34:59 PM",Ramadan run#19: going early avoiding the heat (cum: 112.1 mi),5.01,47.48,9.47,135.7,143,5.01,46.7,9.32,134.0,143.0,29.8,524.0,5.01,47.48,9.47,135.7,143,122,0.0,22.2,77.8,0.0,0.0,0,0,,,False,False,False,True,False,False
"May 9, 2021, 5:39:34 PM",Ramadan run#18: hot 🥵 again (cum:107.1 mi),6.4,62.02,9.68,131.9,146,6.4,61.65,9.63,132.0,146.0,40.5,672.0,6.4,62.02,9.68,131.9,146,76,2.3,43.3,54.4,0.0,0.0,0,0,,,False,False,False,True,False,False
"May 8, 2021, 1:32:24 AM",Adeena’s 1st 5k at the age of 9 years 🎉💃,3.12,40.93,13.11,113.2,162,3.11,40.63,13.06,113.0,162.0,14.0,352.0,3.12,40.93,13.11,113.2,162,87,67.2,27.5,2.7,2.6,0.0,0,0,,,False,False,False,True,False,False
"May 6, 2021, 3:47:02 PM",Ramadan run#16: lots of talk over phone (cum: 97.6 mi),6.18,58.22,9.42,144.0,157,6.17,55.6,9.01,145.0,157.0,40.4,704.0,6.18,58.22,9.42,144.0,157,75,1.6,12.3,62.5,23.6,0.0,0,0,,0.073,False,False,False,True,False,False
"May 5, 2021, 3:49:38 PM",Ramadan run#15: went early to avoid heat (cum: 91.4 mi) ,6.4,57.67,9.01,141.6,157,6.39,57.4,8.98,142.0,157.0,40.7,679.0,6.4,57.67,9.01,141.6,157,84,0.6,14.7,75.3,9.4,0.0,0,0,,,False,False,False,True,False,False
"May 3, 2021, 6:19:21 PM",Ramadan run#14: hot 🥵 (cum: 80 mi),5.01,49.62,9.9,131.2,143,5.01,49.05,9.79,132.0,143.0,30.2,525.0,5.01,49.62,9.9,131.2,143,86,2.3,48.6,49.1,0.0,0.0,0,0,,,False,False,False,True,False,False
"May 2, 2021, 6:24:24 PM",400m dash,0.25,1.97,,160.4,178,0.23,1.25,,162.0,178.0,0.0,28.0,0.25,1.97,,160.4,178,98,7.7,5.8,8.7,31.7,46.2,0,0,,1.701,False,False,False,False,False,False
"May 2, 2021, 5:33:48 PM",Ayaana’s 2nd 5k. Adeena’s 1st attempt (cum: 75 mi),3.14,42.13,13.41,108.9,177,3.14,40.25,12.82,108.0,177.0,0.0,325.0,3.14,42.13,13.41,108.9,177,88,82.4,4.8,5.8,3.5,3.4,0,0,,,False,False,False,True,False,False
"May 1, 2021, 5:13:55 PM",Ramadan run#12 (cum: 71.8 mi),6.37,58.25,9.14,139.7,158,6.37,57.63,9.05,140.0,158.0,40.3,679.0,6.37,58.25,9.14,139.7,158,83,0.9,21.7,64.8,12.6,0.0,0,0,,,False,False,False,True,False,False
"Apr 29, 2021, 4:00:04 PM",Ramadan run#11: bit faster (cum: 65.4 mi),6.39,57.4,8.99,141.5,163,6.38,56.92,8.92,142.0,163.0,40.4,688.0,6.39,57.4,8.99,141.5,163,75,2.6,18.7,63.6,15.2,0.0,0,0,,,False,False,False,False,False,False
"Apr 28, 2021, 4:33:18 PM",Ramadan run #10 (cum 59 mi),6.26,56.22,8.98,142.1,158,6.25,54.88,8.78,144.0,158.0,40.3,678.0,6.26,56.22,8.98,142.1,158,80,3.9,3.7,83.4,8.9,0.0,0,0,,,False,False,False,False,False,False
"Apr 26, 2021, 8:36:01 PM",Ramadan run#9 (cum: 52.8 mi),6.45,65.68,10.19,124.5,134,6.44,63.65,9.88,125.0,134.0,40.3,688.0,6.45,65.68,10.19,124.5,134,70,5.9,93.4,0.7,0.0,0.0,0,0,,,False,False,False,True,False,False
"Apr 25, 2021, 8:11:01 PM",Ramadan run#8b: Celebrating Ayaana’s first 5k 🎉🎉(cum: 46.4 mi),4.18,34.27,8.2,151.8,167,4.17,34.18,8.2,152.0,167.0,24.1,446.0,4.18,34.27,8.2,151.8,167,92,0.6,0.5,40.3,58.5,0.0,0,0,,,False,False,False,False,False,False
"Apr 25, 2021, 7:20:56 PM",My ❤️’s first 5k 💪💃 in memory of her Nano (maternal grandmother),3.12,37.13,11.89,115.6,165,3.12,36.23,11.61,115.0,165.0,15.4,340.0,3.12,37.13,11.89,115.6,165,89,65.6,22.4,4.7,7.3,0.0,0,0,,,False,False,False,True,False,False
"Apr 23, 2021, 4:08:00 PM",Ramadan run#7 (cum: 39.2 mi),6.4,63.77,9.96,127.7,179,6.4,63.38,9.9,128.0,176.0,40.4,675.0,6.4,63.77,9.96,127.7,179,113,0.5,81.2,18.0,0.0,0.3,0,0,,,False,False,False,True,False,False
"Apr 21, 2021, 5:21:09 PM",Ramadan run#6: autopilot (cum: 32.8 mi),6.41,64.02,9.99,125.9,135,6.4,63.72,9.96,126.0,135.0,40.6,680.0,6.41,64.02,9.99,125.9,135,70,1.4,91.8,6.8,0.0,0.0,0,0,,,False,False,False,True,False,False
"Apr 20, 2021, 5:47:11 PM",Ramadan run#5: Vaccine day 💉 (cum: 26.4 mi),6.4,63.35,9.89,124.3,136,6.4,63.33,9.9,124.0,136.0,40.8,677.0,6.4,63.35,9.89,124.3,136,73,1.7,95.9,2.3,0.0,0.0,84.6,85.2,172.9,,False,False,False,True,False,False
"Apr 18, 2021, 7:09:05 PM",Ramadan run#4: hot (cum:20 mi),5.01,50.43,10.07,128.4,143,5.0,49.95,9.99,129.0,143.0,30.7,533.0,5.01,50.43,10.07,128.4,143,80,1.4,67.7,30.8,0.0,0.0,0,0,,,False,False,False,True,False,False
"Apr 17, 2021, 4:53:15 PM",Ramadan run #3 (cum: 15 miles),5.02,50.03,9.97,125.2,140,5.02,49.97,9.95,125.0,140.0,30.8,531.0,5.02,50.03,9.97,125.2,140,77,2.4,76.7,20.9,0.0,0.0,55.2,71.4,174.6,,False,False,False,True,False,False
"Apr 15, 2021, 4:30:59 PM",Ramadan run#2,5.01,50.47,10.06,126.5,140,5.01,49.88,9.96,127.0,140.0,30.9,533.0,5.01,50.47,10.06,126.5,140,72,4.4,68.3,27.2,0.0,0.0,0,0,,,False,False,False,True,False,False
"Apr 14, 2021, 4:50:31 PM",Ramadan run#1,5.02,50.08,9.98,130.1,147,5.02,50.02,9.96,130.0,147.0,30.8,529.0,5.02,50.08,9.98,130.1,147,87,1.2,59.6,39.2,0.0,0.0,61.8,66.8,173.5,,False,False,False,True,False,False
"Apr 13, 2021, 1:45:40 AM",10k week: First time sub-7. Strong end to the season (Ramadan) 💪 10k (42:45) /5k (21:15) PRs,6.24,42.98,6.89,175.3,187,6.24,42.98,6.89,175.0,187.0,0.0,666.0,6.24,42.98,6.89,175.3,187,132,0.0,0.0,1.2,18.4,80.4,52.6,50.8,173.3,,False,False,True,False,False,False
"Apr 11, 2021, 4:45:30 PM",10k week: 6th one fartlek at Adeeb’s track,6.24,55.47,8.89,155.0,188,6.23,55.33,8.88,158.0,188.0,0.0,727.0,6.24,55.47,8.89,155.0,188,138,0.0,0.0,41.3,44.7,14.0,0,0,,,False,False,False,False,False,False
"Apr 10, 2021, 4:14:01 PM",10k week: 5th z2,6.23,62.7,10.06,139.1,152,6.23,58.75,9.43,140.0,152.0,42.2,725.0,6.23,62.7,10.06,139.1,152,79,1.1,20.2,78.1,0.6,0.0,0,0,,,False,False,False,True,False,False
"Apr 9, 2021, 4:33:31 PM",10k week: 4th z2,6.42,61.27,9.54,142.8,156,6.42,61.27,9.54,143.0,156.0,40.7,731.0,6.42,61.27,9.54,142.8,156,81,1.9,11.0,78.1,9.1,0.0,59.2,66.2,178.6,,False,False,False,True,False,False
"Apr 8, 2021, 4:54:53 PM",10k week: 3rd z2,6.35,61.13,9.63,142.5,154,6.35,61.13,9.63,142.0,154.0,40.7,719.0,6.35,61.13,9.63,142.5,154,88,0.5,9.0,87.8,2.8,0.0,79.8,81.4,175.7,0.391,False,False,False,True,False,False
"Apr 7, 2021, 4:22:50 PM",10k week: 2nd  z2,6.24,60.33,9.67,138.8,151,6.24,60.13,9.64,138.0,151.0,40.7,669.0,6.24,60.33,9.67,138.8,151,90,5.4,7.7,86.8,0.0,0.0,72.0,74.6,175.8,0.212,False,False,False,True,False,False
"Apr 6, 2021, 6:48:12 PM",10k week: 1st moderate (z2),6.41,59.65,9.3,146.9,160,6.41,59.65,9.31,147.0,160.0,40.8,734.0,6.41,59.65,9.3,146.9,160,94,0.3,0.9,70.0,28.8,0.0,75.2,77.2,177.1,,False,False,False,True,False,False
"Apr 2, 2021, 6:17:18 PM",Missing her ... 😢,8.02,70.73,8.82,154.7,168,8.02,70.67,8.81,155.0,168.0,55.0,932.0,8.02,70.73,8.82,154.7,168,97,0.3,0.4,30.4,69.0,0.0,89.6,90.2,173.5,,False,False,False,False,False,False
"Apr 1, 2021, 5:23:45 PM",Morning Run,1.6,14.17,8.86,154.5,163,1.57,13.47,8.58,155.0,163.0,3.4,172.0,1.6,14.17,8.86,154.5,163,121,0.0,0.9,15.8,83.2,0.0,0,0,,,False,False,False,False,False,False
"Mar 31, 2021, 8:09:50 PM",Run: 150 miles and 10k feet for the month,6.04,59.07,9.78,146.5,171,6.04,58.58,9.7,146.0,171.0,76.8,721.0,6.04,59.07,9.78,146.5,171,92,0.4,9.8,58.1,31.5,0.3,116.0,112.0,173.1,,False,False,False,True,False,False
"Mar 30, 2021, 5:35:51 PM",Cautious and speedy: mountain lion sighting couple days ago 😬,9.02,79.38,8.8,167.6,181,9.02,78.45,8.7,168.0,181.0,437.8,1227.0,9.02,79.38,8.8,167.6,181,103,0.1,0.3,3.4,57.8,38.4,544.8,546.8,174.1,,False,False,False,False,False,False
"Mar 28, 2021, 2:07:44 AM",Missing my girl in the clouds...,6.4,49.05,7.66,168.4,191,6.4,49.03,7.66,168.0,191.0,40.7,721.0,6.4,49.05,7.66,168.4,191,95,0.3,1.0,5.6,41.3,51.8,75.0,76.6,172.6,,False,True,False,False,False,False
"Mar 26, 2021, 9:26:06 PM",Easy recovery: hungry...,5.04,46.57,9.24,145.8,173,5.04,46.07,9.14,146.0,173.0,68.4,571.0,5.04,46.57,9.24,145.8,173,80,0.7,17.6,50.2,29.5,2.0,0,0,,,False,False,False,True,False,False
"Mar 25, 2021, 6:34:39 PM",Convenient power run 💥 ,10.02,77.98,7.78,170.2,189,10.0,77.83,7.78,170.0,189.0,0.0,1164.0,10.02,77.98,7.78,170.2,189,93,0.1,0.5,1.6,47.4,50.4,132.4,141.8,171.1,,False,True,False,False,False,False
"Mar 23, 2021, 6:44:58 PM",Quiet with a few rustles,8.67,83.82,9.67,162.3,183,8.66,81.1,9.36,164.0,183.0,438.3,1200.0,8.67,83.82,9.67,162.3,183,92,0.2,0.9,13.8,65.8,19.3,0,0,,0.077,False,False,False,True,False,False
"Mar 22, 2021, 7:14:50 PM","Mixed: easy, speedy, medium, everything ",6.42,53.63,8.35,165.6,186,6.42,53.43,8.32,166.0,186.0,40.6,774.0,6.42,53.63,8.35,165.6,186,99,0.3,0.4,14.9,40.0,44.4,0,0,,,False,False,False,False,False,False
"Mar 19, 2021, 3:54:43 PM",Long tempo run: important lesson learnt,15.02,135.0,8.99,162.2,176,15.01,132.07,8.8,163.0,176.0,90.8,1914.0,15.02,135.0,8.99,162.2,176,90,1.2,0.5,6.6,84.3,7.3,0,0,,,True,False,False,False,False,False
"Mar 16, 2021, 7:34:01 PM",Post snow trail run ❄️ : Lots of PRs 🥳,9.01,84.63,9.39,162.3,181,9.0,81.57,9.06,163.0,181.0,442.2,1251.0,9.01,84.63,9.39,162.3,181,92,0.2,2.9,8.2,71.9,16.8,0,0,,,False,False,False,True,False,False
"Mar 15, 2021, 9:11:14 PM",Fartlek with a faster base 💪,6.4,50.08,7.83,167.2,189,6.39,50.05,7.83,167.0,189.0,40.1,740.0,6.4,50.08,7.83,167.2,189,119,0.0,1.1,4.4,62.0,32.5,0,0,,,False,True,False,False,False,False
"Mar 12, 2021, 5:23:07 PM",That long hill run 🕺 ,14.48,150.62,10.4,165.7,184,14.47,147.73,10.21,165.0,184.0,681.8,2071.0,14.48,150.62,10.4,165.7,184,95,0.2,0.0,4.5,64.0,31.2,0,0,,,False,False,False,True,False,False
"Mar 10, 2021, 10:39:38 PM",Cant miss out on a run in this weather ,3.58,35.97,10.06,131.2,148,3.58,35.45,9.9,131.0,148.0,22.3,390.0,3.58,35.97,10.06,131.2,148,86,1.2,55.7,43.0,0.0,0.0,0,0,,,False,False,False,True,False,False
"Mar 9, 2021, 7:29:14 PM",Powered by TSLA! 🙃,7.56,60.15,7.96,166.8,179,7.55,59.82,7.92,167.0,179.0,45.7,858.0,7.56,60.15,7.96,166.8,179,88,0.3,0.2,3.6,57.1,38.8,0,0,,,False,True,False,False,False,False
"Mar 8, 2021, 5:06:06 PM",Fartlek,6.34,57.37,9.04,153.2,186,6.33,56.9,8.99,154.0,186.0,39.7,764.0,6.34,57.37,9.04,153.2,186,87,3.2,1.0,37.1,46.9,11.8,0,0,,,False,False,False,True,False,False
"Mar 5, 2021, 3:54:50 PM",I am ready tey I am sure oay 😀,20.15,198.0,9.82,153.2,176,20.15,193.72,9.61,154.0,176.0,130.0,2547.0,20.15,198.0,9.82,153.2,176,88,0.2,1.6,47.5,49.0,1.8,0,0,,,True,False,False,True,False,False
"Mar 3, 2021, 5:06:36 PM",Hoka Speedgoat: You beauty!,9.01,89.32,9.91,163.1,182,9.0,86.42,9.6,163.0,182.0,437.2,1271.0,9.01,89.32,9.91,163.1,182,98,0.3,1.0,11.0,66.8,20.8,0,0,,,False,False,False,True,False,False
"Mar 1, 2021, 7:05:57 PM",Foot 95% good. Couple faster ones,7.01,60.45,8.62,162.8,192,7.01,60.08,8.57,163.0,192.0,45.4,843.0,7.01,60.45,8.62,162.8,192,93,0.4,1.3,22.2,51.8,24.3,0,0,,,False,False,False,False,False,False
"Feb 26, 2021, 1:48:21 AM",Great art! Dirt and chalk,4.08,51.4,12.61,113.5,129,4.08,50.73,12.43,114.0,129.0,27.5,454.0,4.08,51.4,12.61,113.5,129,76,45.2,54.8,0.0,0.0,0.0,0,0,,,False,False,False,True,False,False
"Feb 24, 2021, 10:10:29 PM",Trouble with left foot 😔,5.42,55.13,10.17,147.1,175,5.41,54.45,10.06,152.0,175.0,29.9,602.0,5.42,55.13,10.17,147.1,175,93,4.1,27.5,11.9,47.1,9.5,0,0,,,False,False,False,True,False,False
"Feb 21, 2021, 7:14:23 PM",Crypto currency will take over the world!,10.16,104.1,10.24,138.2,151,10.16,101.38,9.98,139.0,151.0,61.9,1103.0,10.16,104.1,10.24,138.2,151,90,0.9,9.8,89.3,0.0,0.0,0,0,,,False,False,False,True,False,False
"Feb 18, 2021, 7:45:48 PM",Longer and higher: Ali Sadpara you legend,11.29,125.03,11.08,168.3,180,11.28,119.98,10.64,168.0,180.0,630.3,1698.0,11.29,125.03,11.08,168.3,180,85,0.2,0.3,1.6,52.6,45.4,0,0,,,False,False,False,True,False,False
"Feb 16, 2021, 7:09:43 PM",Simple with few bursts,6.4,58.83,9.19,156.3,187,6.39,57.92,9.06,157.0,187.0,40.5,773.0,6.4,58.83,9.19,156.3,187,88,1.6,3.3,22.2,66.1,6.8,0,0,,,False,False,False,True,False,False
"Feb 15, 2021, 7:31:08 PM",Tempo/threshold,7.56,60.35,7.99,169.7,181,7.55,60.27,7.98,170.0,181.0,45.3,863.0,7.56,60.35,7.99,169.7,181,103,0.2,0.3,5.8,32.3,61.4,0,0,,,False,True,False,False,False,False
"Feb 13, 2021, 11:37:29 PM",Shehla: Welcome to the 10-miler club 🎊,10.04,137.37,13.68,114.9,138,10.04,134.13,13.36,115.0,138.0,56.2,1191.0,10.04,137.37,13.68,114.9,138,82,37.9,62.0,0.1,0.0,0.0,0,0,,,False,False,False,True,False,False
"Feb 11, 2021, 6:30:38 PM",Sub-9 15 miles: Persistence is a great gift 😀,15.03,137.05,9.12,164.3,180,15.02,132.48,8.82,165.0,180.0,88.7,1883.0,15.03,137.05,9.12,164.3,180,103,0.1,0.2,4.1,76.6,19.1,0,0,,,True,False,False,True,False,False
"Feb 9, 2021, 8:01:06 PM",Groove mera groove mera: Some more spice,7.02,62.6,8.92,156.7,189,7.0,61.48,8.78,157.0,189.0,45.6,820.0,7.02,62.6,8.92,156.7,189,99,0.9,1.0,23.9,59.4,14.8,0,0,,,False,False,False,False,False,False
"Feb 8, 2021, 8:06:09 PM",Lunch Run,6.28,61.72,9.83,144.9,155,6.27,60.27,9.61,146.0,155.0,40.1,696.0,6.28,61.72,9.83,144.9,155,96,0.5,1.7,92.3,5.5,0.0,0,0,,,False,False,False,True,False,False
"Feb 4, 2021, 5:56:55 PM",Sore feet from new shoe?,6.23,60.35,9.68,146.2,161,6.22,57.57,9.26,147.0,161.0,40.8,742.0,6.23,60.35,9.68,146.2,161,105,0.3,1.1,71.7,26.9,0.0,0,0,,,False,False,False,True,False,False
"Feb 3, 2021, 10:42:23 PM",Bland with some spice at end,6.4,56.72,8.86,148.6,180,6.39,56.58,8.85,149.0,180.0,40.5,689.0,6.4,56.72,8.86,148.6,180,88,0.3,2.7,68.5,24.5,3.9,0,0,,,False,False,False,False,False,False
"Feb 2, 2021, 10:21:32 PM",Fartlek: Fiddler sponsored Nike React are awesome!!!,6.36,54.97,8.64,161.6,189,6.35,54.4,8.57,162.0,189.0,40.2,763.0,6.36,54.97,8.64,161.6,189,94,0.8,1.0,15.7,59.7,22.8,0,0,,,False,False,False,False,False,False
"Jan 31, 2021, 12:20:53 AM",Easy run,1.8,27.5,15.29,103.5,113,1.79,25.3,14.13,105.0,113.0,12.7,196.0,1.8,27.5,15.29,103.5,113,83,100.0,0.0,0.0,0.0,0.0,0,0,,,False,False,False,True,False,False
"Jan 29, 2021, 4:57:54 PM",May Allah grant you Jannah Mamu 😢,15.19,143.17,9.43,158.3,175,15.18,139.92,9.22,159.0,175.0,91.2,1895.0,15.19,143.17,9.43,158.3,175,88,0.2,0.4,15.1,70.6,13.7,0,0,,,True,False,False,True,False,False
"Jan 26, 2021, 4:20:22 PM",400m ❤️.. inaccurate gps from apple watch,6.67,59.92,8.98,168.0,181,6.65,55.32,8.32,168.0,181.0,0.0,741.0,6.67,59.92,8.98,168.0,181,86,0.6,0.0,0.3,43.5,55.5,0,0,,,False,False,False,False,False,False
"Jan 25, 2021, 4:40:02 PM",Snow in the Bay: Easy run,6.41,59.08,9.21,151.4,164,6.4,58.2,9.09,152.0,164.0,40.5,726.0,6.41,59.08,9.21,151.4,164,89,0.4,1.5,34.7,63.3,0.0,0,0,,,False,False,False,True,False,False
"Jan 24, 2021, 7:27:39 PM",First screw up by Apple watch,2.24,24.73,11.02,168.8,195,2.01,13.17,6.55,173.0,193.0,24.1,217.0,2.24,24.73,11.02,168.8,195,110,1.0,3.4,15.5,16.6,63.5,0,0,,,False,False,False,True,False,False
"Jan 24, 2021, 7:17:22 PM",Lunch Run,0.92,7.9,8.62,159.2,189,0.69,5.73,8.3,156.0,176.0,0.0,69.0,0.92,7.9,8.62,159.2,189,118,0.0,2.8,13.1,83.5,0.6,0,0,,,False,False,False,False,False,False
"Jan 23, 2021, 2:44:47 AM",Craving to run 🏃‍♂️ ,4.14,32.65,7.89,160.7,177,4.14,32.63,7.88,161.0,177.0,28.4,447.0,4.14,32.65,7.89,160.7,177,67,4.8,2.0,4.2,74.5,14.4,37.2,39.6,174.4,,False,True,False,False,False,False
"Jan 21, 2021, 4:48:30 PM",Longer run after a while,10.03,94.23,9.4,146.6,160,10.02,94.13,9.39,147.0,160.0,90.1,1133.0,10.03,94.23,9.4,146.6,160,105,0.4,0.2,84.4,14.9,0.0,0,0,,,False,False,False,True,False,False
"Jan 19, 2021, 6:50:38 PM",Morning Run,5.05,48.12,9.53,150.4,180,5.05,47.57,9.42,150.0,180.0,68.3,591.0,5.05,48.12,9.53,150.4,180,119,0.0,0.8,64.7,34.2,0.4,0,0,,,False,False,False,True,False,False
"Jan 16, 2021, 5:28:59 PM",Praying for Mamu’s recovery 🙏,5.01,47.65,9.51,147.9,178,5.0,46.4,9.28,147.0,178.0,34.6,564.0,5.01,47.65,9.51,147.9,178,109,0.9,2.4,59.6,36.9,0.2,0,0,,,False,False,False,True,False,False
"Jan 14, 2021, 7:30:22 PM",1 hr benchmark: the acceleration at the end,7.69,60.2,7.83,172.7,197,7.69,60.2,7.83,173.0,197.0,0.0,884.0,7.69,60.2,7.83,172.7,197,109,0.1,0.8,3.2,30.6,65.3,144.8,140.4,171.7,,False,True,False,False,False,False
"Jan 12, 2021, 6:45:03 PM",Believers and doubters,7.02,61.53,8.77,163.8,182,7.01,61.48,8.77,157.0,182.0,43.8,799.0,7.02,61.53,8.77,163.8,182,102,0.5,0.0,7.4,57.4,34.7,0,0,,,False,False,False,False,False,False
"Jan 11, 2021, 8:08:43 PM",Lunch Run,5.06,46.88,9.27,158.3,179,5.05,46.43,9.19,158.0,179.0,68.6,624.0,5.06,46.88,9.27,158.3,179,118,0.0,1.3,24.5,63.0,11.2,0,0,,,False,False,False,True,False,False
"Jan 8, 2021, 10:02:58 PM",Easy recovery ,6.34,63.3,9.99,138.7,152,6.34,63.3,9.98,139.0,152.0,38.5,667.0,6.34,63.3,9.99,138.7,152,88,0.5,16.2,83.1,0.2,0.0,68.6,71.4,173.8,,False,False,False,True,False,False
"Jan 7, 2021, 7:51:39 PM",Living the dream: 10k In <45 (44:40) ❤️,6.23,44.8,7.19,180.4,193,6.23,44.78,7.19,180.0,193.0,0.0,684.0,6.23,44.8,7.19,180.4,193,130,0.0,0.1,0.8,6.1,92.9,104.8,100.2,174.2,,False,True,False,False,False,False
"Jan 5, 2021, 8:29:36 PM",Amazing podcast: What if your company had no rules,6.34,61.42,9.69,145.0,177,6.33,61.4,9.7,145.0,177.0,40.7,691.0,6.34,61.42,9.69,145.0,177,133,0.0,0.0,93.2,4.5,2.4,81.0,78.6,174.4,,False,False,False,True,False,False
"Jan 4, 2021, 10:32:12 PM",Date run 😀 (recovery),3.53,47.1,13.36,117.8,138,3.52,47.03,13.36,118.0,138.0,25.9,385.0,3.53,47.1,13.36,117.8,138,100,24.9,72.5,2.6,0.0,0.0,57.8,62.2,151.4,,False,False,False,True,False,False
"Jan 1, 2021, 11:42:36 PM",From Mission Peak to parking,0.85,6.97,8.17,151.1,164,0.84,6.65,7.92,151.0,164.0,0.0,87.0,0.85,6.97,8.17,151.1,164,117,0.0,4.8,40.5,54.8,0.0,0,0,,,False,False,False,False,False,False
"Jan 1, 2021, 1:30:36 AM",Starving to run after driving for the day,4.05,35.12,8.67,171.0,190,4.02,33.83,8.42,165.0,190.0,33.1,458.0,4.05,35.12,8.67,171.0,190,113,0.3,1.8,0.9,39.8,57.2,0,0,,0.474,False,False,False,False,False,False
"Dec 28, 2020, 10:00:45 PM",Snow ❄️ run with my partner 😀,4.1,64.57,15.75,129.6,190,4.1,55.7,13.59,130.0,190.0,8.2,461.0,4.1,64.57,15.75,129.6,190,104,7.9,63.4,19.8,4.7,4.1,112.8,104.6,142.1,0.573,False,False,False,True,False,False
"Dec 27, 2020, 4:22:11 PM",Sub Freezing Run (23F or -5C) 🥶 : City of Moab,5.38,66.38,12.33,164.9,183,5.38,56.85,10.57,165.0,183.0,164.7,690.0,5.38,66.38,12.33,164.9,183,114,0.0,2.7,12.4,44.8,40.1,213.4,225.8,157.5,0.29,False,False,False,True,False,False
"Dec 23, 2020, 8:42:01 PM",Above average 10k,6.24,48.92,7.84,171.4,186,6.22,48.92,7.86,171.0,186.0,36.5,674.0,6.24,48.92,7.84,171.4,186,95,0.4,0.3,0.9,33.7,64.7,63.8,72.0,173.1,,False,True,False,False,False,False
"Dec 21, 2020, 11:12:43 PM",With kids,1.23,15.28,12.47,131.0,181,1.22,15.1,12.38,153.0,181.0,11.0,134.0,1.23,15.28,12.47,131.0,181,115,0.0,85.2,1.2,0.0,13.6,0,0,,,False,False,False,True,False,False
"Dec 20, 2020, 10:35:41 PM",Long run: Hello girls were 6 times more productive than men at telephone switching in WW1,15.02,151.43,10.08,146.9,170,15.02,145.68,9.7,147.0,170.0,88.1,1656.0,15.02,151.43,10.08,146.9,170,98,0.5,2.6,66.9,30.0,0.0,211.0,213.2,170.3,1.501,True,False,False,True,False,False
"Dec 19, 2020, 9:57:56 PM",With Azeem bhai,4.58,52.57,11.49,142.6,170,4.57,51.9,11.36,143.0,170.0,207.7,617.0,4.58,52.57,11.49,142.6,170,114,0.0,23.0,55.5,21.5,0.0,267.2,268.4,160.5,,False,False,False,True,False,False
"Dec 19, 2020, 12:18:51 AM",Mosquitoes helped significantly in American Revolution!,5.04,47.87,9.49,144.1,158,5.04,47.83,9.49,144.0,158.0,68.3,557.0,5.04,47.87,9.49,144.1,158,135,0.0,0.0,89.5,10.5,0.0,101.0,100.6,174.8,,False,False,False,True,False,False
"Dec 18, 2020, 11:59:43 PM",With kids,1.22,13.85,11.32,126.1,135,1.21,13.83,11.43,126.0,135.0,10.5,130.0,1.22,13.85,11.32,126.1,135,111,1.9,92.5,5.6,0.0,0.0,0,0,,,False,False,False,True,False,False
"Dec 16, 2020, 8:42:48 PM",San Jose,6.4,59.22,9.26,153.2,178,6.39,58.85,9.21,154.0,178.0,40.7,714.0,6.4,59.22,9.26,153.2,178,137,0.0,0.0,25.7,74.1,0.2,76.6,80.0,171.2,0.323,False,False,False,True,False,False
"Dec 14, 2020, 4:49:54 PM",What lies in future for GM,6.38,53.02,8.31,161.1,177,6.38,53.02,8.31,161.0,177.0,39.8,683.0,6.38,53.02,8.31,161.1,177,104,0.6,1.3,9.4,80.0,8.7,85.8,91.4,175.3,,False,False,False,False,False,False
"Dec 12, 2020, 8:17:01 PM",Zone 5 hardcore: 5k PR (21:43) 1 mile (6:30) 🕺,3.14,22.08,7.04,183.8,189,3.13,22.02,7.04,184.0,189.0,24.1,343.0,3.14,22.08,7.04,183.8,189,133,0.0,0.0,1.1,3.4,95.5,0,0,,,False,True,False,False,False,False
"Dec 10, 2020, 4:51:28 PM",Hoka: Time to fly! 😀,10.02,90.33,9.01,157.4,180,10.02,88.13,8.8,158.0,179.0,94.2,1100.0,10.02,90.33,9.01,157.4,180,128,0.0,0.6,12.1,87.0,0.2,181.2,181.0,175.4,,False,False,False,True,False,False
"Dec 8, 2020, 4:41:50 PM",Slack acquisition and Mecca under siege ,10.04,91.82,9.15,149.3,192,10.03,87.23,8.7,149.0,192.0,59.5,1071.0,10.04,91.82,9.15,149.3,192,110,0.1,4.1,56.4,38.4,1.0,136.0,134.2,175.4,0.547,False,False,False,True,False,False
"Dec 6, 2020, 5:48:40 PM","Wandering: Dark, wet and gloomy..",6.25,62.88,10.07,134.2,197,6.25,61.93,9.91,134.0,197.0,57.2,680.0,6.25,62.88,10.07,134.2,197,110,0.6,37.6,59.8,0.6,1.4,138.4,140.0,174.9,0.04,False,False,False,True,False,False
"Dec 4, 2020, 6:47:23 PM",Patience: Oranges after 4 years of wait 😃,6.39,50.68,7.94,170.3,184,6.38,50.7,7.95,170.0,184.0,40.4,686.0,6.39,50.68,7.94,170.3,184,91,0.6,0.5,2.4,32.9,63.6,83.4,89.2,173.5,,False,True,False,False,False,False
"Dec 4, 2020, 6:37:51 PM",With girlies,0.59,7.55,12.8,117.8,147,0.59,7.55,12.8,121.0,147.0,5.3,64.0,0.59,7.55,12.8,117.8,147,87,18.4,80.3,1.3,0.0,0.0,0,0,,,False,False,False,True,False,False
"Dec 2, 2020, 6:49:27 PM",1000 miles for the year mashaAllah 💪,6.01,54.33,9.04,153.1,164,6.01,54.32,9.04,153.0,164.0,36.5,641.0,6.01,54.33,9.04,153.1,164,133,0.0,0.0,42.5,57.5,0.0,79.4,80.4,175.0,,False,False,False,True,False,False
"Dec 1, 2020, 8:26:53 PM",Black death wiped out 50% of Europe in 14th Century!,6.45,58.87,9.13,145.3,158,6.45,58.65,9.09,145.0,158.0,41.0,689.0,6.45,58.87,9.13,145.3,158,99,0.4,1.1,78.4,20.1,0.0,90.4,86.4,169.9,,False,False,False,True,False,False
"Nov 28, 2020, 5:44:40 PM",Colors of Miami Half Marathon,13.31,149.93,11.27,165.5,180,13.3,130.47,9.81,166.0,180.0,41.1,1589.0,13.31,149.93,11.27,165.5,180,132,0.0,0.1,9.6,52.6,37.8,0,0,,0.394,False,False,False,True,False,False
"Nov 26, 2020, 9:06:29 PM",Miami Beach: Easy,6.24,62.12,9.96,146.4,158,6.24,59.5,9.54,146.0,158.0,6.0,653.0,6.24,62.12,9.96,146.4,158,104,0.8,3.1,70.1,25.9,0.0,51.2,50.4,171.9,,False,False,False,True,False,False
"Nov 25, 2020, 2:19:15 AM",Night run after driving for 10 hours,4.01,30.83,7.69,163.0,177.0,4.01,30.83,7.69,163.0,177.0,28.1,610.0,,,,,,,,,,,,,,,,False,True,False,False,False,False
"Nov 19, 2020, 5:32:08 PM",Rocking the 10-miler: First time sub-8 🕺,10.02,79.27,7.91,174.0,186.0,10.02,79.27,7.91,174.0,186.0,68.5,1531.0,,,,,,,,,,,,,,,,False,True,False,False,False,False
"Nov 17, 2020, 7:25:46 PM",Windy and easy: ❤️ the fall colors,7.02,62.43,8.89,149.0,161.0,7.02,62.43,8.89,149.0,161.0,40.7,1072.0,,,,,,,,,,,,,,,,False,False,False,False,False,False
"Nov 13, 2020, 4:51:53 PM",On Autopilot: 3rd 10-miler in 4 days,10.03,85.67,8.54,156.0,178.0,10.03,85.67,8.54,156.0,178.0,94.1,1539.0,,,,,,,,,,,,,,,,False,False,False,False,False,False
"Nov 12, 2020, 4:41:33 PM",Exploring Fall: A different route,10.01,89.25,8.92,152.0,183.0,10.01,89.25,8.92,152.0,183.0,157.6,1555.0,,,,,,,,,,,,,,,,False,False,False,False,False,False
"Nov 10, 2020, 4:13:20 PM",Cold 🥶 39F run: those splits ❤️,10.04,85.77,8.54,155.0,183.0,10.04,85.77,8.54,155.0,183.0,93.9,1541.0,,,,,,,,,,,,,,,,False,False,False,False,False,False
"Nov 8, 2020, 8:36:46 PM",Her first 10k with steep climbs 😀,6.25,90.82,14.53,115.0,179.0,6.25,90.82,14.53,115.0,179.0,221.7,1042.0,,,,,,,,,,,,,,,,False,False,False,True,False,False
"Nov 6, 2020, 4:33:22 PM",Too windy and its fall,4.73,40.9,8.65,162.0,178.0,4.73,40.9,8.65,162.0,178.0,27.2,722.0,,,,,,,,,,,,,,,,False,False,False,False,False,False
"Nov 6, 2020, 4:27:32 PM",Morning Run,0.55,5.55,10.09,129.0,145.0,0.55,5.55,10.09,129.0,145.0,8.9,85.0,,,,,,,,,,,,,,,,False,False,False,True,False,False
"Nov 5, 2020, 4:35:24 PM",Benchmark 10k sub-10 min run,6.53,64.9,9.94,133.0,146.0,6.53,64.9,9.94,133.0,146.0,40.5,996.0,,,,,,,,,,,,,,,,False,False,False,True,False,False
"Nov 4, 2020, 4:17:51 PM",Trump or Biden and those splits,10.01,89.35,8.93,149.0,175.0,10.01,89.35,8.93,149.0,175.0,94.1,1537.0,,,,,,,,,,,,,,,,False,False,False,False,False,False
"Nov 2, 2020, 4:42:36 PM",Easy with one speed bump,6.52,60.48,9.28,138.0,173.0,6.52,60.48,9.28,138.0,173.0,40.7,997.0,,,,,,,,,,,,,,,,False,False,False,True,False,False
"Nov 1, 2020, 6:49:11 PM",Morning Run,5.01,49.85,9.95,133.0,145.0,5.01,49.85,9.95,133.0,145.0,30.7,766.0,,,,,,,,,,,,,,,,False,False,False,True,False,False
"Oct 30, 2020, 4:36:00 PM",Fastest mile PR at the end of the fastest 10k🕺,6.28,47.7,7.6,172.0,189.0,6.28,47.7,7.6,172.0,189.0,36.4,958.0,,,,,,,,,,,,,,,,False,True,False,False,False,False
"Oct 30, 2020, 4:31:18 PM",Morning Run,0.39,4.48,,125.0,144.0,0.39,4.48,,125.0,144.0,4.3,59.0,,,,,,,,,,,,,,,,False,False,False,False,False,False
"Oct 30, 2020, 4:15:15 PM",Morning Run,0.92,8.68,9.43,100.0,158.0,0.92,8.68,9.43,100.0,158.0,7.7,139.0,,,,,,,,,,,,,,,,False,False,False,True,False,False
"Oct 28, 2020, 5:48:20 PM",That last mile again 😃,5.03,43.48,8.64,155.0,190.0,5.03,43.48,8.64,155.0,190.0,68.5,778.0,,,,,,,,,,,,,,,,False,False,False,False,False,False
"Oct 27, 2020, 5:29:05 PM",Paratha run: that last mile ❤️,10.09,89.92,8.91,153.0,177.0,10.09,89.92,8.91,153.0,177.0,93.9,1548.0,,,,,,,,,,,,,,,,False,False,False,False,False,False
"Oct 27, 2020, 1:08:39 AM",Evening Run,1.07,13.23,12.36,149.0,177.0,1.07,13.23,12.36,149.0,177.0,7.3,161.0,,,,,,,,,,,,,,,,False,False,False,True,False,False
"Oct 25, 2020, 5:53:52 PM",Morning Run,1.69,16.58,9.81,154.0,164.0,1.69,16.58,9.81,154.0,164.0,19.6,261.0,,,,,,,,,,,,,,,,False,False,False,True,False,False
"Oct 25, 2020, 5:27:17 PM",Failed sub-45 min 10k attempt ,3.16,23.6,7.47,174.0,185.0,3.16,23.6,7.47,174.0,185.0,6.6,479.0,,,,,,,,,,,,,,,,False,True,False,False,False,False
"Oct 25, 2020, 5:19:53 PM",Morning Run,0.7,6.9,9.86,129.0,142.0,0.7,6.9,9.86,129.0,142.0,8.4,108.0,,,,,,,,,,,,,,,,False,False,False,True,False,False
"Oct 22, 2020, 3:36:33 PM",Long and easy,10.09,95.05,9.42,138.0,153.0,10.09,95.05,9.42,138.0,153.0,96.3,1550.0,,,,,,,,,,,,,,,,False,False,False,True,False,False
"Oct 22, 2020, 3:21:57 PM","Forgot the water, again!!",0.66,6.37,9.65,131.0,138.0,0.66,6.37,9.65,131.0,138.0,4.2,101.0,,,,,,,,,,,,,,,,False,False,False,True,False,False
"Oct 22, 2020, 3:11:41 PM",Forgot to take water,0.59,6.1,10.34,124.0,132.0,0.59,6.1,10.34,124.0,132.0,4.1,91.0,,,,,,,,,,,,,,,,False,False,False,True,False,False
"Oct 21, 2020, 3:41:35 PM",Improving HR,6.4,63.65,9.95,133.0,142.0,6.4,63.65,9.95,133.0,142.0,39.9,980.0,,,,,,,,,,,,,,,,False,False,False,True,False,False
"Oct 21, 2020, 2:00:21 AM",Evening Run,1.04,13.57,13.05,137.0,176.0,1.04,13.57,13.05,137.0,176.0,3.9,158.0,,,,,,,,,,,,,,,,False,False,False,True,False,False
"Oct 19, 2020, 7:01:01 PM",Hot and easy,6.35,63.75,10.04,141.0,153.0,6.35,63.75,10.04,141.0,153.0,36.2,972.0,,,,,,,,,,,,,,,,False,False,False,True,False,False
"Oct 18, 2020, 12:19:20 AM",Howz that for constant speed 😀,5.06,50.37,9.95,140.0,174.0,5.06,50.37,9.95,140.0,174.0,68.1,783.0,,,,,,,,,,,,,,,,False,False,False,True,False,False
"Oct 17, 2020, 12:21:00 AM",(Heart + Quad + Hamstring) * Killer,6.48,72.27,11.15,162.0,191.0,6.48,72.27,11.15,162.0,191.0,373.4,1159.0,,,,,,,,,,,,,,,,False,False,False,True,False,False
"Oct 15, 2020, 3:41:51 PM",Dead constant effort ,7.01,70.37,10.04,136.0,147.0,7.01,70.37,10.04,136.0,147.0,39.7,1072.0,,,,,,,,,,,,,,,,False,False,False,True,False,False
"Oct 13, 2020, 3:32:32 PM",And they raise their series B,10.02,92.25,9.21,148.0,179.0,10.02,92.25,9.21,148.0,179.0,69.2,1533.0,,,,,,,,,,,,,,,,False,False,False,True,False,False
"Oct 12, 2020, 3:46:11 PM",Look at that HR fly!,5.02,46.73,9.31,151.0,190.0,5.02,46.73,9.31,151.0,190.0,32.6,769.0,,,,,,,,,,,,,,,,False,False,False,True,False,False
"Oct 9, 2020, 11:37:05 PM",Recovery ,5.01,52.38,10.46,136.0,165.0,5.01,52.38,10.46,136.0,165.0,32.2,768.0,,,,,,,,,,,,,,,,False,False,False,True,False,False
"Oct 8, 2020, 3:32:19 PM",Thinking of my girl in the sky,13.19,118.17,8.96,155.0,180.0,13.19,118.17,8.96,155.0,180.0,90.3,1958.0,,,,,,,,,,,,,,,,False,False,False,False,False,False
"Oct 5, 2020, 3:41:55 PM",Morning Run,6.41,59.13,9.22,144.0,158.0,6.41,59.13,9.22,144.0,158.0,40.2,1009.0,,,,,,,,,,,,,,,,False,False,False,True,False,False
"Oct 4, 2020, 4:20:39 PM",Easy,5.01,50.45,10.07,134.0,144.0,5.01,50.45,10.07,134.0,144.0,30.0,787.0,,,,,,,,,,,,,,,,False,False,False,True,False,False
"Oct 2, 2020, 3:48:45 PM",Smoky hills,6.78,80.23,11.83,167.0,188.0,6.78,80.23,11.83,167.0,188.0,454.4,1263.0,,,,,,,,,,,,,,,,False,False,False,True,False,False
"Sep 30, 2020, 3:55:50 PM",Some speed bursts,4.57,40.5,8.86,156.0,185.0,4.57,40.5,8.86,156.0,185.0,26.8,719.0,,,,,,,,,,,,,,,,False,False,False,False,False,False
"Sep 28, 2020, 4:14:30 PM",Easy and hotter,6.4,63.82,9.97,142.0,152.0,6.4,63.82,9.97,142.0,152.0,40.1,1008.0,,,,,,,,,,,,,,,,False,False,False,True,False,False
"Sep 27, 2020, 4:20:07 PM",Easy and hot,6.28,64.47,10.27,142.0,168.0,6.28,64.47,10.27,142.0,168.0,36.3,988.0,,,,,,,,,,,,,,,,False,False,False,True,False,False
"Sep 26, 2020, 12:41:47 AM",Effort run,11.74,99.02,8.43,171.3,182,11.74,98.87,8.42,171.0,182.0,0.0,1354.0,11.74,99.02,8.43,171.3,182,106,0.1,0.2,1.0,32.6,66.1,0,0,,,False,False,False,False,False,False
"Sep 23, 2020, 12:23:56 AM",Afternoon Run,4.02,36.12,8.98,147.0,161,4.02,36.08,8.98,147.0,161.0,30.5,432.0,4.02,36.12,8.98,147.0,161,98,0.6,5.2,50.4,43.8,0.0,0,0,,,False,False,False,False,False,False
"Sep 21, 2020, 3:45:01 PM",Intervals after a while,5.01,44.67,8.92,155.5,187,5.0,44.65,8.93,156.0,187.0,33.0,595.0,5.01,44.67,8.92,155.5,187,90,0.8,22.4,9.3,45.7,21.8,65.4,65.2,171.8,,False,False,False,False,False,False
"Sep 19, 2020, 1:49:12 AM",Well done kids!,1.99,28.43,14.29,111.7,169,1.98,27.27,13.77,112.0,169.0,16.4,214.0,1.99,28.43,14.29,111.7,169,82,81.2,7.3,0.0,11.5,0.0,0,0,,,False,False,False,True,False,False
"Sep 18, 2020, 2:18:16 AM",Evening Run,1.01,12.78,12.64,124.8,139,1.0,12.68,12.68,126.0,139.0,11.0,112.0,1.01,12.78,12.64,124.8,139,105,16.4,72.2,11.4,0.0,0.0,0,0,,,False,False,False,True,False,False
"Sep 18, 2020, 1:58:19 AM",Yay! Shehla’s 9:09 1-mile PR 🎉,1.11,10.65,9.61,143.0,162,1.1,10.53,9.57,144.0,162.0,0.0,113.0,1.11,10.65,9.61,143.0,162,112,0.8,14.8,67.4,17.0,0.0,0,0,,,False,False,False,True,False,False
"Sep 18, 2020, 1:04:40 AM",Medium effort,5.02,41.6,8.28,158.6,175,5.02,41.4,8.25,158.0,175.0,31.0,548.0,5.02,41.6,8.28,158.6,175,91,0.4,1.8,16.6,72.4,8.8,37.4,36.0,171.7,,False,False,False,False,False,False
"Sep 15, 2020, 5:41:26 PM",Recovery from the 20 miles,4.03,40.32,9.99,140.0,153,4.02,40.07,9.97,140.0,153.0,27.3,437.0,4.03,40.32,9.99,140.0,153,123,0.0,19.1,80.3,0.6,0.0,0,0,,,False,False,False,True,False,False
"Sep 13, 2020, 2:58:55 PM",Finally the 20 miles 😃,20.19,214.88,10.65,155.5,177,20.18,192.63,9.55,159.0,177.0,251.3,2440.0,20.19,214.88,10.65,155.5,177,99,0.1,2.3,29.7,62.3,5.6,0,0,,,True,False,False,True,False,False
"Sep 9, 2020, 11:32:04 PM",Reddish orange run,5.02,47.23,9.41,145.3,185,5.02,45.9,9.14,146.0,185.0,69.6,570.0,5.02,47.23,9.41,145.3,185,70,0.6,3.8,82.0,7.2,6.4,0,0,,,False,False,False,True,False,False
"Sep 8, 2020, 2:09:26 AM","San Jose / San Jose, Almaden Meadows Park",5.12,48.98,9.57,143.0,176,5.12,48.97,9.56,143.0,176.0,69.6,565.0,5.12,48.98,9.57,143.0,176,89,0.5,11.9,73.0,12.8,1.8,81.6,81.4,170.2,,False,False,False,True,False,False
"Sep 7, 2020, 1:59:42 AM",105 F (40 C) run: The hottest weather I’ve run in! ,5.01,45.1,9.0,151.0,178,5.0,44.88,8.98,151.0,178.0,69.6,560.0,5.01,45.1,9.0,151.0,178,92,1.0,5.7,48.5,38.6,6.3,0,0,,,False,False,False,True,False,False
"Sep 4, 2020, 3:51:55 PM",First run without Nimbus,10.05,94.62,9.42,157.2,182,10.05,93.12,9.27,157.0,182.0,160.8,1186.0,10.05,94.62,9.42,157.2,182,99,1.3,1.9,24.3,62.7,9.8,192.4,193.6,173.5,,False,False,False,True,False,False
"Sep 3, 2020, 2:47:20 AM",Best run in terms of HR,3.46,28.85,8.35,153.8,164,3.44,28.77,8.36,154.0,164.0,23.5,378.0,3.46,28.85,8.35,153.8,164,90,0.6,1.5,30.3,67.6,0.0,0,0,,,False,False,False,False,False,False
"Sep 3, 2020, 2:02:31 AM",Shehla’s first hill climb run 😃,2.77,40.23,14.55,118.0,164,2.49,37.52,15.07,121.0,164.0,159.9,367.0,2.77,40.23,14.55,118.0,164,75,30.2,57.8,10.4,1.6,0.0,0,0,,0.165,False,False,False,True,False,False
"Sep 1, 2020, 3:49:34 PM",Morning Run,5.04,51.03,10.13,157.1,178,5.03,50.95,10.13,154.0,178.0,217.5,679.0,5.04,51.03,10.13,157.1,178,109,0.2,0.5,28.7,60.7,9.9,0,0,,,False,False,False,True,False,False
"Aug 31, 2020, 1:14:31 AM",Smoky run,5.47,52.4,9.57,149.4,177,5.47,52.17,9.54,149.0,177.0,68.4,627.0,5.47,52.4,9.57,149.4,177,90,1.5,3.5,53.1,37.1,4.7,92.8,93.6,169.8,,False,False,False,True,False,False
"Aug 28, 2020, 1:06:53 AM",10 on the dot 😀,4.02,40.2,9.99,136.2,147,4.02,40.18,10.0,136.0,147.0,29.3,433.0,4.02,40.2,9.99,136.2,147,99,1.3,19.3,79.4,0.0,0.0,0,0,,,False,False,False,True,False,False
"Aug 27, 2020, 2:06:30 AM",Promise to Shehla 😀,4.02,40.2,10.0,136.7,150,4.01,39.95,9.96,137.0,150.0,30.5,429.0,4.02,40.2,10.0,136.7,150,96,1.2,12.5,86.3,0.0,0.0,0,0,,,False,False,False,True,False,False
"Aug 26, 2020, 2:47:15 AM",Recovering from IT band injury,3.16,40.75,12.88,112.9,167,3.15,39.08,12.41,115.0,167.0,23.2,321.0,3.16,40.75,12.88,112.9,167,81,64.1,35.2,0.2,0.4,0.0,0,0,,,False,False,False,True,False,False
"Aug 21, 2020, 3:30:04 PM",Harder than normal,7.02,61.63,8.78,169.3,181,7.01,60.43,8.62,170.0,181.0,44.8,879.0,7.02,61.63,8.78,169.3,181,95,0.7,1.5,4.3,28.2,65.3,0,0,,,False,False,False,False,False,False
"Aug 19, 2020, 1:50:14 AM",Hot and easy,6.39,61.63,9.65,142.5,157,6.38,60.35,9.46,143.0,157.0,40.2,693.0,6.39,61.63,9.65,142.5,157,85,0.6,4.8,93.0,1.6,0.0,0,0,,,False,False,False,True,False,False
"Aug 18, 2020, 2:16:38 AM",Easy,6.56,63.03,9.61,141.2,155,6.55,61.65,9.41,142.0,155.0,40.8,708.0,6.56,63.03,9.61,141.2,155,89,0.5,6.0,92.3,1.2,0.0,0,0,,,False,False,False,True,False,False
"Aug 15, 2020, 3:03:37 PM","Long, hill, and brutally hot!",10.1,126.88,12.56,170.6,189,10.09,115.22,11.42,171.0,189.0,553.1,1555.0,10.1,126.88,12.56,170.6,189,58,0.3,0.3,4.9,36.2,58.4,0,0,,,False,False,False,True,False,False
"Aug 12, 2020, 3:41:02 PM",Morning Run,6.39,59.28,9.27,153.7,182,6.39,57.98,9.07,155.0,182.0,39.6,755.0,6.39,59.28,9.27,153.7,182,105,0.4,5.2,30.6,63.2,0.6,0,0,,,False,False,False,True,False,False
"Aug 11, 2020, 3:51:58 PM",Morning Run,7.01,63.12,9.0,151.3,164,7.0,62.88,8.98,151.0,164.0,45.4,783.0,7.01,63.12,9.0,151.3,164,89,0.4,0.9,41.6,57.2,0.0,0,0,,,False,False,False,True,False,False
"Aug 9, 2020, 3:31:18 PM",Pier run at Crescent City,4.66,48.35,10.38,137.7,161,4.65,43.1,9.27,138.0,161.0,26.5,504.0,4.66,48.35,10.38,137.7,161,75,5.1,18.6,68.9,7.4,0.0,0,0,,,False,False,False,True,False,False
"Aug 7, 2020, 4:01:09 PM",Morning Run,5.03,48.12,9.56,146.2,160,5.03,47.55,9.45,146.0,160.0,32.7,587.0,5.03,48.12,9.56,146.2,160,86,0.6,5.1,63.1,31.3,0.0,0,0,,,False,False,False,True,False,False
"Aug 7, 2020, 1:54:16 AM",Aborted Run,1.46,23.28,15.97,142.9,172,1.45,19.53,13.47,145.0,172.0,103.5,252.0,1.46,23.28,15.97,142.9,172,105,4.5,26.1,32.6,36.4,0.4,0,0,,,False,False,False,True,False,False
"Aug 5, 2020, 4:06:36 PM",New gear run 😀,5.03,49.58,9.87,164.6,183,5.02,48.0,9.56,165.0,183.0,217.9,683.0,5.03,49.58,9.87,164.6,183,128,0.0,0.9,14.6,39.2,45.3,0,0,,,False,False,False,True,False,False
"Aug 4, 2020, 3:18:41 PM",Morning Run,6.42,57.72,9.0,155.0,170,6.4,57.35,8.96,155.0,170.0,40.4,758.0,6.42,57.72,9.0,155.0,170,89,0.7,2.7,18.6,78.0,0.0,0,0,,,False,False,False,True,False,False
"Aug 2, 2020, 2:58:47 AM",Evening Run,5.03,46.47,9.25,144.0,158,5.02,46.07,9.18,144.0,158.0,30.4,543.0,5.03,46.47,9.25,144.0,158,89,0.7,5.1,84.9,9.3,0.0,0,0,,,False,False,False,True,False,False
"Jul 31, 2020, 2:33:37 AM",Evening Run,7.03,57.22,8.14,170.4,183,7.02,57.18,8.15,170.0,183.0,39.4,849.0,7.03,57.22,8.14,170.4,183,144,0.0,0.0,2.7,43.2,54.2,0,0,,,False,False,False,False,False,False
"Jul 29, 2020, 2:09:27 AM",Evening Run,5.18,60.12,11.6,141.7,172,5.17,59.63,11.53,141.0,172.0,226.6,708.0,5.18,60.12,11.6,141.7,172,87,0.6,28.5,45.2,25.2,0.5,0,0,,,False,False,False,True,False,False
"Jul 28, 2020, 2:49:35 AM",100 miles for the month ,4.21,37.83,8.99,148.6,178,4.2,37.7,8.98,148.0,178.0,26.7,462.0,4.21,37.83,8.99,148.6,178,124,0.0,2.0,58.7,38.4,0.9,0,0,,,False,False,False,False,False,False
"Jul 26, 2020, 2:42:49 AM",Medium Effort,6.62,54.45,8.23,160.3,179,6.61,54.37,8.23,160.0,179.0,39.6,744.0,6.62,54.45,8.23,160.3,179,103,0.2,1.5,12.0,76.2,10.1,51.6,53.4,174.0,,False,False,False,False,False,False
"Jul 23, 2020, 2:27:50 AM",Los Gatos Hills,5.17,51.55,9.98,160.5,178,5.17,51.22,9.91,161.0,178.0,225.6,721.0,5.17,51.55,9.98,160.5,178,91,0.5,1.9,19.9,48.8,28.9,270.4,272.2,171.5,,False,False,False,True,False,False
"Jul 22, 2020, 2:30:50 AM","San Jose, Almaden Meadows Park",5.55,49.75,8.96,154.0,177,5.55,49.03,8.83,154.0,177.0,67.9,641.0,5.55,49.75,8.96,154.0,177,88,0.7,1.6,35.0,50.8,12.0,108.6,112.4,174.2,,False,False,False,False,False,False
"Jul 21, 2020, 1:51:34 AM",Long and easy,10.18,94.52,9.29,148.4,173,10.18,93.43,9.18,148.0,173.0,65.1,1150.0,10.18,94.52,9.29,148.4,173,93,0.4,4.1,52.8,42.2,0.5,0,0,,,False,False,False,True,False,False
"Jul 18, 2020, 3:30:42 AM",With shehla,2.01,25.67,12.76,111.2,176,2.0,25.52,12.76,111.0,176.0,13.7,218.0,2.01,25.67,12.76,111.2,176,100,79.7,19.3,0.7,0.0,0.3,0,0,,,False,False,False,True,False,False
"Jul 17, 2020, 3:17:25 AM",Recovery with Shehla,2.01,25.72,12.8,117.4,134,2.0,25.2,12.6,117.0,134.0,13.7,235.0,2.01,25.72,12.8,117.4,134,107,11.7,87.7,0.6,0.0,0.0,0,0,,,False,False,False,True,False,False
"Jul 17, 2020, 2:26:32 AM",Recovery ,4.06,39.72,9.79,136.7,146,4.05,39.52,9.76,137.0,146.0,31.3,439.0,4.06,39.72,9.79,136.7,146,83,1.8,11.8,86.3,0.0,0.0,0,0,,,False,False,False,True,False,False
"Jul 16, 2020, 2:12:17 AM",10k PR: what kick! 😀,6.27,48.37,7.71,180.2,189,6.26,48.27,7.71,180.0,189.0,36.4,765.0,6.27,48.37,7.71,180.2,189,147,0.0,0.0,0.6,9.3,90.0,0,0,,,False,True,False,False,False,False
"Jul 14, 2020, 5:25:49 PM",With kids,1.05,13.02,12.39,129.4,180,1.01,11.75,11.63,130.0,180.0,9.0,120.0,1.05,13.02,12.39,129.4,180,121,0.0,94.4,2.8,0.0,2.8,0,0,,,False,False,False,True,False,False
"Jul 13, 2020, 4:04:48 PM",San Jose / Los Gatos,5.07,51.45,10.14,163.4,182,5.07,51.35,10.13,163.0,182.0,226.8,733.0,5.07,51.45,10.14,163.4,182,89,2.1,3.0,12.0,44.8,38.1,272.4,282.8,174.6,,False,False,False,True,False,False
"Jul 11, 2020, 3:24:54 AM",With kids,1.01,11.87,11.75,146.3,155,1.0,11.2,11.2,147.0,155.0,9.9,142.0,1.01,11.87,11.75,146.3,155,139,0.0,0.0,83.7,16.3,0.0,0,0,,,False,False,False,True,False,False
"Jul 11, 2020, 2:26:15 AM",Evening Run,6.36,57.17,8.99,157.6,181,6.35,56.98,8.97,158.0,181.0,39.7,772.0,6.36,57.17,8.99,157.6,181,89,0.4,3.3,29.2,54.0,13.0,0,0,,,False,False,False,False,False,False
"Jul 10, 2020, 2:56:00 AM",With kids,1.01,12.58,12.42,127.9,173,1.01,12.5,12.38,127.0,135.0,10.0,127.0,1.01,12.58,12.42,127.9,173,120,0.0,87.3,11.9,0.0,0.8,0,0,,,False,False,False,True,False,False
"Jul 8, 2020, 3:58:21 PM",San Jose / Los Gatos,5.1,55.05,10.8,163.1,182,5.1,55.03,10.79,163.0,182.0,227.6,771.0,5.1,55.05,10.8,163.1,182,93,0.7,3.8,11.6,57.0,26.9,282.8,285.8,172.6,,False,False,False,True,False,False
"Jul 7, 2020, 4:55:30 PM",With kids,1.24,18.22,14.66,124.4,190,1.21,15.32,12.66,117.0,130.0,7.9,125.0,1.24,18.22,14.66,124.4,190,97,8.1,79.4,0.6,6.9,5.0,0,0,,,False,False,False,True,False,False
"Jul 7, 2020, 2:33:49 AM",Sub-9 with low HR,6.55,58.78,8.97,148.2,165,6.55,58.72,8.96,148.0,165.0,40.2,709.0,6.55,58.78,8.97,148.2,165,100,0.5,1.5,69.2,28.8,0.0,0,0,,,False,False,False,False,False,False
"Jul 6, 2020, 3:00:45 AM",Evening Run,4.04,39.65,9.82,137.9,145,4.03,39.58,9.82,138.0,145.0,30.5,440.0,4.04,39.65,9.82,137.9,145,100,1.3,6.4,92.4,0.0,0.0,0,0,,,False,False,False,True,False,False
"Jul 4, 2020, 8:18:00 PM",Beach run: Most relaxing 10k ever,6.4,63.88,9.99,138.9,144,6.4,63.88,9.98,139.0,144.0,17.7,664.0,6.4,63.88,9.99,138.9,144,95,0.2,1.0,98.8,0.0,0.0,45.4,47.0,175.7,,False,False,False,True,False,False
"Jul 4, 2020, 7:47:50 PM",Couple run 😀,2.13,29.73,13.96,117.5,172,2.01,25.6,12.74,119.0,172.0,6.6,238.0,2.13,29.73,13.96,117.5,172,97,13.6,85.4,0.0,0.6,0.3,0,0,,,False,False,False,True,False,False
"Jul 3, 2020, 1:00:27 AM",Never leave a soldier behind,6.95,86.35,12.42,157.5,181,6.95,79.95,11.5,156.0,181.0,376.7,1041.0,6.95,86.35,12.42,157.5,181,91,0.4,2.0,32.3,46.0,19.4,0,0,,,False,False,False,True,False,False
"Jul 1, 2020, 4:17:12 PM",Longer and steeper,7.37,91.9,12.47,167.9,184,7.37,88.63,12.03,168.0,184.0,478.0,1212.0,7.37,91.9,12.47,167.9,184,141,0.0,0.0,9.1,42.7,48.3,0,0,,,False,False,False,True,False,False
"Jun 30, 2020, 3:16:59 AM",Adeena biking without training wheels 👏🏼,0.84,8.33,9.92,,,0.84,8.33,9.92,,,9.1,135.0,,,,,,,,,,,,,,,,False,False,False,True,False,False
"Jun 30, 2020, 2:14:51 AM",Quick one,5.03,41.22,8.19,166.5,183,5.03,41.03,8.16,164.0,183.0,33.1,574.0,5.03,41.22,8.19,166.5,183,78,0.2,0.3,10.1,47.4,42.1,0,0,,,False,False,False,False,False,False
"Jun 27, 2020, 4:20:52 PM",Different route away from home,10.02,100.12,9.99,162.0,182,10.02,99.92,9.97,162.0,182.0,168.7,1366.0,10.02,100.12,9.99,162.0,182,96,0.3,2.5,21.3,43.4,32.5,217.2,216.6,170.5,,False,False,False,True,False,False
"Jun 25, 2020, 4:15:06 PM",Morning Run,6.39,60.77,9.51,153.1,167,6.38,59.92,9.39,153.0,167.0,40.4,785.0,6.39,60.77,9.51,153.1,167,90,1.3,4.3,23.2,71.2,0.0,0,0,,,False,False,False,True,False,False
"Jun 24, 2020, 3:12:22 AM",With Shehla,1.97,25.12,12.75,124.8,132,1.97,25.12,12.75,125.0,132.0,13.7,257.0,1.97,25.12,12.75,124.8,132,117,0.0,100.0,0.0,0.0,0.0,25.2,31.4,166.2,0.043,False,False,False,True,False,False
"Jun 24, 2020, 2:20:26 AM",Skype run: with mom and dad ,5.02,45.02,8.96,154.2,170,5.02,45.02,8.97,154.0,170.0,33.3,599.0,5.02,45.02,8.96,154.2,170,90,1.1,5.6,25.6,67.8,0.0,62.8,61.8,175.9,,False,False,False,False,False,False
"Jun 23, 2020, 3:18:53 AM",With Shehla ,2.02,25.1,12.44,126.4,132,2.02,25.1,12.43,126.0,132.0,12.5,255.0,2.02,25.1,12.44,126.4,132,119,0.0,100.0,0.0,0.0,0.0,15.6,20.6,165.2,,False,False,False,True,False,False
"Jun 23, 2020, 2:25:43 AM",Phone run: Throughout ,5.01,48.82,9.74,149.5,187,5.01,48.48,9.68,150.0,187.0,30.6,603.0,5.01,48.82,9.74,149.5,187,102,0.4,4.4,47.0,47.5,0.7,67.8,68.6,171.7,,False,False,False,True,False,False
"Jun 20, 2020, 3:47:26 AM",Evening Run,0.0,12.05,10.69,,,1.13,12.08,10.69,,,14.0,157.0,0.0,12.05,,,,,,,,,,0,0,,,False,False,False,True,False,False
"Jun 20, 2020, 3:35:29 AM",6:49 Fastest mile yet! 😃,1.37,10.05,7.33,177.6,193,1.37,10.05,7.34,178.0,193.0,0.0,152.0,1.37,10.05,7.33,177.6,193,112,0.2,1.8,3.2,22.1,72.8,4.2,20.0,178.9,,False,True,False,False,False,False
"Jun 20, 2020, 3:08:56 AM",With Shehla,1.49,18.83,12.64,119.4,143,1.49,18.58,12.47,120.0,143.0,9.4,160.0,1.49,18.83,12.64,119.4,143,90,28.8,65.2,6.0,0.0,0.0,0,0,,,False,False,False,True,False,False
"Jun 18, 2020, 3:57:21 PM",Hot and easy,7.02,68.18,9.71,154.3,166,7.02,68.18,9.71,154.0,166.0,40.1,926.0,7.02,68.18,9.71,154.3,166,92,0.7,4.0,20.5,74.8,0.0,0,0,,,False,False,False,True,False,False
"Jun 16, 2020, 4:09:49 PM","San Jose, Almaden Quicksilver County Park",5.7,78.88,13.84,155.3,175,5.7,69.63,12.22,155.0,175.0,368.5,926.0,5.7,78.88,13.84,155.3,175,95,0.3,5.0,29.5,59.1,6.1,464.0,466.6,157.1,1.108,False,False,False,True,False,False
"Jun 13, 2020, 3:06:46 AM",Yay! Pacemaker for Shehla’s first sub-10 mile,1.0,9.98,9.95,181.9,192,1.0,9.92,9.92,182.0,192.0,0.0,140.0,1.0,9.98,9.95,181.9,192,132,0.0,0.2,3.2,7.7,89.0,0,0,,,False,False,False,True,False,False
"Jun 12, 2020, 3:45:33 PM",Morning Run,6.56,60.22,9.19,153.8,168,6.55,58.57,8.94,154.0,168.0,39.9,776.0,6.56,60.22,9.19,153.8,168,85,1.0,6.3,19.1,73.7,0.0,0,0,,,False,False,False,True,False,False
"Jun 11, 2020, 3:46:56 PM",Morning Run,6.51,56.57,8.69,168.0,186,6.5,56.5,8.69,168.0,186.0,39.7,841.0,6.51,56.57,8.69,168.0,186,90,0.6,1.8,13.8,27.0,56.7,0,0,,,False,False,False,False,False,False
"Jun 9, 2020, 3:49:49 PM",Nice and easy,6.53,58.6,8.97,155.3,169,6.53,58.63,8.98,155.0,169.0,39.9,776.0,6.53,58.6,8.97,155.3,169,86,1.1,5.9,19.2,73.9,0.0,51.8,52.8,177.4,,False,False,False,False,False,False
"Jun 7, 2020, 4:12:30 PM","The best thing wasn’t the distance, it was the heart rate! 😃",15.26,153.82,10.08,154.6,171,15.25,147.27,9.66,155.0,171.0,88.1,1868.0,15.26,153.82,10.08,154.6,171,84,0.2,0.6,26.2,72.7,0.3,230.8,253.8,175.6,0.002,True,False,False,True,False,False
"Jun 4, 2020, 3:35:19 PM",Less hot,6.54,60.62,9.27,165.7,178,6.54,60.6,9.27,166.0,178.0,40.0,831.0,6.54,60.62,9.27,165.7,178,86,1.0,1.5,13.1,26.5,57.9,52.4,52.6,176.7,,False,False,False,True,False,False
"Jun 3, 2020, 3:38:35 PM",First use of chest HRM: Super hot!,6.39,60.93,9.53,167.0,182,6.39,60.25,9.43,167.0,182.0,39.9,802.0,6.39,60.93,9.53,167.0,182,93,0.5,1.2,10.2,36.3,51.8,90.6,92.4,172.2,,False,False,False,True,False,False
"Jun 1, 2020, 4:11:18 PM",Welcome June!,7.02,63.13,8.99,167.6,183,7.02,62.87,8.96,167.0,183.0,40.1,848.0,7.02,63.13,8.99,167.6,183,114,0.0,1.3,13.7,26.3,58.7,96.6,97.2,178.9,,False,False,False,False,False,False
"May 28, 2020, 3:45:39 PM",Difference heat makes,7.02,62.85,8.95,168.9,184,7.02,62.6,8.92,169.0,184.0,42.9,828.0,7.02,62.85,8.95,168.9,184,109,0.7,2.0,9.8,27.3,60.3,0,0,,,False,False,False,False,False,False
"May 26, 2020, 4:21:01 PM",First one after eid: hot and difficult ,7.01,66.57,9.49,170.9,185,7.01,64.75,9.24,171.0,185.0,43.3,859.0,7.01,66.57,9.49,170.9,185,105,0.2,0.8,9.4,26.3,63.3,105.8,106.8,174.7,,False,False,False,True,False,False
"May 21, 2020, 9:06:46 PM",Ramadan # 7: last one ... hot but good,6.57,60.58,9.22,166.0,186,6.57,58.7,8.93,166.0,186.0,40.1,760.0,6.57,60.58,9.22,166.0,186,88,0.4,1.8,11.2,37.8,48.8,0,0,,,False,False,False,True,False,False
"May 18, 2020, 8:24:45 PM",Ramadan #6: snake on the road 😮,6.53,59.13,9.06,160.4,176,6.53,58.4,8.94,,176.0,40.2,720.0,6.53,59.13,9.06,160.4,176,103,0.3,0.0,19.9,59.4,20.4,0,0,,,False,False,False,True,False,False
"May 17, 2020, 6:15:22 PM",With Adeena,1.01,13.9,13.72,132.3,176,1.01,13.85,13.71,,176.0,3.8,95.0,1.01,13.9,13.72,132.3,176,108,40.5,25.3,0.0,21.5,12.7,0,0,,,False,False,False,True,False,False
"May 17, 2020, 5:38:39 PM",With Ayaana,1.74,23.95,13.79,104.5,114,1.7,22.9,13.47,,114.0,7.5,174.0,1.74,23.95,13.79,104.5,114,66,97.9,2.1,0.0,0.0,0.0,0,0,,,False,False,False,True,False,False
"May 13, 2020, 8:10:24 PM",Ramadan # 5,4.99,44.88,8.99,162.8,186,4.99,43.78,8.77,,186.0,31.1,541.0,4.99,44.88,8.99,162.8,186,106,1.3,6.8,15.0,42.1,34.7,0,0,,,False,False,False,False,False,False
"May 12, 2020, 12:32:09 AM",Ramadan run # 4,4.27,37.48,8.78,168.5,184,4.27,36.8,8.62,,184.0,27.6,472.0,4.27,37.48,8.78,168.5,184,103,1.5,1.0,3.8,37.7,56.0,0,0,,,False,False,False,False,False,False
"May 10, 2020, 5:48:06 PM",With kids,1.0,13.78,13.71,103.4,121,1.01,13.73,13.59,,121.0,7.0,93.0,1.0,13.78,13.71,103.4,121,74,95.5,4.5,0.0,0.0,0.0,0,0,,,False,False,False,True,False,False
"May 9, 2020, 5:26:42 PM",With kids,1.04,14.0,13.51,113.7,125,1.03,13.65,13.25,,125.0,3.8,103.0,1.04,14.0,13.51,113.7,125,77,36.9,63.1,0.0,0.0,0.0,0,0,,,False,False,False,True,False,False
"May 7, 2020, 10:44:12 PM",Hot and fasting: 90F (32C),4.26,38.2,8.98,165.1,184,4.26,38.15,8.96,,184.0,27.5,495.0,4.26,38.2,8.98,165.1,184,100,1.1,4.6,16.3,26.4,51.5,0,0,,,False,False,False,False,False,False
"May 5, 2020, 7:58:12 PM",Ramadan run # 2,4.41,41.78,9.48,156.4,173,4.4,41.72,9.48,,173.0,32.6,485.0,4.41,41.78,9.48,156.4,173,91,0.6,1.8,34.8,60.1,2.7,0,0,,,False,False,False,True,False,False
"May 5, 2020, 7:41:28 PM",With kids,1.1,15.62,14.2,112.5,176,1.1,15.03,13.66,,176.0,4.3,112.0,1.1,15.62,14.2,112.5,176,77,72.4,22.4,0.0,0.6,4.7,0,0,,,False,False,False,True,False,False
"May 3, 2020, 6:18:21 PM",With kids,2.1,30.35,14.48,122.9,210,2.09,26.05,12.46,,210.0,16.0,197.0,2.1,30.35,14.48,122.9,210,78,44.4,28.9,5.3,1.6,19.7,0,0,,,False,False,False,True,False,False
"May 1, 2020, 8:08:22 PM",Cautious Ramadan run,3.83,40.03,10.45,141.1,160,3.83,40.02,10.45,,160.0,27.8,427.0,3.83,40.03,10.45,141.1,160,87,0.8,25.4,59.0,14.8,0.0,0,0,,,False,False,False,True,False,False
"Apr 26, 2020, 7:36:50 PM",With Ayaana,1.1,15.15,13.78,115.7,182,1.1,13.63,12.39,,182.0,5.6,118.0,1.1,15.15,13.78,115.7,182,88,54.0,36.7,0.0,2.7,6.7,0,0,,,False,False,False,True,False,False
"Apr 23, 2020, 6:54:16 PM",End of season and beginning of Ramadan,7.03,61.37,8.73,176.7,190,7.03,57.7,8.21,,190.0,40.2,853.0,7.03,61.37,8.73,176.7,190,107,0.6,0.4,4.9,10.8,83.3,0,0,,,False,False,False,False,False,False
"Apr 22, 2020, 12:12:57 AM",Effort run: 30 mins+ at 180 bpm.,7.03,58.73,8.36,175.4,189,7.03,57.23,8.14,,189.0,40.1,838.0,7.03,58.73,8.36,175.4,189,117,0.0,1.6,7.5,13.3,77.6,0,0,,,False,False,False,False,False,False
"Apr 16, 2020, 6:50:02 PM","Good, I can still run at 8:40",5.02,46.07,9.17,169.9,188,5.02,43.83,8.73,,188.0,31.5,622.0,5.02,46.07,9.17,169.9,188,101,1.2,1.4,2.5,36.3,58.6,0,0,,,False,False,False,True,False,False
"Apr 13, 2020, 9:55:32 PM",Afternoon Run,6.42,61.08,9.51,158.1,170,6.42,59.37,9.25,,170.0,39.8,759.0,6.42,61.08,9.51,158.1,170,100,0.7,0.4,19.1,79.7,0.0,0,0,,,False,False,False,True,False,False
"Apr 10, 2020, 7:17:20 PM",Not much social distancing 😊,5.03,50.83,10.11,158.9,170,5.02,49.62,9.88,,170.0,31.0,645.0,5.03,50.83,10.11,158.9,170,108,0.3,1.2,11.9,86.6,0.0,0,0,,,False,False,False,True,False,False
"Apr 8, 2020, 11:14:51 PM",Afternoon Run,6.52,62.05,9.52,160.2,182,6.51,60.58,9.31,,182.0,40.9,786.0,6.52,62.05,9.52,160.2,182,111,0.7,2.3,8.2,83.2,5.6,0,0,,,False,False,False,True,False,False
"Apr 6, 2020, 11:23:59 PM",Either my heart or the apple watch went crazy!,5.02,48.52,9.66,169.4,190,5.02,46.95,9.35,,190.0,31.3,609.0,5.02,48.52,9.66,169.4,190,135,0.0,0.0,6.2,51.5,42.3,0,0,,,False,False,False,True,False,False
"Apr 4, 2020, 10:23:53 PM",HR<160. Keep on doing that until I get to sub-9..,5.01,46.58,9.3,156.7,169,5.01,46.47,9.28,,169.0,30.9,559.0,5.01,46.58,9.3,156.7,169,104,0.5,3.2,12.3,83.9,0.0,0,0,,,False,False,False,True,False,False
"Apr 3, 2020, 7:26:10 PM",HR<160. Felt easy but significantly slower pace.,10.02,103.4,10.32,159.8,183,10.02,97.6,9.74,,183.0,70.2,1262.0,10.02,103.4,10.32,159.8,183,126,0.0,1.0,9.6,83.1,6.2,0,0,,,False,False,False,True,False,False
"Apr 1, 2020, 8:54:07 PM",HR<160 benchmark run. Windy might have to repeat.,7.02,65.08,9.28,158.8,166,7.01,64.75,9.24,,166.0,43.3,824.0,7.02,65.08,9.28,158.8,166,116,0.0,0.9,4.9,94.2,0.0,0,0,,,False,False,False,True,False,False
"Mar 30, 2020, 9:25:36 PM",HR<150 benchmark run,7.02,67.47,9.62,148.3,156,7.02,66.08,9.41,,156.0,41.2,758.0,7.02,67.47,9.62,148.3,156,102,0.5,0.0,79.0,20.4,0.0,0,0,,,False,False,False,True,False,False
"Mar 29, 2020, 9:38:55 PM",Run with Shehla: Yay she did her first 5k 😍,3.14,42.88,13.68,122.1,175,3.13,42.08,13.44,,175.0,13.0,368.0,3.14,42.88,13.68,122.1,175,98,3.6,92.6,3.4,0.0,0.4,0,0,,,False,False,False,True,False,False
"Mar 27, 2020, 8:22:32 PM",San Jose,7.08,63.8,9.01,166.0,179,7.08,61.27,8.65,166.0,179.0,44.3,800.0,7.08,63.8,9.01,166.0,179,127,0.0,0.2,2.4,68.3,29.1,95.4,96.0,179.4,,False,False,False,True,False,False
"Mar 24, 2020, 6:46:29 PM",Virus run: Dark and gloomy but a powerful run.,5.02,43.23,8.61,179.2,194,5.02,39.95,7.96,,194.0,34.1,556.0,5.02,43.23,8.61,179.2,194,145,0.0,0.0,2.8,9.2,87.9,0,0,,,False,False,False,False,False,False
"Mar 21, 2020, 10:24:43 PM",23 min 5k!! The best shoes ever. I’ve used Asics Nimbus 18-22. These 22s are out of this world!!,3.63,30.75,8.48,180.4,193,3.47,26.05,7.51,,193.0,27.9,385.0,3.63,30.75,8.48,180.4,193,132,0.0,1.0,9.9,2.0,87.2,0,0,,,False,False,False,False,False,False
"Mar 18, 2020, 9:32:39 PM",Thumbs up to south Bay folks! Very happy to see everyone staying away from others on the sidewalks.,10.03,89.35,8.91,176.5,191,10.03,86.37,8.61,,191.0,65.1,1197.0,10.03,89.35,8.91,176.5,191,143,0.0,0.0,3.9,14.9,81.2,0,0,,,False,False,False,False,False,False
"Mar 15, 2020, 5:18:54 PM",Finally a 1:57 half-marathon 🕺 Fight against the virus. Not the best conditions with slight drizzle and wind. But the cloud cover was good.,13.19,118.65,8.99,166.4,188,13.19,115.18,8.73,,188.0,96.2,1557.0,13.19,118.65,8.99,166.4,188,129,0.0,0.4,7.9,62.8,29.0,0,0,,,False,False,False,False,False,False
"Mar 10, 2020, 12:43:31 AM",Markets crashing: Taking it easy,6.55,61.7,9.41,145.5,180,6.55,60.27,9.2,,180.0,37.3,726.0,6.55,61.7,9.41,145.5,180,126,0.0,5.9,83.2,10.4,0.4,0,0,,,False,False,False,True,False,False
"Mar 8, 2020, 8:54:25 PM",Women’s day celebration with girls:  Their first non-stop 2 miles ,2.02,24.5,12.1,137.5,176,2.02,24.53,12.14,137.0,176.0,11.9,251.0,2.02,24.5,12.1,137.5,176,125,0.0,23.7,73.3,2.9,0.2,23.2,26.6,167.1,,False,False,False,True,False,False
"Mar 6, 2020, 1:35:38 AM","Sub-50 min 10k: Took 1 year, 113 runs and 593 miles. Loved the heart zones. 😀",7.02,56.28,8.02,172.8,191,7.02,56.13,8.0,173.0,191.0,43.9,792.0,7.02,56.28,8.02,172.8,191,139,0.0,0.0,7.8,27.4,64.8,56.2,57.2,176.0,,False,False,False,False,False,False
"Mar 4, 2020, 2:41:07 AM",San Jose,3.71,31.58,8.51,160.1,176,3.71,31.62,8.52,160.0,176.0,28.3,412.0,3.71,31.58,8.51,160.1,176,132,0.0,0.1,23.7,54.9,21.4,50.0,52.2,172.0,,False,False,False,False,False,False
"Mar 4, 2020, 1:59:46 AM",Run with Shehla: Her longest non-stop run 😀,2.51,36.72,14.64,180.0,187,2.51,36.72,14.63,181.0,187.0,18.9,310.0,2.51,36.72,14.64,180.0,187,161,0.0,0.0,0.0,11.4,88.6,39.4,44.8,162.6,,False,False,False,True,False,False
"Mar 3, 2020, 1:42:19 AM",Rally run: 40 mins over phone discussing stock rally and how pathetic Robinhood was today,7.05,60.6,8.6,170.9,187,7.04,60.15,8.54,171.0,187.0,43.2,829.0,7.05,60.6,8.6,170.9,187,132,0.0,0.1,18.6,16.3,65.0,60.0,60.6,175.6,,False,False,False,False,False,False
"Feb 26, 2020, 1:24:55 AM",Fastest 10 mile and fastest 15k 🕺,10.01,85.0,8.49,165.6,186,10.01,84.6,8.45,166.0,186.0,65.3,1148.0,10.01,85.0,8.49,165.6,186,132,0.0,0.0,14.1,47.7,38.1,82.6,84.8,174.5,,False,False,False,False,False,False
"Feb 20, 2020, 2:23:01 AM",San Jose,7.36,61.67,8.38,175.3,189,7.35,61.28,8.34,175.0,189.0,48.7,860.0,7.36,61.67,8.38,175.3,189,149,0.0,0.0,0.6,22.2,77.2,65.6,62.6,173.5,,False,False,False,False,False,False
"Feb 18, 2020, 2:04:37 AM","Fastest 10k, fastest mile, fastest 1/2 mile and fastest 1km all in one 😃💪",6.24,53.52,8.58,169.2,186,6.24,50.87,8.15,169.0,186.0,40.5,693.0,6.24,53.52,8.58,169.2,186,141,0.0,0.0,13.7,32.6,53.7,49.6,47.6,174.1,0.116,False,False,False,False,False,False
"Feb 15, 2020, 5:41:22 PM",First hill climb run .. what views and what kick 😊 Very steep at places (18% grade),5.02,54.03,10.77,176.9,190,5.01,50.53,10.09,176.0,190.0,235.3,703.0,5.02,54.03,10.77,176.9,190,145,0.0,0.0,3.2,10.3,86.4,297.0,297.0,172.6,,False,False,False,True,False,False
"Feb 13, 2020, 3:03:10 AM",Absolutely loved it! Perfectly paced. Start slow and then believe in all your training to end strong 😀,10.01,88.08,8.8,164.3,185,10.01,88.07,8.8,164.0,185.0,66.7,1129.0,10.01,88.08,8.8,164.3,185,138,0.0,0.0,14.2,53.7,32.1,81.2,81.0,175.1,,False,False,False,False,False,False
"Feb 8, 2020, 6:23:11 PM",Much smoother 😀,8.01,68.48,8.55,166.7,185,8.01,68.48,8.55,167.0,185.0,52.8,930.0,8.01,68.48,8.55,166.7,185,122,0.0,1.7,17.6,28.6,52.2,68.8,65.4,177.7,,False,False,False,False,False,False
"Feb 7, 2020, 1:41:51 AM",Side stitch all the way....,7.01,62.25,8.88,160.2,185,7.0,61.85,8.84,160.0,185.0,44.4,785.0,7.01,62.25,8.88,160.2,185,141,0.0,0.0,17.0,74.4,8.6,59.8,59.0,174.6,,False,False,False,False,False,False
"Feb 5, 2020, 1:35:42 AM",With Shehla 😃,1.46,19.52,13.33,170.4,185,1.46,19.53,13.38,172.0,185.0,9.7,182.0,1.46,19.52,13.33,170.4,185,147,0.0,0.0,7.9,29.6,62.5,19.4,19.2,162.5,,False,False,False,True,False,False
"Feb 4, 2020, 1:42:11 AM",What an end: One of my best ones ... and coincidentally my 100th on strava 😀,7.16,61.4,8.58,162.0,184,7.16,61.38,8.57,163.0,184.0,43.0,799.0,7.16,61.4,8.58,162.0,184,141,0.0,0.0,18.6,56.6,24.8,57.8,59.8,177.8,,False,False,False,False,False,False
"Feb 2, 2020, 9:28:05 PM",Recovery: nice and easy,5.01,47.08,9.4,153.6,179,5.01,46.43,9.27,154.0,179.0,32.2,570.0,5.01,47.08,9.4,153.6,179,124,0.0,1.3,35.6,62.6,0.4,39.4,40.0,176.8,,False,False,False,True,False,False
"Feb 1, 2020, 5:32:22 PM",Serious long run after a while .. 1hr 8m at threshold 😄,11.53,105.65,9.16,168.9,182,11.53,102.37,8.88,169.0,182.0,78.2,1437.0,11.53,105.65,9.16,168.9,182,107,0.2,0.6,7.8,34.5,56.9,97.2,99.4,177.7,,False,False,False,True,False,False
"Jan 31, 2020, 1:48:28 AM",Nice and easy to start with full steam towards the end 😀,7.01,61.63,8.79,158.7,177,7.01,61.63,8.79,159.0,177.0,44.9,789.0,7.01,61.63,8.79,158.7,177,131,0.0,0.9,27.8,56.6,14.7,56.4,55.4,176.1,,False,False,False,False,False,False
"Jan 29, 2020, 3:50:42 AM",Third consecutive run with a side stitch.. is it due to eating before running??,7.12,61.43,8.63,164.0,185,7.12,61.28,8.61,164.0,185.0,44.5,812.0,7.12,61.43,8.63,164.0,185,139,0.0,0.0,13.9,63.0,23.1,59.0,60.2,179.8,,False,False,False,False,False,False
"Jan 23, 2020, 1:44:51 AM",Finally a run w/o any foot problems 😊,7.24,61.72,8.53,164.8,188,7.24,61.32,8.47,165.0,188.0,47.2,823.0,7.24,61.72,8.53,164.8,188,136,0.0,0.0,10.0,62.1,27.9,62.2,61.8,180.6,,False,False,False,False,False,False
"Jan 19, 2020, 6:54:46 PM",With kids,1.01,12.53,12.43,171.0,188,1.01,12.53,12.41,164.0,188.0,6.5,105.0,1.01,12.53,12.43,171.0,188,128,0.0,5.7,7.0,5.9,81.4,12.6,11.6,169.0,,False,False,False,True,False,False
"Jan 18, 2020, 2:18:39 AM",Fastest 10k but foot still not good 😔,7.25,61.23,8.44,177.4,190,7.25,61.27,8.45,177.0,190.0,44.4,839.0,7.25,61.23,8.44,177.4,190,163,0.0,0.0,0.0,8.3,91.7,60.8,61.6,176.2,,False,False,False,False,False,False
"Jan 16, 2020, 1:52:22 AM",On the phone for 30 mins,7.02,61.95,8.83,167.2,182,7.02,61.35,8.74,167.0,182.0,42.1,828.0,7.02,61.95,8.83,167.2,182,142,0.0,0.0,7.2,53.7,39.0,62.6,63.8,177.0,,False,False,False,False,False,False
"Jan 14, 2020, 1:46:46 AM",Much better but foot still not a 100%,7.04,61.65,8.76,166.2,184,7.04,61.2,8.69,168.0,184.0,43.8,845.0,7.04,61.65,8.76,166.2,184,112,0.2,1.8,8.1,48.3,41.6,61.0,61.6,178.5,1.0,False,False,False,False,False,False
"Jan 9, 2020, 2:07:05 AM",Foot much better,5.01,45.03,8.99,162.8,187,5.0,44.52,8.9,163.0,187.0,33.1,602.0,5.01,45.03,8.99,162.8,187,144,0.0,0.0,11.2,73.4,15.4,39.6,38.2,177.2,,False,False,False,False,False,False
"Jan 7, 2020, 1:33:22 AM","Foot still a bit sore..high cadence, smaller steps and less pressure",5.01,46.48,9.28,158.4,182,5.0,45.72,9.14,158.0,182.0,32.2,589.0,5.01,46.48,9.28,158.4,182,118,0.0,1.2,16.8,80.6,1.3,40.8,40.2,181.8,,False,False,False,True,False,False
"Jan 4, 2020, 8:11:00 PM",With kids,1.01,11.4,11.34,137.2,151,1.01,11.37,11.26,137.0,151.0,6.2,120.0,1.01,11.4,11.34,137.2,151,105,0.9,25.4,73.8,0.0,0.0,12.8,12.8,175.4,,False,False,False,True,False,False
"Jan 3, 2020, 1:36:30 AM",Slow: looks like I messed up my foot,5.01,47.68,9.52,155.5,185,5.01,47.55,9.49,155.0,185.0,32.1,606.0,5.01,47.68,9.52,155.5,185,126,0.0,1.2,37.6,56.4,4.8,38.4,37.6,177.0,,False,False,False,True,False,False
"Dec 31, 2019, 6:09:22 PM",Ending 2019 on a good note ,10.01,89.08,8.9,173.2,183,10.01,86.52,8.64,173.0,183.0,64.0,1275.0,10.01,89.08,8.9,173.2,183,125,0.0,0.4,2.7,14.3,82.6,77.2,81.6,174.9,,False,False,False,False,False,False
"Dec 29, 2019, 5:53:26 PM",With kids,1.0,13.35,13.29,165.9,180,1.0,13.13,13.13,168.0,180.0,5.0,104.0,1.0,13.35,13.29,165.9,180,123,0.0,8.4,7.9,25.7,57.9,13.4,12.8,165.9,,False,False,False,True,False,False
"Dec 27, 2019, 11:22:25 PM",Tiring....,7.18,70.85,9.87,177.5,192,7.18,63.53,8.85,177.0,192.0,45.0,899.0,7.18,70.85,9.87,177.5,192,157,0.0,0.0,0.0,9.5,90.5,65.8,65.2,175.4,0.963,False,False,False,True,False,False
"Dec 24, 2019, 7:55:53 PM",Carribean Sea: another one. Much slower. Its difficult to run on the inclined part of the beach. Foot started hurting pretty soon.,3.13,43.38,13.85,153.3,170,3.13,29.35,9.38,153.0,170.0,,345.0,3.13,43.38,13.85,153.3,170,105,1.1,7.9,25.4,65.6,0.0,7.8,8.6,182.7,0.929,False,False,False,True,False,False
"Dec 23, 2019, 9:28:38 PM",First time next to the water and bare feet. Difficult but feels great! 😀,3.13,34.35,10.99,178.9,191,3.12,27.38,8.78,179.0,191.0,5.0,401.0,3.13,34.35,10.99,178.9,191,97,0.4,0.7,3.1,15.6,80.2,10.8,11.2,177.8,1.078,False,False,False,True,False,False
"Dec 20, 2019, 9:19:21 PM",Running,0.25,2.78,,137.5,149,0.25,2.77,,133.0,149.0,,27.0,0.25,2.78,,137.5,149,115,0.0,26.9,73.1,0.0,0.0,0.6,0.4,166.1,,False,False,False,False,False,False
"Dec 9, 2019, 1:21:42 AM",10 miles after a while ,10.45,90.75,8.68,166.2,178,10.45,90.7,8.68,166.0,178.0,61.0,1199.0,10.45,90.75,8.68,166.2,178,132,0.0,0.0,4.6,73.1,22.3,87.8,87.6,178.4,,False,False,False,False,False,False
"Dec 7, 2019, 5:44:56 PM",Run with kids,1.03,12.98,12.64,178.3,192,1.03,12.87,12.5,179.0,192.0,6.0,123.0,1.03,12.98,12.64,178.3,192,115,0.0,1.3,1.4,5.2,92.1,13.6,14.4,171.6,,False,False,False,True,False,False
"Dec 6, 2019, 1:55:35 AM",Another 10k+,6.54,55.65,8.51,175.5,188,6.54,55.62,8.5,176.0,188.0,33.0,793.0,6.54,55.65,8.51,175.5,188,143,0.0,0.0,5.2,20.7,74.1,53.8,53.0,176.3,,False,False,False,False,False,False
"Dec 4, 2019, 2:14:10 AM",Great end to all the feasting ,8.28,73.42,8.87,171.2,184,8.27,72.13,8.72,171.0,184.0,49.0,997.0,8.28,73.42,8.87,171.2,184,146,0.0,0.0,2.9,32.4,64.7,66.2,69.2,176.5,0.099,False,False,False,False,False,False
"Nov 26, 2019, 8:52:39 PM",With Qazi bhai,5.01,43.02,8.58,163.9,185,5.01,42.83,8.55,164.0,185.0,26.0,560.0,5.01,43.02,8.58,163.9,185,132,0.0,0.2,27.8,26.2,45.7,47.6,49.6,173.8,,False,False,False,False,False,False
"Nov 23, 2019, 1:59:13 AM",Sub-8 is the new norm 😀,5.01,40.83,8.15,175.2,191,5.01,39.87,7.96,175.0,191.0,25.0,571.0,5.01,40.83,8.15,175.2,191,145,0.0,0.0,5.4,20.9,73.8,38.4,42.0,177.0,,False,False,False,False,False,False
"Nov 19, 2019, 2:02:53 AM",Nice and easy while on the phone,5.02,42.68,8.5,156.8,161,5.02,42.67,8.5,150.0,161.0,29.0,568.0,5.02,42.68,8.5,156.8,161,110,0.3,1.8,11.7,86.2,0.0,41.0,39.6,181.1,,False,False,False,False,False,False
"Nov 16, 2019, 2:51:40 AM",Another sub-8 min one 😀,5.01,40.33,8.05,176.0,199,5.0,39.95,7.99,177.0,199.0,25.0,572.0,5.01,40.33,8.05,176.0,199,145,0.0,0.0,2.7,24.4,72.8,40.0,39.2,176.5,,False,False,False,False,False,False
"Nov 9, 2019, 5:54:20 PM",Fastest 10k,6.66,56.57,8.49,177.7,193,6.66,54.43,8.17,178.0,193.0,33.0,775.0,6.66,56.57,8.49,177.7,193,145,0.0,0.0,0.5,21.6,77.8,60.2,65.0,177.9,,False,False,False,False,False,False
"Nov 9, 2019, 5:33:42 PM",With kids,1.0,11.77,11.78,175.5,179,0.99,11.8,11.92,175.0,179.0,5.0,122.0,1.0,11.77,11.78,175.5,179,172,0.0,0.0,0.0,0.0,100.0,14.2,12.0,168.2,,False,False,False,True,False,False
"Nov 7, 2019, 2:02:03 AM",San Jose,5.01,42.05,8.39,169.1,184,5.01,42.05,8.39,169.0,184.0,27.0,600.0,5.01,42.05,8.39,169.1,184,135,0.0,0.0,13.0,29.4,57.6,39.0,39.6,179.0,,False,False,False,False,False,False
"Nov 1, 2019, 1:26:53 AM",Yay! First ever < 8 min/mile run 😀 .. pulling off the best trick on the Halloween ,5.01,40.22,8.03,171.4,190,5.01,39.85,7.95,171.0,190.0,22.0,569.0,5.01,40.22,8.03,171.4,190,138,0.0,0.0,7.0,39.3,53.6,36.2,42.4,178.4,,False,False,False,False,False,False
"Oct 29, 2019, 12:57:05 AM",San Jose,5.01,43.62,8.7,166.1,185,5.01,41.95,8.37,166.0,185.0,29.0,566.0,5.01,43.62,8.7,166.1,185,136,0.0,0.0,12.3,52.4,35.3,40.0,38.8,176.6,,False,False,False,False,False,False
"Oct 23, 2019, 12:44:22 AM",Aborted... first attempt at <8min/mile for 5 miles,4.01,32.3,8.05,169.0,189,4.01,32.33,8.06,174.0,189.0,8.0,457.0,4.01,32.3,8.05,169.0,189,92,4.1,3.5,6.7,24.0,61.7,36.6,46.0,178.9,,False,False,False,False,False,False
"Oct 18, 2019, 1:59:24 AM",First ever road run 😊,5.01,45.77,9.14,154.3,171,5.0,44.82,8.96,155.0,171.0,24.0,572.0,5.01,45.77,9.14,154.3,171,60,0.6,1.6,26.9,70.8,0.2,40.0,40.6,175.8,,False,False,False,True,False,False
"Oct 17, 2019, 12:46:07 AM",Loved it! Delighted with the last mile,6.23,52.8,8.47,168.2,189,6.22,52.42,8.43,168.0,189.0,23.0,725.0,6.23,52.8,8.47,168.2,189,144,0.0,0.0,4.9,52.8,42.4,56.8,62.8,177.2,,False,False,False,False,False,False
"Oct 16, 2019, 2:10:54 AM",San Jose,1.08,14.85,13.74,184.1,191,1.08,12.93,11.97,184.0,191.0,5.0,147.0,1.08,14.85,13.74,184.1,191,156,0.0,0.0,0.0,2.0,98.0,12.4,11.0,166.1,,False,False,False,True,False,False
"Oct 13, 2019, 4:22:25 PM",Finally 10 miles with < 9min/mile 😀,10.01,91.45,9.14,172.8,186,10.0,89.5,8.95,173.0,186.0,41.0,1298.0,10.01,91.45,9.14,172.8,186,101,0.1,1.0,5.1,19.5,74.3,97.0,97.0,178.8,,False,False,False,True,False,False
"Oct 9, 2019, 12:58:53 AM",San Jose,3.58,30.92,8.63,161.4,179,3.58,30.78,8.6,162.0,179.0,18.0,408.0,3.58,30.92,8.63,161.4,179,139,0.0,0.0,8.6,81.0,10.4,44.8,38.4,179.9,,False,False,False,False,False,False
"Oct 5, 2019, 2:13:05 AM",San Jose,1.07,14.88,13.94,184.0,192,1.07,12.83,11.99,188.0,192.0,5.0,142.0,1.07,14.88,13.94,184.0,192,157,0.0,0.0,0.0,1.6,98.4,11.0,10.6,166.8,,False,False,False,True,False,False
"Oct 5, 2019, 12:55:07 AM",Nice and easy 10k,6.23,56.75,9.11,159.5,176,6.22,56.78,9.13,160.0,176.0,22.0,730.0,6.23,56.75,9.11,159.5,176,134,0.0,0.0,14.6,77.9,7.5,67.0,68.4,177.2,,False,False,False,True,False,False
"Oct 1, 2019, 2:22:00 AM",San Jose,1.09,15.33,14.04,175.2,191,1.09,13.32,12.22,181.0,191.0,5.0,149.0,1.09,15.33,14.04,175.2,191,107,0.4,1.1,8.1,21.2,69.2,10.8,10.8,165.3,,False,False,False,True,False,False
"Oct 1, 2019, 1:11:48 AM",San Jose,5.01,42.82,8.55,169.3,188,5.01,42.8,8.54,169.0,188.0,19.0,586.0,5.01,42.82,8.55,169.3,188,138,0.0,0.0,8.2,43.6,48.2,49.4,52.4,178.2,,False,False,False,False,False,False
"Sep 27, 2019, 3:17:11 AM",San Jose,1.16,15.78,13.65,181.8,193,1.16,14.48,12.48,182.0,193.0,5.0,172.0,1.16,15.78,13.65,181.8,193,120,0.0,2.4,1.6,8.2,87.8,11.4,11.0,163.3,,False,False,False,True,False,False
"Sep 27, 2019, 1:09:11 AM",Not only the fastest but the best avg cadence I’ve ever had (180spm),5.01,42.6,8.5,173.3,192,5.01,42.6,8.5,173.0,192.0,20.0,594.0,5.01,42.6,8.5,173.3,192,131,0.0,0.6,7.1,20.8,71.6,49.2,52.8,179.3,,False,False,False,False,False,False
"Sep 22, 2019, 4:12:25 PM",Eaxctly same # calories as yesterday’s bike ride which took 25% more time.,6.73,67.47,10.02,165.8,185,6.73,66.58,9.89,166.0,185.0,29.0,890.0,6.73,67.47,10.02,165.8,185,111,0.1,0.8,12.8,37.8,48.5,66.0,70.0,174.4,,False,False,False,True,False,False
"Sep 22, 2019, 3:51:34 PM",First one with the kids,1.01,12.9,12.81,122.9,134,1.01,12.68,12.55,123.0,134.0,3.0,114.0,1.01,12.9,12.81,122.9,134,116,0.0,98.0,2.0,0.0,0.0,11.4,15.2,167.4,,False,False,False,True,False,False
"Sep 21, 2019, 2:35:12 AM",San Jose,1.0,12.38,12.34,187.8,199,1.0,12.25,12.25,188.0,199.0,3.0,156.0,1.0,12.38,12.34,187.8,199,135,0.0,0.0,3.6,4.7,91.7,8.2,10.8,160.5,,False,False,False,True,False,False
"Sep 19, 2019, 12:54:30 AM",San Jose,5.01,48.78,9.75,155.6,180,5.01,48.72,9.72,156.0,180.0,20.0,599.0,5.01,48.78,9.75,155.6,180,136,0.0,0.0,22.9,76.2,0.9,50.6,54.8,175.6,,False,False,False,True,False,False
"Sep 17, 2019, 12:58:42 AM",First attempt at HIIT,5.01,45.02,8.98,172.1,191,5.01,45.02,8.99,173.0,191.0,16.0,635.0,5.01,45.02,8.98,172.1,191,94,0.5,0.4,12.3,22.5,64.3,45.6,51.0,173.6,,False,False,False,False,False,False
"Sep 15, 2019, 4:03:56 PM",San Jose,1.02,12.58,12.4,162.6,190,1.02,11.93,11.7,158.0,190.0,2.8,141.0,1.02,12.58,12.4,162.6,190,102,5.0,8.6,10.3,35.4,40.7,10.0,15.2,172.6,,False,False,False,True,False,False
"Sep 14, 2019, 3:51:21 PM",San Jose,6.6,65.9,9.98,161.7,175,6.6,65.08,9.86,162.0,175.0,28.0,856.0,6.6,65.9,9.98,161.7,175,103,0.4,1.7,11.0,72.0,14.9,69.6,68.4,174.3,,False,False,False,True,False,False
"Sep 12, 2019, 1:32:07 AM",San Jose,5.1,49.73,9.76,156.2,168,5.1,49.68,9.74,156.0,168.0,18.0,633.0,5.1,49.73,9.76,156.2,168,127,0.0,0.8,12.0,87.1,0.0,53.2,57.6,171.8,,False,False,False,True,False,False
"Sep 11, 2019, 1:39:54 AM",The fastest I’ve ever run 😊,5.01,43.58,8.7,169.8,189,5.01,43.58,8.7,170.0,189.0,17.0,599.0,5.01,43.58,8.7,169.8,189,140,0.0,0.0,10.3,28.8,60.9,49.0,52.4,178.7,,False,False,False,False,False,False
"Sep 9, 2019, 1:01:17 AM",Lowest HR run to date,5.01,49.8,9.95,153.3,167,5.01,49.8,9.94,154.0,167.0,18.0,623.0,5.01,49.8,9.95,153.3,167,87,0.9,1.4,29.9,67.8,0.0,50.6,56.0,172.9,,False,False,False,True,False,False
"Sep 7, 2019, 4:50:54 PM",Refreshing,10.0,97.47,9.74,170.3,187,10.0,96.08,9.61,170.0,187.0,39.0,1338.0,10.0,97.47,9.74,170.3,187,141,0.0,0.0,2.3,37.6,60.1,104.0,102.0,173.5,0.108,False,False,False,True,False,False
"Sep 6, 2019, 1:35:15 AM",San Jose,5.0,46.8,9.36,169.2,188,5.0,46.8,9.36,169.0,188.0,18.0,646.0,5.0,46.8,9.36,169.2,188,105,0.2,0.5,4.0,62.4,32.9,48.2,53.8,177.9,,False,False,False,True,False,False
"Sep 4, 2019, 2:27:18 AM",San Jose,0.86,8.35,9.72,178.3,183,0.86,8.35,9.71,178.0,183.0,7.0,111.0,0.86,8.35,9.72,178.3,183,173,0.0,0.0,0.0,0.0,100.0,14.2,3.8,173.3,,False,False,False,True,False,False
"Sep 4, 2019, 1:46:34 AM",San Jose,4.08,39.05,9.58,164.5,178,4.08,39.05,9.57,165.0,178.0,8.0,499.0,4.08,39.05,9.58,164.5,178,103,0.4,0.8,9.8,60.8,28.2,34.6,51.2,177.2,,False,False,False,True,False,False
"Sep 1, 2019, 2:36:47 PM",Long run after a long time,10.01,104.07,10.4,165.0,186,10.01,103.18,10.31,165.0,186.0,41.0,1367.0,10.01,104.07,10.4,165.0,186,97,0.2,0.7,10.4,63.0,25.7,107.0,107.8,173.2,0.026,False,False,False,True,False,False
"Aug 30, 2019, 1:34:18 AM",First run after returning ,5.01,49.88,9.96,160.9,187,5.01,49.88,9.96,161.0,187.0,16.0,628.0,5.01,49.88,9.96,160.9,187,106,0.4,4.8,27.0,30.7,37.1,52.0,57.4,173.3,,False,False,False,True,False,False
"Aug 24, 2019, 12:39:08 AM",Last run and the longest run in Lahore. Completing 100 miles in Lahore in 45 days.,7.01,72.15,10.3,169.7,194,7.01,71.28,10.17,170.0,194.0,,953.0,7.01,72.15,10.3,169.7,194,114,0.0,1.1,15.4,30.3,53.2,70.0,67.0,168.5,,False,False,False,True,False,False
"Aug 20, 2019, 12:32:22 AM",Lahore,4.01,39.5,9.86,167.4,196,4.01,39.5,9.85,167.0,196.0,,524.0,4.01,39.5,9.86,167.4,196,112,0.3,5.5,14.5,31.7,48.0,35.2,33.8,173.4,,False,False,False,True,False,False
"Aug 19, 2019, 12:36:28 AM",Lahore,6.23,63.62,10.22,,,6.23,63.62,10.21,,,,836.0,6.23,63.62,10.22,,,,,,,,,57.0,56.6,,,False,False,False,True,False,False
"Aug 11, 2019, 12:32:33 AM",Lahore,4.01,40.0,9.98,163.3,189,4.01,40.0,9.98,163.0,189.0,,524.0,4.01,40.0,9.98,163.3,189,124,0.0,4.2,18.9,34.1,42.9,38.0,37.0,177.2,,False,False,False,True,False,False
"Aug 9, 2019, 12:31:45 AM",Lahore,5.01,50.05,10.0,164.0,196,5.01,50.0,9.98,164.0,196.0,,656.0,5.01,50.05,10.0,164.0,196,106,0.5,2.1,21.3,29.8,46.3,45.2,44.8,174.5,,False,False,False,True,False,False
"Aug 7, 2019, 12:37:14 AM",Lahore,5.01,49.75,9.93,,,5.01,49.75,9.93,,,,663.0,5.01,49.75,9.93,,,,,,,,,45.6,44.2,,,False,False,False,True,False,False
"Aug 6, 2019, 12:25:22 AM",Lahore,4.01,42.02,10.48,163.6,189,4.01,41.95,10.46,164.0,189.0,,544.0,4.01,42.02,10.48,163.6,189,110,0.5,8.0,15.9,31.2,44.3,37.0,35.6,174.3,,False,False,False,True,False,False
"Aug 4, 2019, 12:33:26 AM",Lahore,4.0,39.02,9.75,164.7,187,4.0,39.02,9.76,165.0,187.0,,518.0,4.0,39.02,9.75,164.7,187,111,0.3,3.1,15.4,37.4,43.8,39.4,35.6,172.4,,False,False,False,True,False,False
"Aug 2, 2019, 12:43:12 AM",Missing 10k under an hour by just 20 secs despite picking up the pace at the end.,6.22,60.33,9.7,167.8,194,6.22,60.33,9.7,168.0,194.0,,823.0,6.22,60.33,9.7,167.8,194,93,0.5,3.8,14.3,26.9,54.5,57.8,56.0,175.9,,False,False,False,True,False,False
"Jul 29, 2019, 12:30:26 AM",Lahore,5.01,50.2,10.03,164.6,185,5.01,48.78,9.74,165.0,185.0,,640.0,5.01,50.2,10.03,164.6,185,94,0.8,3.4,15.9,31.9,48.0,45.8,44.8,176.5,,False,False,False,True,False,False
"Jul 27, 2019, 12:37:37 AM",Lahore,5.01,51.38,10.27,167.4,189,5.01,48.92,9.76,167.0,189.0,,655.0,5.01,51.38,10.27,167.4,189,121,0.0,2.7,13.8,30.0,53.6,47.6,45.4,176.0,0.114,False,False,False,True,False,False
"Jul 25, 2019, 12:35:36 AM",Lots of rain,4.01,42.47,10.6,156.5,178,4.01,41.4,10.32,156.0,178.0,6.0,515.0,4.01,42.47,10.6,156.5,178,106,0.4,3.1,26.2,63.6,6.7,47.2,38.6,174.2,,False,False,False,True,False,False
"Jul 23, 2019, 12:28:08 AM",HEAT!!!,4.07,43.63,10.72,167.1,183,4.07,41.3,10.15,167.0,183.0,,550.0,4.07,43.63,10.72,167.1,183,104,0.6,1.9,13.3,33.5,50.7,40.6,39.0,175.0,0.061,False,False,False,True,False,False
"Jul 21, 2019, 12:30:51 AM",Slightly better weather leading to slightly better pace,6.23,63.23,10.15,168.0,189,6.23,60.93,9.78,168.0,189.0,,837.0,6.23,63.23,10.15,168.0,189,113,0.1,1.6,16.1,24.3,58.0,59.8,58.6,175.2,0.067,False,False,False,True,False,False
"Jul 20, 2019, 12:21:35 AM",Lahore,5.01,53.72,10.73,159.3,181,5.01,51.52,10.28,159.0,181.0,,653.0,5.01,53.72,10.73,159.3,181,118,0.0,3.0,27.9,43.7,25.3,52.6,49.8,174.6,0.032,False,False,False,True,False,False
"Jul 18, 2019, 12:29:44 AM",Humid as hell! One of the hardest run I’ve done,5.01,52.9,10.56,170.6,188,5.01,49.82,9.94,170.0,188.0,,673.0,5.01,52.9,10.56,170.6,188,141,0.0,0.0,14.8,27.5,57.7,45.6,45.8,173.5,0.15,False,False,False,True,False,False
"Jul 16, 2019, 4:08:51 AM",10k in the rain,6.23,65.37,10.49,172.0,197,6.23,61.2,9.82,172.0,197.0,,854.0,6.23,65.37,10.49,172.0,197,120,0.0,0.8,8.8,35.4,55.0,68.4,59.2,174.2,0.055,False,False,False,True,False,False
"Jul 15, 2019, 12:41:17 AM",Lahore,5.01,53.3,10.63,167.1,191,5.01,49.82,9.94,167.0,191.0,9.0,669.0,5.01,53.3,10.63,167.1,191,141,0.0,0.0,18.2,32.0,49.8,47.0,47.6,172.0,0.225,False,False,False,True,False,False
"Jul 13, 2019, 1:25:05 AM",Happy with the splits,5.03,52.05,10.36,172.9,199,5.03,50.07,9.95,173.0,199.0,,691.0,5.03,52.05,10.36,172.9,199,97,0.4,2.4,13.0,19.0,65.2,50.8,48.0,173.4,0.106,False,False,False,True,False,False
"Jul 11, 2019, 12:29:57 AM",First run in lahore in 35C feels like with 80% humidity. Loved it!,4.01,41.17,10.26,174.7,195,4.01,39.9,9.95,176.0,195.0,,557.0,4.01,41.17,10.26,174.7,195,99,0.4,0.8,7.2,28.1,63.5,49.0,48.8,170.3,0.39,False,False,False,True,False,False
"Jun 28, 2019, 1:15:56 AM",10k after a while,6.22,60.1,9.67,169.3,196,6.22,59.43,9.55,169.0,196.0,21.0,828.0,6.22,60.1,9.67,169.3,196,146,0.0,0.0,7.5,42.5,50.0,63.2,67.2,173.4,,False,False,False,True,False,False
"Jun 26, 2019, 1:38:17 AM",First fully fit run in a while,5.01,48.82,9.75,169.5,199,5.01,47.72,9.52,170.0,199.0,17.0,624.0,5.01,48.82,9.75,169.5,199,94,0.8,0.8,12.9,32.8,52.7,47.6,53.0,173.6,,False,False,False,True,False,False
"Jun 23, 2019, 9:45:41 PM","San Francisco / San Francisco, Pier 19",0.28,2.82,,145.5,151,0.28,2.82,,145.0,151.0,,32.0,0.28,2.82,,145.5,151,135,0.0,0.0,100.0,0.0,0.0,1.2,1.2,176.3,,False,False,False,False,False,False
"Jun 20, 2019, 3:16:09 PM",San Jose,5.01,49.48,9.88,166.2,185,5.01,49.23,9.83,166.0,185.0,18.0,656.0,5.01,49.48,9.88,166.2,185,66,1.0,1.9,11.5,38.3,47.3,58.6,56.2,173.7,,False,False,False,True,False,False
"Jun 16, 2019, 4:55:07 PM",First run after the injury 😊,3.12,29.65,9.51,177.3,194,3.12,29.65,9.5,177.0,194.0,12.0,379.0,3.12,29.65,9.51,177.3,194,83,0.2,0.1,0.1,26.9,72.7,29.0,37.2,175.7,,False,False,False,True,False,False
"Jun 9, 2019, 3:52:52 PM",San Jose,4.24,41.12,9.69,174.5,195,4.24,40.4,9.53,174.0,195.0,15.0,541.0,4.24,41.12,9.69,174.5,195,122,0.0,1.0,8.0,26.9,64.0,37.8,44.6,171.4,,False,False,False,True,False,False
"Jun 8, 2019, 1:38:45 AM",San Jose,5.01,49.87,9.95,173.6,194,5.01,49.6,9.9,174.0,194.0,18.0,636.0,5.01,49.87,9.95,173.6,194,130,0.0,0.4,12.1,20.8,66.7,52.2,57.0,171.2,,False,False,False,True,False,False
"May 28, 2019, 4:41:25 AM",Indoor Running,0.35,7.92,,96.8,102,0.35,7.92,,92.0,102.0,,38.0,0.35,7.92,,96.8,102,72,100.0,0.0,0.0,0.0,0.0,0,0,128.8,,False,False,False,False,False,False
"May 21, 2019, 1:09:47 AM",San Jose,3.44,33.03,9.6,160.0,186,3.44,32.78,9.53,160.0,186.0,13.0,425.0,3.44,33.03,9.6,160.0,186,126,0.0,7.0,20.0,40.5,32.5,101.4,108.2,177.6,,False,False,False,True,False,False
"May 4, 2019, 4:50:27 PM",San Jose,13.11,141.02,10.76,167.0,192,13.11,140.17,10.69,167.0,192.0,62.0,1869.0,13.11,141.02,10.76,167.0,192,130,0.0,1.0,11.9,40.2,46.9,544.8,545.8,174.0,,False,False,False,True,False,False
"Apr 27, 2019, 3:44:38 PM",San Jose,13.01,129.77,9.97,177.9,196,13.01,129.0,9.92,178.0,196.0,64.5,1864.0,13.01,129.77,9.97,177.9,196,124,0.0,0.8,6.2,14.4,78.6,342.4,345.4,171.2,,False,False,False,True,False,False
"Apr 21, 2019, 6:47:40 PM",San Jose,11.23,111.47,9.92,173.1,186,11.23,110.97,9.88,173.0,186.0,48.3,1630.0,11.23,111.47,9.92,173.1,186,130,0.0,1.0,8.1,20.3,70.6,294.0,311.0,172.1,,False,False,False,True,False,False
"Apr 18, 2019, 4:14:05 PM",San Jose,5.01,46.42,9.27,171.5,189,5.01,46.42,9.27,172.0,189.0,23.3,663.0,5.01,46.42,9.27,171.5,189,145,0.0,0.0,5.3,31.9,62.8,147.0,151.4,175.9,,False,False,False,True,False,False
"Apr 16, 2019, 6:08:11 PM",San Jose,5.01,45.15,9.02,178.3,190,5.01,45.15,9.01,178.0,190.0,22.8,650.0,5.01,45.15,9.02,178.3,190,156,0.0,0.0,0.0,18.6,81.4,121.0,120.8,175.3,,False,False,False,True,False,False
"Apr 11, 2019, 12:30:13 AM",San Jose,5.01,44.25,8.84,170.2,187,5.01,44.25,8.83,169.0,187.0,23.0,651.0,5.01,44.25,8.84,170.2,187,124,0.0,2.6,9.2,27.5,60.6,167.4,181.2,175.2,,False,False,False,False,False,False
"Apr 10, 2019, 1:11:40 AM",San Jose,5.01,45.77,9.14,168.3,184,5.01,45.7,9.12,168.0,184.0,23.3,641.0,5.01,45.77,9.14,168.3,184,146,0.0,0.0,6.9,54.8,38.3,119.0,127.8,178.5,,False,False,False,True,False,False
"Apr 8, 2019, 1:31:51 AM",San Jose,5.01,43.95,8.78,171.7,188,5.01,43.95,8.77,169.0,188.0,22.9,640.0,5.01,43.95,8.78,171.7,188,139,0.0,0.0,4.6,36.8,58.6,140.4,148.4,173.3,,False,False,False,False,False,False
"Apr 5, 2019, 12:38:32 AM",San Jose,5.01,45.25,9.03,165.4,191,5.01,45.08,9.0,165.0,191.0,23.2,638.0,5.01,45.25,9.03,165.4,191,114,0.0,5.0,15.0,37.8,42.1,167.0,171.6,175.0,,False,False,False,True,False,False
"Mar 30, 2019, 5:53:01 PM",San Jose,10.01,95.88,9.58,172.0,187,10.01,95.77,9.57,172.0,187.0,50.1,1394.0,10.01,95.88,9.58,172.0,187,150,0.0,0.0,1.1,38.2,60.6,388.4,401.2,174.7,,False,False,False,True,False,False
"Mar 29, 2019, 12:59:27 AM",Afternoon Run,5.01,44.5,8.89,168.2,188,5.01,44.5,8.88,168.0,188.0,22.6,624.0,5.01,44.5,8.89,168.2,188,113,0.1,2.0,15.6,27.0,55.4,154.4,154.2,176.3,,False,False,False,False,False,False
"Mar 27, 2019, 12:38:17 AM",San Jose,4.34,39.58,9.12,171.3,189,4.34,39.58,9.12,171.0,189.0,16.5,580.0,4.34,39.58,9.12,171.3,189,119,0.0,2.0,10.4,22.0,65.6,111.6,125.6,172.4,,False,False,False,True,False,False
"Mar 20, 2019, 12:34:31 AM",San Jose,5.0,46.8,9.35,161.9,180,5.0,46.32,9.26,162.0,180.0,24.4,639.0,5.0,46.8,9.35,161.9,180,126,0.0,0.5,11.4,63.2,25.0,128.6,137.0,173.9,,False,False,False,True,False,False
"Mar 19, 2019, 1:07:45 AM",San Jose,5.01,46.27,9.24,167.2,186,5.01,46.27,9.24,167.0,186.0,23.6,672.0,5.01,46.27,9.24,167.2,186,117,0.0,2.3,8.5,46.1,43.1,123.8,136.4,176.4,,False,False,False,True,False,False
"Mar 16, 2019, 10:35:54 PM",San Jose,5.01,45.83,9.15,171.5,192,5.01,45.43,9.07,171.0,192.0,23.7,671.0,5.01,45.83,9.15,171.5,192,116,0.0,3.7,8.8,31.0,56.4,158.6,170.4,175.6,,False,False,False,True,False,False
"Mar 16, 2019, 12:28:47 AM",San Jose,5.01,45.13,9.01,173.4,193,5.01,44.77,8.94,174.0,193.0,23.7,679.0,5.01,45.13,9.01,173.4,193,129,0.0,0.5,7.8,27.6,64.1,128.4,136.0,175.1,,False,False,False,True,False,False
"Mar 8, 2019, 1:18:07 AM",San Jose,3.12,26.8,8.59,175.1,192,3.12,26.8,8.59,174.0,192.0,15.0,385.0,3.12,26.8,8.59,175.1,192,159,0.0,0.0,0.0,34.6,65.4,82.8,87.4,177.2,,False,False,False,False,False,False
"Mar 6, 2019, 1:30:20 AM",San Jose,3.12,27.05,8.68,178.5,198,3.12,27.05,8.67,179.0,198.0,15.8,386.0,3.12,27.05,8.68,178.5,198,166,0.0,0.0,0.0,5.8,94.2,76.0,81.6,176.2,,False,False,False,False,False,False
"Mar 3, 2019, 9:04:40 PM",San Jose,6.84,66.12,9.67,173.3,184,6.84,66.12,9.67,173.0,184.0,34.1,969.0,6.84,66.12,9.67,173.3,184,126,0.0,0.5,4.9,19.5,75.1,198.0,202.6,173.1,,False,False,False,True,False,False
"Mar 1, 2019, 1:20:48 AM",San Jose,3.12,26.63,8.54,172.7,189,3.12,26.63,8.54,175.0,189.0,15.3,383.0,3.12,26.63,8.54,172.7,189,155,0.0,0.0,0.0,34.7,65.3,77.8,82.6,173.3,,False,False,False,False,False,False
"Feb 23, 2019, 11:07:47 PM",San Jose,6.23,54.92,8.82,172.2,188,6.23,54.92,8.82,172.0,188.0,31.1,800.0,6.23,54.92,8.82,172.2,188,138,0.0,0.0,6.9,33.3,59.8,177.8,189.4,173.9,,False,False,False,False,False,False
"Feb 22, 2019, 1:19:30 AM",San Jose,3.12,26.42,8.48,171.8,187,3.12,26.42,8.47,172.0,187.0,15.8,360.0,3.12,26.42,8.48,171.8,187,147,0.0,0.0,7.2,35.5,57.3,77.2,85.2,176.6,,False,False,False,False,False,False
"Feb 21, 2019, 1:20:17 AM",San Jose,3.12,27.67,8.87,168.0,188,3.12,27.67,8.87,170.0,188.0,22.3,373.0,3.12,27.67,8.87,168.0,188,145,0.0,0.0,9.4,45.5,45.1,64.8,72.0,175.0,,False,False,False,False,False,False
"Feb 18, 2019, 7:42:56 PM",San Jose,3.13,25.75,8.23,175.3,191,3.13,25.75,8.23,175.0,191.0,15.6,390.0,3.13,25.75,8.23,175.3,191,132,0.0,0.3,7.2,17.1,75.5,57.4,63.0,178.1,,False,False,False,False,False,False
"Feb 17, 2019, 9:54:56 PM",San Jose,3.12,27.48,8.81,170.7,193,3.12,27.48,8.81,171.0,193.0,15.9,395.0,3.12,27.48,8.81,170.7,193,141,0.0,0.0,6.8,46.9,46.3,95.0,100.8,178.4,,False,False,False,False,False,False
"Feb 16, 2019, 9:42:23 PM",San Jose,3.12,27.53,8.82,176.2,189,3.12,27.53,8.82,178.0,189.0,16.3,362.0,3.12,27.53,8.82,176.2,189,165,0.0,0.0,0.0,10.8,89.2,114.2,119.0,175.6,,False,False,False,False,False,False
"Feb 10, 2019, 6:47:55 PM",San Jose,3.36,29.38,8.74,176.3,193,3.36,29.38,8.74,176.0,193.0,15.7,437.0,3.36,29.38,8.74,176.3,193,130,0.0,0.4,6.8,19.4,73.4,90.4,90.0,179.5,,False,False,False,False,False,False
"Feb 9, 2019, 9:01:02 PM",San Jose,5.01,47.07,9.4,171.7,191,5.01,47.07,9.4,172.0,191.0,23.6,674.0,5.01,47.07,9.4,171.7,191,144,0.0,0.0,4.8,44.1,51.1,119.4,129.0,171.5,,False,False,False,True,False,False
"Feb 3, 2019, 9:43:59 PM",San Jose,9.38,89.33,9.53,175.3,191,9.38,89.33,9.52,175.0,191.0,44.9,1307.0,9.38,89.33,9.53,175.3,191,125,0.0,0.8,5.0,21.2,73.0,263.0,272.4,176.4,,False,False,False,True,False,False
"Feb 2, 2019, 7:19:26 PM",San Jose,2.28,19.52,8.57,168.7,182,2.28,19.52,8.56,169.0,182.0,11.0,273.0,2.28,19.52,8.57,168.7,182,127,0.0,1.4,10.4,30.6,57.6,43.6,44.0,175.7,,False,False,False,False,False,False
"Jan 27, 2019, 11:15:29 PM",San Jose,3.12,28.5,9.15,160.6,178,3.12,28.5,9.13,160.0,178.0,15.5,367.0,3.12,28.5,9.15,160.6,178,128,0.0,0.4,14.6,67.6,17.3,91.2,95.6,172.4,,False,False,False,True,False,False
"Jan 26, 2019, 8:40:21 PM",San Jose,3.12,27.88,8.94,174.2,192,3.12,27.88,8.94,174.0,192.0,15.7,400.0,3.12,27.88,8.94,174.2,192,147,0.0,0.0,4.4,26.6,69.0,98.4,87.4,176.2,,False,False,False,False,False,False
"Jan 26, 2019, 12:59:26 AM",San Jose,3.12,30.53,9.79,154.6,181,3.12,30.53,9.79,154.0,181.0,16.1,357.0,3.12,30.53,9.79,154.6,181,141,0.0,0.0,36.3,60.3,3.4,61.8,74.0,171.1,,False,False,False,True,False,False
"Jan 25, 2019, 1:04:57 AM",San Jose,3.12,30.08,9.65,165.9,180,3.12,30.08,9.64,166.0,180.0,16.2,382.0,3.12,30.08,9.65,165.9,180,152,0.0,0.0,0.0,79.6,20.4,103.4,106.0,176.3,,False,False,False,True,False,False
"Jan 22, 2019, 12:34:10 AM",San Jose,3.12,29.63,9.51,166.4,180,3.12,29.63,9.5,167.0,180.0,15.3,382.0,3.12,29.63,9.51,166.4,180,151,0.0,0.0,2.0,59.2,38.8,73.6,82.2,181.1,,False,False,False,True,False,False
"Jan 20, 2019, 8:57:06 PM",San Jose,6.23,60.17,9.66,175.0,192,6.23,60.17,9.66,176.0,192.0,31.1,860.0,6.23,60.17,9.66,175.0,192,144,0.0,0.0,6.3,23.5,70.1,193.8,206.4,174.5,,False,False,False,True,False,False
"Jan 19, 2019, 7:44:58 PM",San Jose,3.39,33.02,9.73,176.4,194,3.39,33.02,9.74,176.0,194.0,16.0,455.0,3.39,33.02,9.73,176.4,194,148,0.0,0.0,4.7,28.0,67.3,78.2,91.2,176.0,,False,False,False,True,False,False
"Jan 12, 2019, 8:44:08 PM",San Jose,6.23,60.42,9.7,174.2,194,6.23,60.42,9.7,175.0,194.0,31.0,863.0,6.23,60.42,9.7,174.2,194,143,0.0,0.0,5.2,18.3,76.5,162.8,166.0,176.4,,False,False,False,True,False,False
"Jan 4, 2019, 7:46:49 PM",San Jose,3.12,29.3,9.39,180.7,190,3.12,29.3,9.39,182.0,190.0,15.0,369.0,3.12,29.3,9.39,180.7,190,163,0.0,0.0,0.0,3.5,96.5,72.0,76.6,176.5,,False,False,False,True,False,False
"Jan 3, 2019, 12:49:47 AM",San Jose,3.12,29.8,9.56,164.5,181,3.12,29.8,9.55,165.0,181.0,15.1,400.0,3.12,29.8,9.56,164.5,181,115,0.0,2.6,10.2,65.2,22.0,53.6,60.8,183.3,,False,False,False,True,False,False
"Jan 2, 2019, 12:34:13 AM",San Jose,3.12,29.83,9.57,171.4,193,3.12,29.83,9.56,171.0,193.0,15.4,382.0,3.12,29.83,9.57,171.4,193,154,0.0,0.0,0.0,46.7,53.3,98.8,98.0,177.8,,False,False,False,True,False,False
"Dec 25, 2018, 9:47:13 PM",San Jose,6.23,59.47,9.55,173.2,197,6.23,59.42,9.54,173.0,197.0,31.1,848.0,6.23,59.47,9.55,173.2,197,127,0.0,0.3,3.9,25.3,70.5,159.2,162.6,177.1,,False,False,False,True,False,False
"Dec 24, 2018, 9:36:35 PM",San Jose,3.13,30.67,9.81,162.3,190,3.13,30.47,9.73,162.0,190.0,13.5,394.0,3.13,30.67,9.81,162.3,190,126,0.0,5.9,16.1,41.2,36.7,79.2,85.8,171.0,,False,False,False,True,False,False
"Dec 23, 2018, 10:08:46 PM",San Jose,3.12,29.43,9.44,165.9,188,3.12,29.43,9.43,166.0,188.0,15.0,395.0,3.12,29.43,9.44,165.9,188,122,0.0,4.3,11.2,43.0,41.5,61.2,67.0,179.6,,False,False,False,True,False,False
"Dec 16, 2018, 9:36:01 PM",San Jose,3.12,28.8,9.24,174.2,191,3.12,28.8,9.23,175.0,191.0,15.1,405.0,3.12,28.8,9.24,174.2,191,159,0.0,0.0,0.0,30.4,69.6,69.8,79.4,176.2,,False,False,False,True,False,False
"Dec 15, 2018, 8:09:54 PM",San Jose,3.11,30.98,9.95,167.7,195,3.11,30.98,9.96,168.0,195.0,15.4,424.0,3.11,30.98,9.95,167.7,195,146,0.0,0.0,10.8,48.1,41.2,59.6,69.8,168.4,,False,False,False,True,False,False
"Dec 2, 2018, 9:18:08 PM",San Jose,3.12,31.67,10.14,160.9,188,3.12,31.67,10.15,163.0,188.0,15.3,412.0,3.12,31.67,10.14,160.9,188,115,0.0,7.5,24.8,30.1,37.6,52.0,65.2,167.2,,False,False,False,True,False,False
"Nov 11, 2018, 9:27:26 PM",San Jose,6.23,61.97,9.95,167.0,200,6.23,61.97,9.95,167.0,200.0,32.9,842.0,6.23,61.97,9.95,167.0,200,138,0.0,0.0,7.5,63.6,28.9,117.4,122.6,169.1,0.422,False,False,False,True,False,False
"Nov 8, 2018, 2:38:11 PM",San Jose,3.12,27.7,8.88,172.4,188,3.12,27.7,8.88,173.0,188.0,18.4,402.0,3.12,27.7,8.88,172.4,188,145,0.0,0.0,4.6,36.0,59.4,78.4,82.0,176.0,,False,False,False,False,False,False
"Nov 4, 2018, 11:54:02 PM",San Jose,6.23,61.7,9.9,168.5,192,6.23,61.48,9.87,169.0,192.0,32.3,850.0,6.23,61.7,9.9,168.5,192,137,0.0,0.0,11.3,42.4,46.3,102.8,107.4,168.5,,False,False,False,True,False,False
"Nov 2, 2018, 12:41:27 AM",San Jose,4.01,39.83,9.93,160.7,193,4.01,39.83,9.93,161.0,193.0,17.3,520.0,4.01,39.83,9.93,160.7,193,143,0.0,0.0,22.8,55.7,21.5,75.6,83.4,169.7,,False,False,False,True,False,False
"Oct 30, 2018, 12:45:42 AM",San Jose,4.01,39.62,9.89,164.0,185,4.01,39.62,9.88,164.0,185.0,17.2,524.0,4.01,39.62,9.89,164.0,185,141,0.0,0.0,25.5,36.8,37.7,132.0,130.4,174.7,,False,False,False,True,False,False
"Oct 20, 2018, 6:52:53 PM",San Jose,4.01,40.83,10.2,158.3,186,4.01,40.83,10.18,158.0,186.0,17.0,528.0,4.01,40.83,10.2,158.3,186,125,0.0,2.4,26.2,50.0,21.3,85.2,83.4,167.8,,False,False,False,True,False,False
"Oct 19, 2018, 12:49:19 AM",San Jose,4.01,41.62,10.39,157.0,177,4.01,41.57,10.37,157.0,177.0,16.9,527.0,4.01,41.62,10.39,157.0,177,137,0.0,0.0,33.0,54.5,12.5,64.4,71.8,168.2,,False,False,False,True,False,False
"Oct 16, 2018, 12:57:40 AM",San Jose,4.0,40.6,10.14,157.0,176,4.0,40.6,10.15,157.0,176.0,17.0,522.0,4.0,40.6,10.14,157.0,176,134,0.0,0.0,24.2,69.0,6.8,84.4,84.6,168.2,,False,False,False,True,False,False
"Oct 13, 2018, 3:52:17 PM",San Jose,4.01,40.92,10.21,157.7,184,4.01,40.92,10.2,157.0,184.0,17.3,527.0,4.01,40.92,10.21,157.7,184,137,0.0,0.0,33.2,47.1,19.6,71.2,77.8,167.5,,False,False,False,True,False,False
"Oct 11, 2018, 12:46:02 AM",San Jose,4.01,40.58,10.13,162.5,190,4.01,40.58,10.12,163.0,190.0,22.1,544.0,4.01,40.58,10.13,162.5,190,130,0.0,0.4,20.7,53.9,25.0,81.6,80.0,165.7,,False,False,False,True,False,False
"Oct 9, 2018, 12:51:52 AM",San Jose,4.01,41.53,10.36,162.5,182,4.01,41.53,10.36,162.0,182.0,22.1,539.0,4.01,41.53,10.36,162.5,182,141,0.0,0.0,13.8,67.1,19.1,73.8,75.2,164.0,,False,False,False,True,False,False
"Oct 6, 2018, 12:57:23 AM",San Jose,3.12,28.37,9.1,172.8,192,3.12,28.37,9.09,175.0,192.0,16.0,398.0,3.12,28.37,9.1,172.8,192,98,0.8,0.9,6.2,21.3,70.7,62.0,67.6,165.6,,False,False,False,True,False,False
"Oct 2, 2018, 1:05:03 AM",San Jose,3.12,27.82,8.92,174.3,193,3.12,27.77,8.9,175.0,193.0,16.1,415.0,3.12,27.82,8.92,174.3,193,135,0.0,0.0,7.0,25.7,67.3,54.8,58.6,166.9,,False,False,False,False,False,False
"Sep 29, 2018, 8:05:45 PM",San Jose,3.12,28.82,9.24,172.2,190,3.12,28.82,9.24,173.0,190.0,15.5,312.0,3.12,28.82,9.24,172.2,190,122,0.0,1.5,4.5,30.9,63.1,43.4,49.4,167.0,,False,False,False,True,False,False
"Sep 26, 2018, 1:16:41 AM",San Jose,3.12,29.77,9.55,162.8,181,3.12,29.77,9.54,162.0,181.0,16.0,311.0,3.12,29.77,9.55,162.8,181,110,0.1,0.4,12.8,57.5,29.2,71.2,76.4,157.0,,False,False,False,True,False,False
"Sep 23, 2018, 1:22:27 AM",Running,3.12,28.77,9.21,167.5,191,3.12,28.77,9.22,170.0,191.0,16.0,310.0,3.12,28.77,9.21,167.5,191,91,1.4,3.1,9.0,33.3,53.2,57.2,64.6,153.5,,False,False,False,True,False,False
"Sep 19, 2018, 12:44:53 AM",Running,3.13,28.9,9.24,186.2,199,3.13,28.9,9.23,187.0,199.0,15.0,313.0,3.13,28.9,9.24,186.2,199,158,0.0,0.0,0.0,11.4,88.6,63.6,66.2,150.2,,False,False,False,True,False,False
"Sep 16, 2018, 12:35:26 AM",Running,3.14,29.7,9.47,180.8,199,3.14,29.7,9.46,182.0,199.0,16.3,315.0,3.14,29.7,9.47,180.8,199,151,0.0,0.0,1.5,20.8,77.7,54.4,63.0,151.1,,False,False,False,True,False,False
"Sep 6, 2018, 1:10:24 AM",Running,3.14,29.35,9.35,173.3,186,3.14,29.35,9.35,174.0,186.0,16.6,317.0,3.14,29.35,9.35,173.3,186,158,0.0,0.0,0.0,33.4,66.6,51.8,58.0,150.5,,False,False,False,True,False,False
"Sep 5, 2018, 1:54:24 AM",Running,3.14,29.83,9.49,170.1,188,3.14,29.83,9.5,171.0,188.0,17.1,321.0,3.14,29.83,9.49,170.1,188,147,0.0,0.0,7.3,51.1,41.6,48.2,53.8,148.6,,False,False,False,True,False,False
"Sep 1, 2018, 1:13:07 AM",Running,2.45,24.48,9.99,157.8,172,2.45,24.48,9.99,157.0,172.0,8.0,254.0,2.45,24.48,9.99,157.8,172,123,0.0,4.5,17.8,75.5,2.2,31.6,49.8,147.1,,False,False,False,True,False,False
"Aug 30, 2018, 1:19:31 AM",Running,1.57,16.8,10.73,166.0,178,1.57,16.8,10.7,166.0,178.0,20.5,161.0,1.57,16.8,10.73,166.0,178,152,0.0,0.0,0.0,72.3,27.7,36.8,22.0,155.7,,False,False,False,True,False,False
"Aug 30, 2018, 1:03:30 AM",Running,1.47,15.48,10.57,152.2,175,1.47,14.77,10.05,155.0,175.0,,150.0,1.47,15.48,10.57,152.2,175,92,5.8,5.1,10.5,74.6,4.0,18.0,38.8,143.9,,False,False,False,True,False,False
"Aug 28, 2018, 1:30:56 AM",Running,3.14,31.47,10.01,170.6,189,3.14,31.42,10.01,171.0,189.0,18.6,319.0,3.14,31.47,10.01,170.6,189,155,0.0,0.0,0.0,43.8,56.2,65.8,64.2,160.3,,False,False,False,True,False,False
"Aug 25, 2018, 3:02:52 PM",Running,3.14,31.17,9.93,164.3,185,3.14,31.17,9.93,163.0,185.0,21.0,308.0,3.14,31.17,9.93,164.3,185,149,0.0,0.0,0.3,89.2,10.5,52.8,53.0,154.2,,False,False,False,True,False,False
"Jul 22, 2018, 2:15:01 AM",Running,2.84,30.07,10.6,163.2,183,2.84,29.93,10.54,165.0,183.0,84.0,274.0,2.84,30.07,10.6,163.2,183,87,2.6,1.5,5.6,57.8,32.5,84.0,82.6,138.0,,False,False,False,True,False,False
"Jul 17, 2018, 1:01:35 AM",Running,2.01,19.97,9.91,151.8,166,2.01,19.97,9.94,152.0,166.0,42.4,197.0,2.01,19.97,9.91,151.8,166,92,1.8,5.8,25.2,67.2,0.0,36.0,38.8,149.4,,False,False,False,True,False,False
"Jul 16, 2018, 1:23:25 AM",Running,2.02,19.62,9.71,155.5,174,2.02,19.62,9.71,157.0,174.0,46.7,198.0,2.02,19.62,9.71,155.5,174,89,4.8,6.3,20.2,45.6,23.2,44.8,48.2,142.7,,False,False,False,True,False,False
"Jul 4, 2018, 7:12:41 PM",Running,3.13,29.38,9.39,169.8,194,3.13,29.38,9.39,170.0,194.0,21.0,311.0,3.13,29.38,9.39,169.8,194,154,0.0,0.0,0.0,54.2,45.8,82.4,80.4,153.8,,False,False,False,True,False,False
"Jul 3, 2018, 1:01:48 AM",Running,2.02,19.72,9.75,165.9,196,2.02,19.72,9.76,161.0,196.0,14.5,200.0,2.02,19.72,9.75,165.9,196,138,0.0,0.0,11.7,54.1,34.2,61.6,60.2,136.7,,False,False,False,True,False,False
"Jul 2, 2018, 1:54:59 AM",Running,2.0,19.95,9.95,155.8,177,2.0,19.95,9.97,155.0,177.0,14.3,197.0,2.0,19.95,9.95,155.8,177,131,0.0,1.2,19.4,78.3,1.2,63.0,54.2,146.6,,False,False,False,True,False,False
"Jun 30, 2018, 1:03:45 AM",Running,2.0,20.9,10.43,155.6,181,2.0,20.9,10.45,154.0,181.0,14.5,198.0,2.0,20.9,10.43,155.6,181,130,0.0,3.0,26.1,63.7,7.2,57.0,56.2,149.4,,False,False,False,True,False,False
"Jun 29, 2018, 2:03:20 AM",Running,2.0,21.73,10.85,155.6,202,2.0,21.73,10.87,149.0,202.0,14.2,198.0,2.0,21.73,10.85,155.6,202,122,0.0,8.3,39.0,40.0,12.7,51.0,60.6,132.5,,False,False,False,True,False,False
"Jun 28, 2018, 1:12:22 AM",Running,2.01,21.2,10.55,154.3,185,2.01,21.15,10.52,156.0,185.0,14.6,197.0,2.01,21.2,10.55,154.3,185,133,0.0,0.0,40.7,46.9,12.4,86.6,100.8,142.7,,False,False,False,True,False,False
"Jun 27, 2018, 1:30:37 AM",Running,2.0,21.03,10.49,156.6,180,2.0,21.03,10.52,158.0,180.0,14.3,198.0,2.0,21.03,10.49,156.6,180,134,0.0,0.0,33.7,58.0,8.3,63.0,63.6,134.6,,False,False,False,True,False,False
"Jun 26, 2018, 12:56:17 AM",Running,2.01,20.85,10.37,163.7,182,2.01,20.85,10.37,164.0,182.0,14.2,196.0,2.01,20.85,10.37,163.7,182,146,0.0,0.0,5.1,72.6,22.3,56.8,59.2,131.5,,False,False,False,True,False,False
"Jun 21, 2018, 1:26:24 AM",Running,2.0,21.2,10.59,166.0,202,2.0,21.2,10.6,159.0,202.0,14.6,196.0,2.0,21.2,10.59,166.0,202,121,0.0,6.1,21.4,23.4,49.1,65.4,56.8,129.8,,False,False,False,True,False,False
"Jun 20, 2018, 1:18:49 AM",Running,2.0,21.05,10.51,177.6,204,2.0,20.78,10.39,169.0,204.0,14.4,202.0,2.0,21.05,10.51,177.6,204,148,0.0,0.0,4.7,26.6,68.7,63.2,62.6,134.1,,False,False,False,True,False,False
"Jun 19, 2018, 1:58:50 AM",Running,2.0,20.7,10.33,179.0,202,2.0,20.7,10.35,179.0,202.0,,209.0,2.0,20.7,10.33,179.0,202,149,0.0,0.0,2.6,19.7,77.6,0,0,134.1,2.05,False,False,False,True,False,False
"May 28, 2018, 1:14:42 AM",Running,2.02,20.98,10.38,154.9,172,2.02,20.98,10.39,157.0,172.0,14.1,196.0,2.02,20.98,10.38,154.9,172,122,0.0,5.1,25.7,67.4,1.7,58.8,73.6,144.6,,False,False,False,True,False,False
"May 26, 2018, 7:24:32 PM",Running,1.97,22.77,11.57,150.0,174,1.97,22.77,11.56,150.0,174.0,,199.0,1.97,22.77,11.57,150.0,174,120,0.0,12.5,33.3,52.8,1.4,0,0,136.2,2.446,False,False,False,True,False,False
"May 16, 2018, 1:00:38 AM",Running,2.01,21.75,10.83,145.3,156,2.01,21.75,10.82,146.0,156.0,14.4,194.0,2.01,21.75,10.83,145.3,156,119,0.0,12.7,71.1,16.3,0.0,60.6,66.6,153.9,,False,False,False,True,False,False
"May 15, 2018, 1:31:51 AM",Running,2.01,21.25,10.6,153.5,182,2.01,21.2,10.55,150.0,182.0,14.4,194.0,2.01,21.25,10.6,153.5,182,113,0.9,6.4,35.6,41.7,15.4,51.0,50.2,135.1,,False,False,False,True,False,False
"May 12, 2018, 1:03:16 AM",Running,2.03,20.97,10.31,155.2,185,2.03,20.97,10.33,151.0,185.0,14.6,202.0,2.03,20.97,10.31,155.2,185,128,0.0,2.5,30.5,57.0,10.0,53.6,53.6,137.9,,False,False,False,True,False,False
"May 11, 2018, 12:54:47 AM",San Jose,2.01,21.13,10.53,159.5,177,2.01,20.68,10.29,154.0,177.0,14.3,205.0,2.01,21.13,10.53,159.5,177,136,0.0,0.0,7.4,82.9,9.7,53.0,55.8,132.0,,False,False,False,True,False,False
