Activity Date,Activity Name,distance_miles,duration_min,pace_min_per_mile,avg_hr,max_hr,csv_distance_miles,csv_duration_min,csv_pace,csv_avg_hr,csv_max_hr,csv_elevation_gain,csv_calories,fit_distance_miles,fit_duration_min,fit_pace,fit_avg_hr,fit_max_hr,fit_min_hr,fit_zone1_pct,fit_zone2_pct,fit_zone3_pct,fit_zone4_pct,fit_zone5_pct,fit_elevation_gain_m,fit_elevation_loss_m,fit_avg_cadence,fit_pace_variability,is_long_run,is_tempo,is_speed_work,is_easy,is_marathon,is_bonked
"May 17, 2026, 4:34:19 PM",Morning Run,10.32,80.6,7.81,153.6,179,10.32,80.27,7.78,154.0,179.0,21.0,1203.0,10.32,80.6,7.81,153.6,179,92,1.6,7.8,17.6,65.5,7.5,61.0,64.0,181.9,,False,True,False,False,False,False
"May 15, 2026, 1:23:39 PM",Morning Run,4.23,35.77,8.45,136.9,155,4.23,35.3,8.35,137.0,155.0,18.0,440.0,4.23,35.77,8.45,136.9,155,86,7.0,24.8,60.1,8.1,0.0,23.0,26.0,178.4,,False,False,False,False,False,False
"May 14, 2026, 1:17:17 PM",Morning Run,5.04,47.13,9.35,128.3,144,5.04,47.05,9.34,128.0,144.0,20.0,527.0,5.04,47.13,9.35,128.3,144,81,6.5,56.9,36.5,0.0,0.0,21.0,23.0,179.0,,False,False,False,True,False,False
"May 13, 2026, 7:28:10 PM",Lunch Run,5.49,46.93,8.55,142.3,161,5.49,46.93,8.55,142.0,161.0,106.0,622.0,5.49,46.93,8.55,142.3,161,86,1.3,15.4,59.3,24.0,0.0,113.0,120.0,175.6,,False,False,False,False,False,False
"May 12, 2026, 1:09:54 PM",Morning Run,5.1,49.42,9.7,130.3,141,5.1,49.42,9.69,130.0,141.0,36.0,567.0,5.1,49.42,9.7,130.3,141,99,1.7,63.4,34.9,0.0,0.0,71.0,71.0,172.3,,False,False,False,True,False,False
"May 11, 2026, 7:22:34 PM",Lunch Run,6.36,55.23,8.69,142.7,165,6.36,54.35,8.55,143.0,165.0,60.0,725.0,6.36,55.23,8.69,142.7,165,81,1.1,13.2,62.7,22.9,0.0,89.0,83.0,175.4,,False,False,False,False,False,False
"May 10, 2026, 5:00:29 PM",Morning Run,6.22,56.08,9.01,144.8,164,6.22,55.17,8.87,145.0,164.0,19.0,751.0,6.22,56.08,9.01,144.8,164,91,1.5,5.9,76.5,16.2,0.0,47.0,46.0,177.2,,False,False,False,True,False,False
"May 8, 2026, 7:17:39 PM",Lunch Run,5.4,51.47,9.53,137.7,150,5.4,50.15,9.29,138.0,150.0,106.0,630.0,5.4,51.47,9.53,137.7,150,85,1.3,25.8,72.9,0.0,0.0,122.0,125.0,175.2,,False,False,False,True,False,False
"May 7, 2026, 1:15:21 PM",Morning Run,5.02,47.65,9.48,127.2,143,5.02,47.65,9.49,127.0,143.0,20.0,525.0,5.02,47.65,9.48,127.2,143,85,7.0,60.9,32.1,0.0,0.0,26.0,28.0,178.4,,False,False,False,True,False,False
"May 6, 2026, 7:26:35 PM",Lunch Run,6.2,58.68,9.46,137.1,152,6.2,57.32,9.25,137.0,152.0,139.0,715.0,6.2,58.68,9.46,137.1,152,87,1.5,20.6,77.0,0.9,0.0,152.0,156.0,176.2,,False,False,False,True,False,False
"May 5, 2026, 1:09:26 PM",Morning Run,5.03,48.85,9.71,127.7,158,5.03,48.8,9.7,128.0,158.0,17.0,532.0,5.03,48.85,9.71,127.7,158,83,4.6,64.4,28.3,2.7,0.0,34.0,37.0,175.2,,False,False,False,True,False,False
"Apr 30, 2026, 7:18:57 PM",Lunch Run,6.05,57.55,9.51,136.5,159,6.05,55.57,9.19,137.0,159.0,123.0,689.0,6.05,57.55,9.51,136.5,159,89,2.6,29.7,64.7,3.0,0.0,134.0,128.0,175.4,,False,False,False,True,False,False
"Apr 29, 2026, 1:55:25 PM",Morning Run,6.21,55.37,8.91,132.7,145,6.21,54.62,8.8,133.0,145.0,26.0,647.0,6.21,55.37,8.91,132.7,145,57,4.2,27.3,68.5,0.0,0.0,49.0,50.0,178.1,,False,False,False,False,False,False
"Apr 27, 2026, 7:24:57 PM",Lunch Run,6.38,58.2,9.13,134.8,157,6.38,56.85,8.91,135.0,157.0,84.0,690.0,6.38,58.2,9.13,134.8,157,83,1.0,30.4,66.5,2.2,0.0,97.0,97.0,173.2,,False,False,False,True,False,False
"Apr 26, 2026, 4:24:10 PM",Morning Run,9.47,87.6,9.25,134.1,161,9.47,87.5,9.24,134.0,161.0,29.0,1054.0,9.47,87.6,9.25,134.1,161,59,1.0,50.5,42.3,6.2,0.0,59.0,55.0,175.3,,False,False,False,True,False,False
"Apr 24, 2026, 7:25:00 PM",Lunch Run,5.65,44.45,7.86,147.6,167,5.65,43.75,7.74,148.0,167.0,64.0,617.0,5.65,44.45,7.86,147.6,167,87,2.4,7.9,43.4,46.3,0.0,79.0,73.0,179.4,,False,True,False,False,False,False
"Apr 23, 2026, 7:28:43 PM",Lunch Run,5.03,44.38,8.82,139.2,157,5.03,43.77,8.7,139.0,157.0,135.0,564.0,5.03,44.38,8.82,139.2,157,64,1.7,18.2,70.7,9.4,0.0,141.0,140.0,177.6,,False,False,False,False,False,False
"Apr 22, 2026, 1:43:52 PM",Morning Run,3.24,30.92,9.55,132.4,149,3.24,30.38,9.38,133.0,149.0,48.0,359.0,3.24,30.92,9.55,132.4,149,71,4.8,32.9,62.3,0.0,0.0,58.0,62.0,175.5,,False,False,False,True,False,False
"Apr 21, 2026, 7:25:45 PM",Lunch Run,3.52,33.9,9.64,126.2,139,3.52,32.75,9.3,126.0,139.0,31.0,358.0,3.52,33.9,9.64,126.2,139,73,4.7,79.0,16.3,0.0,0.0,43.0,45.0,176.1,,False,False,False,True,False,False
"Apr 20, 2026, 7:22:10 PM",Lunch Run,3.39,31.47,9.27,131.3,140,3.39,31.08,9.17,131.0,140.0,20.0,364.0,3.39,31.47,9.27,131.3,140,72,5.1,31.0,63.8,0.0,0.0,43.0,43.0,173.4,,False,False,False,True,False,False
"Apr 11, 2026, 12:00:39 PM",Gorge Waterfalls 100K,64.03,881.78,13.77,134.6,163,64.03,841.18,13.14,136.0,163.0,3543.0,7936.0,64.03,881.78,13.77,134.6,163,80,2.8,42.0,52.4,2.8,0.0,3678.0,3657.0,145.1,,True,False,False,True,False,False
"Apr 8, 2026, 2:08:31 PM",Morning Run,3.19,27.95,8.77,128.7,142,3.19,27.25,8.54,129.0,142.0,6.0,305.0,3.19,27.95,8.77,128.7,142,56,8.6,40.4,50.9,0.0,0.0,23.0,26.0,176.6,,False,False,False,False,False,False
"Apr 6, 2026, 7:23:06 PM",Lunch Run,4.01,40.28,10.04,126.7,147,4.01,35.9,8.95,123.0,147.0,0.0,293.0,4.01,40.28,10.04,126.7,147,81,11.7,56.9,31.4,0.0,0.0,0,0,181.1,,False,False,False,True,False,False
"Apr 5, 2026, 4:04:13 PM",Morning Run,8.73,75.72,8.68,137.0,152,8.73,75.28,8.62,137.0,152.0,21.0,928.0,8.73,75.72,8.68,137.0,152,94,0.8,7.2,91.5,0.6,0.0,61.0,58.0,178.6,,False,False,False,False,False,False
"Apr 4, 2026, 2:17:10 PM",Morning Run,8.15,68.93,8.45,141.8,167,8.15,68.93,8.46,142.0,167.0,30.0,907.0,8.15,68.93,8.45,141.8,167,69,2.6,34.8,16.1,46.5,0.0,63.0,61.0,175.5,,False,False,False,False,False,False
"Apr 3, 2026, 7:21:01 PM",Lunch Run,6.46,51.9,8.04,142.6,168,6.46,50.8,7.86,143.0,168.0,64.0,659.0,6.46,51.9,8.04,142.6,168,79,1.4,13.7,62.9,22.0,0.0,80.0,80.0,180.3,,False,False,False,False,False,False
"Apr 3, 2026, 1:33:14 AM",Evening Run,6.07,52.53,8.66,144.8,170,6.07,51.4,8.47,145.0,170.0,176.0,685.0,6.07,52.53,8.66,144.8,170,69,2.8,10.6,53.2,33.4,0.0,182.0,192.0,174.1,,False,False,False,False,False,False
"Apr 1, 2026, 6:39:14 PM",Lunch Run,5.3,44.68,8.42,143.1,164,5.3,42.85,8.08,143.0,164.0,91.0,560.0,5.3,44.68,8.42,143.1,164,74,1.5,8.6,67.5,22.4,0.0,98.0,94.0,177.4,,False,False,False,False,False,False
"Mar 31, 2026, 11:13:00 PM",Afternoon Run,8.29,73.38,8.85,139.1,168,8.29,69.58,8.39,139.0,168.0,165.0,849.0,8.29,73.38,8.85,139.1,168,70,1.9,17.1,70.5,10.5,0.0,179.0,174.0,177.2,,False,False,False,False,False,False
"Mar 31, 2026, 1:04:51 AM",Evening Run,7.18,71.72,9.99,133.2,160,7.18,71.72,9.99,133.0,160.0,321.0,815.0,7.18,71.72,9.99,133.2,160,80,1.1,48.6,43.5,6.8,0.0,331.0,329.0,172.5,,False,False,False,True,False,False
"Mar 29, 2026, 4:12:54 PM",Morning Run,12.61,105.63,8.38,148.1,168,12.61,104.03,8.25,148.0,168.0,29.0,1342.0,12.61,105.63,8.38,148.1,168,94,1.2,4.1,60.1,34.6,0.0,86.0,87.0,180.5,,False,False,False,False,False,False
"Mar 29, 2026, 1:00:00 AM",Evening Run,8.17,80.07,9.8,,,8.17,80.07,9.8,,,110.0,1209.0,,,,,,,,,,,,,,,,False,False,False,True,False,False
"Mar 27, 2026, 10:20:06 PM",Afternoon Run,7.27,61.72,8.48,140.6,168,7.27,61.05,8.4,141.0,168.0,54.0,760.0,7.27,61.72,8.48,140.6,168,75,0.8,11.6,80.8,6.7,0.0,110.0,105.0,174.3,,False,False,False,False,False,False
"Mar 26, 2026, 7:25:02 PM",Lunch Run,7.04,64.65,9.18,137.9,171,7.04,64.12,9.11,138.0,171.0,190.0,775.0,7.04,64.65,9.18,137.9,171,74,0.8,32.7,55.0,11.4,0.1,205.0,206.0,174.7,,False,False,False,True,False,False
"Mar 25, 2026, 7:26:00 PM",Lunch Run,6.77,63.03,9.31,140.8,163,6.77,59.02,8.72,141.0,163.0,99.0,738.0,6.77,63.03,9.31,140.8,163,93,1.9,11.3,79.9,6.9,0.0,130.0,148.0,178.0,,False,False,False,True,False,False
"Mar 25, 2026, 1:57:57 AM",Evening Run,4.38,37.25,8.5,140.3,151,4.38,37.25,8.5,140.0,151.0,39.0,462.0,4.38,37.25,8.5,140.3,151,70,1.7,8.3,89.9,0.0,0.0,69.0,75.0,180.2,,False,False,False,False,False,False
"Mar 22, 2026, 4:03:35 PM",Morning Run,9.85,124.2,12.61,117.1,139,9.85,118.08,11.99,117.0,139.0,24.0,1082.0,9.85,124.2,12.61,117.1,139,78,50.4,28.0,21.5,0.0,0.0,71.0,74.0,149.4,,False,False,False,True,False,False
"Mar 21, 2026, 4:22:41 PM",Tiger Mountain Trail Run,21.44,332.02,15.49,129.5,151,21.44,319.25,14.89,130.0,151.0,1928.0,2737.0,21.44,332.02,15.49,129.5,151,83,5.1,54.9,40.0,0.0,0.0,1959.0,1970.0,139.8,,True,False,False,True,False,False
"Mar 17, 2026, 1:00:00 AM",Evening Run,6.05,65.13,10.77,,,6.05,65.13,10.77,,,275.5,895.0,,,,,,,,,,,,,,,,False,False,False,True,False,False
"Mar 11, 2026, 2:11:05 PM",Morning Run,6.12,55.65,9.09,134.5,162,6.12,51.88,8.48,135.0,162.0,112.0,600.0,6.12,55.65,9.09,134.5,162,68,4.0,36.8,54.6,4.7,0.0,120.0,125.0,179.7,,False,False,False,True,False,False
"Mar 11, 2026, 12:41:52 AM",Afternoon Run,10.24,95.88,9.36,134.3,161,10.24,88.43,8.64,134.0,161.0,222.0,1019.0,10.24,95.88,9.36,134.3,161,77,3.3,27.6,67.4,1.6,0.0,238.0,243.0,176.1,,False,False,False,True,False,False
"Mar 7, 2026, 10:24:01 PM",Afternoon Run,12.24,120.87,9.88,126.2,140,12.24,115.27,9.42,126.0,140.0,143.0,1204.0,12.24,120.87,9.88,126.2,140,81,5.1,90.2,4.6,0.0,0.0,181.0,176.0,178.9,,False,False,False,True,False,False
"Mar 6, 2026, 8:22:31 PM",Lunch Run,7.74,77.43,10.0,124.7,138,7.74,77.12,9.96,125.0,138.0,175.0,789.0,7.74,77.43,10.0,124.7,138,80,5.4,88.9,5.8,0.0,0.0,190.0,187.0,175.0,,False,False,False,True,False,False
"Mar 5, 2026, 8:02:10 PM",Lunch Run,8.3,72.98,8.79,135.8,150,8.3,71.17,8.57,136.0,150.0,171.0,839.0,8.3,72.98,8.79,135.8,150,64,1.1,24.1,74.8,0.0,0.0,185.0,184.0,180.9,,False,False,False,False,False,False
"Mar 4, 2026, 7:26:06 PM",Lunch Run,10.01,88.68,8.86,135.7,161,10.01,87.0,8.69,136.0,161.0,189.0,1086.0,10.01,88.68,8.86,135.7,161,66,0.9,32.6,61.0,5.6,0.0,219.0,231.0,179.7,,False,False,False,False,False,False
"Feb 28, 2026, 7:25:07 PM",Lunch Run,6.12,59.8,9.77,128.6,145,6.12,53.72,8.78,129.0,145.0,4.0,613.0,6.12,59.8,9.77,128.6,145,84,3.4,75.6,21.0,0.0,0.0,43.0,42.0,179.3,,False,False,False,True,False,False
"Feb 24, 2026, 2:12:48 AM",Evening Run,6.44,61.2,9.5,127.2,155,6.44,60.08,9.33,127.0,155.0,4.0,674.0,6.44,61.2,9.5,127.2,155,80,5.0,78.2,14.0,2.8,0.0,26.0,27.0,176.1,,False,False,False,True,False,False
"Feb 19, 2026, 8:30:39 PM",Lunch Run,7.31,66.67,9.12,127.0,140.0,7.31,66.67,9.12,127.0,140.0,151.4,1115.0,,,,,,,,,,,,,,,,False,False,False,True,False,False
"Feb 18, 2026, 2:40:00 AM",Evening Run,6.1,60.07,9.85,,,6.1,60.07,9.85,,,32.3,903.0,,,,,,,,,,,,,,,,False,False,False,True,False,False
"Feb 13, 2026, 4:51:28 PM",Grand Ridge + West Tiger Trail Run,27.07,318.33,11.76,132.0,153.0,27.07,318.33,11.76,132.0,153.0,1507.0,4566.0,,,,,,,,,,,,,,,,True,False,False,True,True,False
"Feb 12, 2026, 1:07:40 AM",Afternoon Run,8.04,83.88,10.44,125.5,143,8.04,81.33,10.12,125.0,143.0,316.0,892.0,8.04,83.88,10.44,125.5,143,79,4.4,74.1,21.5,0.0,0.0,323.0,329.0,176.3,,False,False,False,True,False,False
"Feb 10, 2026, 2:10:34 AM",Evening Run,3.11,32.53,10.45,121.8,131,3.11,32.3,10.39,122.0,131.0,5.0,335.0,3.11,32.53,10.45,121.8,131,95,2.4,97.6,0.0,0.0,0.0,16.0,16.0,170.0,,False,False,False,True,False,False
"Feb 8, 2026, 4:00:12 PM",My Better Half Marathon | 1st Age Group | 5th Overall,13.13,85.32,6.5,169.4,175,13.13,85.32,6.5,169.0,175.0,67.0,1514.0,13.13,85.32,6.5,169.4,175,80,0.5,0.4,1.8,33.8,63.4,85.0,81.0,185.4,,False,False,True,False,False,False
"Feb 6, 2026, 7:43:21 PM",Lunch Run,11.46,92.18,8.04,150.3,166,11.46,90.3,7.88,150.0,166.0,208.0,1329.0,11.46,92.18,8.04,150.3,166,73,0.6,4.6,43.8,51.0,0.0,232.0,229.0,179.8,,False,False,False,False,False,False
"Feb 5, 2026, 1:17:04 AM",Afternoon Run,8.07,71.1,8.81,133.6,165,8.07,71.1,8.81,134.0,165.0,2.0,864.0,8.07,71.1,8.81,133.6,165,94,0.5,54.5,36.0,9.0,0.0,44.0,43.0,176.8,,False,False,False,False,False,False
"Feb 3, 2026, 1:58:44 AM",Afternoon Run,8.1,73.53,9.08,134.5,170,8.1,73.53,9.08,135.0,170.0,0.0,902.0,8.1,73.53,9.08,134.5,170,94,0.9,35.4,62.2,1.5,0.0,37.0,41.0,175.5,,False,False,False,True,False,False
"Jan 31, 2026, 4:10:21 PM",42,26.32,301.87,11.47,143.8,171,26.32,298.45,11.34,144.0,171.0,1234.0,2986.0,26.32,301.87,11.47,143.8,171,83,0.4,12.7,63.5,23.3,0.1,1300.0,1288.0,166.0,,True,False,False,True,True,False
"Jan 29, 2026, 2:02:54 AM",Evening Run,8.19,68.52,8.37,134.7,149,8.19,68.52,8.37,135.0,149.0,7.0,842.0,8.19,68.52,8.37,134.7,149,80,1.1,23.3,75.6,0.0,0.0,59.0,59.0,178.2,,False,False,False,False,False,False
"Jan 27, 2026, 1:30:00 PM",Morning Run,5.02,47.05,9.37,,,5.02,47.05,9.37,,,155.1,743.0,,,,,,,,,,,,,,,,False,False,False,True,False,False
"Jan 25, 2026, 10:05:00 PM",Afternoon Run,6.24,58.45,9.37,,,6.24,58.45,9.37,,,107.9,923.0,,,,,,,,,,,,,,,,False,False,False,True,False,False
"Jan 23, 2026, 8:38:38 PM",Lunch Run,6.5,59.7,9.18,138.0,161,6.5,58.42,8.99,138.0,161.0,150.0,753.0,6.5,59.7,9.18,138.0,161,72,2.1,16.6,76.0,5.4,0.0,159.0,159.0,175.3,,False,False,False,True,False,False
"Jan 22, 2026, 1:40:00 PM",Morning Run,5.06,45.98,9.09,,,5.06,45.98,9.09,,,86.9,749.0,,,,,,,,,,,,,,,,False,False,False,True,False,False
"Jan 21, 2026, 2:16:07 PM",Morning Run,10.17,89.75,8.82,132.4,149,10.17,86.6,8.52,132.0,149.0,25.0,1040.0,10.17,89.75,8.82,132.4,149,70,1.9,40.3,57.8,0.0,0.0,67.0,70.0,178.7,,False,False,False,False,False,False
"Jan 20, 2026, 1:51:31 AM",Afternoon Run,8.04,85.3,10.6,120.0,129,8.04,82.28,10.23,120.0,129.0,4.0,836.0,8.04,85.3,10.6,120.0,129,68,6.9,93.1,0.0,0.0,0.0,47.0,46.0,174.1,,False,False,False,True,False,False
"Jan 17, 2026, 9:36:17 PM",Afternoon Run,10.5,86.02,8.19,148.4,170,10.5,81.75,7.79,148.0,170.0,135.0,1177.0,10.5,86.02,8.19,148.4,170,90,0.8,6.8,58.8,33.6,0.0,169.0,169.0,178.2,,False,False,False,False,False,False
"Jan 16, 2026, 7:30:37 PM",Lunch Run,10.03,73.42,7.32,153.8,175,10.03,72.9,7.27,154.0,175.0,93.0,1111.0,10.03,73.42,7.32,153.8,175,92,0.5,1.5,42.0,48.3,7.7,114.0,113.0,180.6,,False,True,False,False,False,False
"Jan 16, 2026, 2:40:00 AM",Evening Run,6.23,56.32,9.04,,,6.23,56.32,9.04,,,100.6,922.0,,,,,,,,,,,,,,,,False,False,False,True,False,False
"Jan 13, 2026, 8:39:57 PM",Lunch Run,8.29,72.93,8.79,140.0,163,8.29,70.88,8.55,140.0,163.0,156.0,930.0,8.29,72.93,8.79,140.0,163,68,1.1,12.3,79.4,7.2,0.0,171.0,170.0,172.4,,False,False,False,False,False,False
"Jan 10, 2026, 4:56:46 PM",Morning Run,18.18,158.8,8.73,141.5,164,18.18,153.43,8.44,142.0,164.0,154.0,2047.0,18.18,158.8,8.73,141.5,164,85,0.6,13.5,72.7,13.2,0.0,222.0,233.0,176.0,,True,False,False,False,False,False
"Jan 10, 2026, 3:30:00 AM",Evening Run,4.33,40.28,9.3,,,4.33,40.28,9.3,,,139.3,641.0,,,,,,,,,,,,,,,,False,False,False,True,False,False
"Jan 6, 2026, 2:11:57 AM",Evening Run,5.07,61.85,12.21,118.8,146,5.07,59.0,11.64,119.0,146.0,237.0,587.0,5.07,61.85,12.21,118.8,146,77,36.5,56.0,7.5,0.0,0.0,240.0,239.0,162.9,,False,False,False,True,False,False
"Jan 3, 2026, 4:57:26 PM",2xTMT + Poo Poo Trail Run,23.04,327.1,14.2,142.9,170,23.04,317.15,13.77,143.0,170.0,2446.0,3140.0,23.04,327.1,14.2,142.9,170,79,0.6,17.4,66.1,15.9,0.0,2373.0,2350.0,143.4,,True,False,False,True,False,False
"Dec 31, 2025, 10:42:26 PM",That’s a wrap for 2025,8.3,66.05,7.96,146.3,170,8.3,65.02,7.83,146.0,170.0,163.0,915.0,8.3,66.05,7.96,146.3,170,75,0.7,6.3,65.6,27.4,0.0,175.0,177.0,177.2,,False,True,False,False,False,False
"Dec 25, 2025, 4:01:19 PM",TMT + Poo Poo Trail Run,14.36,245.15,17.07,121.4,145,14.36,226.85,15.8,122.0,145.0,1531.0,1782.0,14.36,245.15,17.07,121.4,145,75,25.6,55.9,18.5,0.0,0.0,1510.0,1524.0,133.7,,False,False,False,True,False,False
"Dec 20, 2025, 9:25:33 PM",Afternoon Run,15.11,123.25,8.16,144.1,160,15.11,118.98,7.87,144.0,160.0,149.0,1645.0,15.11,123.25,8.16,144.1,160,64,0.7,5.4,85.6,8.3,0.0,193.0,191.0,178.7,,True,False,False,False,False,False
"Dec 19, 2025, 8:36:59 PM",Lunch Run,8.08,58.47,7.23,152.1,169,8.08,57.7,7.14,152.0,169.0,71.0,853.0,8.08,58.47,7.23,152.1,169,73,0.9,3.1,37.0,59.0,0.0,95.0,100.0,181.8,,False,True,False,False,False,False
"Dec 17, 2025, 7:58:46 PM",Lunch Run,8.29,60.98,7.36,149.9,171,8.29,59.5,7.18,150.0,171.0,71.0,862.0,8.29,60.98,7.36,149.9,171,82,1.4,3.0,55.8,39.4,0.4,94.0,104.0,180.2,,False,True,False,False,False,False
"Dec 14, 2025, 4:47:14 PM",Grand Ridge to TMT Trail Run,20.49,226.93,11.07,140.3,164,20.49,220.37,10.76,140.0,164.0,1280.0,2168.0,20.49,226.93,11.07,140.3,164,85,0.5,24.8,58.5,16.2,0.0,1339.0,1361.0,163.7,,True,False,False,True,False,False
"Dec 10, 2025, 1:59:49 PM",Morning Run,11.18,84.9,7.59,149.3,170,11.18,82.67,7.39,149.0,170.0,21.0,1191.0,11.18,84.9,7.59,149.3,170,54,2.1,5.5,53.3,39.1,0.0,47.0,50.0,182.4,,False,True,False,False,False,False
"Dec 7, 2025, 3:58:39 PM",2.5X West Tiger Mountain Trail Run,12.57,179.45,14.27,142.5,157,12.57,173.68,13.82,143.0,157.0,1535.0,1748.0,12.57,179.45,14.27,142.5,157,90,0.8,13.9,71.5,13.8,0.0,1498.0,1479.0,142.4,,False,False,False,True,False,False
"Dec 5, 2025, 8:23:16 PM",Lunch Run,7.82,60.42,7.73,152.8,176,7.82,60.0,7.67,153.0,176.0,169.0,894.0,7.82,60.42,7.73,152.8,176,82,1.1,10.1,27.8,48.5,12.5,183.0,178.0,178.1,,False,True,False,False,False,False
"Dec 3, 2025, 2:37:07 PM",Morning Run,7.38,61.42,8.32,135.4,161,7.38,60.33,8.17,135.0,161.0,15.0,745.0,7.38,61.42,8.32,135.4,161,55,2.2,21.2,70.8,5.9,0.0,45.0,47.0,174.8,,False,False,False,False,False,False
"Dec 2, 2025, 1:14:46 AM",Afternoon Run,6.53,75.3,11.53,120.3,142,6.53,74.1,11.35,120.0,142.0,306.0,750.0,6.53,75.3,11.53,120.3,142,85,32.5,59.5,8.0,0.0,0.0,310.0,309.0,164.9,,False,False,False,True,False,False
"Nov 30, 2025, 4:46:40 PM",Grand Ridge Trail Run,13.06,140.28,10.74,134.4,151,13.06,137.98,10.57,134.0,151.0,641.0,1273.0,13.06,140.28,10.74,134.4,151,88,1.1,35.6,63.3,0.0,0.0,684.0,692.0,168.8,,False,False,False,True,False,False
"Nov 28, 2025, 7:06:08 PM",Lunch Run,6.11,61.1,10.0,127.9,145,6.11,59.85,9.8,128.0,145.0,115.0,670.0,6.11,61.1,10.0,127.9,145,83,2.4,79.2,18.4,0.0,0.0,131.0,133.0,172.9,,False,False,False,True,False,False
"Nov 27, 2025, 8:48:59 PM",Lunch Run,9.44,76.73,8.13,147.4,177,9.44,76.5,8.1,147.0,177.0,48.0,1081.0,9.44,76.73,8.13,147.4,177,100,0.6,23.3,38.2,20.0,17.9,87.0,78.0,169.5,,False,False,False,False,False,False
"Nov 23, 2025, 4:35:23 PM",High point to Tiger to Poo Poo and back Trail Run,15.02,216.8,14.43,139.2,159,15.02,204.9,13.64,139.0,159.0,1577.0,1990.0,15.02,216.8,14.43,139.2,159,83,1.7,28.3,54.2,15.8,0.0,1551.0,1576.0,146.7,,True,False,False,True,False,False
"Nov 21, 2025, 7:58:18 PM",Lunch Run,6.65,56.53,8.5,139.6,153,6.65,55.32,8.32,140.0,153.0,169.0,715.0,6.65,56.53,8.5,139.6,153,71,1.4,18.7,75.9,3.9,0.0,178.0,174.0,173.9,,False,False,False,False,False,False
"Nov 20, 2025, 8:22:58 PM",Lunch Run,8.9,71.0,7.98,150.9,177,8.9,69.52,7.81,151.0,177.0,78.0,1017.0,8.9,71.0,7.98,150.9,177,103,0.7,9.3,47.6,27.1,15.3,106.0,111.0,170.0,,False,True,False,False,False,False
"Nov 18, 2025, 7:38:50 PM",Lunch Trail Run,8.53,73.08,8.56,147.7,175,8.53,73.02,8.56,148.0,175.0,305.0,775.0,8.53,73.08,8.56,147.7,175,73,0.9,9.5,52.9,32.6,4.1,316.0,315.0,171.6,,False,False,False,False,False,False
"Nov 18, 2025, 2:01:39 AM",Evening Run,7.22,73.42,10.17,124.9,150,7.22,71.57,9.91,125.0,150.0,270.0,771.0,7.22,73.42,10.17,124.9,150,65,6.8,74.5,18.8,0.0,0.0,276.0,281.0,168.8,,False,False,False,True,False,False
"Nov 16, 2025, 5:05:08 PM",Grand Ridge Trail Run,14.69,163.78,11.15,139.2,158,14.69,156.37,10.64,139.0,158.0,649.0,1521.0,14.69,163.78,11.15,139.2,158,84,1.2,23.7,68.3,6.9,0.0,733.0,733.0,169.3,,False,False,False,True,False,False
"Nov 13, 2025, 2:31:23 PM",Morning Run,8.04,67.13,8.35,146.9,175,8.04,58.63,7.29,147.0,175.0,58.0,822.0,8.04,67.13,8.35,146.9,175,58,2.6,11.5,40.5,42.3,3.2,70.0,82.0,179.7,,False,False,False,False,False,False
"Nov 12, 2025, 2:26:13 PM",Morning Run,7.68,75.67,9.85,135.6,161,7.92,62.98,7.95,136.0,161.0,110.0,777.0,7.68,75.67,9.85,135.6,161,64,6.2,28.4,54.8,10.6,0.0,137.0,137.0,176.6,,False,False,False,True,False,False
"Nov 11, 2025, 1:58:24 AM",Afternoon Run,7.2,72.97,10.14,131.2,157,7.2,69.9,9.71,131.0,157.0,263.0,816.0,7.2,72.97,10.14,131.2,157,88,3.5,56.2,35.8,4.5,0.0,270.0,278.0,169.1,,False,False,False,True,False,False
"Nov 9, 2025, 4:49:25 PM",Grand Ridge Trail Run,13.29,148.82,11.19,139.7,160,13.29,143.77,10.82,140.0,160.0,634.0,1405.0,13.29,148.82,11.19,139.7,160,99,0.8,24.7,61.4,13.1,0.0,693.0,708.0,168.5,,False,False,False,True,False,False
"Nov 8, 2025, 3:30:00 PM",Morning Run,2.38,23.65,9.94,,,2.38,23.65,9.94,,,93.6,352.0,,,,,,,,,,,,,,,,False,False,False,True,False,False
"Nov 7, 2025, 7:42:25 PM",Soaring Eagle Trail Run,9.51,96.68,10.17,133.9,158,9.51,93.12,9.79,134.0,158.0,315.0,854.0,9.51,96.68,10.17,133.9,158,83,1.6,45.2,50.2,3.0,0.0,344.0,344.0,169.3,,False,False,False,True,False,False
"Nov 5, 2025, 10:23:02 PM",Afternoon Run,5.11,46.12,9.02,140.9,174,5.11,46.12,9.03,141.0,174.0,0.0,457.0,5.11,46.12,9.02,140.9,174,76,11.8,27.3,22.1,34.6,4.2,0,0,164.8,,False,False,False,True,False,False
"Nov 4, 2025, 2:03:00 AM",Evening Run,6.11,65.68,10.75,125.3,146,6.11,65.57,10.73,125.0,146.0,254.0,708.0,6.11,65.68,10.75,125.3,146,90,6.8,74.9,18.3,0.0,0.0,260.0,255.0,165.7,,False,False,False,True,False,False
"Nov 2, 2025, 11:02:48 PM",Poo Poo Point + Tiger Mountain Trail Run,9.42,140.43,14.91,145.7,174,9.42,134.8,14.31,146.0,174.0,975.0,1399.0,9.42,140.43,14.91,145.7,174,56,1.0,17.4,48.0,31.3,2.2,999.0,980.0,147.7,,False,False,False,True,False,False
"Oct 31, 2025, 7:40:00 PM",Leftover,1.61,16.38,10.17,,,1.61,16.38,10.17,,,107.9,238.0,,,,,,,,,,,,,,,,False,False,False,True,False,False
"Oct 30, 2025, 7:13:19 PM",Evans Creek Preserve Trail Run,7.32,74.45,10.18,135.6,155,7.32,70.38,9.61,136.0,155.0,283.0,658.0,7.32,74.45,10.18,135.6,155,63,2.4,29.5,66.6,1.5,0.0,297.0,289.0,172.3,,False,False,False,True,False,False
"Oct 29, 2025, 1:54:43 PM",Morning Run,8.09,69.23,8.56,132.4,144,8.09,68.43,8.46,132.0,144.0,25.0,811.0,8.09,69.23,8.56,132.4,144,77,2.0,33.1,64.9,0.0,0.0,59.0,61.0,175.8,,False,False,False,False,False,False
"Oct 28, 2025, 1:57:57 PM",Morning Run,8.18,66.18,8.09,140.9,162,8.18,65.38,7.99,141.0,162.0,23.0,889.0,8.18,66.18,8.09,140.9,162,77,2.8,12.5,79.8,4.9,0.0,59.0,63.0,177.4,,False,False,False,False,False,False
"Oct 26, 2025, 6:14:35 PM",Soaring Eagle Trail Run,10.1,102.33,10.14,145.4,167,10.1,98.73,9.78,146.0,167.0,323.0,1024.0,10.1,102.33,10.14,145.4,167,95,0.4,10.1,61.0,28.6,0.0,359.0,360.0,168.1,,False,False,False,True,False,False
"Oct 23, 2025, 12:54:56 AM",Afternoon Run,8.03,77.68,9.67,130.6,149,8.03,76.77,9.56,131.0,149.0,311.0,924.0,8.03,77.68,9.67,130.6,149,85,0.9,52.9,46.1,0.0,0.0,328.0,327.0,169.5,,False,False,False,True,False,False
"Oct 21, 2025, 1:00:26 AM",Why did I skip Boston 2026?,7.39,71.43,9.67,133.7,157,7.39,70.0,9.47,134.0,157.0,333.0,874.0,7.39,71.43,9.67,133.7,157,83,1.5,47.5,44.9,6.0,0.0,340.0,334.0,170.4,,False,False,False,True,False,False
"Oct 17, 2025, 7:26:05 PM",Lunch Run,5.09,44.87,8.82,132.5,148,5.09,44.33,8.71,133.0,148.0,130.0,549.0,5.09,44.87,8.82,132.5,148,71,1.9,39.7,58.4,0.0,0.0,151.0,150.0,175.6,,False,False,False,False,False,False
"Oct 14, 2025, 10:39:25 PM",Afternoon Run,3.29,32.68,9.95,126.3,141,3.29,31.22,9.49,127.0,141.0,35.0,358.0,3.29,32.68,9.95,126.3,141,80,5.0,81.2,13.8,0.0,0.0,48.0,51.0,173.5,,False,False,False,True,False,False
"Oct 12, 2025, 12:42:27 PM",Chicago Marathon,26.61,176.68,6.64,168.1,175,26.61,176.63,6.64,168.0,175.0,53.0,3161.0,26.61,176.68,6.64,168.1,175,94,0.2,0.1,0.6,74.5,24.6,146.0,141.0,183.5,,True,False,True,False,True,False
"Oct 11, 2025, 2:13:50 PM",Morning Run,1.96,21.65,11.07,120.8,140,1.96,21.6,11.02,121.0,140.0,2.0,211.0,1.96,21.65,11.07,120.8,140,79,21.6,60.5,17.9,0.0,0.0,13.0,12.0,165.1,,False,False,False,True,False,False
"Oct 10, 2025, 2:12:48 AM",Evening Run,2.13,22.92,10.74,116.3,126,2.13,22.92,10.76,116.0,126.0,0.0,168.0,2.13,22.92,10.74,116.3,126,71,25.8,74.2,0.0,0.0,0.0,0,0,168.3,,False,False,False,True,False,False
"Oct 9, 2025, 12:50:45 AM",Afternoon Run,3.11,25.82,8.3,133.8,155,3.11,25.82,8.3,134.0,155.0,37.0,323.0,3.11,25.82,8.3,133.8,155,78,2.8,39.8,55.1,2.3,0.0,48.0,51.0,175.5,,False,False,False,False,False,False
"Oct 7, 2025, 1:31:28 PM",Morning Run,5.03,39.98,7.95,138.1,164,5.03,39.72,7.9,138.0,164.0,31.0,525.0,5.03,39.98,7.95,138.1,164,88,6.2,41.9,20.6,31.3,0.0,42.0,42.0,181.1,,False,True,False,False,False,False
"Oct 7, 2025, 1:14:12 AM",Evening Run,6.07,51.43,8.47,134.1,153,6.07,51.43,8.47,134.0,153.0,71.0,646.0,6.07,51.43,8.47,134.1,153,88,0.9,36.1,62.2,0.8,0.0,86.0,85.0,172.5,,False,False,False,False,False,False
"Oct 4, 2025, 2:44:04 PM",Morning Run,13.27,98.15,7.4,149.1,168,13.27,98.15,7.4,149.0,168.0,0.0,1452.0,13.27,98.15,7.4,149.1,168,85,0.8,6.0,61.1,32.2,0.0,45.0,46.0,183.4,,False,True,False,False,False,False
"Oct 3, 2025, 7:02:48 PM",Lunch Run,6.07,48.45,7.99,139.4,154,6.07,48.03,7.91,139.0,154.0,83.0,641.0,6.07,48.45,7.99,139.4,154,86,1.1,15.5,80.5,2.9,0.0,109.0,108.0,178.4,,False,True,False,False,False,False
"Oct 2, 2025, 7:06:23 PM",Lunch Run,8.15,61.48,7.54,152.1,174,8.15,59.03,7.24,152.0,174.0,69.0,908.0,8.15,61.48,7.54,152.1,174,82,1.4,7.1,42.1,39.2,10.2,99.0,99.0,182.8,,False,True,False,False,False,False
"Oct 1, 2025, 2:04:56 PM",Morning Run,8.1,67.48,8.33,134.9,146,8.1,66.35,8.19,135.0,146.0,25.0,839.0,8.1,67.48,8.33,134.9,146,96,1.2,20.2,78.5,0.0,0.0,55.0,56.0,179.8,,False,False,False,False,False,False
"Sep 30, 2025, 1:54:40 PM",Morning Run,8.47,69.3,8.18,141.8,172,8.47,67.45,7.96,142.0,172.0,24.0,931.0,8.47,69.3,8.18,141.8,172,60,2.3,19.2,55.8,22.4,0.3,53.0,54.0,172.9,,False,False,False,False,False,False
"Sep 29, 2025, 6:06:42 PM",Lunch Run,6.04,57.03,9.44,127.0,141,6.04,56.1,9.29,127.0,141.0,46.0,642.0,6.04,57.03,9.44,127.0,141,64,1.9,89.5,8.5,0.0,0.0,70.0,71.0,170.9,,False,False,False,True,False,False
"Sep 27, 2025, 2:00:01 PM",Last big one…🎗️,18.18,130.9,7.2,154.2,173,18.18,130.52,7.18,154.0,173.0,17.0,2046.0,18.18,130.9,7.2,154.2,173,65,0.5,2.6,45.8,46.9,4.3,74.0,73.0,183.7,,True,True,False,False,False,False
"Sep 26, 2025, 6:19:34 PM",Lunch Run,8.08,71.38,8.84,133.2,150,8.08,69.07,8.55,133.0,150.0,72.0,858.0,8.08,71.38,8.84,133.2,150,73,1.6,40.2,58.1,0.0,0.0,97.0,94.0,173.7,,False,False,False,False,False,False
"Sep 25, 2025, 1:07:53 PM",Morning Run,8.23,60.95,7.4,149.4,170,8.23,60.75,7.38,149.0,170.0,27.0,905.0,8.23,60.95,7.4,149.4,170,65,1.4,8.1,43.2,47.3,0.0,43.0,48.0,181.7,,False,True,False,False,False,False
"Sep 25, 2025, 12:54:46 AM",Afternoon Run,8.06,76.55,9.5,133.4,160,8.06,70.73,8.78,134.0,160.0,100.0,877.0,8.06,76.55,9.5,133.4,160,63,1.9,44.2,51.5,2.4,0.0,111.0,113.0,171.9,,False,False,False,True,False,False
"Sep 23, 2025, 7:02:22 PM",Lunch Run,10.02,79.2,7.9,147.4,170,10.02,77.62,7.75,147.0,170.0,96.0,1130.0,10.02,79.2,7.9,147.4,170,72,0.8,17.0,34.7,47.5,0.0,114.0,108.0,177.2,,False,True,False,False,False,False
"Sep 23, 2025, 12:51:54 AM",Afternoon Run,8.03,77.12,9.61,126.9,145,8.03,74.8,9.32,127.0,145.0,2.0,852.0,8.03,77.12,9.61,126.9,145,85,1.5,86.5,12.0,0.0,0.0,40.0,40.0,171.5,,False,False,False,True,False,False
"Sep 21, 2025, 6:59:59 PM",Lunch Run,6.06,56.1,9.26,133.1,151,6.06,55.17,9.1,133.0,151.0,128.0,681.0,6.06,56.1,9.26,133.1,151,83,1.7,40.7,57.7,0.0,0.0,141.0,162.0,171.7,,False,False,False,True,False,False
"Sep 20, 2025, 2:46:03 PM",Morning Run,20.25,145.65,7.19,156.1,177,20.25,145.65,7.19,156.0,177.0,17.0,2324.0,20.25,145.65,7.19,156.1,177,106,0.3,4.4,34.5,42.2,18.7,67.0,69.0,184.5,,True,True,False,False,False,False
"Sep 19, 2025, 12:56:24 PM",Morning Run,8.19,70.42,8.6,132.6,156,8.19,70.35,8.59,133.0,156.0,28.0,861.0,8.19,70.42,8.6,132.6,156,90,1.9,41.6,54.7,1.7,0.0,50.0,52.0,177.0,,False,False,False,False,False,False
"Sep 18, 2025, 1:02:02 PM",Morning Run,7.06,63.88,9.04,127.7,144,7.06,63.88,9.05,128.0,144.0,0.0,538.0,7.06,63.88,9.04,127.7,144,88,10.8,54.1,35.1,0.0,0.0,0,0,175.6,,False,False,False,True,False,False
"Sep 17, 2025, 12:52:42 PM",Morning Run,10.13,76.0,7.5,151.5,176,10.13,75.75,7.48,152.0,176.0,28.0,1155.0,10.13,76.0,7.5,151.5,176,74,1.9,21.4,23.1,35.1,18.4,43.0,47.0,181.6,,False,True,False,False,False,False
"Sep 16, 2025, 12:43:35 PM",Morning Run,8.32,77.32,9.29,127.1,140,8.32,75.52,9.08,126.0,140.0,0.0,632.0,8.32,77.32,9.29,127.1,140,66,6.4,76.1,17.5,0.0,0.0,0,0,176.5,,False,False,False,True,False,False
"Sep 15, 2025, 12:48:30 PM",Morning Run,10.32,77.63,7.52,151.6,172,10.32,77.63,7.52,152.0,172.0,27.0,1184.0,10.32,77.63,7.52,151.6,172,83,0.8,18.1,27.7,48.4,4.9,57.0,58.0,181.7,,False,True,False,False,False,False
"Sep 14, 2025, 9:10:40 PM",Afternoon Run,3.27,44.28,13.53,114.4,135,3.27,35.4,10.83,105.0,135.0,0.0,249.0,3.27,44.28,13.53,114.4,135,67,39.6,56.2,4.1,0.0,0.0,0,0,169.8,,False,False,False,True,False,False
"Sep 13, 2025, 3:56:27 PM",Morning Run,20.08,157.57,7.85,148.9,181,20.08,157.57,7.85,149.0,181.0,18.0,2335.0,20.08,157.57,7.85,148.9,181,71,0.5,9.2,51.5,32.5,6.3,71.0,71.0,179.6,,True,True,False,False,False,False
"Sep 12, 2025, 1:56:08 PM",Morning Run,9.27,77.97,8.41,138.0,160,9.27,77.82,8.39,138.0,160.0,76.0,1019.0,9.27,77.97,8.41,138.0,160,64,0.9,18.5,74.7,6.0,0.0,104.0,110.0,178.3,,False,False,False,False,False,False
"Sep 12, 2025, 2:01:10 AM",Evening Run,6.15,65.02,10.57,124.7,147,6.15,59.57,9.69,121.0,147.0,0.0,483.0,6.15,65.02,10.57,124.7,147,74,17.7,58.6,23.6,0.0,0.0,0,0,173.8,,False,False,False,True,False,False
"Sep 10, 2025, 11:37:18 PM",Afternoon Run,5.12,44.32,8.65,135.5,157,5.12,44.25,8.64,136.0,157.0,35.0,558.0,5.12,44.32,8.65,135.5,157,89,0.9,27.4,69.8,1.9,0.0,69.0,70.0,174.5,,False,False,False,False,False,False
"Sep 9, 2025, 3:29:01 AM",Morning Run,5.16,42.13,8.16,145.4,161,5.16,42.13,8.16,145.0,161.0,32.0,599.0,5.16,42.13,8.16,145.4,161,86,1.0,2.8,82.9,13.3,0.0,45.0,48.0,173.8,,False,False,False,False,False,False
"Sep 8, 2025, 2:51:51 AM",Morning Run,1.27,16.72,13.15,113.7,119,1.27,16.63,13.09,114.0,119.0,10.0,157.0,1.27,16.72,13.15,113.7,119,85,25.6,74.4,0.0,0.0,0.0,11.0,6.0,158.4,,False,False,False,True,False,False
"Sep 7, 2025, 1:13:03 AM",Morning Run,10.07,86.68,8.61,142.7,161,10.07,86.68,8.61,143.0,161.0,71.0,1196.0,10.07,86.68,8.61,142.7,161,90,0.4,2.7,91.2,5.7,0.0,95.0,100.0,174.4,,False,False,False,False,False,False
"Sep 6, 2025, 1:17:54 AM",Morning Run,10.22,86.22,8.44,152.4,172,10.22,86.22,8.44,152.0,172.0,72.0,1322.0,10.22,86.22,8.44,152.4,172,124,0.0,0.8,44.4,54.6,0.3,96.0,97.0,173.8,,False,False,False,False,False,False
"Sep 3, 2025, 7:53:52 PM",Lunch Run,6.1,57.78,9.48,128.7,149,6.1,57.78,9.47,129.0,149.0,0.0,493.0,6.1,57.78,9.48,128.7,149,91,9.2,49.7,41.1,0.0,0.0,0,0,176.5,,False,False,False,True,False,False
"Sep 3, 2025, 7:00:12 PM",Lunch Run,3.11,26.1,8.4,137.3,159,3.11,26.1,8.39,137.0,159.0,36.0,332.0,3.11,26.1,8.4,137.3,159,100,0.8,29.4,63.2,6.6,0.0,46.0,28.0,173.7,,False,False,False,False,False,False
"Sep 3, 2025, 2:03:53 AM",Evening Run,11.05,99.62,9.02,131.0,148,11.05,97.77,8.85,131.0,148.0,21.0,1176.0,11.05,99.62,9.02,131.0,148,65,2.2,58.4,39.5,0.0,0.0,62.0,70.0,173.2,,False,False,False,True,False,False
"Sep 1, 2025, 5:22:06 PM",Morning Run,10.08,85.28,8.46,141.0,175,10.08,84.8,8.41,141.0,175.0,33.0,1155.0,10.08,85.28,8.46,141.0,175,63,4.3,33.2,34.0,19.6,8.9,61.0,64.0,167.0,,False,False,False,False,False,False
"Aug 31, 2025, 2:21:28 PM",Last one in Whistler,11.25,99.87,8.88,131.3,149,11.25,96.5,8.58,131.0,149.0,154.0,1162.0,11.25,99.87,8.88,131.3,149,86,4.2,48.5,47.3,0.0,0.0,180.0,178.0,173.9,,False,False,False,False,False,False
"Aug 30, 2025, 2:41:01 PM",Morning Run,8.48,80.4,9.48,134.6,171,8.48,77.9,9.19,135.0,171.0,136.0,902.0,8.48,80.4,9.48,134.6,171,82,6.3,47.1,30.9,14.5,1.2,152.0,153.0,172.6,,False,False,False,True,False,False
"Aug 29, 2025, 2:05:59 PM",Morning Run,13.76,116.55,8.47,135.3,153,13.76,115.23,8.37,136.0,153.0,48.0,1450.0,13.76,116.55,8.47,135.3,153,62,3.8,22.4,71.5,2.3,0.0,104.0,103.0,175.5,,False,False,False,False,False,False
"Aug 28, 2025, 4:02:24 PM",Morning Run,8.34,83.0,9.95,124.8,145,8.34,79.25,9.5,125.0,145.0,102.0,874.0,8.34,83.0,9.95,124.8,145,87,2.3,82.8,14.8,0.0,0.0,125.0,125.0,170.6,,False,False,False,True,False,False
"Aug 28, 2025, 12:50:44 AM",Afternoon Trail Run,7.54,83.15,11.02,134.7,152,7.54,80.23,10.64,135.0,152.0,258.0,735.0,7.54,83.15,11.02,134.7,152,79,1.3,41.6,56.2,0.9,0.0,277.0,276.0,168.1,,False,False,False,True,False,False
"Aug 27, 2025, 2:56:14 PM",Morning Run,11.02,85.97,7.8,146.7,169,11.02,85.18,7.73,147.0,169.0,19.0,1229.0,11.02,85.97,7.8,146.7,169,81,1.3,20.4,31.7,46.7,0.0,48.0,50.0,180.5,,False,True,False,False,False,False
"Aug 26, 2025, 4:49:31 PM",Morning Run,11.4,102.18,8.97,135.0,155,11.4,102.18,8.96,135.0,155.0,204.0,1289.0,11.4,102.18,8.97,135.0,155,90,1.0,30.8,66.9,1.3,0.0,220.0,216.0,173.4,,False,False,False,False,False,False
"Aug 26, 2025, 12:42:00 AM",Afternoon Trail Run,7.37,86.1,11.69,129.7,146,7.37,85.0,11.53,130.0,146.0,254.0,734.0,7.37,86.1,11.69,129.7,146,87,0.9,61.6,37.5,0.0,0.0,272.0,273.0,165.6,,False,False,False,True,False,False
"Aug 25, 2025, 3:15:42 PM",Morning Run,11.15,96.55,8.66,145.3,177,11.15,95.78,8.59,145.0,177.0,28.0,1365.0,11.15,96.55,8.66,145.3,177,88,0.8,24.8,43.3,22.8,8.2,71.0,74.0,166.2,,False,False,False,False,False,False
"Aug 23, 2025, 2:33:39 PM",Morning Run,18.45,149.58,8.11,144.8,170,18.45,148.53,8.05,145.0,170.0,92.0,2103.0,18.45,149.58,8.11,144.8,170,85,0.5,15.9,54.7,28.9,0.0,189.0,190.0,180.9,,True,False,False,False,False,False
"Aug 22, 2025, 2:12:53 PM",Morning Run,8.13,77.53,9.53,131.4,146,8.13,71.22,8.76,131.0,146.0,34.0,861.0,8.13,77.53,9.53,131.4,146,73,2.1,50.6,47.3,0.0,0.0,66.0,68.0,175.7,,False,False,False,True,False,False
"Aug 21, 2025, 1:58:58 PM",Morning Run,9.08,81.6,8.99,129.6,140,9.08,80.6,8.88,130.0,140.0,14.0,950.0,9.08,81.6,8.99,129.6,140,88,1.3,74.8,23.9,0.0,0.0,46.0,50.0,178.6,,False,False,False,False,False,False
"Aug 20, 2025, 1:32:52 PM",Morning Run,12.56,97.5,7.76,148.6,173,12.56,96.03,7.65,149.0,173.0,26.0,1416.0,12.56,97.5,7.76,148.6,173,78,1.1,11.0,41.7,44.2,2.0,71.0,73.0,182.2,,False,True,False,False,False,False
"Aug 19, 2025, 1:43:13 PM",Morning Run,11.8,105.57,8.94,132.0,148,11.8,101.25,8.58,132.0,148.0,37.0,1234.0,11.8,105.57,8.94,132.0,148,73,1.0,55.7,43.3,0.0,0.0,92.0,94.0,176.9,,False,False,False,False,False,False
"Aug 18, 2025, 2:17:01 PM",Morning Run,10.05,83.63,8.32,143.4,173,10.05,83.27,8.29,143.0,173.0,17.0,1161.0,10.05,83.63,8.32,143.4,173,90,0.9,18.9,51.3,28.4,0.4,55.0,59.0,169.0,,False,False,False,False,False,False
"Aug 16, 2025, 3:10:43 PM",Morning Run,15.02,125.77,8.37,138.9,161,15.02,125.02,8.32,139.0,161.0,16.0,1652.0,15.02,125.77,8.37,138.9,161,92,0.6,9.6,85.8,3.9,0.0,92.0,96.0,177.0,,True,False,False,False,False,False
"Aug 15, 2025, 4:36:47 PM",Morning Run,10.06,91.78,9.12,138.1,164,10.06,90.27,8.97,138.0,164.0,234.0,1182.0,10.06,91.78,9.12,138.1,164,87,1.1,24.7,69.4,4.8,0.0,250.0,252.0,173.5,,False,False,False,True,False,False
"Aug 14, 2025, 3:28:20 PM",Morning Run,10.01,88.95,8.88,134.3,150,10.01,88.25,8.82,134.0,150.0,62.0,1103.0,10.01,88.95,8.88,134.3,150,83,0.7,32.7,66.7,0.0,0.0,104.0,110.0,175.9,,False,False,False,False,False,False
"Aug 13, 2025, 3:31:56 PM",Morning Run,10.2,79.93,7.84,150.9,167,10.2,79.93,7.84,151.0,167.0,63.0,1207.0,10.2,79.93,7.84,150.9,167,77,1.0,3.9,39.8,55.3,0.0,112.0,118.0,177.9,,False,True,False,False,False,False
"Aug 12, 2025, 1:43:18 PM",Morning Run,8.04,66.57,8.28,139.8,163,8.04,66.57,8.28,140.0,163.0,17.0,889.0,8.04,66.57,8.28,139.8,163,70,0.9,6.3,88.7,4.1,0.0,45.0,47.0,178.5,,False,False,False,False,False,False
"Aug 9, 2025, 2:25:52 PM",Mailbox Peak,8.14,210.33,25.86,116.6,145,8.14,198.18,24.35,121.0,145.0,1232.0,1439.0,8.14,210.33,25.86,116.6,145,70,34.0,57.5,8.5,0.0,0.0,1255.0,1250.0,130.8,,False,False,False,True,False,False
"Aug 8, 2025, 2:28:59 PM",Morning Run,8.04,69.45,8.63,133.0,145,8.04,67.2,8.36,133.0,145.0,50.0,827.0,8.04,69.45,8.63,133.0,145,77,2.1,32.5,65.4,0.0,0.0,76.0,77.0,177.6,,False,False,False,False,False,False
"Aug 7, 2025, 1:59:56 PM",Morning Run,7.09,56.55,7.98,136.6,151,7.09,56.33,7.94,137.0,151.0,73.0,724.0,7.09,56.55,7.98,136.6,151,87,2.1,14.4,83.5,0.0,0.0,97.0,100.0,177.3,,False,True,False,False,False,False
"Aug 7, 2025, 12:59:44 AM",Afternoon Run,4.51,39.4,8.74,134.1,149,4.51,39.4,8.74,134.0,149.0,54.0,493.0,4.51,39.4,8.74,134.1,149,80,2.1,32.7,65.1,0.0,0.0,67.0,66.0,173.3,,False,False,False,False,False,False
"Aug 6, 2025, 2:53:13 PM",Morning Run,8.03,63.08,7.85,142.9,155,8.03,62.37,7.77,143.0,155.0,15.0,862.0,8.03,63.08,7.85,142.9,155,90,1.4,7.7,86.9,4.0,0.0,56.0,59.0,180.3,,False,True,False,False,False,False
"Aug 5, 2025, 2:28:31 PM",Morning Run,8.3,66.22,7.98,144.1,161,8.3,65.73,7.92,144.0,161.0,174.0,922.0,8.3,66.22,7.98,144.1,161,85,1.2,9.2,64.6,25.1,0.0,200.0,210.0,181.3,,False,True,False,False,False,False
"Aug 5, 2025, 1:02:53 AM",Evening Run,4.1,43.22,10.54,131.5,149,4.1,35.97,8.77,132.0,149.0,0.0,434.0,4.1,43.22,10.54,131.5,149,83,3.1,45.4,51.5,0.0,0.0,23.0,24.0,173.8,,False,False,False,True,False,False
"Aug 4, 2025, 2:16:43 PM",Morning Run,7.12,61.77,8.67,133.2,155,7.12,60.08,8.44,133.0,155.0,62.0,741.0,7.12,61.77,8.67,133.2,155,87,1.6,43.8,53.4,1.2,0.0,84.0,83.0,174.4,,False,False,False,False,False,False
"Aug 3, 2025, 3:40:39 PM",Morning Run,8.28,63.87,7.71,144.7,159,8.28,63.72,7.7,145.0,159.0,40.0,899.0,8.28,63.87,7.71,144.7,159,87,1.3,7.4,72.8,18.5,0.0,67.0,68.0,180.9,,False,True,False,False,False,False
"Aug 2, 2025, 2:37:20 PM",Morning Run,8.13,68.9,8.48,135.0,146,8.13,68.82,8.46,135.0,146.0,17.0,869.0,8.13,68.9,8.48,135.0,146,86,1.2,16.0,82.9,0.0,0.0,45.0,48.0,180.5,,False,False,False,False,False,False
"Aug 1, 2025, 2:40:37 PM",Morning Run,4.25,38.7,9.11,125.7,139,4.25,38.07,8.96,126.0,139.0,39.0,427.0,4.25,38.7,9.11,125.7,139,84,4.1,84.3,11.6,0.0,0.0,44.0,49.0,174.7,,False,False,False,True,False,False
"Jul 31, 2025, 1:56:28 PM",Morning Run,6.27,55.82,8.9,130.2,143,6.27,55.82,8.9,130.0,143.0,88.0,664.0,6.27,55.82,8.9,130.2,143,82,1.5,66.4,32.1,0.0,0.0,99.0,102.0,175.5,,False,False,False,False,False,False
"Jul 30, 2025, 2:06:15 PM",Morning Run,3.28,28.22,8.61,132.1,143,3.28,28.22,8.6,132.0,143.0,23.0,345.0,3.28,28.22,8.61,132.1,143,80,2.8,30.2,67.0,0.0,0.0,34.0,37.0,179.2,,False,False,False,False,False,False
"Jul 27, 2025, 1:00:04 PM",Jack & Jill | 2:55:26,26.28,175.45,6.68,161.5,171,26.28,175.45,6.68,161.0,171.0,3.0,2949.0,26.28,175.45,6.68,161.5,171,78,0.3,0.1,1.0,98.5,0.1,8.0,633.0,184.9,,True,False,True,False,True,False
"Jul 26, 2025, 3:40:59 PM",Morning Run,2.02,18.0,8.91,128.2,139,2.02,18.0,8.91,128.0,139.0,16.0,208.0,2.02,18.0,8.91,128.2,139,88,3.4,72.1,24.5,0.0,0.0,26.0,25.0,176.7,,False,False,False,False,False,False
"Jul 25, 2025, 3:33:02 PM",Morning Run,4.01,35.17,8.76,136.4,149,4.01,34.18,8.52,136.0,149.0,32.0,439.0,4.01,35.17,8.76,136.4,149,93,2.4,20.6,77.0,0.0,0.0,51.0,54.0,179.0,,False,False,False,False,False,False
"Jul 24, 2025, 2:26:36 PM",Morning Run,4.72,54.63,11.58,113.1,131,4.72,47.37,10.04,108.0,131.0,0.0,327.0,4.72,54.63,11.58,113.1,131,71,53.2,46.8,0.0,0.0,0.0,0,0,171.9,,False,False,False,True,False,False
"Jul 23, 2025, 1:56:11 PM",Morning Run,7.13,59.32,8.32,140.3,155,7.13,55.38,7.77,140.0,155.0,50.0,744.0,7.13,59.32,8.32,140.3,155,81,3.0,9.1,85.1,2.8,0.0,72.0,76.0,179.9,,False,False,False,False,False,False
"Jul 22, 2025, 1:59:38 PM",Morning Run,7.49,64.87,8.66,137.7,152,7.49,58.93,7.87,138.0,152.0,45.0,770.0,7.49,64.87,8.66,137.7,152,61,3.3,19.2,77.3,0.2,0.0,79.0,86.0,179.3,,False,False,False,False,False,False
"Jul 21, 2025, 2:05:20 PM",Morning Run,8.7,68.13,7.83,145.9,171,8.7,66.97,7.7,146.0,171.0,18.0,961.0,8.7,68.13,7.83,145.9,171,83,1.9,15.3,45.8,36.2,0.7,60.0,61.0,183.9,,False,True,False,False,False,False
"Jul 19, 2025, 2:17:30 PM",Morning Run,14.38,112.33,7.81,140.1,161,14.38,112.1,7.8,140.0,161.0,118.0,1502.0,14.38,112.33,7.81,140.1,161,81,0.7,5.7,88.0,5.6,0.0,158.0,162.0,185.1,,False,True,False,False,False,False
"Jul 18, 2025, 1:19:53 PM",Morning Run,8.25,73.87,8.95,134.2,149,8.25,69.28,8.4,134.0,149.0,91.0,867.0,8.25,73.87,8.95,134.2,149,87,2.2,33.8,64.1,0.0,0.0,114.0,117.0,182.7,,False,False,False,False,False,False
"Jul 17, 2025, 1:52:27 PM",Morning Run,10.41,88.52,8.5,133.1,148,10.41,88.52,8.5,133.0,148.0,109.0,1087.0,10.41,88.52,8.5,133.1,148,76,1.8,40.3,57.9,0.0,0.0,153.0,164.0,179.7,,False,False,False,False,False,False
"Jul 16, 2025, 1:53:25 PM",Morning Run,8.08,72.43,8.96,130.7,148,8.08,71.65,8.87,131.0,148.0,87.0,855.0,8.08,72.43,8.96,130.7,148,79,1.2,56.3,42.4,0.0,0.0,109.0,102.0,178.7,,False,False,False,False,False,False
"Jul 15, 2025, 1:56:47 PM",Morning Run,10.1,82.37,8.15,145.2,174,10.1,81.82,8.1,145.0,174.0,23.0,1164.0,10.1,82.37,8.15,145.2,174,84,1.2,27.5,35.2,25.9,10.3,71.0,72.0,171.9,,False,False,False,False,False,False
"Jul 14, 2025, 1:36:47 PM",Morning Run,9.11,79.08,8.68,132.2,151,9.11,76.95,8.45,132.0,151.0,113.0,934.0,9.11,79.08,8.68,132.2,151,77,1.7,50.0,48.3,0.0,0.0,141.0,137.0,177.4,,False,False,False,False,False,False
"Jul 12, 2025, 2:09:12 PM",Morning Run,20.25,158.23,7.82,145.9,172,20.25,155.03,7.66,146.0,172.0,135.0,2214.0,20.25,158.23,7.82,145.9,172,77,0.6,5.8,64.8,28.3,0.5,210.0,213.0,182.1,,True,True,False,False,False,False
"Jul 11, 2025, 2:17:00 PM",Morning Run | Part II | 10mi total,4.3,35.0,8.14,,,4.3,35.0,8.14,,,35.1,636.0,,,,,,,,,,,,,,,,False,False,False,False,False,False
"Jul 11, 2025, 1:26:40 PM",Morning Run | Part I | 10mi total,5.75,50.33,8.75,128.8,147,5.75,50.15,8.72,129.0,147.0,56.0,585.0,5.75,50.33,8.75,128.8,147,60,1.7,72.3,25.9,0.0,0.0,81.0,82.0,175.0,,False,False,False,False,False,False
"Jul 10, 2025, 1:12:39 PM",Morning Run,10.02,86.17,8.6,131.0,145,10.02,85.7,8.55,131.0,145.0,98.0,1024.0,10.02,86.17,8.6,131.0,145,68,1.4,55.3,43.3,0.0,0.0,131.0,136.0,178.2,,False,False,False,False,False,False
"Jul 10, 2025, 12:58:56 AM",Afternoon Trail Run,6.74,74.08,11.0,131.7,151,6.74,73.63,10.92,132.0,151.0,261.0,643.0,6.74,74.08,11.0,131.7,151,85,2.4,48.6,49.1,0.0,0.0,289.0,288.0,169.7,,False,False,False,True,False,False
"Jul 9, 2025, 1:43:54 PM",Morning Run,11.03,89.43,8.11,143.5,167,11.03,85.58,7.76,144.0,167.0,130.0,1188.0,11.03,89.43,8.11,143.5,167,78,1.3,7.5,77.6,13.6,0.0,177.0,183.0,178.4,,False,False,False,False,False,False
"Jul 8, 2025, 1:26:01 PM",Morning Run,11.04,100.3,9.08,132.1,146,11.04,93.18,8.44,132.0,146.0,83.0,1129.0,11.04,100.3,9.08,132.1,146,77,2.9,36.7,60.5,0.0,0.0,144.0,152.0,177.2,,False,False,False,True,False,False
"Jul 7, 2025, 2:00:04 PM",Morning Run,11.24,92.08,8.19,146.2,175,11.24,90.57,8.06,146.0,175.0,18.0,1298.0,11.24,92.08,8.19,146.2,175,87,0.7,22.2,42.0,21.7,13.4,61.0,62.0,172.8,,False,False,False,False,False,False
"Jul 6, 2025, 7:22:09 PM",Lunch Run,6.54,57.7,8.83,140.0,158,6.54,55.8,8.53,140.0,158.0,117.0,744.0,6.54,57.7,8.83,140.0,158,90,1.4,13.6,80.5,4.5,0.0,134.0,128.0,177.2,,False,False,False,False,False,False
"Jul 5, 2025, 10:21:36 PM",Afternoon Run,6.51,60.17,9.24,136.4,149,6.51,59.48,9.14,136.0,149.0,133.0,760.0,6.51,60.17,9.24,136.4,149,88,1.0,25.5,73.5,0.0,0.0,154.0,159.0,173.3,,False,False,False,True,False,False
"Jul 4, 2025, 3:40:42 PM",Morning Run,20.38,160.0,7.85,147.6,170,20.38,158.9,7.8,148.0,170.0,25.0,2311.0,20.38,160.0,7.85,147.6,170,86,0.3,2.7,68.9,28.0,0.0,169.0,172.0,182.8,,True,True,False,False,False,False
"Jul 3, 2025, 1:15:35 PM",Morning Run,9.12,79.18,8.68,134.8,153,9.12,78.22,8.58,135.0,153.0,170.0,981.0,9.12,79.18,8.68,134.8,153,82,2.1,35.2,62.1,0.6,0.0,192.0,197.0,177.6,,False,False,False,False,False,False
"Jul 3, 2025, 1:00:39 AM",Evening Trail Run,6.45,64.97,10.07,140.9,166,6.45,64.72,10.03,141.0,166.0,258.0,628.0,6.45,64.97,10.07,140.9,166,75,3.1,15.9,65.4,15.6,0.0,270.0,269.0,172.9,,False,False,False,True,False,False
"Jul 2, 2025, 1:54:20 PM",Morning Run,10.05,86.82,8.63,132.5,146,10.05,85.63,8.52,133.0,146.0,99.0,1044.0,10.05,86.82,8.63,132.5,146,86,1.1,44.9,54.0,0.0,0.0,133.0,135.0,177.5,,False,False,False,False,False,False
"Jul 1, 2025, 1:08:08 PM",Morning Run,10.03,87.17,8.69,133.0,146,10.03,86.6,8.63,133.0,146.0,109.0,1062.0,10.03,87.17,8.69,133.0,146,81,1.7,42.4,55.9,0.0,0.0,136.0,127.0,179.4,,False,False,False,False,False,False
"Jun 30, 2025, 1:34:10 PM",Morning Run,9.04,76.42,8.45,142.9,172,9.04,75.33,8.33,143.0,172.0,12.0,1042.0,9.04,76.42,8.45,142.9,172,90,2.2,27.4,39.3,30.7,0.4,63.0,67.0,169.2,,False,False,False,False,False,False
"Jun 29, 2025, 6:51:46 PM",Lunch Run,4.21,37.58,8.93,134.7,146,4.21,37.5,8.91,135.0,146.0,23.0,472.0,4.21,37.58,8.93,134.7,146,95,1.6,26.3,72.1,0.0,0.0,51.0,50.0,174.6,,False,False,False,False,False,False
"Jun 28, 2025, 5:32:28 PM",Morning Run,5.06,49.28,9.75,128.6,142,5.05,47.18,9.34,129.0,142.0,44.0,547.0,5.06,49.28,9.75,128.6,142,87,2.0,73.6,24.3,0.0,0.0,65.0,68.0,175.6,,False,False,False,True,False,False
"Jun 27, 2025, 12:52:23 PM",Morning Run,20.11,156.27,7.77,146.1,166,20.11,154.78,7.7,146.0,166.0,18.0,2213.0,20.11,156.27,7.77,146.1,166,88,0.4,4.4,59.3,35.9,0.0,96.0,99.0,185.5,,True,True,False,False,False,False
"Jun 26, 2025, 1:48:32 PM",Morning Run,10.07,88.97,8.84,136.5,150,10.07,87.62,8.7,136.0,150.0,193.0,1120.0,10.07,88.97,8.84,136.5,150,97,1.4,26.9,71.8,0.0,0.0,222.0,228.0,179.1,,False,False,False,False,False,False
"Jun 26, 2025, 1:26:45 AM",Evening Run,5.25,47.45,9.05,131.6,149,5.25,46.12,8.78,132.0,149.0,39.0,555.0,5.25,47.45,9.05,131.6,149,77,3.1,39.1,57.8,0.0,0.0,69.0,67.0,176.9,,False,False,False,True,False,False
"Jun 25, 2025, 12:51:46 PM",Morning Run,11.04,84.78,7.68,152.3,171,11.04,82.73,7.49,152.0,171.0,91.0,1266.0,11.04,84.78,7.68,152.3,171,91,1.0,3.8,31.9,63.3,0.0,138.0,139.0,183.9,,False,True,False,False,False,False
"Jun 24, 2025, 1:09:57 PM",Morning Run,11.11,91.48,8.24,142.4,158,11.11,87.93,7.91,142.0,158.0,77.0,1205.0,11.11,91.48,8.24,142.4,158,85,0.7,8.6,84.1,6.5,0.0,140.0,150.0,182.3,,False,False,False,False,False,False
"Jun 23, 2025, 1:45:31 PM",Morning Run,9.41,76.72,8.15,147.5,174,9.41,76.62,8.14,147.0,174.0,22.0,1115.0,9.41,76.72,8.15,147.5,174,91,1.0,10.5,51.4,36.2,0.9,91.0,89.0,174.5,,False,False,False,False,False,False
"Jun 22, 2025, 7:46:02 PM",Lunch Run,6.16,82.05,13.32,121.4,145,6.16,61.67,10.01,122.0,145.0,17.0,651.0,6.16,82.05,13.32,121.4,145,62,35.8,25.7,38.5,0.0,0.0,62.0,60.0,171.0,,False,False,False,True,False,False
"Jun 20, 2025, 12:31:26 PM",Morning Run,18.05,138.9,7.7,145.7,167,18.05,135.37,7.5,146.0,167.0,19.0,1930.0,18.05,138.9,7.7,145.7,167,89,0.8,5.0,75.9,18.3,0.0,106.0,107.0,188.0,,True,True,False,False,False,False
"Jun 19, 2025, 1:03:47 PM",Morning Run,9.07,79.18,8.73,133.9,148,9.07,78.12,8.61,134.0,148.0,95.0,970.0,9.07,79.18,8.73,133.9,148,98,1.0,36.0,62.9,0.0,0.0,129.0,124.0,180.4,,False,False,False,False,False,False
"Jun 19, 2025, 12:54:59 AM",Afternoon Trail Run,6.36,75.85,11.93,129.3,149,6.36,74.25,11.67,129.0,149.0,262.0,631.0,6.36,75.85,11.93,129.3,149,79,6.7,52.4,40.9,0.0,0.0,281.0,285.0,168.2,,False,False,False,True,False,False
"Jun 18, 2025, 1:41:34 PM",Morning Run,10.19,78.1,7.66,145.0,159,10.19,77.65,7.62,145.0,159.0,18.0,1097.0,10.19,78.1,7.66,145.0,159,89,1.1,7.4,71.2,20.4,0.0,54.0,56.0,185.4,,False,True,False,False,False,False
"Jun 17, 2025, 1:32:52 PM",Morning Run,9.03,78.8,8.73,132.2,146,9.03,78.48,8.69,132.0,146.0,81.0,953.0,9.03,78.8,8.73,132.2,146,89,0.9,45.6,53.5,0.0,0.0,121.0,120.0,177.4,,False,False,False,False,False,False
"Jun 17, 2025, 12:58:31 AM",Afternoon Trail Run,6.43,77.27,12.01,131.8,152,6.43,73.62,11.45,132.0,152.0,261.0,644.0,6.43,77.27,12.01,131.8,152,77,4.0,45.1,50.7,0.2,0.0,282.0,280.0,170.3,,False,False,False,True,False,False
"Jun 16, 2025, 1:32:26 PM",Morning Run,10.08,82.82,8.22,143.8,171,10.08,82.75,8.21,144.0,171.0,19.0,1156.0,10.08,82.82,8.22,143.8,171,75,0.5,12.8,60.8,25.8,0.0,86.0,89.0,177.7,,False,False,False,False,False,False
"Jun 16, 2025, 1:16:13 AM",Evening Run,3.39,31.12,9.18,132.0,154,3.39,30.1,8.88,132.0,154.0,42.0,366.0,3.39,31.12,9.18,132.0,154,79,4.2,45.6,47.1,3.2,0.0,50.0,47.0,176.5,,False,False,False,True,False,False
"Jun 14, 2025, 2:29:53 PM",Morning Run,20.07,152.27,7.59,147.5,175,20.07,152.18,7.58,148.0,175.0,27.0,2212.0,20.07,152.27,7.59,147.5,175,81,0.4,2.4,73.3,20.6,3.3,134.0,131.0,186.4,,True,True,False,False,False,False
"Jun 13, 2025, 1:19:10 PM",Morning Run,10.05,86.25,8.58,138.2,155,10.05,85.77,8.53,138.0,155.0,181.0,1120.0,10.05,86.25,8.58,138.2,155,86,1.0,22.2,74.1,2.7,0.0,201.0,208.0,179.8,,False,False,False,False,False,False
"Jun 12, 2025, 1:22:08 PM",Morning Run,10.64,86.22,8.11,142.2,160,10.64,86.13,8.09,142.0,160.0,88.0,1182.0,10.64,86.22,8.11,142.2,160,61,1.0,1.8,88.3,8.8,0.0,140.0,139.0,180.2,,False,False,False,False,False,False
"Jun 11, 2025, 1:34:02 PM",Morning Run,10.17,92.28,9.08,138.4,167,10.17,80.82,7.95,139.0,167.0,152.0,1063.0,10.17,92.28,9.08,138.4,167,69,4.6,21.8,60.4,13.1,0.0,185.0,191.0,180.9,,False,False,False,True,False,False
"Jun 10, 2025, 1:29:00 PM",Morning Run,10.03,86.4,8.62,138.0,152,10.03,85.55,8.53,138.0,152.0,182.0,1115.0,10.03,86.4,8.62,138.0,152,65,1.3,14.9,83.6,0.2,0.0,204.0,211.0,179.5,,False,False,False,False,False,False
"Jun 9, 2025, 1:28:43 PM",Morning Run,9.22,79.62,8.63,140.6,161,9.22,79.23,8.59,141.0,161.0,83.0,1064.0,9.22,79.62,8.63,140.6,161,91,0.8,9.1,84.3,5.8,0.0,121.0,119.0,179.1,,False,False,False,False,False,False
"Jun 8, 2025, 6:54:04 PM",Lunch Run,1.81,150.8,83.17,107.0,149,1.71,25.08,14.67,112.0,149.0,0.0,492.0,1.81,150.8,83.17,107.0,149,79,71.6,23.3,5.1,0.0,0.0,36.0,31.0,119.9,,False,False,False,True,False,False
"Jun 6, 2025, 12:50:08 PM",Morning Run,18.33,146.07,7.97,145.3,168,18.33,144.5,7.88,145.0,168.0,14.0,2048.0,18.33,146.07,7.97,145.3,168,89,0.4,2.1,72.0,25.4,0.0,84.0,88.0,187.2,,True,True,False,False,False,False
"Jun 5, 2025, 1:21:44 PM",Morning Run,9.1,82.23,9.03,135.0,144,9.1,78.42,8.62,135.0,144.0,20.0,984.0,9.1,82.23,9.03,135.0,144,89,1.6,9.5,88.9,0.0,0.0,75.0,83.0,180.1,,False,False,False,True,False,False
"Jun 5, 2025, 12:53:00 AM",Afternoon Run,7.11,66.6,9.37,138.5,152,7.11,65.7,9.24,139.0,152.0,125.0,862.0,7.11,66.6,9.37,138.5,152,81,1.4,16.1,82.4,0.0,0.0,152.0,151.0,176.4,,False,False,False,True,False,False
"Jun 4, 2025, 1:36:54 PM",Morning Run,10.06,77.58,7.71,148.1,163,10.06,77.53,7.71,148.0,163.0,69.0,1134.0,10.06,77.58,7.71,148.1,163,75,0.6,2.3,74.9,22.2,0.0,112.0,115.0,183.6,,False,True,False,False,False,False
"Jun 3, 2025, 12:57:04 PM",Morning Run,9.03,79.17,8.77,138.9,155,9.03,77.05,8.53,139.0,155.0,161.0,1014.0,9.03,79.17,8.77,138.9,155,90,1.5,16.7,76.3,5.5,0.0,194.0,199.0,181.2,,False,False,False,False,False,False
"Jun 3, 2025, 12:57:30 AM",Afternoon Run,6.27,54.67,8.72,140.4,151,6.27,54.07,8.62,140.0,151.0,70.0,724.0,6.27,54.67,8.72,140.4,151,93,1.0,6.8,92.2,0.0,0.0,95.0,95.0,177.4,,False,False,False,False,False,False
"Jun 2, 2025, 1:37:46 PM",Morning Run,10.14,83.27,8.21,140.7,161,10.14,83.27,8.21,141.0,161.0,79.0,1119.0,10.14,83.27,8.21,140.7,161,92,0.6,4.3,86.3,8.7,0.0,120.0,124.0,180.9,,False,False,False,False,False,False
"May 31, 2025, 1:38:37 PM",Morning Run,18.62,146.12,7.85,145.8,165,18.62,143.88,7.73,146.0,165.0,95.0,2049.0,18.62,146.12,7.85,145.8,165,78,0.4,3.3,77.2,19.1,0.0,172.0,193.0,184.1,,True,True,False,False,False,False
"May 30, 2025, 12:40:34 PM",Morning Run,10.05,81.23,8.08,142.6,160,10.05,80.7,8.03,143.0,160.0,48.0,1109.0,10.05,81.23,8.08,142.6,160,85,0.9,6.2,88.2,4.8,0.0,105.0,105.0,185.2,,False,False,False,False,False,False
"May 29, 2025, 1:21:51 PM",Morning Run,10.24,90.05,8.8,137.6,154,10.24,89.15,8.71,138.0,154.0,176.0,1155.0,10.24,90.05,8.8,137.6,154,73,0.9,21.0,76.1,2.0,0.0,203.0,202.0,177.0,,False,False,False,False,False,False
"May 28, 2025, 1:31:39 PM",Morning Run,10.42,85.68,8.23,142.7,157,10.42,82.37,7.9,143.0,157.0,53.0,1135.0,10.42,85.68,8.23,142.7,157,68,1.2,7.2,88.6,3.0,0.0,96.0,105.0,183.6,,False,False,False,False,False,False
"May 27, 2025, 1:41:34 PM",Morning Run,10.62,91.03,8.57,142.3,158,10.62,86.9,8.18,142.0,158.0,56.0,1191.0,10.62,91.03,8.57,142.3,158,64,1.7,3.5,91.0,3.8,0.0,119.0,125.0,181.1,,False,False,False,False,False,False
"May 26, 2025, 2:24:08 PM",Morning Run,10.23,88.58,8.66,140.4,161,10.23,87.92,8.59,140.0,161.0,199.0,1148.0,10.23,88.58,8.66,140.4,161,81,0.6,18.7,64.4,16.3,0.0,216.0,225.0,176.7,,False,False,False,False,False,False
"May 24, 2025, 3:06:31 PM",Morning Run,18.04,146.72,8.13,143.8,167,18.04,146.65,8.13,144.0,167.0,17.0,1988.0,18.04,146.72,8.13,143.8,167,88,0.4,2.3,83.5,13.8,0.0,108.0,107.0,184.7,,True,False,False,False,False,False
"May 23, 2025, 7:00:58 PM",Lunch Run,8.1,69.4,8.57,140.5,161,8.1,67.35,8.31,140.0,161.0,70.0,880.0,8.1,69.4,8.57,140.5,161,72,1.5,9.6,82.1,6.8,0.0,118.0,116.0,181.1,,False,False,False,False,False,False
"May 22, 2025, 12:39:52 PM",Morning Run,8.02,71.32,8.89,131.2,146,8.02,71.32,8.89,131.0,146.0,19.0,833.0,8.02,71.32,8.89,131.2,146,79,2.3,50.6,47.1,0.0,0.0,48.0,50.0,183.7,,False,False,False,False,False,False
"May 22, 2025, 1:09:50 AM",Evening Run,1.9,26.27,13.82,114.2,144,1.9,25.47,13.41,114.0,144.0,14.0,198.0,1.9,26.27,13.82,114.2,144,81,45.8,45.7,8.6,0.0,0.0,23.0,26.0,153.8,,False,False,False,True,False,False
"May 21, 2025, 1:23:22 PM",Morning Run,10.01,88.85,8.88,137.1,162,10.01,87.47,8.74,137.0,162.0,219.0,1099.0,10.01,88.85,8.88,137.1,162,84,0.9,23.6,70.9,4.6,0.0,235.0,234.0,177.7,,False,False,False,False,False,False
"May 21, 2025, 1:22:05 AM",Evening Run,4.57,40.58,8.87,130.9,141,4.57,40.58,8.88,131.0,141.0,0.0,342.0,4.57,40.58,8.87,130.9,141,83,3.5,41.3,55.2,0.0,0.0,0,0,181.5,,False,False,False,False,False,False
"May 20, 2025, 12:41:01 PM",Morning Run,8.13,64.42,7.92,144.4,157,8.13,64.28,7.91,144.0,157.0,28.0,877.0,8.13,64.42,7.92,144.4,157,78,1.2,6.6,87.2,5.1,0.0,71.0,71.0,184.6,,False,True,False,False,False,False
"May 19, 2025, 1:28:09 PM",Morning Run,9.49,82.22,8.66,135.4,152,9.49,81.97,8.64,135.0,152.0,50.0,1007.0,9.49,82.22,8.66,135.4,152,93,0.6,14.0,85.3,0.0,0.0,100.0,94.0,178.9,,False,False,False,False,False,False
"May 18, 2025, 6:25:31 PM",Lunch Run,3.36,27.88,8.3,142.8,151,3.36,27.85,8.29,143.0,151.0,32.0,373.0,3.36,27.88,8.3,142.8,151,78,1.1,3.1,95.8,0.0,0.0,40.0,41.0,179.1,,False,False,False,False,False,False
"May 18, 2025, 2:38:27 PM",Morning Run,1.87,137.22,73.34,104.6,144,1.69,25.35,15.0,110.0,144.0,4.0,233.0,1.87,137.22,73.34,104.6,144,79,74.2,21.3,4.5,0.0,0.0,22.0,26.0,118.0,,False,False,False,True,False,False
"May 17, 2025, 4:19:06 PM",Morning Run,10.05,89.15,8.87,140.6,156,10.05,87.73,8.73,141.0,156.0,181.7,1146.0,10.05,89.15,8.87,140.6,156,89,0.7,11.4,83.5,4.4,0.0,383.0,387.0,178.4,,False,False,False,False,False,False
"May 16, 2025, 1:11:15 PM",Morning Run,13.16,109.55,8.32,143.5,159,13.16,108.7,8.26,144.0,159.0,248.0,1468.0,13.16,109.55,8.32,143.5,159,85,0.4,6.9,81.3,11.5,0.0,279.0,285.0,179.4,,False,False,False,False,False,False
"May 15, 2025, 1:25:22 PM",Morning Run,9.33,80.13,8.59,146.0,169,9.33,78.05,8.37,146.0,169.0,207.0,1086.0,9.33,80.13,8.59,146.0,169,75,0.9,6.0,73.8,19.3,0.0,224.0,225.0,179.1,,False,False,False,False,False,False
"May 14, 2025, 2:04:46 PM",Morning Run,9.11,70.93,7.79,153.4,166,9.11,70.52,7.74,153.0,166.0,40.0,1063.0,9.11,70.93,7.79,153.4,166,83,1.2,1.9,26.5,70.4,0.0,103.0,102.0,181.3,,False,True,False,False,False,False
"May 13, 2025, 1:14:11 PM",Morning Run,5.14,40.1,7.79,131.9,144,5.14,40.1,7.8,132.0,144.0,0.0,342.0,5.14,40.1,7.79,131.9,144,81,1.0,46.7,52.2,0.0,0.0,0,0,175.6,,False,True,False,False,False,False
"May 12, 2025, 1:15:00 PM",Morning Run,9.3,78.5,8.44,143.2,163,9.3,77.78,8.36,143.0,163.0,169.0,1047.0,9.3,78.5,8.44,143.2,163,93,0.6,10.4,70.0,19.0,0.0,190.0,194.0,178.1,,False,False,False,False,False,False
"May 11, 2025, 6:28:23 PM",Lunch Run,10.05,82.62,8.22,144.1,163,10.05,82.42,8.2,144.0,163.0,24.0,1121.0,10.05,82.62,8.22,144.1,163,91,0.6,3.3,86.5,9.6,0.0,88.0,94.0,178.5,,False,False,False,False,False,False
"May 10, 2025, 3:42:28 PM",Morning Run,2.29,123.5,53.91,99.4,158,2.16,31.65,14.65,107.0,158.0,0.0,342.0,2.29,123.5,53.91,99.4,158,71,78.3,17.6,3.6,0.5,0.0,40.0,40.0,123.4,,False,False,False,True,False,False
"May 9, 2025, 1:30:31 PM",Morning Run,11.1,84.32,7.6,149.3,162,11.1,84.15,7.58,149.0,162.0,88.0,1213.0,11.1,84.32,7.6,149.3,162,95,0.6,4.3,48.8,46.4,0.0,130.0,133.0,180.8,,False,True,False,False,False,False
"May 8, 2025, 1:38:12 PM",Morning Run,8.24,71.25,8.65,141.5,161,8.24,70.23,8.52,142.0,161.0,148.0,927.0,8.24,71.25,8.65,141.5,161,95,1.6,13.1,72.1,13.2,0.0,168.0,174.0,179.9,,False,False,False,False,False,False
"May 7, 2025, 12:58:10 PM",Morning Run,8.04,70.25,8.74,140.7,161,8.04,69.62,8.66,141.0,161.0,88.0,911.0,8.04,70.25,8.74,140.7,161,99,0.7,10.8,83.1,5.4,0.0,122.0,124.0,178.2,,False,False,False,False,False,False
"May 6, 2025, 1:17:09 PM",Morning Run,8.15,71.95,8.82,139.0,156,8.15,69.73,8.56,139.0,156.0,138.0,895.0,8.15,71.95,8.82,139.0,156,99,1.0,18.8,76.9,3.3,0.0,159.0,162.0,177.6,,False,False,False,False,False,False
"May 5, 2025, 1:20:54 PM",Morning Run,8.8,76.27,8.66,143.3,167,8.8,74.55,8.47,143.0,167.0,166.0,1006.0,8.8,76.27,8.66,143.3,167,83,0.5,7.9,76.2,15.4,0.0,202.0,201.0,178.0,,False,False,False,False,False,False
"May 4, 2025, 3:31:00 PM",Morning Run,2.1,180.92,86.06,106.3,144,2.02,30.05,14.88,112.0,144.0,0.0,291.0,2.1,180.92,86.06,106.3,144,71,66.8,25.3,7.9,0.0,0.0,30.0,28.0,123.1,,False,False,False,True,False,False
"May 3, 2025, 2:25:40 PM",Morning Run,7.31,65.22,8.93,134.4,154,7.31,64.38,8.81,134.0,154.0,142.0,782.0,7.31,65.22,8.93,134.4,154,92,1.5,37.7,58.7,2.1,0.0,160.0,162.0,177.1,,False,False,False,False,False,False
"May 2, 2025, 1:11:02 PM",Morning Run,8.3,80.85,9.74,128.0,142,8.3,79.02,9.52,128.0,142.0,158.0,885.0,8.3,80.85,9.74,128.0,142,77,2.5,70.2,27.2,0.0,0.0,177.0,182.0,171.0,,False,False,False,True,False,False
"May 1, 2025, 1:10:06 PM",Morning Run,6.02,52.68,8.76,133.2,145,6.02,52.68,8.75,133.0,145.0,24.0,630.0,6.02,52.68,8.76,133.2,145,95,1.9,30.2,67.9,0.0,0.0,55.0,55.0,178.5,,False,False,False,False,False,False
"Apr 30, 2025, 1:35:00 PM",Morning Run,6.06,59.02,9.74,131.7,145,6.06,57.6,9.5,132.0,145.0,47.0,670.0,6.06,59.02,9.74,131.7,145,77,1.3,52.7,46.0,0.0,0.0,79.0,85.0,175.2,,False,False,False,True,False,False
"Apr 27, 2025, 8:41:03 AM",London Marathon | 3:18:33,29.75,196.23,6.6,,,29.75,196.23,6.6,,,141.8,4424.0,,,,,,,,,,,,,,,,True,False,True,False,False,False
"Apr 21, 2025, 2:05:52 PM",Boston Marathon 2025!! 🦄,26.38,199.32,7.55,157.9,172,26.38,199.32,7.56,158.0,172.0,291.0,3138.0,26.38,199.32,7.55,157.9,172,119,0.0,0.1,16.8,82.9,0.2,350.0,466.0,181.7,,True,True,False,False,True,False
"Apr 19, 2025, 9:34:51 PM",Afternoon Run,3.07,26.25,8.54,140.7,173,3.07,26.18,8.53,141.0,173.0,20.0,343.0,3.07,26.25,8.54,140.7,173,89,1.6,8.9,75.1,12.8,1.7,41.0,39.0,173.5,,False,False,False,False,False,False
"Apr 18, 2025, 7:16:34 PM",Lunch Run,6.04,52.17,8.63,144.6,158,6.04,49.7,8.23,145.0,158.0,57.0,679.0,6.04,52.17,8.63,144.6,158,91,1.3,4.1,83.1,11.5,0.0,86.0,84.0,177.9,,False,False,False,False,False,False
"Apr 16, 2025, 7:38:53 PM",Lunch Run,4.05,34.65,8.55,138.7,151,4.05,34.42,8.5,139.0,151.0,75.0,440.0,4.05,34.65,8.55,138.7,151,91,1.6,13.8,84.6,0.0,0.0,80.0,78.0,177.7,,False,False,False,False,False,False
"Apr 15, 2025, 11:12:53 PM",Afternoon Run,3.18,26.05,8.2,140.7,153,3.18,26.05,8.19,141.0,153.0,20.0,337.0,3.18,26.05,8.2,140.7,153,105,1.0,2.4,95.5,1.2,0.0,29.0,30.0,178.6,,False,False,False,False,False,False
"Apr 14, 2025, 7:53:14 PM",Lunch Run,6.05,49.5,8.18,147.6,170,6.05,48.9,8.08,148.0,170.0,23.0,694.0,6.05,49.5,8.18,147.6,170,87,1.6,7.8,55.3,35.3,0.0,51.0,53.0,175.7,,False,False,False,False,False,False
"Apr 12, 2025, 6:51:38 PM",Lunch Run,12.02,92.57,7.7,151.4,168,12.02,90.13,7.5,151.0,168.0,39.0,1331.0,12.02,92.57,7.7,151.4,168,90,0.6,3.3,47.6,48.4,0.0,94.0,97.0,184.8,,False,True,False,False,False,False
"Apr 11, 2025, 8:07:03 PM",Afternoon Run,8.04,65.87,8.2,141.2,155,8.04,64.75,8.05,141.0,155.0,53.0,852.0,8.04,65.87,8.2,141.2,155,102,1.1,7.7,87.2,4.0,0.0,99.0,98.0,183.0,,False,False,False,False,False,False
"Apr 11, 2025, 1:15:58 AM",Evening Run,5.03,50.52,10.04,113.0,127,5.03,50.52,10.04,113.0,127.0,0.0,334.0,5.03,50.52,10.04,113.0,127,53,46.7,53.3,0.0,0.0,0.0,0,0,171.6,,False,False,False,True,False,False
"Apr 9, 2025, 7:15:36 PM",Lunch Run,7.63,57.2,7.5,153.1,175,7.63,56.5,7.4,153.0,175.0,60.0,851.0,7.63,57.2,7.5,153.1,175,90,0.6,4.1,41.9,48.4,5.1,82.0,81.0,181.7,,False,True,False,False,False,False
"Apr 9, 2025, 1:27:53 AM",Evening Run,5.6,53.05,9.48,132.5,152,5.6,52.67,9.41,133.0,152.0,153.0,628.0,5.6,53.05,9.48,132.5,152,86,1.6,47.5,50.4,0.4,0.0,163.0,164.0,170.4,,False,False,False,True,False,False
"Apr 7, 2025, 7:09:53 PM",Lunch Run,8.02,58.75,7.32,154.7,169,8.02,58.32,7.27,155.0,169.0,69.0,892.0,8.02,58.75,7.32,154.7,169,74,0.8,5.5,18.6,75.0,0.0,88.0,88.0,180.0,,False,True,False,False,False,False
"Apr 6, 2025, 2:47:49 PM",Morning Run,2.25,162.33,72.27,109.0,147,2.1,31.48,14.99,111.0,147.0,2.0,258.0,2.25,162.33,72.27,109.0,147,80,65.1,31.6,3.2,0.0,0.0,47.0,41.0,120.4,,False,False,False,True,False,False
"Apr 5, 2025, 4:37:53 PM",Morning Run,16.23,125.78,7.75,150.9,173,16.23,125.52,7.73,151.0,173.0,33.0,1844.0,16.23,125.78,7.75,150.9,173,91,0.3,3.0,47.6,43.3,5.9,117.0,117.0,182.6,,True,True,False,False,False,False
"Apr 4, 2025, 7:14:38 PM",Lunch Run,7.12,64.05,9.0,135.4,148,7.12,63.35,8.9,135.0,148.0,90.0,779.0,7.12,64.05,9.0,135.4,148,77,0.9,18.8,80.4,0.0,0.0,105.0,96.0,177.2,,False,False,False,True,False,False
"Apr 4, 2025, 1:43:59 AM",Evening Run,8.17,61.75,7.56,157.7,172,8.17,60.73,7.43,158.0,172.0,61.0,958.0,8.17,61.75,7.56,157.7,172,77,1.3,5.9,19.3,70.5,3.1,89.0,95.0,179.6,,False,True,False,False,False,False
"Apr 2, 2025, 7:34:39 PM",Lunch Run,6.04,54.02,8.94,137.9,150,6.04,51.78,8.57,138.0,150.0,59.0,660.0,6.04,54.02,8.94,137.9,150,66,2.1,12.0,85.9,0.0,0.0,81.0,77.0,175.8,,False,False,False,False,False,False
"Mar 31, 2025, 6:03:43 PM",Lunch Run,18.07,142.62,7.89,149.6,170,18.07,142.28,7.87,150.0,170.0,22.0,2046.0,18.07,142.62,7.89,149.6,170,80,0.4,0.9,61.1,37.6,0.0,133.0,132.0,184.0,,True,True,False,False,False,False
"Mar 29, 2025, 10:15:12 PM",Afternoon Run,1.64,95.63,58.39,101.2,136,1.57,24.62,15.68,109.0,136.0,0.0,226.0,1.64,95.63,58.39,101.2,136,72,77.9,21.9,0.2,0.0,0.0,31.0,31.0,122.4,,False,False,False,True,False,False
"Mar 29, 2025, 12:57:57 AM",Afternoon Run,6.02,60.42,10.04,109.4,137,6.02,60.1,9.98,109.0,137.0,0.0,363.0,6.02,60.42,10.04,109.4,137,58,66.6,31.9,1.5,0.0,0.0,0,0,172.4,,False,False,False,True,False,False
"Mar 28, 2025, 12:38:00 AM",Afternoon Run,6.5,60.43,9.29,130.6,145,6.5,60.2,9.26,131.0,145.0,138.0,694.0,6.5,60.43,9.29,130.6,145,71,1.1,56.3,42.6,0.0,0.0,154.0,168.0,172.7,,False,False,False,True,False,False
"Mar 27, 2025, 12:58:39 AM",Afternoon Run,6.42,50.77,7.91,146.8,167,6.42,50.77,7.91,147.0,167.0,19.0,711.0,6.42,50.77,7.91,146.8,167,97,1.6,20.5,28.2,49.7,0.0,42.0,41.0,178.7,,False,True,False,False,False,False
"Mar 26, 2025, 7:11:21 PM",Lunch Run,6.07,54.68,9.0,136.0,155,6.07,54.27,8.94,136.0,155.0,104.0,668.0,6.07,54.68,9.0,136.0,155,64,1.6,22.4,73.4,2.5,0.0,124.0,120.0,175.7,,False,False,False,True,False,False
"Mar 26, 2025, 1:03:52 AM",Evening Run,6.03,60.82,10.09,130.9,145,6.03,57.63,9.56,131.0,145.0,101.0,661.0,6.03,60.82,10.09,130.9,145,95,2.5,46.5,51.0,0.0,0.0,127.0,129.0,170.9,,False,False,False,True,False,False
"Mar 25, 2025, 1:27:11 AM",Evening Run,6.03,50.98,8.46,144.1,172,6.03,50.73,8.41,144.0,172.0,19.0,692.0,6.03,50.98,8.46,144.1,172,61,1.8,27.0,40.0,28.0,3.2,54.0,55.0,171.5,,False,False,False,False,False,False
"Mar 24, 2025, 7:20:10 PM",Lunch Run,6.44,60.78,9.43,135.3,152,6.44,60.78,9.44,135.0,152.0,156.0,742.0,6.44,60.78,9.43,135.3,152,78,1.3,31.6,66.7,0.4,0.0,166.0,168.0,173.4,,False,False,False,True,False,False
"Mar 23, 2025, 6:26:04 PM",Lunch Run,16.09,150.48,9.35,134.5,145,16.09,150.48,9.35,134.0,145.0,37.0,1810.0,16.09,150.48,9.35,134.5,145,94,0.4,26.9,72.7,0.0,0.0,142.0,140.0,178.3,,True,False,False,True,False,False
"Mar 22, 2025, 9:07:44 PM",Afternoon Run,16.04,148.73,9.27,130.8,150,16.04,148.73,9.27,131.0,150.0,46.0,1710.0,16.04,148.73,9.27,130.8,150,68,0.5,73.2,26.3,0.0,0.0,152.0,150.0,178.4,,True,False,False,True,False,False
"Mar 21, 2025, 6:28:25 PM",Lunch Run,12.24,108.62,8.88,135.3,144,12.24,106.53,8.7,135.0,144.0,20.0,1298.0,12.24,108.62,8.88,135.3,144,89,1.3,20.2,78.4,0.0,0.0,89.0,99.0,177.5,,False,False,False,False,False,False
"Mar 19, 2025, 7:02:33 PM",Lunch Run,7.11,65.2,9.17,133.6,150,7.11,64.47,9.07,134.0,150.0,97.0,768.0,7.11,65.2,9.17,133.6,150,83,0.9,42.6,56.5,0.0,0.0,127.0,117.0,174.3,,False,False,False,True,False,False
"Mar 19, 2025, 1:00:28 AM",Evening Run,7.88,67.98,8.62,148.6,175,7.88,65.5,8.31,149.0,175.0,18.0,940.0,7.88,67.98,8.62,148.6,175,71,1.2,16.7,41.9,24.9,15.3,46.0,50.0,167.9,,False,False,False,False,False,False
"Mar 16, 2025, 10:27:58 PM",Afternoon Run,12.03,112.42,9.34,133.1,155,12.03,109.78,9.13,133.0,155.0,215.0,1301.0,12.03,112.42,9.34,133.1,155,63,1.8,41.1,56.1,1.0,0.0,256.0,268.0,173.7,,False,False,False,True,False,False
"Mar 16, 2025, 12:12:08 AM",Afternoon Run,5.06,50.33,9.96,129.5,142,5.06,49.0,9.68,129.0,142.0,53.0,554.0,5.06,50.33,9.96,129.5,142,81,1.6,66.2,32.2,0.0,0.0,72.0,72.0,174.2,,False,False,False,True,False,False
"Mar 15, 2025, 4:38:34 PM",Morning Run,2.8,108.5,38.79,102.3,145,2.65,38.57,14.55,105.0,145.0,26.0,376.0,2.8,108.5,38.79,102.3,145,72,80.1,18.7,1.2,0.0,0.0,112.0,116.0,121.8,,False,False,False,True,False,False
"Mar 14, 2025, 6:29:41 PM",Lunch Run,8.3,70.62,8.51,143.3,159,8.3,69.9,8.42,143.0,159.0,170.0,939.0,8.3,70.62,8.51,143.3,159,59,1.1,2.4,88.5,7.9,0.0,191.0,185.0,176.1,,False,False,False,False,False,False
"Mar 13, 2025, 10:00:25 PM",Afternoon Run,6.02,53.17,8.83,139.7,151,6.02,52.42,8.71,140.0,151.0,63.0,675.0,6.02,53.17,8.83,139.7,151,73,1.3,6.8,91.9,0.0,0.0,90.0,85.0,174.4,,False,False,False,False,False,False
"Mar 13, 2025, 1:20:47 AM",Evening Run,7.26,56.57,7.8,163.6,185,7.26,56.52,7.79,164.0,185.0,38.0,878.0,7.26,56.57,7.8,163.6,185,108,0.3,4.9,14.3,47.8,32.8,88.0,83.0,176.4,,False,True,False,False,False,False
"Mar 12, 2025, 7:15:52 PM",Lunch Run,6.02,48.65,8.08,153.8,171,6.02,48.1,7.99,154.0,171.0,88.0,719.0,6.02,48.65,8.08,153.8,171,103,0.8,4.5,34.1,60.0,0.6,109.0,112.0,176.2,,False,False,False,False,False,False
"Mar 12, 2025, 12:50:56 AM",Afternoon Run,5.55,52.6,9.48,134.9,162,5.55,52.22,9.41,135.0,162.0,42.0,614.0,5.55,52.6,9.48,134.9,162,91,1.8,40.8,44.1,13.3,0.0,69.0,72.0,172.2,,False,False,False,True,False,False
"Mar 11, 2025, 12:49:11 AM",Afternoon Run,7.38,61.0,8.26,149.5,177,7.38,60.62,8.21,149.0,177.0,19.0,875.0,7.38,61.0,8.26,149.5,177,84,1.6,3.4,54.9,33.4,6.7,54.0,55.0,168.7,,False,False,False,False,False,False
"Mar 9, 2025, 9:47:15 PM",Afternoon Run,10.05,99.5,9.9,129.5,140,10.05,98.78,9.83,130.0,140.0,21.0,1118.0,10.05,99.5,9.9,129.5,140,79,0.9,75.0,24.2,0.0,0.0,90.0,91.0,173.5,,False,False,False,True,False,False
"Mar 8, 2025, 10:47:28 PM",Afternoon Run,13.17,111.68,8.48,139.9,161,13.17,111.27,8.45,140.0,161.0,22.0,1431.0,13.17,111.68,8.48,139.9,161,89,0.7,8.6,86.1,4.6,0.0,103.0,110.0,177.9,,False,False,False,False,False,False
"Mar 7, 2025, 11:55:56 PM",Afternoon Run,7.2,62.77,8.72,142.1,161,7.2,62.57,8.69,142.0,161.0,170.0,831.0,7.2,62.77,8.72,142.1,161,79,1.1,12.3,68.7,17.9,0.0,182.0,174.0,174.6,,False,False,False,False,False,False
"Mar 7, 2025, 1:08:23 AM",Afternoon Run,5.28,46.8,8.86,137.9,149,5.28,45.28,8.58,138.0,149.0,42.0,572.0,5.28,46.8,8.86,137.9,149,86,1.7,15.2,83.1,0.0,0.0,61.0,66.0,175.3,,False,False,False,False,False,False
"Mar 6, 2025, 2:44:45 AM",Evening Run,7.49,62.08,8.29,158.2,173,7.49,60.72,8.11,158.0,173.0,66.0,957.0,7.49,62.08,8.29,158.2,173,108,0.2,2.2,24.8,70.0,2.8,87.0,88.0,173.0,,False,False,False,False,False,False
"Mar 5, 2025, 8:25:05 PM",Lunch Run,5.07,44.87,8.85,147.2,164,5.07,43.48,8.58,147.0,164.0,50.0,611.0,5.07,44.87,8.85,147.2,164,100,0.7,4.7,70.6,24.0,0.0,68.0,66.0,176.1,,False,False,False,False,False,False
"Mar 4, 2025, 2:37:44 AM",Evening Run,7.24,66.82,9.23,152.8,179,7.24,64.38,8.89,153.0,179.0,66.0,960.0,7.24,66.82,9.23,152.8,179,96,0.4,3.8,45.6,42.5,7.7,82.0,84.0,160.5,,False,False,False,True,False,False
"Mar 2, 2025, 8:42:50 PM",Lunch Run,5.04,49.22,9.77,137.6,146,5.04,48.88,9.7,138.0,146.0,21.0,615.0,5.04,49.22,9.77,137.6,146,64,1.5,3.5,95.0,0.0,0.0,49.0,52.0,175.6,,False,False,False,True,False,False
"Mar 1, 2025, 11:29:06 PM",Afternoon Run,5.02,54.53,10.87,130.8,140,5.02,53.08,10.57,131.0,140.0,21.0,613.0,5.02,54.53,10.87,130.8,140,76,2.1,60.8,37.1,0.0,0.0,42.0,40.0,171.6,,False,False,False,True,False,False
"Feb 28, 2025, 6:17:04 PM",Morning Run,26.22,249.92,9.53,144.1,166,26.22,244.83,9.34,144.0,166.0,192.0,3320.0,26.22,249.92,9.53,144.1,166,78,0.4,6.1,70.3,23.2,0.0,311.0,294.0,175.4,,True,False,False,True,True,False
"Feb 27, 2025, 10:28:46 PM",Afternoon Run,8.02,85.3,10.63,125.3,145,8.02,85.05,10.6,125.0,145.0,0.0,659.0,8.02,85.3,10.63,125.3,145,75,4.7,80.4,14.9,0.0,0.0,0,0,167.3,,False,False,False,True,False,False
"Feb 24, 2025, 2:34:39 PM",Morning Run,5.13,54.77,10.67,127.1,165,5.13,54.77,10.68,127.0,165.0,0.0,435.0,5.13,54.77,10.67,127.1,165,83,32.9,30.2,26.4,10.4,0.0,0,0,166.9,,False,False,False,True,False,False
"Feb 22, 2025, 3:42:32 PM",Morning Run,8.03,86.63,10.79,115.0,131,8.03,86.63,10.79,115.0,131.0,0.0,581.0,8.03,86.63,10.79,115.0,131,82,37.0,63.0,0.0,0.0,0.0,0,0,167.4,,False,False,False,True,False,False
"Feb 21, 2025, 9:06:31 PM",Afternoon Run,7.1,61.45,8.66,143.9,164,7.1,60.07,8.46,144.0,164.0,87.0,819.0,7.1,61.45,8.66,143.9,164,96,1.1,5.2,85.1,8.6,0.0,121.0,112.0,175.7,,False,False,False,False,False,False
"Feb 21, 2025, 2:32:01 AM",Evening Run,5.03,61.48,12.23,113.2,125,5.03,56.02,11.14,111.0,125.0,0.0,365.0,5.03,61.48,12.23,113.2,125,70,43.2,56.8,0.0,0.0,0.0,0,0,165.2,,False,False,False,True,False,False
"Feb 19, 2025, 8:05:47 PM",Lunch Run,7.24,61.52,8.49,145.1,167,7.24,61.13,8.44,145.0,167.0,153.0,843.0,7.24,61.52,8.49,145.1,167,65,0.8,4.7,71.8,22.6,0.0,175.0,181.0,176.5,,False,False,False,False,False,False
"Feb 18, 2025, 1:35:55 AM",Afternoon Run,5.03,53.87,10.71,116.5,126,5.03,53.87,10.71,116.0,126.0,0.0,369.0,5.03,53.87,10.71,116.5,126,69,15.8,84.2,0.0,0.0,0.0,0,0,168.0,,False,False,False,True,False,False
"Feb 16, 2025, 6:26:06 PM",Morning Run,18.05,150.67,8.35,148.5,169,18.05,150.67,8.35,148.0,169.0,16.0,2145.0,18.05,150.67,8.35,148.5,169,94,0.2,0.5,69.1,30.2,0.0,118.0,117.0,182.1,,True,False,False,False,False,False
"Feb 15, 2025, 5:28:14 PM",Morning Run,12.04,121.85,10.12,122.1,139,12.04,121.85,10.12,122.0,139.0,0.0,905.0,12.04,121.85,10.12,122.1,139,85,3.7,93.1,3.2,0.0,0.0,0,0,172.6,,False,False,False,True,False,False
"Feb 14, 2025, 2:50:14 PM",Morning Run,8.27,92.23,11.15,116.1,132,8.27,86.42,10.45,115.0,132.0,0.0,590.0,8.27,92.23,11.15,116.1,132,77,18.9,81.1,0.0,0.0,0.0,0,0,170.0,,False,False,False,True,False,False
"Feb 14, 2025, 2:09:59 AM",Evening Run,7.03,75.0,10.66,119.8,137,7.03,75.0,10.67,120.0,137.0,0.0,539.0,7.03,75.0,10.66,119.8,137,62,15.9,81.8,2.2,0.0,0.0,0,0,168.3,,False,False,False,True,False,False
"Feb 12, 2025, 8:15:06 PM",Lunch Run,6.13,58.42,9.53,146.1,167,6.13,52.98,8.64,146.0,167.0,144.0,739.0,6.13,58.42,9.53,146.1,167,84,5.2,11.3,39.6,43.9,0.0,165.0,155.0,171.2,,False,False,False,True,False,False
"Feb 11, 2025, 1:18:10 AM",Afternoon Run,5.02,47.92,9.54,138.7,152,5.02,47.62,9.49,139.0,152.0,75.0,606.0,5.02,47.92,9.54,138.7,152,101,4.8,11.7,82.8,0.7,0.0,88.0,96.0,166.3,,False,False,False,True,False,False
"Feb 9, 2025, 6:31:45 PM",Morning Run,16.12,131.88,8.18,154.0,179,16.12,131.17,8.14,154.0,179.0,43.0,1978.0,16.12,131.88,8.18,154.0,179,104,0.1,0.4,29.9,67.0,2.5,138.0,136.0,180.7,,True,False,False,False,False,False
"Feb 8, 2025, 7:12:00 PM",Lunch Run,6.04,62.78,10.4,123.7,149,6.04,62.78,10.39,124.0,149.0,0.0,477.0,6.04,62.78,10.4,123.7,149,95,13.4,70.5,16.1,0.0,0.0,0,0,170.4,,False,False,False,True,False,False
"Feb 8, 2025, 1:48:12 AM",Afternoon Run,8.01,85.77,10.7,119.6,147,8.01,85.77,10.71,120.0,147.0,0.0,615.0,8.01,85.77,10.7,119.6,147,74,18.7,69.2,12.1,0.0,0.0,0,0,168.3,,False,False,False,True,False,False
"Feb 7, 2025, 2:11:12 AM",Evening Run,8.02,91.23,11.37,119.0,139,8.02,85.33,10.64,117.0,139.0,0.0,608.0,8.02,91.23,11.37,119.0,139,76,19.9,76.4,3.6,0.0,0.0,0,0,168.8,,False,False,False,True,False,False
"Feb 6, 2025, 2:15:48 AM",Evening Run,8.02,77.25,9.63,134.1,152,8.02,77.25,9.63,134.0,152.0,0.0,669.0,8.02,77.25,9.63,134.1,152,71,4.8,37.6,57.5,0.2,0.0,0,0,176.2,,False,False,False,True,False,False
"Feb 5, 2025, 1:46:15 AM",Afternoon Run,8.42,76.65,9.1,135.7,162,8.42,76.65,9.1,136.0,162.0,0.0,675.0,8.42,76.65,9.1,135.7,162,78,4.1,26.7,66.9,2.3,0.0,0,0,177.0,,False,False,False,True,False,False
"Feb 4, 2025, 2:03:06 AM",Evening Run,8.03,71.57,8.91,121.8,143,8.03,70.37,8.76,121.0,143.0,0.0,521.0,8.03,71.57,8.91,121.8,143,66,8.7,80.7,10.7,0.0,0.0,0,0,169.3,,False,False,False,False,False,False
"Feb 2, 2025, 4:33:44 PM",Morning Run,5.24,44.62,8.51,126.2,149,5.24,44.62,8.52,126.0,149.0,0.0,350.0,5.24,44.62,8.51,126.2,149,87,6.2,71.4,22.3,0.0,0.0,0,0,171.8,,False,False,False,False,False,False
"Feb 1, 2025, 5:16:05 PM",Morning Run,16.04,193.38,12.06,129.1,171,16.04,139.12,8.67,118.0,171.0,0.0,1132.0,16.04,193.38,12.06,129.1,171,88,2.3,74.3,18.9,4.4,0.1,0,0,170.1,,True,False,False,True,False,False
"Jan 31, 2025, 11:29:46 PM",Afternoon Run,8.29,75.32,9.08,152.6,187,8.29,70.03,8.45,153.0,187.0,173.0,1029.0,8.29,75.32,9.08,152.6,187,75,1.3,2.6,49.7,34.3,12.2,199.0,200.0,174.5,,False,False,False,True,False,False
"Jan 30, 2025, 1:25:54 PM",Morning Run,7.08,62.47,8.82,110.2,123,7.08,62.47,8.82,110.0,123.0,0.0,386.0,7.08,62.47,8.82,110.2,123,67,69.6,30.4,0.0,0.0,0.0,0,0,168.4,,False,False,False,False,False,False
"Jan 29, 2025, 8:11:49 PM",Lunch Run,7.36,68.0,9.24,148.8,175,7.36,60.78,8.26,149.0,175.0,159.0,871.0,7.36,68.0,9.24,148.8,175,91,1.7,4.8,58.3,33.9,1.3,183.0,185.0,177.8,,False,False,False,True,False,False
"Jan 28, 2025, 4:47:45 PM",Morning Run,8.04,68.7,8.54,125.7,148,8.04,66.85,8.31,125.0,148.0,0.0,517.0,8.04,68.7,8.54,125.7,148,69,11.8,59.7,28.6,0.0,0.0,0,0,173.8,,False,False,False,False,False,False
"Jan 26, 2025, 7:04:30 PM",Lunch Run,8.29,86.75,10.46,132.5,147,8.29,84.83,10.23,132.0,147.0,172.0,1000.0,8.29,86.75,10.46,132.5,147,89,0.7,51.4,47.9,0.0,0.0,189.0,182.0,172.1,,False,False,False,True,False,False
"Jan 25, 2025, 7:03:35 PM",Lunch Run,6.04,53.97,8.94,125.3,143,6.04,53.97,8.94,125.0,143.0,0.0,416.0,6.04,53.97,8.94,125.3,143,92,1.1,92.1,6.9,0.0,0.0,0,0,167.4,,False,False,False,False,False,False
"Jan 25, 2025, 5:02:54 PM",Morning Run,10.16,90.02,8.86,140.9,164,10.16,89.78,8.84,141.0,164.0,15.0,1175.0,10.16,90.02,8.86,140.9,164,77,0.6,9.1,84.3,6.0,0.0,73.0,72.0,178.6,,False,False,False,False,False,False
"Jan 25, 2025, 1:46:02 AM",Afternoon Run,9.25,80.87,8.75,116.6,140,9.25,80.87,8.74,117.0,140.0,0.0,552.0,9.25,80.87,8.75,116.6,140,71,29.7,68.0,2.3,0.0,0.0,0,0,169.1,,False,False,False,False,False,False
"Jan 24, 2025, 12:13:15 AM",Afternoon Run,5.04,40.88,8.12,134.9,156,5.04,40.88,8.11,135.0,156.0,0.0,354.0,5.04,40.88,8.12,134.9,156,70,6.4,30.7,55.8,7.0,0.0,0,0,176.2,,False,False,False,False,False,False
"Jan 23, 2025, 2:30:23 AM",Evening Run,6.17,62.67,10.16,141.2,152,6.17,59.35,9.62,141.0,152.0,96.0,778.0,6.17,62.67,10.16,141.2,152,96,1.2,8.1,89.6,1.1,0.0,116.0,121.0,173.2,,False,False,False,True,False,False
"Jan 22, 2025, 8:07:42 PM",Lunch Run,6.61,62.3,9.42,148.7,171,6.61,59.38,8.98,149.0,171.0,171.0,850.0,6.61,62.3,9.42,148.7,171,71,1.3,5.9,44.1,48.6,0.1,194.0,193.0,174.8,,False,False,False,True,False,False
"Jan 20, 2025, 7:40:46 PM",Lunch Run,7.05,60.2,8.54,125.2,139,7.05,60.2,8.54,125.0,139.0,0.0,463.0,7.05,60.2,8.54,125.2,139,78,2.5,93.4,4.1,0.0,0.0,0,0,171.3,,False,False,False,False,False,False
"Jan 19, 2025, 10:18:27 PM",Afternoon Run,8.15,72.45,8.89,120.6,140,8.15,72.18,8.86,121.0,140.0,0.0,522.0,8.15,72.45,8.89,120.6,140,75,16.8,74.6,8.5,0.0,0.0,0,0,171.1,,False,False,False,False,False,False
"Jan 18, 2025, 4:11:27 PM",Morning Run,16.06,139.93,8.71,119.4,139,16.06,139.93,8.71,119.0,139.0,0.0,993.0,16.06,139.93,8.71,119.4,139,76,7.6,87.3,5.1,0.0,0.0,0,0,169.4,,True,False,False,False,False,False
"Jan 18, 2025, 2:12:02 AM",Evening Run,8.03,70.98,8.83,118.5,130,8.03,70.98,8.84,118.0,130.0,0.0,497.0,8.03,70.98,8.83,118.5,130,70,18.2,81.8,0.0,0.0,0.0,0,0,168.2,,False,False,False,False,False,False
"Jan 16, 2025, 8:02:00 PM",Lunch Run,6.02,62.87,10.44,124.2,153,6.02,52.08,8.65,118.0,153.0,0.0,395.0,6.02,62.87,10.44,124.2,153,72,19.2,56.0,23.4,1.4,0.0,0,0,170.4,,False,False,False,True,False,False
"Jan 16, 2025, 2:03:32 AM",Evening Run,8.03,72.4,9.01,123.4,149,8.04,72.4,9.0,123.0,149.0,0.0,544.0,8.03,72.4,9.01,123.4,149,84,12.8,69.5,17.6,0.0,0.0,0,0,166.5,,False,False,False,True,False,False
"Jan 14, 2025, 2:32:46 AM",Evening Run,8.03,73.22,9.12,145.4,160,8.03,70.77,8.81,145.0,160.0,116.0,975.0,8.03,73.22,9.12,145.4,160,71,1.3,5.0,70.4,23.3,0.0,134.0,135.0,172.2,,False,False,False,True,False,False
"Jan 13, 2025, 12:05:41 AM",Afternoon Run,6.48,63.75,9.83,144.1,167,6.48,61.23,9.45,144.0,167.0,151.0,765.0,6.48,63.75,9.83,144.1,167,72,1.0,12.2,66.6,20.2,0.0,167.0,174.0,174.3,,False,False,False,True,False,False
"Jan 11, 2025, 4:50:33 PM",Morning Run,12.21,106.92,8.75,142.5,168,12.21,106.7,8.74,142.0,168.0,18.0,1419.0,12.21,106.92,8.75,142.5,168,86,0.6,4.4,83.1,11.9,0.0,93.0,92.0,177.6,,False,False,False,False,False,False
"Jan 11, 2025, 2:11:30 AM",Evening Run,7.03,66.37,9.44,116.1,126,7.03,65.1,9.26,116.0,126.0,0.0,441.0,7.03,66.37,9.44,116.1,126,82,16.8,83.2,0.0,0.0,0.0,0,0,164.0,,False,False,False,True,False,False
"Jan 10, 2025, 2:12:22 AM",Evening Run,6.21,53.73,8.65,128.0,150,6.21,53.73,8.65,128.0,150.0,0.0,428.0,6.21,53.73,8.65,128.0,150,72,7.1,61.3,31.6,0.0,0.0,0,0,170.2,,False,False,False,False,False,False
"Jan 9, 2025, 12:27:48 AM",Afternoon Run,8.03,70.27,8.75,131.5,162,8.03,70.27,8.75,131.0,162.0,0.0,585.0,8.03,70.27,8.75,131.5,162,88,10.8,41.6,42.4,5.2,0.0,0,0,169.1,,False,False,False,False,False,False
"Jan 7, 2025, 2:31:03 AM",Evening Run,7.34,70.65,9.62,138.9,155,7.34,68.35,9.31,139.0,155.0,94.0,873.0,7.34,70.65,9.62,138.9,155,94,1.4,22.4,74.5,1.7,0.0,111.0,121.0,171.8,,False,False,False,True,False,False
"Jan 5, 2025, 6:10:29 PM",Morning Run,6.04,55.78,9.24,114.6,149,6.04,55.78,9.24,115.0,149.0,0.0,369.0,6.04,55.78,9.24,114.6,149,62,54.7,36.1,9.2,0.0,0.0,0,0,164.3,,False,False,False,True,False,False
"Jan 4, 2025, 7:28:19 PM",Lunch Run,6.07,60.3,9.93,135.3,146,6.07,58.38,9.62,135.0,146.0,80.0,713.0,6.07,60.3,9.93,135.3,146,95,1.4,23.7,75.0,0.0,0.0,110.0,111.0,172.1,,False,False,False,True,False,False
"Jan 4, 2025, 1:57:01 AM",Afternoon Run,5.05,45.08,8.93,119.5,134,5.05,45.08,8.93,119.0,134.0,0.0,321.0,5.05,45.08,8.93,119.5,134,87,19.4,80.3,0.3,0.0,0.0,0,0,167.4,,False,False,False,False,False,False
"Jan 1, 2025, 8:41:56 PM",Lunch Run,8.12,72.33,8.9,141.2,149,8.12,72.15,8.89,141.0,149.0,11.0,946.0,8.12,72.33,8.9,141.2,149,98,0.6,4.3,95.0,0.0,0.0,55.0,56.0,175.9,,False,False,False,False,False,False
"Dec 30, 2024, 2:49:17 PM",Morning Run,5.41,43.9,8.11,158.5,174,5.41,43.9,8.11,158.0,174.0,0.0,485.0,5.41,43.9,8.11,158.5,174,92,0.8,1.3,13.5,81.2,3.2,0,0,174.9,,False,False,False,False,False,False
"Dec 28, 2024, 3:47:18 PM",Morning Run,6.06,59.98,9.9,146.9,163,6.06,51.92,8.57,147.0,163.0,34.0,661.0,6.06,59.98,9.9,146.9,163,86,1.2,10.4,51.0,37.3,0.0,72.0,71.0,173.7,,False,False,False,True,False,False
"Dec 24, 2024, 1:57:10 AM",Afternoon Run,4.22,40.05,9.48,127.3,142,4.22,40.05,9.49,127.0,142.0,0.0,317.0,4.22,40.05,9.48,127.3,142,81,10.4,57.3,32.3,0.0,0.0,0,0,167.9,,False,False,False,True,False,False
"Dec 21, 2024, 9:07:01 PM",Afternoon Run,3.13,30.17,9.64,114.4,125,3.13,30.17,9.64,114.0,125.0,0.0,199.0,3.13,30.17,9.64,114.4,125,79,33.7,66.3,0.0,0.0,0.0,0,0,166.6,,False,False,False,True,False,False
"Dec 15, 2024, 10:01:14 PM",Afternoon Run,2.66,25.57,9.6,131.9,152,2.66,24.85,9.34,132.0,152.0,50.0,294.0,2.66,25.57,9.6,131.9,152,64,2.3,45.6,51.2,0.9,0.0,56.0,59.0,168.8,,False,False,False,True,False,False
"Dec 8, 2024, 3:03:15 PM",CIM | 2:55:51 Official 💪🏼💙 | PR,26.35,175.9,6.67,167.4,175,26.35,175.9,6.68,167.0,175.0,233.0,2978.0,26.35,175.9,6.67,167.4,175,99,0.1,0.1,0.2,93.3,6.3,290.0,393.0,183.2,,True,False,True,False,True,False
"Dec 7, 2024, 6:04:21 PM",Morning Run,2.09,20.92,9.99,141.3,152,2.09,20.92,10.01,141.0,152.0,15.0,214.0,2.09,20.92,9.99,141.3,152,77,3.5,15.1,77.6,3.8,0.0,19.0,21.0,169.5,,False,False,False,True,False,False
"Dec 6, 2024, 8:11:22 PM",Lunch Run,3.68,30.88,8.39,141.9,176,3.77,30.88,8.19,142.0,176.0,31.0,394.0,3.68,30.88,8.39,141.9,176,86,1.9,36.9,29.9,27.4,3.9,36.0,34.0,174.4,,False,False,False,False,False,False
"Dec 4, 2024, 6:23:01 PM",Morning Run,6.48,47.13,7.28,156.3,173,6.48,47.07,7.26,156.0,173.0,55.0,715.0,6.48,47.13,7.28,156.3,173,102,0.6,0.8,32.6,52.5,13.4,92.0,90.0,182.5,,False,True,False,False,False,False
"Dec 3, 2024, 4:09:29 PM",Morning Run,2.44,21.5,8.8,123.7,154,2.45,21.5,8.78,124.0,154.0,0.0,162.0,2.44,21.5,8.8,123.7,154,75,16.4,69.3,11.6,2.7,0.0,0,0,174.7,,False,False,False,False,False,False
"Dec 2, 2024, 8:38:24 PM",Lunch Run,3.6,31.65,8.78,117.8,131,3.6,31.65,8.79,118.0,131.0,0.0,220.0,3.6,31.65,8.78,117.8,131,64,19.2,80.8,0.0,0.0,0.0,0,0,174.9,,False,False,False,False,False,False
"Nov 30, 2024, 5:06:15 PM",Morning Run,12.42,97.95,7.89,147.8,171,12.42,97.58,7.86,148.0,171.0,13.0,1356.0,12.42,97.95,7.89,147.8,171,84,0.6,1.9,75.7,18.5,3.3,63.0,64.0,182.4,,False,True,False,False,False,False
"Nov 29, 2024, 8:18:55 PM",Lunch Run,6.03,60.53,10.04,116.1,127,6.03,54.43,9.03,112.0,127.0,0.0,369.0,6.03,60.53,10.04,116.1,127,76,18.9,81.1,0.0,0.0,0.0,0,0,172.8,,False,False,False,True,False,False
"Nov 28, 2024, 8:59:31 PM",Lunch Run,8.07,56.1,6.95,157.5,170,8.07,55.67,6.9,158.0,170.0,0.0,843.0,8.07,56.1,6.95,157.5,170,94,0.9,3.9,20.6,74.7,0.0,45.0,46.0,188.9,,False,False,True,False,False,False
"Nov 27, 2024, 11:59:17 PM",Afternoon Run,7.16,62.32,8.7,137.2,152,7.16,62.12,8.68,137.0,152.0,15.0,748.0,7.16,62.32,8.7,137.2,152,97,0.7,8.8,90.1,0.4,0.0,64.0,67.0,179.1,,False,False,False,False,False,False
"Nov 26, 2024, 2:52:31 PM",Morning Run,8.12,62.52,7.7,149.8,176,8.12,61.8,7.61,150.0,176.0,25.0,861.0,8.12,62.52,7.7,149.8,176,94,0.6,3.3,56.5,35.5,4.1,69.0,73.0,182.9,,False,True,False,False,False,False
"Nov 25, 2024, 8:14:53 PM",Lunch Run,8.25,71.97,8.72,135.8,158,8.25,70.23,8.51,136.0,158.0,161.0,833.0,8.25,71.97,8.72,135.8,158,72,1.4,24.9,71.2,2.5,0.0,192.0,195.0,176.7,,False,False,False,False,False,False
"Nov 24, 2024, 8:24:45 PM",Lunch Run,8.04,71.83,8.93,123.4,134,8.05,71.83,8.92,123.0,134.0,0.0,539.0,8.04,71.83,8.93,123.4,134,77,1.7,97.6,0.7,0.0,0.0,0,0,173.3,,False,False,False,False,False,False
"Nov 23, 2024, 4:08:05 PM",Morning Run,17.02,126.85,7.45,154.8,174,17.02,124.83,7.33,155.0,174.0,18.0,1859.0,17.02,126.85,7.45,154.8,174,97,0.1,0.9,45.4,44.9,8.7,108.0,108.0,183.6,,True,True,False,False,False,False
"Nov 21, 2024, 2:06:47 PM",Morning Run,7.07,63.77,9.03,132.5,146,7.07,63.25,8.95,132.0,146.0,30.0,732.0,7.07,63.77,9.03,132.5,146,85,4.0,28.1,67.9,0.0,0.0,65.0,65.0,178.0,,False,False,False,True,False,False
"Nov 20, 2024, 6:47:35 PM",Morning Run | Bomb Cyclone,10.37,85.38,8.24,140.1,152,10.37,85.3,8.23,140.0,152.0,184.0,1086.0,10.37,85.38,8.24,140.1,152,80,1.0,7.1,91.6,0.4,0.0,199.0,197.0,178.8,,False,False,False,False,False,False
"Nov 19, 2024, 4:50:30 PM",Morning Run,8.41,59.47,7.07,158.6,173,8.41,59.47,7.07,159.0,173.0,62.0,925.0,8.41,59.47,7.07,158.6,173,103,0.5,1.5,33.8,42.1,22.1,110.0,106.0,182.6,,False,True,False,False,False,False
"Nov 18, 2024, 8:31:03 PM",Lunch Run,7.41,67.02,9.05,131.9,144,7.41,65.42,8.83,132.0,144.0,105.0,755.0,7.41,67.02,9.05,131.9,144,73,2.1,46.8,51.1,0.0,0.0,129.0,129.0,175.1,,False,False,False,True,False,False
"Nov 16, 2024, 4:04:14 PM",Morning Run,20.25,149.52,7.38,156.2,174,20.25,149.3,7.37,156.0,174.0,24.0,2269.0,20.25,149.52,7.38,156.2,174,116,0.0,0.7,37.6,49.3,12.4,115.0,117.0,186.8,,True,True,False,False,False,False
"Nov 15, 2024, 6:14:52 PM",Morning Run,7.06,57.57,8.15,142.8,153,7.06,55.18,7.82,143.0,153.0,64.0,726.0,7.06,57.57,8.15,142.8,153,93,1.2,2.9,93.9,1.9,0.0,97.0,98.0,181.9,,False,False,False,False,False,False
"Nov 15, 2024, 2:10:31 AM",Evening Run,3.37,30.3,9.0,105.5,138,3.37,30.3,8.99,106.0,138.0,0.0,175.0,3.37,30.3,9.0,105.5,138,58,61.7,33.4,4.9,0.0,0.0,0,0,172.8,,False,False,False,True,False,False
"Nov 14, 2024, 1:53:15 PM",Morning Run,6.23,54.32,8.72,117.3,139,6.23,54.32,8.72,117.0,139.0,0.0,380.0,6.23,54.32,8.72,117.3,139,67,29.9,67.3,2.9,0.0,0.0,0,0,175.4,,False,False,False,False,False,False
"Nov 13, 2024, 7:25:13 PM",Lunch Run,10.09,91.65,9.08,136.1,149,10.09,90.15,8.93,136.0,149.0,184.0,1101.0,10.09,91.65,9.08,136.1,149,64,1.3,18.1,80.6,0.0,0.0,213.0,216.0,176.5,,False,False,False,True,False,False
"Nov 13, 2024, 2:03:47 AM",Evening Run,8.04,74.03,9.21,116.7,126,8.04,72.43,9.01,116.0,126.0,0.0,502.0,8.04,74.03,9.21,116.7,126,67,11.1,88.9,0.0,0.0,0.0,0,0,172.5,,False,False,False,True,False,False
"Nov 11, 2024, 2:56:08 PM",Morning Run,10.39,81.23,7.82,150.9,171,10.39,76.82,7.39,151.0,171.0,10.5,1106.0,10.39,81.23,7.82,150.9,171,103,0.3,6.7,43.8,48.9,0.3,103.0,123.0,182.7,,False,True,False,False,False,False
"Nov 9, 2024, 2:44:31 PM",Morning Run,21.1,163.53,7.75,148.8,171,21.1,160.87,7.62,149.0,171.0,18.0,2264.0,21.1,163.53,7.75,148.8,171,95,0.4,4.8,47.8,47.0,0.0,116.0,124.0,185.4,,True,True,False,False,False,False
"Nov 8, 2024, 2:32:50 PM",Morning Run,9.59,86.75,9.05,135.4,152,9.59,85.98,8.97,135.0,152.0,187.0,1036.0,9.59,86.75,9.05,135.4,152,92,0.9,30.8,68.3,0.0,0.0,219.0,227.0,178.0,,False,False,False,True,False,False
"Nov 7, 2024, 2:18:48 PM",Morning Run,8.06,69.73,8.65,113.7,129,8.06,69.28,8.6,114.0,129.0,0.0,459.0,8.06,69.73,8.65,113.7,129,73,55.6,44.4,0.0,0.0,0.0,0,0,176.6,,False,False,False,False,False,False
"Nov 6, 2024, 2:41:28 PM",Morning Run,11.16,81.7,7.32,155.5,180,11.16,80.78,7.24,156.0,180.0,20.0,1220.0,11.16,81.7,7.32,155.5,180,88,0.4,3.4,30.0,59.7,6.5,80.0,84.0,188.3,,False,True,False,False,False,False
"Nov 6, 2024, 1:50:25 AM",Afternoon Run,4.04,36.92,9.14,117.6,125,4.04,36.92,9.14,118.0,125.0,0.0,259.0,4.04,36.92,9.14,117.6,125,67,10.8,89.2,0.0,0.0,0.0,0,0,171.1,,False,False,False,True,False,False
"Nov 5, 2024, 2:05:27 PM",Morning Run,6.04,55.35,9.16,132.8,143,6.04,55.27,9.15,133.0,143.0,41.0,646.0,6.04,55.35,9.16,132.8,143,78,0.9,31.5,67.6,0.0,0.0,77.0,77.0,179.3,,False,False,False,True,False,False
"Nov 4, 2024, 2:29:52 PM",Morning Run,10.06,74.03,7.36,158.9,174,10.06,72.67,7.22,159.0,174.0,32.0,1136.0,10.06,74.03,7.36,158.9,174,78,1.0,1.5,27.4,51.6,18.5,73.0,68.0,186.1,,False,True,False,False,False,False
"Nov 4, 2024, 12:27:28 AM",Summer Season Champions!,2.03,125.25,61.77,111.0,155,1.93,28.57,14.8,119.0,155.0,0.0,239.0,2.03,125.25,61.77,111.0,155,71,57.4,28.4,13.7,0.5,0.0,44.0,45.0,125.5,,False,False,False,True,False,False
"Nov 3, 2024, 8:35:35 PM",Lunch Run,2.03,18.88,9.29,123.0,138,2.03,18.88,9.3,123.0,138.0,0.0,142.0,2.03,18.88,9.29,123.0,138,70,17.2,56.7,26.1,0.0,0.0,0,0,170.1,,False,False,False,True,False,False
"Nov 2, 2024, 1:05:32 PM",Morning Run,13.13,119.62,9.11,116.4,133,13.13,116.4,8.87,116.0,133.0,0.0,803.0,13.13,119.62,9.11,116.4,133,80,30.2,69.7,0.2,0.0,0.0,0,0,173.9,,False,False,False,True,False,False
"Nov 1, 2024, 11:41:38 PM",Afternoon Run,10.04,100.77,10.04,112.5,127,10.04,92.98,9.26,111.0,127.0,0.0,605.0,10.04,100.77,10.04,112.5,127,67,58.8,41.2,0.0,0.0,0.0,0,0,170.5,,False,False,False,True,False,False
"Oct 31, 2024, 7:28:36 PM",Lunch Run,8.15,71.67,8.8,136.8,149,8.15,70.12,8.6,137.0,149.0,120.0,860.0,8.15,71.67,8.8,136.8,149,75,0.9,14.5,84.7,0.0,0.0,142.0,144.0,178.0,,False,False,False,False,False,False
"Oct 31, 2024, 12:31:39 AM",Afternoon Run,2.02,22.07,10.91,136.0,151,2.02,17.42,8.62,126.0,151.0,0.0,205.0,2.02,22.07,10.91,136.0,151,96,3.1,12.3,84.5,0.0,0.0,14.0,17.0,177.5,,False,False,False,True,False,False
"Oct 31, 2024, 12:19:14 AM",Afternoon Run,1.01,10.58,10.45,167.8,183,1.01,9.8,9.7,172.0,183.0,0.0,104.0,1.01,10.58,10.45,167.8,183,81,7.8,3.5,2.0,10.8,76.0,7.0,9.0,176.7,,False,False,False,True,False,False
"Oct 30, 2024, 1:23:15 PM",Morning Run,9.19,66.82,7.27,155.1,167,9.19,66.65,7.25,155.0,167.0,27.0,1005.0,9.19,66.82,7.27,155.1,167,73,0.8,6.5,21.9,70.9,0.0,56.0,55.0,187.6,,False,True,False,False,False,False
"Oct 29, 2024, 2:28:14 PM",Morning Run,9.68,94.87,9.8,131.6,149,9.68,85.15,8.8,132.0,149.0,106.0,983.0,9.68,94.87,9.8,131.6,149,55,5.0,40.4,54.7,0.0,0.0,152.0,161.0,179.0,,False,False,False,True,False,False
"Oct 28, 2024, 1:33:49 PM",Morning Run,10.03,81.77,8.15,149.1,176,10.03,80.65,8.04,149.0,176.0,31.0,1121.0,10.03,81.77,8.15,149.1,176,67,0.8,13.9,43.3,23.0,18.9,77.0,80.0,175.2,,False,False,False,False,False,False
"Oct 27, 2024, 12:12:51 AM",Afternoon Run,2.34,171.87,73.48,108.5,154,2.32,35.47,15.29,116.0,154.0,8.0,323.0,2.34,171.87,73.48,108.5,154,77,64.4,27.1,8.2,0.2,0.0,53.0,46.0,131.2,,False,False,False,True,False,False
"Oct 25, 2024, 8:24:07 PM",Afternoon Run,21.66,187.95,8.68,141.0,164,21.66,181.82,8.39,141.0,164.0,63.0,2298.0,21.66,187.95,8.68,141.0,164,88,0.4,2.7,92.9,4.0,0.0,177.0,173.0,179.7,,True,False,False,False,False,False
"Oct 24, 2024, 7:02:08 PM",Lunch Run,10.09,85.13,8.44,141.9,163,10.09,81.13,8.04,142.0,163.0,193.0,1040.0,10.09,85.13,8.44,141.9,163,85,1.2,11.8,76.6,10.4,0.0,221.0,210.0,178.5,,False,False,False,False,False,False
"Oct 23, 2024, 1:34:26 PM",Morning Run,10.57,79.28,7.5,148.2,177,10.57,78.88,7.46,148.0,177.0,27.0,1082.0,10.57,79.28,7.5,148.2,177,82,1.1,8.4,48.6,40.7,1.3,90.0,93.0,186.8,,False,True,False,False,False,False
"Oct 22, 2024, 2:02:58 PM",Morning Run,10.33,93.88,9.09,131.2,148,10.33,91.4,8.85,131.0,148.0,44.0,1027.0,10.33,93.88,9.09,131.2,148,77,2.7,58.3,39.0,0.0,0.0,107.0,114.0,181.1,,False,False,False,True,False,False
"Oct 21, 2024, 1:26:04 PM",Morning Run,10.07,81.67,8.11,144.6,173,10.07,81.52,8.1,145.0,173.0,28.0,1072.0,10.07,81.67,8.11,144.6,173,91,1.0,10.4,57.0,31.1,0.6,84.0,86.0,182.1,,False,False,False,False,False,False
"Oct 20, 2024, 6:45:55 PM",Lunch Run,5.41,49.83,9.21,135.7,149,5.41,49.68,9.18,136.0,149.0,80.0,590.0,5.41,49.83,9.21,135.7,149,91,1.0,22.6,76.4,0.0,0.0,95.0,92.0,176.1,,False,False,False,True,False,False
"Oct 19, 2024, 3:38:38 PM",Morning Run,2.29,180.9,78.88,100.9,150,2.09,29.77,14.24,111.0,150.0,5.0,310.0,2.29,180.9,78.88,100.9,150,63,71.6,23.9,4.5,0.0,0.0,58.0,56.0,126.6,,False,False,False,True,False,False
"Oct 18, 2024, 3:19:10 PM",Morning Run,18.27,143.8,7.87,148.0,175,18.27,143.55,7.86,148.0,175.0,17.0,1963.0,18.27,143.8,7.87,148.0,175,87,0.3,1.6,68.3,26.3,3.4,107.0,110.0,185.2,,True,True,False,False,False,False
"Oct 17, 2024, 6:54:53 PM",Lunch Run,8.67,76.87,8.87,137.5,154,8.67,75.43,8.7,138.0,154.0,151.0,916.0,8.67,76.87,8.87,137.5,154,79,1.3,10.7,87.3,0.7,0.0,175.0,189.0,180.3,,False,False,False,False,False,False
"Oct 16, 2024, 6:42:35 PM",Lunch Run,10.13,73.28,7.24,157.0,176,10.13,73.22,7.23,157.0,176.0,74.0,1102.0,10.13,73.28,7.24,157.0,176,99,0.6,3.3,31.7,59.5,4.9,133.0,142.0,184.5,,False,True,False,False,False,False
"Oct 15, 2024, 12:13:57 PM",Morning Run,10.14,90.97,8.97,131.4,157,10.14,90.72,8.95,131.0,157.0,39.0,1027.0,10.14,90.97,8.97,131.4,157,77,3.4,42.8,52.7,1.1,0.0,81.0,80.0,182.2,,False,False,False,False,False,False
"Oct 14, 2024, 12:55:20 PM",Morning Run,10.33,79.2,7.67,149.4,176,10.33,78.82,7.63,149.0,176.0,29.0,1102.0,10.33,79.2,7.67,149.4,176,72,1.1,18.0,30.6,41.6,8.7,62.0,62.0,178.6,,False,True,False,False,False,False
"Oct 12, 2024, 2:40:17 PM",Morning Run,6.07,53.87,8.88,144.0,178,6.07,53.07,8.74,144.0,178.0,135.0,679.0,6.07,53.87,8.88,144.0,178,68,0.9,10.5,73.6,7.5,7.4,156.0,162.0,179.1,,False,False,False,False,False,False
"Oct 11, 2024, 12:25:09 PM",Morning Run,17.2,139.8,8.13,137.9,161,17.2,139.7,8.12,138.0,161.0,27.0,1672.0,17.2,139.8,8.13,137.9,161,104,0.5,18.3,74.4,6.8,0.0,100.0,100.0,182.4,,True,False,False,False,False,False
"Oct 10, 2024, 6:39:28 PM",Lunch Run,9.41,80.3,8.53,140.3,156,9.41,79.13,8.41,140.0,156.0,192.0,977.0,9.41,80.3,8.53,140.3,156,88,0.7,7.6,91.1,0.6,0.0,223.0,220.0,178.9,,False,False,False,False,False,False
"Oct 9, 2024, 12:53:09 PM",Morning Run,10.39,77.57,7.47,152.6,166,10.39,77.0,7.41,153.0,166.0,23.0,1093.0,10.39,77.57,7.47,152.6,166,75,1.3,5.9,23.0,69.8,0.0,44.0,51.0,186.0,,False,True,False,False,False,False
"Oct 8, 2024, 1:58:45 PM",Morning Run,11.07,101.4,9.16,135.8,157,11.07,97.08,8.77,136.0,157.0,49.0,1143.0,11.07,101.4,9.16,135.8,157,57,4.0,8.2,86.4,1.4,0.0,104.0,112.0,177.6,,False,False,False,True,False,False
"Oct 7, 2024, 1:28:17 PM",Morning Run,9.28,73.52,7.93,149.3,177,9.28,73.47,7.92,149.0,177.0,24.0,1008.0,9.28,73.52,7.93,149.3,177,67,1.0,14.6,41.2,28.9,14.3,45.0,48.0,176.2,,False,True,False,False,False,False
"Oct 6, 2024, 3:19:02 PM",Morning Run,5.08,52.92,10.43,131.2,142,5.08,51.83,10.2,131.0,142.0,46.0,574.0,5.08,52.92,10.43,131.2,142,96,1.4,52.8,45.8,0.0,0.0,70.0,75.0,175.9,,False,False,False,True,False,False
"Oct 5, 2024, 2:12:29 PM",Morning Run,24.22,207.4,8.56,142.3,163,24.22,207.33,8.56,142.0,163.0,57.0,2623.0,24.22,207.4,8.56,142.3,163,78,0.6,2.5,90.1,6.9,0.0,128.0,129.0,183.5,,True,False,False,False,False,False
"Oct 5, 2024, 12:09:59 AM",Afternoon Run,7.1,62.05,8.74,116.8,125,7.1,62.05,8.74,117.0,125.0,0.0,436.0,7.1,62.05,8.74,116.8,125,80,16.2,83.8,0.0,0.0,0.0,0,0,175.2,,False,False,False,False,False,False
"Oct 3, 2024, 12:42:25 PM",Morning Run,9.43,70.48,7.47,149.4,161,9.43,70.48,7.47,149.0,161.0,28.0,965.0,9.43,70.48,7.47,149.4,161,84,0.7,8.2,35.7,55.5,0.0,83.0,82.0,189.3,,False,True,False,False,False,False
"Oct 2, 2024, 12:31:49 PM",Morning Run,8.11,74.33,9.16,129.0,138,8.11,74.28,9.16,129.0,138.0,4.0,800.0,8.11,74.33,9.16,129.0,138,98,2.0,74.5,23.6,0.0,0.0,63.0,69.0,183.5,,False,False,False,True,False,False
"Oct 1, 2024, 3:13:50 PM",Morning Run,8.41,64.97,7.72,152.2,173,8.41,64.9,7.72,152.0,173.0,61.0,915.0,8.41,64.97,7.72,152.2,173,93,0.8,2.3,50.9,42.3,3.6,100.0,105.0,178.6,,False,True,False,False,False,False
"Sep 29, 2024, 6:35:50 PM",Lunch Run,8.38,79.53,9.49,137.0,152,8.38,78.17,9.33,137.0,152.0,166.0,930.0,8.38,79.53,9.49,137.0,152,95,0.7,19.0,79.9,0.4,0.0,191.0,200.0,179.2,,False,False,False,True,False,False
"Sep 28, 2024, 11:48:04 PM",Afternoon Run,6.21,59.08,9.51,125.6,144,6.21,54.35,8.75,122.0,144.0,0.0,431.0,6.21,59.08,9.51,125.6,144,84,1.7,78.5,19.7,0.0,0.0,0,0,175.6,,False,False,False,True,False,False
"Sep 28, 2024, 3:41:09 PM",Morning Run,4.01,194.73,48.53,110.8,171,2.71,38.53,14.22,115.0,171.0,88.0,417.0,4.01,194.73,48.53,110.8,171,71,58.2,28.7,12.5,0.3,0.3,130.0,47.0,124.7,0.162,False,False,False,True,False,False
"Sep 27, 2024, 12:54:59 PM",Morning Run,12.29,95.48,7.77,150.5,168,12.29,95.17,7.74,151.0,168.0,7.0,1310.0,12.29,95.48,7.77,150.5,168,113,0.1,4.3,34.7,60.9,0.0,53.0,61.0,187.6,,False,True,False,False,False,False
"Sep 27, 2024, 1:21:12 AM",Evening Run,5.07,59.77,11.79,119.9,139,5.07,53.17,10.49,120.0,139.0,51.0,509.0,5.07,59.77,11.79,119.9,139,60,30.3,52.8,16.9,0.0,0.0,88.0,94.0,170.5,,False,False,False,True,False,False
"Sep 25, 2024, 2:08:50 PM",Morning Run,8.11,62.03,7.65,150.1,161,8.11,62.03,7.65,150.0,161.0,61.0,854.0,8.11,62.03,7.65,150.1,161,94,0.6,4.8,38.2,56.4,0.0,110.0,102.0,184.0,,False,True,False,False,False,False
"Sep 24, 2024, 1:46:40 PM",Morning Run,10.47,100.67,9.61,130.2,147,10.47,99.17,9.47,130.0,147.0,44.0,1089.0,10.47,100.67,9.61,130.2,147,53,2.1,67.1,30.8,0.0,0.0,106.0,107.0,179.3,,False,False,False,True,False,False
"Sep 23, 2024, 1:36:31 PM",Morning Run,8.8,73.37,8.34,147.3,177,8.8,72.95,8.29,147.0,177.0,15.0,976.0,8.8,73.37,8.34,147.3,177,102,0.7,7.0,54.9,36.7,0.7,53.0,56.0,181.9,,False,False,False,False,False,False
"Sep 22, 2024, 6:40:31 PM",Lunch Run,10.34,88.42,8.55,140.7,151,10.34,88.42,8.55,141.0,151.0,9.0,1097.0,10.34,88.42,8.55,140.7,151,76,0.5,3.0,96.5,0.0,0.0,55.0,55.0,183.9,,False,False,False,False,False,False
"Sep 21, 2024, 1:46:45 PM",Morning Run,15.05,115.53,7.68,151.3,166,15.05,115.35,7.66,151.0,166.0,7.0,1580.0,15.05,115.53,7.68,151.3,166,93,0.5,1.7,34.3,63.5,0.0,58.0,59.0,189.2,,True,True,False,False,False,False
"Sep 19, 2024, 11:37:14 PM",Afternoon Run,8.3,74.67,8.99,139.7,167,8.3,71.92,8.67,140.0,167.0,161.0,867.0,8.3,74.67,8.99,139.7,167,66,1.5,14.8,72.2,11.4,0.0,179.0,182.0,179.1,,False,False,False,False,False,False
"Sep 18, 2024, 1:09:03 PM",Morning Run | LA,8.08,65.95,8.17,130.3,151,8.08,65.95,8.16,130.0,151.0,0.0,554.0,8.08,65.95,8.17,130.3,151,81,6.9,44.5,48.6,0.0,0.0,0,0,181.2,,False,False,False,False,False,False
"Sep 17, 2024, 1:33:09 PM",Morning Run,8.11,74.15,9.14,133.4,165,8.11,72.1,8.89,133.0,165.0,169.0,801.0,8.11,74.15,9.14,133.4,165,80,2.2,52.3,38.4,7.1,0.0,181.0,190.0,179.5,,False,False,False,True,False,False
"Sep 16, 2024, 1:39:39 PM",Morning Run,8.18,68.6,8.38,143.6,174,8.18,68.28,8.35,143.0,174.0,22.0,890.0,8.18,68.6,8.38,143.6,174,97,0.6,12.8,64.2,21.1,1.3,66.0,65.0,176.9,,False,False,False,False,False,False
"Sep 15, 2024, 3:23:21 PM",Morning Run,3.46,34.85,10.08,126.5,137,3.46,34.2,9.88,127.0,137.0,35.0,364.0,3.46,34.85,10.08,126.5,137,90,7.7,74.8,17.5,0.0,0.0,40.0,43.0,177.4,,False,False,False,True,False,False
"Sep 14, 2024, 8:57:56 PM",Afternoon Run,2.18,141.02,64.62,107.8,152,2.09,30.63,14.66,112.0,152.0,0.0,317.0,2.18,141.02,64.62,107.8,152,79,71.1,15.1,12.9,0.8,0.0,55.0,54.0,127.4,,False,False,False,True,False,False
"Sep 14, 2024, 3:01:48 PM",Morning Run,4.27,41.3,9.66,132.6,155,4.27,40.23,9.42,133.0,155.0,38.0,463.0,4.27,41.3,9.66,132.6,155,78,2.2,44.7,52.0,1.2,0.0,55.0,55.0,174.2,,False,False,False,True,False,False
"Sep 13, 2024, 1:12:49 PM",Morning Run,13.26,111.55,8.41,138.6,164,13.26,111.4,8.4,139.0,164.0,32.0,1377.0,13.26,111.55,8.41,138.6,164,83,0.5,9.1,84.9,5.5,0.0,100.0,96.0,181.6,,False,False,False,False,False,False
"Sep 12, 2024, 2:22:10 PM",Morning Run,10.15,89.65,8.83,140.0,163,10.15,85.9,8.46,140.0,163.0,67.0,1078.0,10.15,89.65,8.83,140.0,163,102,0.9,11.8,81.3,6.0,0.0,103.0,112.0,180.9,,False,False,False,False,False,False
"Sep 12, 2024, 12:48:20 AM",Afternoon Run,6.22,49.57,7.97,146.4,164,6.22,49.37,7.94,146.0,164.0,48.0,669.0,6.22,49.57,7.97,146.4,164,75,1.6,5.4,56.3,36.7,0.0,73.0,75.0,180.9,,False,True,False,False,False,False
"Sep 10, 2024, 1:37:00 PM",Morning Run,9.05,77.07,8.52,,,9.05,77.07,8.52,,,89.3,1339.0,,,,,,,,,,,,,,,,False,False,False,False,False,False
"Sep 9, 2024, 1:17:59 PM",Morning Run,9.03,82.63,9.15,133.7,151,9.03,82.15,9.1,134.0,151.0,175.0,956.0,9.03,82.63,9.15,133.7,151,89,1.1,39.3,59.6,0.0,0.0,195.0,201.0,179.0,,False,False,False,True,False,False
"Sep 8, 2024, 3:28:38 PM",Morning Run,4.72,44.53,9.43,137.3,154,4.72,43.03,9.12,137.0,154.0,91.0,524.0,4.72,44.53,9.43,137.3,154,86,1.9,19.4,77.8,1.0,0.0,109.0,108.0,181.7,,False,False,False,True,False,False
"Sep 7, 2024, 1:40:23 PM",Morning Run,16.06,151.4,9.43,140.3,160,16.06,146.87,9.15,140.0,160.0,237.0,1851.0,16.06,151.4,9.43,140.3,160,73,1.1,17.9,68.5,12.5,0.0,291.0,291.0,180.3,,True,False,False,True,False,False
"Sep 6, 2024, 1:11:43 PM",Morning Run,11.09,96.08,8.66,143.6,169,11.09,93.53,8.43,144.0,169.0,124.0,1224.0,11.09,96.08,8.66,143.6,169,96,0.8,19.3,49.0,30.9,0.0,184.0,190.0,180.9,,False,False,False,False,False,False
"Sep 5, 2024, 1:55:54 PM",Morning Run,4.04,33.87,8.38,151.5,165,4.04,33.87,8.38,152.0,165.0,23.0,435.0,4.04,33.87,8.38,151.5,165,89,1.0,2.0,40.8,56.2,0.0,47.0,54.0,182.7,,False,False,False,False,False,False
"Sep 3, 2024, 12:47:02 PM",Morning Run,6.16,59.08,9.58,132.9,151,6.16,58.8,9.55,133.0,151.0,148.0,663.0,6.16,59.08,9.58,132.9,151,96,0.4,55.0,44.6,0.0,0.0,159.0,161.0,177.4,,False,False,False,True,False,False
"Sep 2, 2024, 5:53:58 PM",Morning Run,11.37,110.05,9.68,137.1,161,11.37,107.27,9.43,137.0,161.0,258.0,1247.0,11.37,110.05,9.68,137.1,161,105,0.2,22.7,74.8,2.3,0.0,282.0,282.0,178.1,,False,False,False,True,False,False
"Sep 1, 2024, 4:19:47 PM",Morning Run,12.05,118.77,9.86,133.8,153,12.05,117.98,9.79,134.0,153.0,208.0,1358.0,12.05,118.77,9.86,133.8,153,95,0.6,42.8,56.4,0.3,0.0,241.0,241.0,179.9,,False,False,False,True,False,False
"Aug 31, 2024, 2:26:23 PM",Morning Run,7.04,69.1,9.81,130.1,166,7.04,67.75,9.62,130.0,166.0,57.0,760.0,7.04,69.1,9.81,130.1,166,95,1.3,73.7,23.5,1.5,0.0,85.0,92.0,179.7,,False,False,False,True,False,False
"Aug 30, 2024, 2:13:25 PM",Morning Run,5.02,42.83,8.53,143.8,160,5.02,42.43,8.45,144.0,160.0,127.0,547.0,5.02,42.83,8.53,143.8,160,88,1.3,7.7,69.9,21.0,0.0,133.0,138.0,179.2,,False,False,False,False,False,False
"Aug 28, 2024, 1:55:40 PM",Morning Run,11.55,96.57,8.36,147.0,170,11.55,94.72,8.2,147.0,170.0,237.0,1263.0,11.55,96.57,8.36,147.0,170,61,0.6,5.4,64.5,29.5,0.0,265.0,270.0,180.7,,False,False,False,False,False,False
"Aug 27, 2024, 1:22:27 PM",Morning Run,7.24,62.92,8.69,140.5,164,7.24,62.25,8.6,141.0,164.0,156.0,756.0,7.24,62.92,8.69,140.5,164,101,1.0,16.7,69.6,12.8,0.0,173.0,179.0,179.3,,False,False,False,False,False,False
"Aug 27, 2024, 1:31:51 AM",Evening Run,3.08,31.98,10.37,132.0,162,3.08,28.0,9.09,132.0,162.0,38.0,305.0,3.08,31.98,10.37,132.0,162,67,6.1,34.6,57.3,2.0,0.0,46.0,41.0,172.5,,False,False,False,True,False,False
"Aug 26, 2024, 2:31:30 PM",Morning Run,7.16,59.32,8.29,144.3,169,7.16,59.05,8.25,144.0,169.0,144.0,751.0,7.16,59.32,8.29,144.3,169,83,1.1,11.5,57.3,30.1,0.0,159.0,163.0,181.8,,False,False,False,False,False,False
"Aug 25, 2024, 3:47:02 PM",Morning Run,1.78,160.72,90.14,103.1,145,1.68,25.25,15.03,111.0,145.0,0.0,286.0,1.78,160.72,90.14,103.1,145,76,72.3,25.4,2.3,0.0,0.0,36.0,39.0,125.4,,False,False,False,True,False,False
"Aug 24, 2024, 5:52:30 PM",Morning Run,8.13,77.53,9.54,135.7,152,8.13,75.05,9.23,136.0,152.0,160.0,912.0,8.13,77.53,9.54,135.7,152,91,0.9,35.8,62.9,0.5,0.0,185.0,195.0,178.0,,False,False,False,True,False,False
"Aug 23, 2024, 1:25:57 PM",Morning Run,10.13,94.88,9.37,135.3,160,10.13,93.95,9.27,135.0,160.0,225.0,1138.0,10.13,94.88,9.37,135.3,160,71,1.2,33.9,61.5,3.4,0.0,248.0,254.0,178.0,,False,False,False,True,False,False
"Aug 23, 2024, 12:50:00 AM",Afternoon Run,7.41,61.42,8.29,,,7.41,61.42,8.29,,,101.5,1097.0,,,,,,,,,,,,,,,,False,False,False,False,False,False
"Aug 22, 2024, 2:33:03 AM",Evening Run,3.43,30.13,8.79,139.3,152,3.43,30.13,8.78,139.0,152.0,52.0,382.0,3.43,30.13,8.79,139.3,152,95,1.6,15.8,81.7,0.9,0.0,59.0,57.0,179.9,,False,False,False,False,False,False
"Aug 21, 2024, 1:47:15 PM",Morning Run,5.58,52.75,9.46,138.9,170,5.58,52.08,9.33,139.0,170.0,156.0,661.0,5.58,52.75,9.46,138.9,170,83,2.4,28.3,51.0,18.4,0.0,168.0,174.0,176.2,,False,False,False,True,False,False
"Aug 20, 2024, 1:52:00 PM",Morning Run,8.07,68.62,8.5,,,8.07,68.62,8.5,,,156.7,1194.0,,,,,,,,,,,,,,,,False,False,False,False,False,False
"Aug 19, 2024, 6:37:16 PM",Lunch Run,8.23,70.42,8.56,145.4,168,8.23,69.5,8.44,145.0,168.0,161.0,947.0,8.23,70.42,8.56,145.4,168,71,1.3,7.9,62.5,28.3,0.0,185.0,189.0,179.4,,False,False,False,False,False,False
"Aug 18, 2024, 3:28:20 PM",Morning Run,3.01,176.88,58.8,104.7,158,2.38,36.22,15.22,114.0,158.0,6.0,463.0,3.01,176.88,58.8,104.7,158,77,68.7,22.3,8.5,0.5,0.0,86.0,97.0,126.4,,False,False,False,True,False,False
"Aug 17, 2024, 4:24:36 PM",Morning Run,10.23,85.95,8.4,148.1,167,10.23,84.98,8.31,148.0,167.0,195.0,1189.0,10.23,85.95,8.4,148.1,167,104,0.5,6.4,55.7,37.3,0.0,230.0,223.0,179.7,,False,False,False,False,False,False
"Aug 16, 2024, 8:02:17 PM",Afternoon Run,7.1,61.47,8.66,144.2,160,7.1,59.62,8.4,144.0,160.0,121.0,804.0,7.1,61.47,8.66,144.2,160,86,1.3,7.5,68.0,23.1,0.0,147.0,148.0,178.0,,False,False,False,False,False,False
"Aug 15, 2024, 2:37:58 PM",Morning Run,7.63,67.65,8.87,139.2,154,7.63,66.27,8.69,139.0,154.0,40.0,841.0,7.63,67.65,8.87,139.2,154,60,2.4,14.7,78.5,4.4,0.0,85.0,86.0,179.1,,False,False,False,False,False,False
"Aug 14, 2024, 1:03:16 PM",Morning Run,7.21,69.65,9.66,129.6,163,7.21,68.22,9.46,130.0,163.0,90.0,770.0,7.21,69.65,9.66,129.6,163,80,5.4,58.1,31.8,4.8,0.0,118.0,118.0,174.8,,False,False,False,True,False,False
"Aug 13, 2024, 1:37:33 PM",Morning Run,7.85,72.58,9.25,136.3,151,7.85,72.32,9.21,136.0,151.0,159.0,885.0,7.85,72.58,9.25,136.3,151,86,0.8,26.5,72.7,0.0,0.0,180.0,184.0,176.4,,False,False,False,True,False,False
"Aug 12, 2024, 7:13:48 PM",Lunch Run,7.16,63.53,8.87,144.6,168,7.16,60.7,8.48,145.0,168.0,152.0,821.0,7.16,63.53,8.87,144.6,168,68,1.7,7.9,63.7,26.7,0.0,175.0,176.0,177.3,,False,False,False,False,False,False
"Aug 11, 2024, 11:28:56 PM",Afternoon Run,1.14,129.1,113.41,100.5,152,1.11,16.7,15.05,111.0,152.0,0.0,173.0,1.14,129.1,113.41,100.5,152,69,84.2,8.9,6.8,0.1,0.0,53.0,51.0,119.6,,False,False,False,True,False,False
"Aug 10, 2024, 9:20:53 PM",Afternoon Run,8.02,71.67,8.93,142.9,158,8.02,70.75,8.82,143.0,158.0,4.0,935.0,8.02,71.67,8.93,142.9,158,77,0.8,8.0,66.7,24.4,0.0,52.0,54.0,180.1,,False,False,False,False,False,False
"Aug 9, 2024, 8:14:13 PM",Afternoon Run,4.12,39.7,9.64,135.7,149,4.12,39.7,9.64,136.0,149.0,24.0,482.0,4.12,39.7,9.64,135.7,149,95,2.4,19.3,78.3,0.0,0.0,49.0,53.0,175.4,,False,False,False,True,False,False
"Aug 9, 2024, 12:44:36 AM",Afternoon Run,4.06,36.98,9.1,116.4,127,4.06,35.5,8.74,116.0,127.0,0.0,249.0,4.06,36.98,9.1,116.4,127,74,18.7,81.3,0.0,0.0,0.0,0,0,175.6,,False,False,False,True,False,False
"Aug 7, 2024, 6:38:12 PM",Lunch Run,6.1,51.53,8.45,131.6,148,6.1,51.53,8.45,132.0,148.0,0.0,440.0,6.1,51.53,8.45,131.6,148,76,8.7,34.1,57.2,0.0,0.0,0,0,178.2,,False,False,False,False,False,False
"Aug 6, 2024, 1:10:17 PM",Morning Run,5.07,51.73,10.21,129.7,145,5.07,51.22,10.1,130.0,145.0,131.0,579.0,5.07,51.73,10.21,129.7,145,96,1.0,62.9,36.1,0.0,0.0,142.0,149.0,173.2,,False,False,False,True,False,False
"Aug 5, 2024, 7:02:47 PM",Lunch Run,5.07,44.65,8.82,144.4,155,5.07,43.22,8.52,144.0,155.0,45.0,583.0,5.07,44.65,8.82,144.4,155,62,1.8,4.7,73.6,19.9,0.0,67.0,68.0,176.7,,False,False,False,False,False,False
"Jul 27, 2024, 1:08:13 PM",Jack & Jill | sub-3 ✅ | 2:57:56 Official,26.45,177.95,6.73,163.9,171,26.45,177.95,6.73,164.0,171.0,3.0,2868.0,26.45,177.95,6.73,163.9,171,107,0.1,0.1,0.5,99.3,0.0,36.0,656.0,187.2,,True,False,True,False,True,False
"Jul 26, 2024, 7:28:42 PM",Shakeout w/ Raaham,2.03,22.82,11.25,119.7,141,2.03,22.55,11.11,120.0,141.0,17.0,221.0,2.03,22.82,11.25,119.7,141,95,35.9,42.8,21.3,0.0,0.0,34.0,34.0,170.1,,False,False,False,True,False,False
"Jul 26, 2024, 2:01:09 AM",Evening Run,3.26,27.52,8.44,137.0,171,3.26,26.3,8.07,137.0,171.0,22.0,321.0,3.26,27.52,8.44,137.0,171,71,6.4,26.8,45.8,20.4,0.6,37.0,39.0,180.4,,False,False,False,False,False,False
"Jul 24, 2024, 6:00:35 PM",Lunch Run,2.28,19.35,8.5,134.8,149,2.28,19.25,8.44,135.0,149.0,27.0,227.0,2.28,19.35,8.5,134.8,149,95,3.1,27.6,69.3,0.0,0.0,29.0,26.0,181.7,,False,False,False,False,False,False
"Jul 23, 2024, 4:08:15 PM",Morning Run,6.04,44.68,7.4,147.6,165,6.04,44.53,7.37,148.0,165.0,18.0,615.0,6.04,44.68,7.4,147.6,165,58,1.6,4.5,58.2,35.7,0.0,47.0,49.0,185.8,,False,True,False,False,False,False
"Jul 21, 2024, 4:21:46 PM",Morning Run,6.52,60.07,9.22,138.0,168,6.52,60.0,9.2,138.0,168.0,136.0,683.0,6.52,60.07,9.22,138.0,168,99,0.5,30.6,63.6,5.2,0.0,156.0,160.0,178.2,,False,False,False,True,False,False
"Jul 20, 2024, 5:11:37 PM",Morning Run,2.57,165.55,64.44,112.5,145,2.52,39.9,15.83,117.0,145.0,4.0,366.0,2.57,165.55,64.44,112.5,145,78,53.1,40.8,6.1,0.0,0.0,82.0,79.0,122.0,,False,False,False,True,False,False
"Jul 19, 2024, 4:10:29 PM",Morning Run,12.08,91.17,7.55,151.5,175,12.08,90.68,7.51,151.0,175.0,8.0,1293.0,12.08,91.17,7.55,151.5,175,79,0.7,6.6,39.3,51.4,2.0,67.0,68.0,186.4,,False,True,False,False,False,False
"Jul 17, 2024, 2:40:00 PM",Morning Run,8.1,59.75,7.37,151.9,167,8.1,58.8,7.26,152.0,167.0,17.0,827.0,8.1,59.75,7.37,151.9,167,98,1.0,6.7,28.6,63.6,0.0,53.0,54.0,186.9,,False,True,False,False,False,False
"Jul 16, 2024, 2:11:31 PM",Morning Run,8.56,76.0,8.88,132.7,148,8.56,73.47,8.58,133.0,148.0,39.0,834.0,8.56,76.0,8.88,132.7,148,66,2.2,42.3,55.5,0.0,0.0,82.0,89.0,183.2,,False,False,False,False,False,False
"Jul 15, 2024, 2:25:54 PM",Morning Run,7.04,55.0,7.81,144.0,170,7.04,55.0,7.81,144.0,170.0,24.0,709.0,7.04,55.0,7.81,144.0,170,84,0.9,15.2,57.4,26.4,0.0,52.0,55.0,178.2,,False,True,False,False,False,False
"Jul 14, 2024, 7:27:12 PM",Lunch Run,0.91,10.85,11.94,119.7,132,0.91,10.6,11.65,120.0,132.0,8.0,101.0,0.91,10.85,11.94,119.7,132,104,9.9,90.1,0.0,0.0,0.0,12.0,13.0,169.2,,False,False,False,True,False,False
"Jul 14, 2024, 6:37:42 PM",Lunch Run,5.08,46.4,9.13,138.7,151,5.08,44.23,8.71,139.0,151.0,99.0,538.0,5.08,46.4,9.13,138.7,151,72,1.9,14.1,84.0,0.0,0.0,109.0,111.0,180.2,,False,False,False,True,False,False
"Jul 13, 2024, 10:48:40 PM",Afternoon Run,2.27,143.4,63.21,106.4,148,2.16,31.13,14.41,108.0,148.0,0.0,316.0,2.27,143.4,63.21,106.4,148,76,78.4,17.8,3.7,0.0,0.0,66.0,67.0,119.4,,False,False,False,True,False,False
"Jul 13, 2024, 3:40:19 PM",Morning Run,5.48,51.88,9.46,130.3,143,5.48,51.83,9.46,130.0,143.0,99.0,568.0,5.48,51.88,9.46,130.3,143,100,1.7,60.5,37.8,0.0,0.0,113.0,113.0,178.7,,False,False,False,True,False,False
"Jul 12, 2024, 1:20:06 PM",Morning Run 🎗️,18.26,143.47,7.86,146.5,171,18.26,143.4,7.85,147.0,171.0,11.0,1905.0,18.26,143.47,7.86,146.5,171,95,0.5,10.2,53.9,35.3,0.1,104.0,105.0,187.7,,True,True,False,False,False,False
"Jul 11, 2024, 1:04:02 PM",Morning Run,9.05,79.38,8.77,134.3,183,9.05,79.08,8.74,134.0,183.0,67.0,923.0,9.05,79.38,8.77,134.3,183,76,1.3,34.6,61.9,1.6,0.6,117.0,120.0,181.8,,False,False,False,False,False,False
"Jul 11, 2024, 1:29:41 AM",Evening Run,4.06,33.4,8.23,138.3,152,4.06,33.18,8.17,138.0,152.0,19.0,408.0,4.06,33.4,8.23,138.3,152,102,1.3,13.0,85.2,0.6,0.0,34.0,34.0,178.6,,False,False,False,False,False,False
"Jul 10, 2024, 1:36:30 PM",Morning Run,8.06,70.72,8.78,134.3,149,8.06,70.72,8.77,134.0,149.0,152.0,826.0,8.06,70.72,8.78,134.3,149,82,1.4,33.5,65.1,0.0,0.0,181.0,189.0,179.7,,False,False,False,False,False,False
"Jul 9, 2024, 1:29:16 PM",Morning Run,8.87,65.92,7.43,150.8,169,8.87,65.65,7.4,151.0,169.0,23.0,928.0,8.87,65.92,7.43,150.8,169,97,1.2,11.4,34.2,53.2,0.0,68.0,65.0,185.8,,False,True,False,False,False,False
"Jul 7, 2024, 3:44:10 PM",Morning Run,6.08,56.1,9.23,132.7,149,6.08,54.47,8.96,133.0,149.0,54.0,623.0,6.08,56.1,9.23,132.7,149,96,3.2,38.4,58.4,0.0,0.0,75.0,77.0,181.1,,False,False,False,True,False,False
"Jul 6, 2024, 2:16:51 PM",Morning Run,19.27,145.93,7.57,150.0,166,19.27,145.78,7.57,150.0,166.0,17.0,2040.0,19.27,145.93,7.57,150.0,166,93,0.4,3.5,50.6,45.5,0.0,128.0,133.0,188.0,,True,True,False,False,False,False
"Jul 5, 2024, 3:00:11 PM",Morning Run,8.04,69.05,8.59,143.1,157,8.04,67.32,8.37,143.0,157.0,137.0,872.0,8.04,69.05,8.59,143.1,157,87,1.7,7.7,81.2,9.5,0.0,154.0,157.0,180.8,,False,False,False,False,False,False
"Jul 4, 2024, 2:17:03 PM",Morning Run,10.88,94.97,8.73,142.9,161,10.88,92.25,8.48,142.0,161.0,207.0,1190.0,10.88,94.97,8.73,142.9,161,89,1.0,9.8,77.8,11.4,0.0,241.0,246.0,180.9,,False,False,False,False,False,False
"Jul 3, 2024, 2:44:06 PM",Morning Run,8.08,70.3,8.7,143.3,160,8.08,67.92,8.41,143.0,160.0,163.0,881.0,8.08,70.3,8.7,143.3,160,104,1.1,8.5,77.6,12.8,0.0,178.0,182.0,182.8,,False,False,False,False,False,False
"Jul 2, 2024, 2:53:37 PM",Morning Run,9.09,66.35,7.3,154.4,171,9.09,66.28,7.29,154.0,171.0,25.0,972.0,9.09,66.35,7.3,154.4,171,103,0.2,9.6,18.4,71.8,0.0,84.0,87.0,187.3,,False,True,False,False,False,False
"Jul 1, 2024, 12:07:31 AM",Afternoon Run,4.09,33.25,8.13,136.8,154,4.09,33.25,8.13,137.0,154.0,0.0,297.0,4.09,33.25,8.13,136.8,154,68,1.4,25.5,71.3,1.9,0.0,0,0,181.6,,False,False,False,False,False,False
"Jun 30, 2024, 8:29:22 PM",Afternoon Run,2.82,176.52,62.61,111.3,150,2.67,40.33,15.1,113.0,150.0,5.0,372.0,2.82,176.52,62.61,111.3,150,84,59.5,35.4,5.1,0.0,0.0,37.0,35.0,123.7,,False,False,False,True,False,False
"Jun 28, 2024, 1:13:14 PM",Morning Run,18.17,146.8,8.08,142.9,160,18.17,146.75,8.08,143.0,160.0,36.0,1896.0,18.17,146.8,8.08,142.9,160,92,0.5,3.4,88.7,7.5,0.0,127.0,130.0,187.2,,True,False,False,False,False,False
"Jun 27, 2024, 2:27:06 PM",Morning Run,8.12,69.18,8.52,138.6,151,8.12,68.07,8.38,139.0,151.0,42.0,839.0,8.12,69.18,8.52,138.6,151,76,1.7,7.3,90.9,0.0,0.0,83.0,86.0,184.5,,False,False,False,False,False,False
"Jun 26, 2024, 2:27:13 PM",Morning Run,9.44,71.07,7.53,150.3,167,9.44,71.07,7.53,150.0,167.0,21.0,999.0,9.44,71.07,7.53,150.3,167,112,0.1,11.8,29.6,58.5,0.0,60.0,66.0,187.7,,False,True,False,False,False,False
"Jun 25, 2024, 1:23:42 PM",Morning Run,9.55,80.18,8.39,146.4,171,9.55,79.78,8.35,146.0,171.0,10.0,1075.0,9.55,80.18,8.39,146.4,171,80,1.1,15.6,47.1,35.9,0.3,57.0,59.0,177.1,,False,False,False,False,False,False
"Jun 24, 2024, 2:12:50 PM",Morning Run,8.11,73.32,9.04,141.5,157,8.11,72.83,8.98,141.0,157.0,163.0,926.0,8.11,73.32,9.04,141.5,157,91,0.6,6.5,91.8,1.0,0.0,185.0,186.0,181.6,,False,False,False,True,False,False
"Jun 23, 2024, 9:55:20 PM",Afternoon Run,4.27,40.72,9.54,139.2,154,4.27,37.67,8.82,139.0,154.0,37.0,467.0,4.27,40.72,9.54,139.2,154,86,2.3,12.0,84.8,1.0,0.0,52.0,55.0,178.2,,False,False,False,True,False,False
"Jun 23, 2024, 2:39:04 PM",Morning Run,2.16,178.95,82.69,102.4,145,2.04,28.63,14.03,113.0,145.0,0.0,333.0,2.16,178.95,82.69,102.4,145,72,69.2,22.0,8.8,0.0,0.0,51.0,53.0,128.5,,False,False,False,True,False,False
"Jun 22, 2024, 3:30:03 PM",Snoqualmie Valley Half | 8th OA | 1st AG,13.2,88.43,6.7,172.1,177,13.2,88.43,6.7,172.0,177.0,71.0,1532.0,13.2,88.43,6.7,172.1,177,110,0.1,0.2,0.5,6.0,93.2,107.0,100.0,187.4,,False,False,True,False,False,False
"Jun 22, 2024, 2:57:02 PM",Morning Run,2.06,17.23,8.37,141.7,162,2.06,17.23,8.36,142.0,162.0,4.0,216.0,2.06,17.23,8.37,141.7,162,96,2.6,16.0,58.0,23.4,0.0,16.0,19.0,180.8,,False,False,False,False,False,False
"Jun 20, 2024, 1:18:17 PM",Morning Run,8.11,72.63,8.95,135.4,152,8.11,72.57,8.95,135.0,152.0,164.0,848.0,8.11,72.63,8.95,135.4,152,48,1.4,28.2,70.1,0.2,0.0,185.0,191.0,180.7,,False,False,False,False,False,False
"Jun 19, 2024, 1:11:37 PM",Morning Run,11.89,87.35,7.34,154.1,164,11.89,87.35,7.35,154.0,164.0,22.0,1252.0,11.89,87.35,7.34,154.1,164,107,0.3,2.3,22.2,75.2,0.0,32.0,33.0,187.6,,False,True,False,False,False,False
"Jun 18, 2024, 7:18:44 PM",Lunch Run,4.27,40.18,9.4,138.4,154,4.27,36.47,8.54,139.0,154.0,34.0,441.0,4.27,40.18,9.4,138.4,154,73,3.5,11.7,82.5,2.3,0.0,64.0,64.0,177.5,,False,False,False,True,False,False
"Jun 18, 2024, 1:33:05 PM",Morning Run,6.4,55.9,8.74,136.6,152,6.4,55.82,8.72,137.0,152.0,135.0,646.0,6.4,55.9,8.74,136.6,152,83,1.4,24.1,73.9,0.6,0.0,156.0,164.0,181.3,,False,False,False,False,False,False
"Jun 17, 2024, 4:51:54 PM",Morning Run,10.07,76.55,7.61,152.8,171,10.07,76.48,7.59,153.0,171.0,70.0,1062.0,10.07,76.55,7.61,152.8,171,84,0.6,7.4,37.0,52.7,2.3,120.0,130.0,175.4,,False,True,False,False,False,False
"Jun 15, 2024, 3:48:59 PM",Morning Run,1.72,136.02,78.9,109.1,153,1.62,23.6,14.57,114.0,153.0,10.0,211.0,1.72,136.02,78.9,109.1,153,65,54.8,33.0,12.1,0.1,0.0,43.0,44.0,126.8,,False,False,False,True,False,False
"Jun 15, 2024, 1:37:58 PM",Morning Run,8.32,74.72,8.98,136.5,158,8.32,74.72,8.98,137.0,158.0,172.0,865.0,8.32,74.72,8.98,136.5,158,59,1.4,23.2,72.9,2.5,0.0,186.0,193.0,181.7,,False,False,False,False,False,False
"Jun 14, 2024, 12:18:23 PM",Morning Run,16.31,138.72,8.5,139.9,157,16.31,138.72,8.51,140.0,157.0,22.0,1666.0,16.31,138.72,8.5,139.9,157,99,0.6,6.3,91.0,2.2,0.0,108.0,110.0,184.9,,True,False,False,False,False,False
"Jun 13, 2024, 6:03:10 PM",Lunch Run,10.43,78.82,7.56,154.6,170,10.43,78.47,7.52,155.0,170.0,70.0,1109.0,10.43,78.82,7.56,154.6,170,103,0.6,3.7,15.8,80.0,0.0,135.0,137.0,181.9,,False,True,False,False,False,False
"Jun 13, 2024, 2:09:11 AM",Evening Run,2.06,17.92,8.69,132.8,143,2.06,17.92,8.7,133.0,143.0,0.0,214.0,2.06,17.92,8.69,132.8,143,100,2.1,47.3,50.5,0.0,0.0,16.0,17.0,178.0,,False,False,False,False,False,False
"Jun 12, 2024, 12:45:26 PM",Morning Run,8.08,76.27,9.44,133.5,152,8.08,75.93,9.4,134.0,152.0,167.0,846.0,8.08,76.27,9.44,133.5,152,108,0.5,40.9,58.0,0.6,0.0,187.0,192.0,178.3,,False,False,False,True,False,False
"Jun 11, 2024, 4:31:21 PM",Morning Run,9.22,74.72,8.11,149.9,176,9.22,74.67,8.1,150.0,176.0,53.0,1005.0,9.22,74.72,8.11,149.9,176,81,0.7,8.4,44.8,36.7,9.4,119.0,133.0,171.9,,False,False,False,False,False,False
"Jun 10, 2024, 1:09:49 AM",Evening Run,6.05,57.82,9.56,141.7,157,6.05,56.25,9.3,142.0,157.0,147.0,687.0,6.05,57.82,9.56,141.7,157,84,1.1,9.9,78.1,10.9,0.0,158.0,162.0,179.2,,False,False,False,True,False,False
"Jun 8, 2024, 2:16:33 PM",Morning Run,24.04,210.95,8.78,141.9,174,24.04,206.78,8.6,142.0,174.0,142.9,2534.0,24.04,210.95,8.78,141.9,174,98,0.4,5.4,88.8,4.8,0.6,238.0,255.0,181.4,,True,False,False,False,False,False
"Jun 7, 2024, 2:01:52 PM",Morning Run,3.31,30.6,9.25,133.9,148,3.31,30.42,9.19,134.0,148.0,45.0,340.0,3.31,30.6,9.25,133.9,148,83,3.0,33.2,63.8,0.0,0.0,54.0,53.0,176.7,,False,False,False,True,False,False
"Jun 6, 2024, 6:25:46 PM",Lunch Run,10.44,79.05,7.57,155.7,171,10.44,79.05,7.57,156.0,171.0,72.0,1134.0,10.44,79.05,7.57,155.7,171,66,0.9,2.1,18.4,78.0,0.7,142.0,142.0,183.0,,False,True,False,False,False,False
"Jun 5, 2024, 1:37:13 PM",Morning Run,7.06,63.58,9.01,135.3,149,7.06,63.02,8.93,135.0,149.0,47.0,715.0,7.06,63.58,9.01,135.3,149,91,1.2,28.3,70.5,0.0,0.0,77.0,81.0,179.6,,False,False,False,True,False,False
"Jun 4, 2024, 2:16:32 PM",Morning Run,9.53,84.67,8.89,144.6,175,9.53,81.33,8.53,144.0,175.0,68.0,1022.0,9.53,84.67,8.89,144.6,175,58,2.3,17.6,46.0,33.3,0.9,108.0,114.0,172.0,,False,False,False,False,False,False
"Jun 2, 2024, 11:51:45 PM",Afternoon Run,4.05,38.5,9.5,133.2,142,4.05,38.37,9.47,133.0,142.0,24.0,426.0,4.05,38.5,9.5,133.2,142,65,1.9,26.8,71.3,0.0,0.0,43.0,42.0,177.3,,False,False,False,True,False,False
"Jun 1, 2024, 10:59:53 PM",Afternoon Run,2.06,156.93,76.33,118.0,156,1.96,27.93,14.25,119.0,156.0,0.0,289.0,2.06,156.93,76.33,118.0,156,88,37.2,47.8,13.4,1.7,0.0,47.0,45.0,126.9,,False,False,False,True,False,False
"Jun 1, 2024, 1:23:54 PM",Snoqualmie Valley Trail Run,16.12,135.75,8.42,145.9,161,16.12,133.48,8.28,146.0,161.0,220.0,1711.0,16.12,135.75,8.42,145.9,161,74,0.4,4.1,81.2,14.2,0.0,238.0,239.0,179.6,,True,False,False,False,False,False
"May 31, 2024, 7:57:51 PM",Lunch Run,6.16,57.42,9.33,137.2,167,6.16,57.35,9.31,137.0,167.0,138.0,675.0,6.16,57.42,9.33,137.2,167,119,0.0,26.0,72.2,1.8,0.0,153.0,150.0,172.8,,False,False,False,True,False,False
"May 30, 2024, 1:39:36 PM",Morning Run,10.94,93.05,8.51,143.6,161,10.94,92.98,8.5,144.0,161.0,73.0,1188.0,10.94,93.05,8.51,143.6,161,105,1.2,20.1,44.1,34.6,0.0,147.0,154.0,173.7,,False,False,False,False,False,False
"May 29, 2024, 10:54:40 PM",Afternoon Run,10.04,85.07,8.47,144.8,171,10.04,84.43,8.41,145.0,171.0,21.0,1090.0,10.04,85.07,8.47,144.8,171,68,1.0,9.3,64.0,25.7,0.1,81.0,80.0,170.5,,False,False,False,False,False,False
"May 28, 2024, 4:20:02 PM",Morning Run,6.07,55.02,9.07,137.6,164,6.07,54.48,8.98,138.0,164.0,51.0,650.0,6.07,55.02,9.07,137.6,164,76,3.1,20.3,71.3,5.2,0.0,82.0,83.0,175.6,,False,False,False,True,False,False
"May 26, 2024, 4:30:51 PM",Morning Run,6.13,53.0,8.64,142.3,161,6.13,51.58,8.41,142.0,161.0,58.0,649.0,6.13,53.0,8.64,142.3,161,86,1.1,11.0,79.2,8.7,0.0,93.0,92.0,177.3,,False,False,False,False,False,False
"May 25, 2024, 5:03:24 PM",Aloha!,11.2,111.35,9.94,143.1,160,11.2,105.57,9.43,143.0,160.0,116.0,1337.0,11.2,111.35,9.94,143.1,160,66,1.5,13.9,61.5,23.1,0.0,169.0,166.0,170.0,,False,False,False,True,False,False
"May 24, 2024, 1:53:48 PM",Morning Run,7.32,65.33,8.92,143.1,166,7.32,63.43,8.67,143.0,166.0,137.0,804.0,7.32,65.33,8.92,143.1,166,84,1.2,13.5,67.5,17.8,0.0,159.0,160.0,176.0,,False,False,False,False,False,False
"May 23, 2024, 1:24:50 PM",Morning Run,10.07,82.38,8.18,151.4,179,10.07,82.3,8.17,151.0,179.0,62.0,1099.0,10.07,82.38,8.18,151.4,179,89,0.7,2.9,39.1,50.1,7.2,123.0,136.0,179.5,,False,False,False,False,False,False
"May 22, 2024, 1:26:08 PM",Morning Run,7.28,67.45,9.27,136.8,154,7.28,67.35,9.25,137.0,154.0,155.0,793.0,7.28,67.45,9.27,136.8,154,84,0.8,19.7,78.9,0.5,0.0,176.0,183.0,175.8,,False,False,False,True,False,False
"May 21, 2024, 1:26:42 PM",Morning Run,8.06,69.35,8.61,142.3,171,8.06,68.88,8.55,142.0,171.0,38.0,870.0,8.06,69.35,8.61,142.3,171,71,1.2,28.7,35.1,34.8,0.2,79.0,74.0,169.5,,False,False,False,False,False,False
"May 19, 2024, 7:03:43 PM",Lunch Run,5.41,49.9,9.23,141.6,157,5.41,47.55,8.79,142.0,157.0,101.0,594.0,5.41,49.9,9.23,141.6,157,76,1.4,9.3,82.1,7.1,0.0,118.0,119.0,176.1,,False,False,False,True,False,False
"May 18, 2024, 12:49:12 PM",Morning Run,18.04,162.83,9.02,139.4,160,18.04,161.03,8.93,139.0,160.0,38.0,1954.0,18.04,162.83,9.02,139.4,160,93,0.2,16.5,77.6,5.7,0.0,144.0,149.0,176.4,,True,False,False,True,False,False
"May 17, 2024, 1:03:45 PM",Morning Run,4.09,37.38,9.15,125.2,174,4.09,37.38,9.14,125.0,174.0,0.0,288.0,4.09,37.38,9.15,125.2,174,108,18.3,64.2,0.7,12.8,3.9,0,0,171.1,,False,False,False,True,False,False
"May 16, 2024, 6:29:21 PM",Lunch Run,7.35,64.95,8.83,145.3,166,7.35,63.7,8.67,145.0,166.0,145.0,835.0,7.35,64.95,8.83,145.3,166,93,2.4,1.5,70.8,25.3,0.0,168.0,166.0,177.0,,False,False,False,False,False,False
"May 16, 2024, 1:15:15 AM",Evening Run,3.51,30.7,8.75,121.1,136,3.51,30.7,8.75,120.0,136.0,0.0,221.0,3.51,30.7,8.75,121.1,136,80,13.8,83.3,2.9,0.0,0.0,0,0,175.1,,False,False,False,False,False,False
"May 15, 2024, 1:09:58 PM",Morning Run,5.06,51.67,10.21,126.2,138,5.06,49.85,9.85,126.0,138.0,52.0,514.0,5.06,51.67,10.21,126.2,138,86,4.8,80.9,14.3,0.0,0.0,65.0,63.0,175.6,,False,False,False,True,False,False
"May 14, 2024, 7:52:31 PM",Lunch Run,8.55,75.8,8.86,141.4,158,8.55,75.38,8.82,141.0,158.0,154.0,942.0,8.55,75.8,8.86,141.4,158,83,0.9,12.2,74.2,12.8,0.0,175.0,176.0,176.3,,False,False,False,False,False,False
"May 12, 2024, 2:16:13 PM",Morning Run,14.04,122.98,8.76,140.3,155,14.04,122.98,8.76,140.0,155.0,37.0,1513.0,14.04,122.98,8.76,140.3,155,96,0.5,4.1,93.0,2.4,0.0,112.0,119.0,177.9,,False,False,False,False,False,False
"May 11, 2024, 6:35:14 PM",Lunch Run,2.13,133.5,62.6,107.6,157,2.04,30.87,15.13,121.0,157.0,5.0,803.0,2.13,133.5,62.6,107.6,157,60,58.7,28.4,12.1,0.8,0.0,79.0,83.0,116.3,,False,False,False,True,False,False
"May 10, 2024, 7:16:29 PM",Lunch Run,6.96,62.83,9.02,148.1,171,6.96,61.88,8.89,148.0,171.0,134.0,835.0,6.96,62.83,9.02,148.1,171,73,0.8,5.5,62.6,31.1,0.0,148.0,143.0,171.3,,False,False,False,True,False,False
"May 10, 2024, 1:07:06 AM",Evening Run,6.22,54.13,8.7,128.4,150,6.22,54.13,8.7,128.0,150.0,0.0,439.0,6.22,54.13,8.7,128.4,150,76,10.7,58.9,30.4,0.0,0.0,0,0,175.5,,False,False,False,False,False,False
"May 8, 2024, 7:39:02 PM",Lunch Run,7.25,68.15,9.4,138.7,157,7.25,66.48,9.17,139.0,157.0,156.0,805.0,7.25,68.15,9.4,138.7,157,82,1.0,19.9,76.1,3.0,0.0,180.0,178.0,174.6,,False,False,False,True,False,False
"May 7, 2024, 7:18:32 PM",Lunch Run,7.93,66.63,8.41,146.5,178,7.93,65.3,8.23,146.0,178.0,71.0,856.0,7.93,66.63,8.41,146.5,178,100,0.5,9.7,60.5,25.2,4.1,110.0,114.0,175.4,,False,False,False,False,False,False
"May 5, 2024, 2:31:31 PM",Kirkland Half Marathon | 3rd AG | 14th OA,13.16,92.42,7.02,168.6,178,13.16,92.42,7.02,169.0,178.0,173.0,1504.0,13.16,92.42,7.02,168.6,178,85,0.8,0.6,0.5,62.5,35.7,195.0,205.0,186.1,,False,True,False,False,False,False
"May 5, 2024, 2:07:32 PM",Morning Run,0.64,6.3,9.81,127.2,140,0.64,6.3,9.84,127.0,140.0,8.0,66.0,0.64,6.3,9.81,127.2,140,82,7.9,68.8,23.3,0.0,0.0,12.0,13.0,173.9,,False,False,False,True,False,False
"May 4, 2024, 7:44:27 PM",Lunch Run,6.08,70.13,11.54,116.3,149,6.08,68.97,11.34,117.0,149.0,70.0,616.0,6.08,70.13,11.54,116.3,149,71,56.0,13.9,30.1,0.0,0.0,98.0,99.0,161.0,,False,False,False,True,False,False
"May 2, 2024, 6:44:00 PM",Lunch Run,6.48,57.13,8.81,141.2,160,6.48,56.75,8.76,141.0,160.0,143.0,696.0,6.48,57.13,8.81,141.2,160,71,1.1,11.8,71.9,15.3,0.0,164.0,165.0,177.6,,False,False,False,False,False,False
"May 1, 2024, 7:05:57 PM",Lunch Run,6.21,59.87,9.64,135.0,149,6.21,57.37,9.24,135.0,149.0,133.0,657.0,6.21,59.87,9.64,135.0,149,87,2.3,35.4,62.3,0.0,0.0,153.0,147.0,176.1,,False,False,False,True,False,False
"Apr 30, 2024, 7:47:47 PM",Lunch Run,6.1,50.05,8.21,146.4,172,6.1,50.05,8.2,146.0,172.0,109.0,659.0,6.1,50.05,8.21,146.4,172,84,3.9,0.5,70.3,25.1,0.1,120.0,122.0,177.0,,False,False,False,False,False,False
"Apr 28, 2024, 7:42:20 PM",Lunch Run,15.07,143.45,9.52,137.4,157,15.07,142.3,9.44,137.0,157.0,49.0,1662.0,15.07,143.45,9.52,137.4,157,68,0.7,16.7,81.1,1.5,0.0,139.0,146.0,177.1,,True,False,False,True,False,False
"Apr 27, 2024, 11:52:24 PM",Afternoon Run,4.41,46.27,10.48,123.4,135,4.41,46.1,10.45,123.0,135.0,43.0,451.0,4.41,46.27,10.48,123.4,135,92,1.7,96.9,1.4,0.0,0.0,59.0,57.0,175.6,,False,False,False,True,False,False
"Apr 26, 2024, 8:22:49 PM",Afternoon Run,5.04,46.65,9.25,138.2,152,5.04,46.65,9.26,138.0,152.0,35.0,557.0,5.04,46.65,9.25,138.2,152,71,2.9,13.2,83.6,0.3,0.0,70.0,73.0,173.6,,False,False,False,True,False,False
"Apr 25, 2024, 2:49:09 AM",Evening Run,7.09,60.82,8.58,129.7,139,7.09,60.82,8.58,130.0,139.0,0.0,501.0,7.09,60.82,8.58,129.7,139,71,5.1,52.5,42.3,0.0,0.0,0,0,176.8,,False,False,False,False,False,False
"Apr 23, 2024, 6:45:40 PM",Lunch Run,7.04,68.83,9.78,141.3,163,7.04,66.23,9.41,141.0,163.0,191.0,809.0,7.04,68.83,9.78,141.3,163,96,1.1,15.5,67.0,16.4,0.0,207.0,205.0,166.9,,False,False,False,True,False,False
"Apr 21, 2024, 11:53:18 PM",Afternoon Run,3.32,33.88,10.21,135.5,145,3.32,31.42,9.46,136.0,145.0,31.0,358.0,3.32,33.88,10.21,135.5,145,95,2.9,12.5,84.6,0.0,0.0,44.0,48.0,174.7,,False,False,False,True,False,False
"Apr 20, 2024, 10:55:56 PM",Afternoon Run,2.35,150.7,64.12,115.3,157,2.07,102.88,49.7,121.0,157.0,32.0,699.0,2.35,150.7,64.12,115.3,157,80,48.9,32.4,15.8,2.9,0.0,101.0,111.0,122.9,0.02,False,False,False,True,False,False
"Apr 20, 2024, 4:47:15 PM",Morning Run,8.43,73.13,8.68,147.0,158,8.43,73.13,8.67,147.0,158.0,54.0,952.0,8.43,73.13,8.68,147.0,158,107,0.3,0.8,83.0,15.8,0.0,87.0,89.0,177.8,,False,False,False,False,False,False
"Apr 20, 2024, 4:12:02 PM",Perrigo Park Run #2,3.15,20.52,6.5,172.9,180,3.15,20.52,6.51,173.0,180.0,21.0,347.0,3.15,20.52,6.5,172.9,180,115,0.0,2.6,0.5,13.8,83.1,33.0,34.0,186.6,,False,False,True,False,False,False
"Apr 20, 2024, 3:34:13 PM",Morning Run,2.41,24.07,10.0,141.1,154,2.41,20.1,8.34,141.0,154.0,21.0,261.0,2.41,24.07,10.0,141.1,154,92,10.7,5.7,66.3,17.2,0.0,33.0,33.0,178.0,,False,False,False,True,False,False
"Apr 19, 2024, 7:04:56 PM",Lunch Run,7.29,69.6,9.55,139.6,154,7.29,67.4,9.25,140.0,154.0,143.0,808.0,7.29,69.6,9.55,139.6,154,63,1.1,16.9,79.1,2.9,0.0,164.0,156.0,174.8,,False,False,False,True,False,False
"Apr 18, 2024, 6:49:45 PM",Lunch Run,7.37,60.67,8.23,149.9,165,7.37,60.67,8.23,150.0,165.0,66.0,804.0,7.37,60.67,8.23,149.9,165,66,1.3,0.8,51.1,46.8,0.0,114.0,114.0,178.9,,False,False,False,False,False,False
"Apr 18, 2024, 1:49:57 AM",Evening Run,4.11,36.53,8.89,125.9,138,4.11,36.53,8.89,126.0,138.0,0.0,287.0,4.11,36.53,8.89,125.9,138,72,10.3,55.9,33.8,0.0,0.0,0,0,173.8,,False,False,False,False,False,False
"Apr 17, 2024, 12:17:44 AM",Afternoon Run,7.33,61.77,8.43,150.7,173,7.33,61.35,8.37,151.0,173.0,143.0,810.0,7.33,61.77,8.43,150.7,173,63,2.5,2.7,41.2,52.3,1.1,150.0,153.0,177.6,,False,False,False,False,False,False
"Apr 15, 2024, 1:17:02 AM",Evening Run,4.39,44.15,10.05,131.3,154,4.39,41.9,9.54,131.0,154.0,36.0,437.0,4.39,44.15,10.05,131.3,154,81,2.5,63.7,31.9,1.8,0.0,54.0,57.0,174.1,,False,False,False,True,False,False
"Apr 13, 2024, 1:14:21 PM",Morning Run,12.14,108.72,8.95,140.8,155,12.14,104.3,8.59,141.0,155.0,32.0,1219.0,12.14,108.72,8.95,140.8,155,100,0.6,11.8,84.4,3.2,0.0,97.0,104.0,182.4,,False,False,False,False,False,False
"Apr 12, 2024, 6:58:15 PM",Lunch Run,6.4,51.02,7.97,148.4,166,6.4,51.02,7.97,148.0,166.0,54.0,670.0,6.4,51.02,7.97,148.4,166,75,4.2,2.6,42.7,50.5,0.0,96.0,92.0,178.3,,False,True,False,False,False,False
"Apr 12, 2024, 12:15:10 AM",Afternoon Run,6.15,56.47,9.18,137.6,152,6.15,56.47,9.18,138.0,152.0,156.0,647.0,6.15,56.47,9.18,137.6,152,65,2.7,20.8,75.6,0.8,0.0,166.0,164.0,173.5,,False,False,False,True,False,False
"Apr 9, 2024, 8:13:36 PM",Afternoon Run,6.52,61.67,9.46,138.7,161,6.52,61.15,9.38,139.0,161.0,143.0,733.0,6.52,61.67,9.46,138.7,161,74,1.7,17.8,72.5,8.0,0.0,160.0,170.0,174.9,,False,False,False,True,False,False
"Apr 8, 2024, 7:15:09 PM",Lunch Run,6.06,56.9,9.39,141.1,167,6.06,54.68,9.02,141.0,167.0,126.0,680.0,6.06,56.9,9.39,141.1,167,75,4.3,12.4,71.8,11.5,0.0,151.0,144.0,175.9,,False,False,False,True,False,False
"Apr 7, 2024, 9:37:46 PM",Afternoon Run,1.77,166.4,94.0,104.8,157,1.74,26.02,14.95,123.0,157.0,4.0,772.0,1.77,166.4,94.0,104.8,157,64,63.2,18.1,15.6,3.1,0.0,78.0,77.0,121.7,,False,False,False,True,False,False
"Apr 6, 2024, 6:57:00 PM",Lunch Run,10.48,94.9,9.05,147.4,180,10.48,93.08,8.88,147.0,180.0,32.0,1202.0,10.48,94.9,9.05,147.4,180,94,0.8,1.0,74.6,21.0,2.6,94.0,102.0,180.0,,False,False,False,True,False,False
"Apr 5, 2024, 6:54:11 PM",Lunch Run,7.23,72.33,10.0,139.2,162,7.23,67.1,9.28,139.0,162.0,155.0,805.0,7.23,72.33,10.0,139.2,162,78,1.4,16.0,77.3,5.3,0.0,178.0,186.0,176.6,,False,False,False,True,False,False
"Apr 5, 2024, 1:00:56 AM",Evening Run,5.39,45.05,8.35,127.7,148,5.39,45.05,8.36,128.0,148.0,0.0,377.0,5.39,45.05,8.35,127.7,148,69,14.3,32.6,53.1,0.0,0.0,0,0,179.2,,False,False,False,False,False,False
"Apr 3, 2024, 12:16:22 AM",Afternoon Run,6.6,65.22,9.88,138.5,185,6.6,64.57,9.78,138.0,185.0,166.0,742.0,6.6,65.22,9.88,138.5,185,63,3.5,30.5,49.1,7.5,9.3,188.0,192.0,174.2,,False,False,False,True,False,False
"Apr 1, 2024, 7:05:05 PM",Lunch Run,6.08,60.25,9.92,139.5,151,6.08,58.45,9.61,139.0,151.0,116.0,700.0,6.08,60.25,9.92,139.5,151,105,0.8,19.0,80.2,0.0,0.0,136.0,140.0,175.4,,False,False,False,True,False,False
"Mar 31, 2024, 5:54:06 PM",Morning Run,8.09,85.8,10.6,129.6,139,8.09,83.12,10.27,130.0,139.0,14.0,881.0,8.09,85.8,10.6,129.6,139,85,1.4,70.4,28.2,0.0,0.0,53.0,54.0,177.1,,False,False,False,True,False,False
"Mar 29, 2024, 11:20:26 PM",Afternoon Run,3.14,28.2,8.99,147.6,166,3.14,27.53,8.77,148.0,166.0,53.0,365.0,3.14,28.2,8.99,147.6,166,83,2.6,4.1,47.2,46.2,0.0,57.0,58.0,178.0,,False,False,False,False,False,False
"Mar 29, 2024, 12:14:20 AM",Afternoon Run,5.11,51.67,10.1,133.8,160,5.11,51.38,10.05,134.0,160.0,112.0,585.0,5.11,51.67,10.1,133.8,160,66,3.1,37.5,52.2,7.1,0.0,117.0,123.0,172.2,,False,False,False,True,False,False
"Mar 27, 2024, 7:16:16 PM",Lunch Run,5.05,45.72,9.05,142.4,155,5.05,45.72,9.05,142.0,155.0,35.0,568.0,5.05,45.72,9.05,142.4,155,91,1.2,6.5,86.9,5.5,0.0,76.0,86.0,178.0,,False,False,False,True,False,False
"Mar 27, 2024, 12:17:49 AM",Afternoon Run,5.06,46.83,9.26,142.2,168,5.06,45.27,8.95,142.0,168.0,135.0,564.0,5.06,46.83,9.26,142.2,168,76,2.4,18.8,57.2,21.6,0.0,143.0,144.0,175.4,,False,False,False,True,False,False
"Mar 25, 2024, 7:08:33 PM",Lunch Run,5.07,47.85,9.44,140.3,156,5.07,47.13,9.3,140.0,156.0,136.0,571.0,5.07,47.85,9.44,140.3,156,82,2.0,18.9,70.4,8.7,0.0,150.0,153.0,175.4,,False,False,False,True,False,False
"Mar 24, 2024, 9:28:14 PM",Afternoon Run,3.24,29.58,9.13,142.1,160,3.24,28.8,8.89,142.0,160.0,24.0,355.0,3.24,29.58,9.13,142.1,160,97,1.7,10.4,69.6,18.4,0.0,38.0,44.0,174.6,,False,False,False,True,False,False
"Mar 23, 2024, 10:50:52 PM",Afternoon Run,0.38,3.03,,154.6,164,0.38,3.03,,155.0,164.0,0.0,43.0,0.38,3.03,,154.6,164,142,0.0,0.0,33.0,67.0,0.0,3.0,3.0,179.3,,False,False,False,False,False,False
"Mar 23, 2024, 10:35:28 PM",Afternoon Run,1.54,14.53,9.42,139.0,152,1.54,14.47,9.4,139.0,152.0,0.0,177.0,1.54,14.53,9.42,139.0,152,76,5.5,9.3,82.7,2.5,0.0,5.0,6.0,174.2,,False,False,False,True,False,False
"Mar 23, 2024, 5:13:32 PM",Morning Run,4.18,43.78,10.46,136.2,149,4.18,43.78,10.47,136.0,149.0,5.0,506.0,4.18,43.78,10.46,136.2,149,80,1.9,30.1,68.0,0.0,0.0,31.0,32.0,173.7,,False,False,False,True,False,False
"Mar 22, 2024, 7:17:57 PM",Lunch Run,5.11,45.43,8.89,150.9,166,5.11,45.27,8.86,151.0,166.0,40.0,627.0,5.11,45.43,8.89,150.9,166,83,2.1,2.8,40.0,55.2,0.0,70.0,70.0,173.6,,False,False,False,False,False,False
"Mar 22, 2024, 12:23:22 AM",Afternoon Run,4.36,43.5,9.99,136.6,152,4.36,43.5,9.98,137.0,152.0,89.0,511.0,4.36,43.5,9.99,136.6,152,66,3.2,19.3,77.4,0.1,0.0,99.0,103.0,170.3,,False,False,False,True,False,False
"Mar 21, 2024, 1:40:58 AM",Evening Run,3.21,30.18,9.4,118.3,130,3.21,30.18,9.4,118.0,130.0,0.0,223.0,3.21,30.18,9.4,118.3,130,72,13.0,87.0,0.0,0.0,0.0,0,0,168.8,,False,False,False,True,False,False
"Mar 18, 2024, 7:10:39 PM",Lunch Run,5.13,46.85,9.14,138.8,161,5.13,46.77,9.12,139.0,161.0,0.0,447.0,5.13,46.85,9.14,138.8,161,69,5.3,16.1,66.3,12.3,0.0,0,0,171.5,,False,False,False,True,False,False
"Mar 16, 2024, 8:50:14 PM",Afternoon Run,8.04,79.45,9.88,149.5,164,8.04,79.17,9.85,149.0,164.0,12.0,1061.0,8.04,79.45,9.88,149.5,164,91,0.5,4.1,48.8,46.6,0.0,62.0,58.0,176.0,,False,False,False,True,False,False
"Mar 15, 2024, 7:08:51 PM",Lunch Run,5.08,46.22,9.09,154.4,174,5.08,44.33,8.73,154.0,174.0,42.0,632.0,5.08,46.22,9.09,154.4,174,81,1.8,1.8,21.1,72.4,2.7,69.0,65.0,173.8,,False,False,False,True,False,False
"Mar 12, 2024, 7:15:25 PM",Lunch Run,3.19,30.2,9.48,130.3,143,3.19,30.2,9.47,130.0,143.0,0.0,260.0,3.19,30.2,9.48,130.3,143,104,3.0,51.9,45.1,0.0,0.0,0,0,168.1,,False,False,False,True,False,False
"Mar 10, 2024, 7:03:30 PM",Lunch Run,5.1,48.75,9.55,151.7,165,5.1,48.75,9.56,152.0,165.0,6.0,668.0,5.1,48.75,9.55,151.7,165,105,0.4,1.7,34.8,63.1,0.0,34.0,40.0,174.1,,False,False,False,True,False,False
"Mar 10, 2024, 2:34:45 AM",Evening Run,5.46,51.87,9.49,134.8,158,5.47,51.87,9.48,135.0,158.0,0.0,473.0,5.46,51.87,9.49,134.8,158,91,1.8,44.8,46.8,6.5,0.0,0,0,167.9,,False,False,False,True,False,False
"Mar 7, 2024, 7:49:32 PM",Lunch Run,4.04,37.17,9.19,135.8,160,4.04,37.17,9.2,136.0,160.0,0.0,343.0,4.04,37.17,9.19,135.8,160,79,13.5,21.9,50.1,14.5,0.0,0,0,170.8,,False,False,False,True,False,False
"Mar 6, 2024, 3:14:22 AM",Evening Run,6.12,61.23,10.0,140.0,151,6.12,61.23,10.0,140.0,151.0,26.0,735.0,6.12,61.23,10.0,140.0,151,69,1.8,11.8,86.4,0.0,0.0,55.0,56.0,172.7,,False,False,False,True,False,False
"Mar 4, 2024, 1:49:54 AM",Afternoon Run,5.11,48.87,9.57,135.8,145,5.11,48.87,9.56,136.0,145.0,0.0,451.0,5.11,48.87,9.57,135.8,145,93,1.2,22.2,76.6,0.0,0.0,0,0,167.2,,False,False,False,True,False,False
"Mar 3, 2024, 2:44:27 AM",Evening Run,4.51,45.05,9.99,127.6,136,4.51,45.05,9.99,128.0,136.0,0.0,377.0,4.51,45.05,9.99,127.6,136,89,1.6,80.7,17.7,0.0,0.0,0,0,163.5,,False,False,False,True,False,False
"Mar 1, 2024, 8:20:44 PM",Lunch Run,4.4,45.3,10.29,145.0,161,4.4,43.82,9.96,145.0,161.0,33.0,558.0,4.4,45.3,10.29,145.0,161,86,1.6,3.4,81.1,13.9,0.0,57.0,58.0,172.5,,False,False,False,True,False,False
"Feb 25, 2024, 7:05:46 PM",Lunch Run,5.06,66.42,13.12,118.8,132,5.06,66.42,13.13,119.0,132.0,0.0,495.0,5.06,66.42,13.12,118.8,132,94,28.2,71.8,0.0,0.0,0.0,0,0,141.1,,False,False,False,True,False,False
"Feb 11, 2024, 6:27:04 PM",Long run + 20x1min,17.67,143.02,8.09,148.6,167,17.67,139.95,7.92,149.0,167.0,22.0,1856.0,17.67,143.02,8.09,148.6,167,95,0.5,2.4,52.9,44.2,0.0,118.0,117.0,181.4,,True,False,False,False,False,False
"Feb 10, 2024, 5:08:33 PM",Perrigo Park Run with the Boys!,3.12,43.15,13.83,138.5,174,3.12,40.57,13.0,141.0,174.0,18.0,325.0,3.12,43.15,13.83,138.5,174,83,7.8,34.3,28.5,27.3,2.0,29.0,28.0,158.5,,False,False,False,True,False,False
"Feb 10, 2024, 2:00:00 AM",Evening Run,9.08,86.27,9.51,122.5,151,9.08,82.92,9.13,122.0,151.0,0.0,640.0,9.08,86.27,9.51,122.5,151,85,3.7,88.5,7.8,0.0,0.0,0,0,171.3,,False,False,False,True,False,False
"Feb 9, 2024, 2:33:55 AM",Treadmill Round 2,5.12,45.93,8.97,129.7,141,5.12,45.93,8.97,130.0,141.0,0.0,390.0,5.12,45.93,8.97,129.7,141,104,1.1,66.4,32.5,0.0,0.0,0,0,172.8,,False,False,False,False,False,False
"Feb 8, 2024, 7:41:44 PM",Treadmill Easy 5,5.13,47.02,9.16,125.1,135,5.13,47.02,9.17,125.0,135.0,0.0,376.0,5.13,47.02,9.16,125.1,135,65,5.8,92.4,1.8,0.0,0.0,0,0,171.0,,False,False,False,True,False,False
"Feb 7, 2024, 8:01:47 PM",Lunch Run,5.18,50.13,9.68,133.1,146,5.18,49.03,9.47,133.0,146.0,39.0,544.0,5.18,50.13,9.68,133.1,146,73,1.7,35.3,63.1,0.0,0.0,60.0,67.0,170.7,,False,False,False,True,False,False
"Feb 7, 2024, 1:56:40 AM",Afternoon Run,5.41,51.22,9.48,137.2,149,5.41,51.15,9.45,137.0,149.0,33.0,595.0,5.41,51.22,9.48,137.2,149,79,1.1,12.1,86.8,0.0,0.0,56.0,54.0,173.4,,False,False,False,True,False,False
"Feb 6, 2024, 8:11:00 PM",Lunch Run,6.39,52.25,8.18,148.6,164,6.39,52.13,8.16,149.0,164.0,49.0,696.0,6.39,52.25,8.18,148.6,164,86,1.4,2.0,55.8,40.8,0.0,82.0,81.0,174.0,,False,False,False,False,False,False
"Feb 5, 2024, 7:23:18 PM",Lunch Run,3.18,30.17,9.48,134.3,145,3.18,30.17,9.49,134.0,145.0,17.0,344.0,3.18,30.17,9.48,134.3,145,68,2.9,18.3,78.8,0.0,0.0,43.0,52.0,174.5,,False,False,False,True,False,False
"Feb 4, 2024, 6:27:31 PM",Morning Run,16.06,134.67,8.38,148.4,167,16.06,133.07,8.29,148.0,167.0,26.0,1758.0,16.06,134.67,8.38,148.4,167,70,0.5,1.1,65.8,32.6,0.0,123.0,119.0,180.4,,True,False,False,False,False,False
"Feb 4, 2024, 1:46:53 AM",Afternoon Run,4.35,40.08,9.2,126.1,135,4.35,40.08,9.21,126.0,135.0,0.0,325.0,4.35,40.08,9.2,126.1,135,72,3.2,88.5,8.3,0.0,0.0,0,0,170.6,,False,False,False,True,False,False
"Feb 2, 2024, 7:49:09 PM",Lunch Run,6.29,56.85,9.03,140.9,152,6.29,56.85,9.04,141.0,152.0,13.0,690.0,6.29,56.85,9.03,140.9,152,91,1.1,6.0,91.6,1.3,0.0,51.0,52.0,180.3,,False,False,False,True,False,False
"Feb 2, 2024, 2:07:27 AM",Evening Run,8.07,72.95,9.04,142.0,161,8.07,72.88,9.03,142.0,161.0,33.0,900.0,8.07,72.95,9.04,142.0,161,75,1.4,3.7,87.1,7.8,0.0,63.0,68.0,176.0,,False,False,False,True,False,False
"Jan 31, 2024, 7:26:27 PM",Workout: 40x 365 days around the sun,9.45,94.03,9.95,138.0,150,9.45,91.13,9.64,138.0,150.0,217.0,1071.0,9.45,94.03,9.95,138.0,150,67,1.2,16.5,82.3,0.0,0.0,244.0,243.0,171.7,,False,False,False,True,False,False
"Jan 30, 2024, 7:55:33 PM",Lunch Run,6.21,61.5,9.9,141.6,163,6.21,61.0,9.82,142.0,163.0,208.0,749.0,6.21,61.5,9.9,141.6,163,71,2.3,13.7,65.5,18.5,0.0,218.0,207.0,162.2,,False,False,False,True,False,False
"Jan 29, 2024, 8:20:34 PM",Lunch Run,4.76,44.9,9.42,138.8,152,4.76,44.12,9.27,139.0,152.0,108.0,526.0,4.76,44.9,9.42,138.8,152,60,2.4,9.6,85.5,2.6,0.0,122.0,118.0,174.3,,False,False,False,True,False,False
"Jan 28, 2024, 7:31:18 PM",Lunch Run,4.07,43.9,10.79,129.9,145,4.07,43.9,10.79,130.0,145.0,62.0,466.0,4.07,43.9,10.79,129.9,145,71,1.3,66.6,32.1,0.0,0.0,74.0,73.0,171.8,,False,False,False,True,False,False
"Jan 27, 2024, 10:18:11 PM",Afternoon Run,16.09,160.75,9.99,136.6,151,16.09,149.48,9.29,137.0,151.0,141.0,1724.0,16.09,160.75,9.99,136.6,151,73,2.1,22.2,75.7,0.0,0.0,206.0,210.0,175.9,,True,False,False,True,False,False
"Jan 26, 2024, 7:17:46 PM",Lunch Run,8.08,72.17,8.94,141.8,158,8.08,71.63,8.87,142.0,158.0,61.0,883.0,8.08,72.17,8.94,141.8,158,79,1.5,5.9,82.1,10.5,0.0,115.0,111.0,174.5,,False,False,False,False,False,False
"Jan 26, 2024, 2:04:13 AM",Evening Run,8.25,71.47,8.66,147.5,165,8.25,71.47,8.66,148.0,165.0,30.0,944.0,8.25,71.47,8.66,147.5,165,78,2.2,0.3,70.2,27.3,0.0,74.0,72.0,175.0,,False,False,False,False,False,False
"Jan 24, 2024, 7:38:44 PM",Lunch Run,8.15,83.38,10.23,136.4,155,8.15,79.97,9.81,136.0,155.0,156.0,924.0,8.15,83.38,10.23,136.4,155,61,1.6,25.5,69.5,3.3,0.0,182.0,189.0,173.8,,False,False,False,True,False,False
"Jan 22, 2024, 2:02:45 AM",Evening Run,3.1,28.68,9.24,129.8,145,3.1,28.68,9.25,130.0,145.0,0.0,243.0,3.1,28.68,9.24,129.8,145,65,5.3,49.4,45.3,0.0,0.0,0,0,170.3,,False,False,False,True,False,False
"Jan 20, 2024, 8:44:14 PM",Lunch Run,14.32,140.73,9.83,143.3,161,14.32,134.63,9.4,143.0,161.0,342.0,1684.0,14.32,140.73,9.83,143.3,161,72,0.7,5.4,78.1,15.8,0.0,368.0,362.0,174.5,,False,False,False,True,False,False
"Jan 19, 2024, 8:22:20 PM",Lunch Run,4.56,46.32,10.17,133.4,145,4.56,46.25,10.14,133.0,145.0,75.0,513.0,4.56,46.32,10.17,133.4,145,97,0.8,38.6,60.6,0.0,0.0,77.0,78.0,171.4,,False,False,False,True,False,False
"Jan 19, 2024, 2:04:53 AM",Evening Run,6.06,47.68,7.86,158.1,171,6.06,47.68,7.87,158.0,171.0,14.0,701.0,6.06,47.68,7.86,158.1,171,121,0.0,1.3,7.8,90.6,0.4,49.0,52.0,178.3,,False,True,False,False,False,False
"Jan 18, 2024, 7:33:15 PM",Lunch Run,6.19,51.9,8.38,139.6,155,6.2,51.9,8.37,140.0,155.0,0.0,493.0,6.19,51.9,8.38,139.6,155,70,1.0,18.9,76.9,3.2,0.0,0,0,179.0,,False,False,False,False,False,False
"Jan 17, 2024, 8:46:58 PM",Lunch Run,6.22,53.88,8.66,135.2,151,6.22,53.88,8.66,135.0,151.0,0.0,487.0,6.22,53.88,8.66,135.2,151,120,0.0,31.4,68.6,0.0,0.0,0,0,175.3,,False,False,False,False,False,False
"Jan 17, 2024, 1:52:39 AM",Afternoon Run,7.03,65.05,9.26,144.3,164,7.03,65.05,9.25,144.0,164.0,55.0,823.0,7.03,65.05,9.26,144.3,164,92,1.2,0.9,90.7,7.3,0.0,74.0,67.0,176.1,,False,False,False,True,False,False
"Jan 16, 2024, 1:22:49 AM",Afternoon Run,3.16,31.3,9.91,133.5,146,3.16,31.3,9.91,134.0,146.0,0.0,277.0,3.16,31.3,9.91,133.5,146,85,5.5,28.2,66.3,0.0,0.0,0,0,174.0,,False,False,False,True,False,False
"Jan 14, 2024, 7:00:36 PM",Lunch Run,12.18,117.03,9.61,137.4,168,12.18,115.43,9.48,137.0,168.0,28.0,1343.0,12.18,117.03,9.61,137.4,168,91,0.7,17.8,76.5,5.1,0.0,108.0,115.0,178.2,,False,False,False,True,False,False
"Jan 12, 2024, 8:28:44 PM",Lunch Run,5.39,53.98,10.02,137.3,156,5.39,50.52,9.37,137.0,156.0,112.0,591.0,5.39,53.98,10.02,137.3,156,73,2.2,24.0,69.2,4.7,0.0,130.0,137.0,173.5,,False,False,False,True,False,False
"Jan 10, 2024, 7:50:17 PM",Lunch Run,5.18,45.15,8.72,142.4,163,5.18,45.15,8.72,142.0,163.0,0.0,442.0,5.18,45.15,8.72,142.4,163,75,1.5,22.4,43.2,33.0,0.0,0,0,183.5,,False,False,False,False,False,False
"Jan 10, 2024, 1:38:41 AM",Afternoon Run,7.2,71.77,9.96,131.5,151,7.2,70.87,9.84,132.0,151.0,45.0,777.0,7.2,71.77,9.96,131.5,151,78,2.8,53.7,43.5,0.0,0.0,85.0,85.0,180.9,,False,False,False,True,False,False
"Jan 8, 2024, 8:17:20 PM",Lunch Run,3.21,30.92,9.62,131.4,149,3.21,30.92,9.63,131.0,149.0,0.0,267.0,3.21,30.92,9.62,131.4,149,62,4.0,48.7,47.3,0.0,0.0,0,0,175.1,,False,False,False,True,False,False
"Jan 7, 2024, 11:49:28 PM",Afternoon Run,11.52,99.73,8.66,148.5,171,11.52,99.73,8.66,149.0,171.0,9.0,1324.0,11.52,99.73,8.66,148.5,171,80,1.3,0.4,73.6,24.2,0.6,72.0,78.0,183.3,,False,False,False,False,False,False
"Jan 3, 2024, 7:18:23 PM",Lunch Run,5.08,44.85,8.83,146.5,160,5.08,43.57,8.58,146.0,160.0,39.0,575.0,5.08,44.85,8.83,146.5,160,90,4.2,3.1,56.9,35.8,0.0,60.0,65.0,179.7,,False,False,False,False,False,False
"Jan 2, 2024, 8:14:27 PM",Lunch Run,6.24,58.33,9.34,141.7,155,6.24,58.27,9.34,142.0,155.0,5.0,715.0,6.24,58.33,9.34,141.7,155,80,1.6,3.8,84.7,10.0,0.0,36.0,36.0,181.5,,False,False,False,True,False,False
"Jan 1, 2024, 6:03:56 PM",Morning Run,3.08,28.98,9.42,137.8,153,3.08,28.98,9.41,138.0,153.0,20.0,352.0,3.08,28.98,9.42,137.8,153,90,2.0,8.4,89.5,0.2,0.0,46.0,53.0,174.6,,False,False,False,True,False,False
"Dec 31, 2023, 4:43:26 PM",Morning Run,10.05,84.23,8.38,152.3,170,10.05,84.1,8.37,152.0,170.0,18.0,1157.0,10.05,84.23,8.38,152.3,170,99,0.4,0.8,47.1,51.8,0.0,84.0,84.0,178.5,,False,False,False,False,False,False
"Dec 29, 2023, 10:34:54 PM",Afternoon Run,5.54,57.92,10.45,140.0,154,5.54,53.43,9.64,140.0,154.0,109.0,643.0,5.54,57.92,10.45,140.0,154,85,2.9,9.1,83.2,4.8,0.0,132.0,131.0,173.2,,False,False,False,True,False,False
"Dec 28, 2023, 6:39:49 PM",Morning Run,7.29,66.45,9.12,153.0,169,7.29,65.12,8.93,153.0,169.0,137.0,909.0,7.29,66.45,9.12,153.0,169,83,1.8,2.2,24.9,71.1,0.0,163.0,158.0,177.2,,False,False,False,True,False,False
"Dec 27, 2023, 10:20:21 PM",Afternoon Run,5.05,49.3,9.76,139.7,154,5.05,49.08,9.72,140.0,154.0,70.0,586.0,5.05,49.3,9.76,139.7,154,91,1.3,10.9,86.4,1.4,0.0,86.0,98.0,175.9,,False,False,False,True,False,False
"Dec 26, 2023, 11:43:47 PM",Afternoon Run,7.08,66.73,9.42,150.4,176,7.08,64.52,9.11,150.0,176.0,206.0,872.0,7.08,66.73,9.42,150.4,176,86,1.1,1.9,49.3,45.4,2.4,227.0,219.0,176.9,,False,False,False,True,False,False
"Dec 24, 2023, 8:02:56 PM",Lunch Run,9.07,83.68,9.23,149.6,167,9.07,82.22,9.07,150.0,167.0,186.0,1099.0,9.07,83.68,9.23,149.6,167,79,0.7,3.9,55.8,39.6,0.0,210.0,212.0,174.8,,False,False,False,True,False,False
"Dec 23, 2023, 4:33:07 PM",Morning Run,4.3,42.73,9.94,143.2,165,4.3,39.08,9.09,144.0,165.0,38.0,498.0,4.3,42.73,9.94,143.2,165,67,6.2,11.7,39.3,42.8,0.0,69.0,74.0,173.9,,False,False,False,True,False,False
"Dec 22, 2023, 4:35:13 PM",Morning Run,3.2,27.83,8.71,143.3,167,3.2,27.45,8.58,142.0,167.0,0.0,269.0,3.2,27.83,8.71,143.3,167,69,7.0,14.5,38.9,39.6,0.0,0,0,176.3,,False,False,False,False,False,False
"Dec 19, 2023, 8:30:32 PM",Lunch Run,4.05,36.07,8.9,146.5,165,4.05,35.98,8.88,147.0,165.0,64.0,471.0,4.05,36.07,8.9,146.5,165,105,1.0,7.9,64.4,26.7,0.0,73.0,74.0,174.6,,False,False,False,False,False,False
"Dec 18, 2023, 12:12:20 AM",Afternoon Run,3.39,33.72,9.95,132.6,149,3.39,33.72,9.95,133.0,149.0,29.0,370.0,3.39,33.72,9.95,132.6,149,82,1.9,53.6,44.4,0.0,0.0,54.0,51.0,170.6,,False,False,False,True,False,False
"Dec 12, 2023, 8:29:23 PM",Lunch Run,6.09,55.57,9.13,153.0,174,6.09,54.47,8.94,153.0,174.0,191.0,754.0,6.09,55.57,9.13,153.0,174,101,0.9,1.2,37.2,58.3,2.4,199.0,199.0,176.5,,False,False,False,True,False,False
"Dec 10, 2023, 3:27:01 PM",Honolulu Marathon,26.54,411.88,15.52,114.0,170,26.54,398.27,15.01,114.0,170.0,176.0,3447.0,26.54,411.88,15.52,114.0,170,83,49.4,49.0,1.3,0.2,0.0,366.0,363.0,136.5,,True,False,False,True,True,False
"Dec 5, 2023, 8:30:28 PM",Lunch Run,4.16,41.27,9.93,134.2,148,4.16,41.22,9.91,134.0,148.0,55.0,453.0,4.16,41.27,9.93,134.2,148,61,2.4,23.1,74.4,0.0,0.0,69.0,72.0,172.4,,False,False,False,True,False,False
"Dec 3, 2023, 7:06:24 PM",Lunch Run,8.02,83.55,10.41,136.4,145,8.02,83.5,10.41,136.0,145.0,25.0,933.0,8.02,83.55,10.41,136.4,145,92,0.4,11.7,87.9,0.0,0.0,96.0,103.0,176.3,,False,False,False,True,False,False
"Dec 1, 2023, 8:34:35 PM",Lunch Run,3.06,28.6,9.35,142.0,170,3.06,27.63,9.03,142.0,170.0,20.0,337.0,3.06,28.6,9.35,142.0,170,92,1.9,19.0,54.3,24.7,0.0,50.0,58.0,173.9,,False,False,False,True,False,False
"Nov 30, 2023, 7:35:28 PM",Lunch Run,4.4,44.47,10.1,135.7,151,4.4,42.6,9.68,136.0,151.0,39.0,360.0,4.4,44.47,10.1,135.7,151,82,2.9,25.3,71.8,0.0,0.0,66.0,66.0,176.7,,False,False,False,True,False,False
"Nov 29, 2023, 8:37:43 PM",Lunch Run,4.39,41.0,9.33,140.0,152,4.39,40.95,9.33,140.0,152.0,33.0,365.0,4.39,41.0,9.33,140.0,152,91,1.6,7.0,91.0,0.4,0.0,78.0,77.0,175.3,,False,False,False,True,False,False
"Nov 27, 2023, 8:16:45 PM",Lunch Run,4.08,40.43,9.92,132.7,146,4.08,40.38,9.9,133.0,146.0,65.0,329.0,4.08,40.43,9.92,132.7,146,63,2.0,39.6,58.4,0.0,0.0,85.0,86.0,174.9,,False,False,False,True,False,False
"Nov 25, 2023, 10:36:19 PM",Afternoon Run,5.13,56.07,10.92,130.4,157,5.13,55.85,10.89,131.0,157.0,134.0,443.0,5.13,56.07,10.92,130.4,157,72,1.2,61.7,34.5,2.5,0.0,147.0,148.0,173.4,,False,False,False,True,False,False
"Nov 20, 2023, 12:02:57 AM",Afternoon Run,1.77,92.82,52.41,101.5,127,1.77,27.08,15.3,105.0,127.0,2.0,471.0,1.77,92.82,52.41,101.5,127,74,90.6,9.4,0.0,0.0,0.0,105.8,105.6,112.2,,False,False,False,True,False,False
"Nov 18, 2023, 2:21:35 PM",Revel Big Bear Marathon,28.54,187.27,6.56,164.9,181,26.46,187.13,7.07,165.0,181.0,92.0,2659.0,28.54,187.27,6.56,164.9,181,93,0.1,0.1,0.7,95.7,3.4,132.8,1687.4,184.7,,True,False,True,False,False,False
"Nov 16, 2023, 11:05:03 PM",Afternoon Run,3.11,34.92,11.21,130.3,146,3.11,29.87,9.6,131.0,146.0,8.0,343.0,3.11,34.92,11.21,130.3,146,56,10.7,30.2,59.1,0.0,0.0,36.6,36.6,173.7,,False,False,False,True,False,False
"Nov 15, 2023, 5:09:31 PM",Morning Run,0.86,12.72,14.72,118.7,146,0.86,10.67,12.41,120.0,146.0,87.0,110.0,0.86,12.72,14.72,118.7,146,86,48.9,20.3,30.8,0.0,0.0,41.0,40.6,138.7,0.121,False,False,False,True,False,False
"Nov 14, 2023, 8:26:14 PM",Lunch Run,5.12,49.28,9.63,137.9,167,5.12,49.28,9.62,138.0,167.0,76.0,583.0,5.12,49.28,9.63,137.9,167,73,6.5,12.1,70.9,10.5,0.0,110.8,102.6,173.6,,False,False,False,True,False,False
"Nov 12, 2023, 8:44:49 PM",Lunch Run,2.0,162.88,81.35,95.6,131,2.0,104.03,52.02,100.0,131.0,4.0,520.0,2.0,162.88,81.35,95.6,131,75,95.0,5.0,0.0,0.0,0.0,120.6,122.8,114.4,,False,False,False,True,False,False
"Nov 11, 2023, 8:33:57 PM",Lunch Run,13.14,108.67,8.27,155.9,182,13.14,104.37,7.94,156.0,182.0,73.0,1414.0,13.14,108.67,8.27,155.9,182,80,0.6,1.6,18.9,71.7,7.2,228.4,232.6,180.6,,False,False,False,False,False,False
"Nov 8, 2023, 8:30:04 PM",Lunch Run,5.02,40.15,8.0,148.4,174,5.02,40.15,8.0,148.0,174.0,63.0,556.0,5.02,40.15,8.0,148.4,174,64,3.0,1.3,67.0,23.2,5.5,128.4,122.6,179.3,,False,False,False,False,False,False
"Nov 7, 2023, 7:50:44 PM",Lunch Run,7.34,67.05,9.14,142.3,165,7.5,65.63,8.75,142.0,165.0,135.0,825.0,7.34,67.05,9.14,142.3,165,77,11.1,7.1,46.8,35.0,0.0,177.2,176.0,177.8,,False,False,False,True,False,False
"Nov 6, 2023, 12:37:37 AM",Afternoon Run,2.18,126.75,58.08,98.8,138,2.18,67.9,31.15,100.0,138.0,46.0,368.0,2.18,126.75,58.08,98.8,138,67,95.6,4.0,0.4,0.0,0.0,180.0,181.4,119.6,,False,False,False,True,False,False
"Nov 4, 2023, 7:28:27 PM",Lunch Run,16.05,145.27,9.05,139.0,163,16.05,141.9,8.84,139.0,163.0,47.0,1708.0,16.05,145.27,9.05,139.0,163,71,3.8,3.1,88.5,4.5,0.0,214.6,211.4,179.7,,True,False,False,True,False,False
"Nov 3, 2023, 7:34:58 PM",Lunch Run,6.02,52.55,8.73,139.8,153,6.03,52.5,8.71,140.0,153.0,46.0,664.0,6.02,52.55,8.73,139.8,153,84,1.8,8.4,89.7,0.1,0.0,137.0,131.8,175.2,,False,False,False,False,False,False
"Nov 2, 2023, 5:49:07 PM",Morning Run,7.91,66.0,8.35,153.6,178,7.91,63.07,7.97,154.0,178.0,144.0,867.0,7.91,66.0,8.35,153.6,178,63,7.8,3.9,20.9,48.5,18.9,208.4,211.4,177.0,,False,False,False,False,False,False
"Oct 31, 2023, 6:20:19 PM",Lunch Run,6.07,55.33,9.12,137.2,163,6.17,55.33,8.97,137.0,163.0,89.0,679.0,6.07,55.33,9.12,137.2,163,32,8.4,9.1,73.3,9.3,0.0,179.4,174.0,176.7,,False,False,False,True,False,False
"Oct 29, 2023, 6:24:14 PM",Lunch Run | sub-38min 10K,14.24,94.45,6.63,163.6,183,14.24,94.35,6.63,163.0,183.0,37.0,1430.0,14.24,94.45,6.63,163.6,183,74,2.3,1.3,13.0,46.2,37.1,138.0,131.4,187.0,,False,False,True,False,False,False
"Oct 28, 2023, 9:26:51 PM",Afternoon Run,1.58,152.37,96.61,96.6,136,1.58,83.72,52.99,99.0,136.0,7.0,432.0,1.58,152.37,96.61,96.6,136,61,91.9,8.0,0.1,0.0,0.0,111.4,112.0,120.7,,False,False,False,True,False,False
"Oct 28, 2023, 3:06:40 PM",Morning Run,5.01,48.83,9.75,136.8,159,5.02,48.83,9.73,137.0,159.0,54.0,611.0,5.01,48.83,9.75,136.8,159,85,1.5,33.4,58.0,7.1,0.0,123.4,123.4,176.0,,False,False,False,True,False,False
"Oct 27, 2023, 10:51:28 PM",Afternoon Run,0.7,16.65,23.9,104.3,144,0.7,12.05,17.21,108.0,144.0,30.0,94.0,0.7,16.65,23.9,104.3,144,85,77.6,13.7,8.7,0.0,0.0,30.0,29.8,108.4,,False,False,False,True,False,False
"Oct 27, 2023, 7:48:50 PM",Lunch Run,4.6,44.82,9.74,129.9,149,4.65,44.73,9.62,130.0,149.0,72.0,516.0,4.6,44.82,9.74,129.9,149,68,13.2,12.1,74.8,0.0,0.0,99.4,94.8,171.3,,False,False,False,True,False,False
"Oct 26, 2023, 8:45:56 PM",Afternoon Run,5.02,53.35,10.63,135.8,151,5.09,52.75,10.36,136.0,151.0,137.0,577.0,5.02,53.35,10.63,135.8,151,95,1.1,28.4,70.5,0.0,0.0,157.0,152.6,171.2,,False,False,False,True,False,False
"Oct 25, 2023, 7:24:28 PM",Lunch Run,7.49,59.23,7.91,156.4,181,7.49,57.97,7.74,156.0,181.0,132.0,837.0,7.49,59.23,7.91,156.4,181,77,3.7,5.6,21.3,44.1,25.3,167.6,167.6,179.6,,False,True,False,False,False,False
"Oct 21, 2023, 8:13:34 PM",Afternoon Run,13.17,114.7,8.71,151.8,190,13.17,108.72,8.26,152.0,190.0,29.0,1454.0,13.17,114.7,8.71,151.8,190,82,0.6,4.7,49.3,35.3,10.0,145.8,143.0,179.9,,False,False,False,False,False,False
"Oct 18, 2023, 7:15:36 PM",Lunch Run,6.15,58.9,9.57,147.6,166,6.2,56.15,9.06,148.0,166.0,113.0,705.0,6.15,58.9,9.57,147.6,166,69,0.8,2.8,62.5,33.9,0.0,148.0,145.0,175.2,,False,False,False,True,False,False
"Oct 17, 2023, 6:10:19 PM",Lunch Run,6.1,53.87,8.83,149.0,168,6.14,51.57,8.4,149.0,168.0,81.0,705.0,6.1,53.87,8.83,149.0,168,70,1.2,5.9,41.1,51.8,0.0,127.0,121.2,178.6,,False,False,False,False,False,False
"Oct 16, 2023, 7:08:24 PM",Lunch Run,7.86,68.22,8.68,154.2,178,7.88,66.67,8.46,154.0,178.0,137.0,904.0,7.86,68.22,8.68,154.2,178,77,1.4,2.0,27.4,65.8,3.4,188.2,184.6,174.3,,False,False,False,False,False,False
"Oct 13, 2023, 7:28:18 PM",Lunch Run,3.71,34.77,9.38,142.1,157,3.72,34.77,9.35,142.0,157.0,59.0,435.0,3.71,34.77,9.38,142.1,157,81,1.8,12.6,74.0,11.6,0.0,92.2,87.2,173.7,,False,False,False,True,False,False
"Oct 8, 2023, 12:34:46 PM",Chicago Marathon,26.85,200.3,7.46,162.3,177,26.85,200.17,7.46,162.0,177.0,79.0,2944.0,26.85,200.3,7.46,162.3,177,118,0.0,3.5,16.6,49.6,30.3,315.6,319.4,179.7,,True,True,False,False,True,True
"Oct 8, 2023, 11:24:14 AM",Morning Run,1.37,14.87,10.86,141.1,160,1.37,13.0,9.49,141.0,160.0,10.0,162.0,1.37,14.87,10.86,141.1,160,96,4.1,14.5,66.3,15.1,0.0,20.6,17.8,167.7,,False,False,False,True,False,True
"Oct 7, 2023, 8:03:26 PM",Shakeout for #14,3.64,43.12,11.85,127.2,148,3.64,37.97,10.43,128.0,148.0,30.0,391.0,3.64,43.12,11.85,127.2,148,61,15.2,39.2,45.7,0.0,0.0,73.6,68.4,162.4,,False,False,False,True,False,False
"Oct 4, 2023, 7:28:21 PM",Lunch Run,3.75,32.7,8.73,139.5,188,3.75,32.27,8.61,140.0,188.0,60.0,411.0,3.75,32.7,8.73,139.5,188,71,4.3,18.0,67.8,5.7,4.1,82.6,79.2,177.4,,False,False,False,False,False,False
"Oct 3, 2023, 7:10:44 PM",Lunch Run,4.42,35.63,8.06,148.2,170,4.45,35.63,8.01,148.0,170.0,43.0,491.0,4.42,35.63,8.06,148.2,170,82,1.5,11.5,43.8,43.3,0.0,99.2,94.6,179.1,,False,False,False,False,False,False
"Oct 1, 2023, 3:30:02 PM",Morning Run,5.27,53.43,10.13,127.4,148,5.48,47.5,8.67,128.0,148.0,29.0,573.0,5.27,53.43,10.13,127.4,148,71,8.8,58.8,32.4,0.0,0.0,79.4,84.0,179.6,,False,False,False,True,False,False
"Sep 30, 2023, 12:51:32 PM",Morning Run,10.07,100.0,9.93,133.5,155,10.12,95.6,9.45,134.0,155.0,26.0,1103.0,10.07,100.0,9.93,133.5,155,77,1.6,48.9,46.1,3.4,0.0,117.2,115.6,177.4,,False,False,False,True,False,False
"Sep 29, 2023, 1:27:20 AM",Evening Run,6.1,60.15,9.87,133.6,149,6.12,60.1,9.82,134.0,149.0,80.0,679.0,6.1,60.15,9.87,133.6,149,59,1.4,35.7,62.9,0.0,0.0,161.6,156.6,172.9,,False,False,False,True,False,False
"Sep 27, 2023, 7:43:49 PM",Lunch Run,6.33,60.17,9.51,132.2,147,6.36,59.97,9.43,132.0,147.0,9.0,689.0,6.33,60.17,9.51,132.2,147,73,0.9,51.2,47.9,0.0,0.0,80.8,80.8,175.9,,False,False,False,True,False,False
"Sep 26, 2023, 7:28:52 PM",Lunch Run,6.38,48.15,7.54,156.1,173,6.52,47.47,7.28,156.0,173.0,61.0,688.0,6.38,48.15,7.54,156.1,173,89,1.6,4.0,25.2,63.1,6.1,154.8,148.8,178.9,,False,True,False,False,False,False
"Sep 25, 2023, 2:38:27 AM",Evening Run,2.14,23.48,10.96,132.5,145,2.14,23.42,10.94,133.0,145.0,37.0,249.0,2.14,23.48,10.96,132.5,145,77,1.6,41.1,57.3,0.0,0.0,50.4,47.0,168.9,,False,False,False,True,False,False
"Sep 23, 2023, 3:48:43 PM",Morning Run,15.3,123.38,8.06,152.8,175,15.3,120.05,7.85,153.0,175.0,42.0,1634.0,15.3,123.38,8.06,152.8,175,84,0.3,2.5,58.5,27.6,11.0,179.6,178.0,180.5,,True,False,False,False,False,False
"Sep 22, 2023, 1:01:48 AM",Evening Run,8.05,73.85,9.18,137.7,156,8.05,71.77,8.92,138.0,156.0,33.0,883.0,8.05,73.85,9.18,137.7,156,87,0.9,19.7,75.4,4.0,0.0,103.4,98.6,175.4,,False,False,False,True,False,False
"Sep 20, 2023, 7:13:22 PM",Lunch Run,7.4,71.32,9.64,133.9,151,7.4,69.88,9.44,134.0,151.0,154.0,808.0,7.4,71.32,9.64,133.9,151,90,1.2,38.2,60.5,0.0,0.0,185.4,184.2,172.3,,False,False,False,True,False,False
"Sep 19, 2023, 6:38:10 PM",Lunch Run,9.37,77.25,8.24,150.7,177,9.58,75.97,7.93,151.0,177.0,117.0,1041.0,9.37,77.25,8.24,150.7,177,103,0.7,14.3,39.8,27.4,17.8,248.0,244.4,166.4,,False,False,False,False,False,False
"Sep 17, 2023, 8:28:43 PM",Afternoon Run,1.71,73.85,43.15,101.9,132,1.71,26.77,15.65,105.0,132.0,23.0,400.0,1.71,73.85,43.15,101.9,132,81,92.6,7.4,0.0,0.0,0.0,156.2,155.4,111.0,,False,False,False,True,False,False
"Sep 17, 2023, 3:34:04 PM",Morning Run,5.65,63.73,11.27,126.2,144,5.68,60.8,10.7,126.0,144.0,128.0,612.0,5.65,63.73,11.27,126.2,144,62,5.1,76.1,18.8,0.0,0.0,155.2,154.0,173.2,,False,False,False,True,False,False
"Sep 16, 2023, 1:32:47 PM",Morning Run,18.11,134.27,7.41,155.8,174,18.11,133.95,7.4,156.0,174.0,40.0,1907.0,18.11,134.27,7.41,155.8,174,87,0.3,3.9,25.8,66.6,3.3,167.2,167.8,184.1,,True,True,False,False,False,False
"Sep 15, 2023, 9:18:51 PM",Afternoon Run,6.57,61.72,9.39,139.9,156,6.65,60.23,9.06,140.0,156.0,84.0,734.0,6.57,61.72,9.39,139.9,156,62,0.8,19.9,76.1,3.2,0.0,130.6,126.8,171.7,,False,False,False,True,False,False
"Sep 14, 2023, 8:47:30 PM",Afternoon Run,7.27,64.03,8.8,150.3,169,7.32,60.55,8.27,150.0,169.0,150.0,825.0,7.27,64.03,8.8,150.3,169,69,1.0,2.2,52.9,44.0,0.0,187.8,181.6,175.6,,False,False,False,False,False,False
"Sep 13, 2023, 2:28:04 PM",Morning Run,7.03,61.18,8.7,137.5,154,7.03,61.18,8.7,138.0,154.0,0.0,728.0,7.03,61.18,8.7,137.5,154,77,3.9,14.3,77.7,4.1,0.0,0,0,178.6,0.041,False,False,False,False,False,False
"Sep 12, 2023, 1:13:17 PM",Morning Run,11.93,93.13,7.8,152.7,180,11.93,92.68,7.77,153.0,180.0,94.0,1273.0,11.93,93.13,7.8,152.7,180,88,0.8,3.8,52.2,21.2,22.0,215.2,210.2,181.1,,False,True,False,False,False,False
"Sep 10, 2023, 9:02:00 PM",Afternoon Run,2.03,148.07,72.84,102.9,130,1.28,19.37,15.13,106.0,130.0,16.0,418.0,2.03,148.07,72.84,102.9,130,77,87.8,12.2,0.0,0.0,0.0,149.4,165.8,111.0,0.092,False,False,False,True,False,False
"Sep 10, 2023, 5:05:52 PM",Morning Run,4.6,42.72,9.29,136.9,149,4.6,42.43,9.22,137.0,149.0,66.0,518.0,4.6,42.72,9.29,136.9,149,82,1.5,23.6,74.9,0.0,0.0,95.4,93.8,174.3,,False,False,False,True,False,False
"Sep 9, 2023, 12:50:57 PM",Morning Run,14.66,120.13,8.19,141.1,153,14.66,120.13,8.19,141.0,153.0,45.0,1544.0,14.66,120.13,8.19,141.1,153,77,0.7,9.5,89.0,0.8,0.0,169.8,166.0,180.3,,False,False,False,False,False,False
"Sep 8, 2023, 7:13:01 PM",Lunch Run,5.6,51.88,9.27,135.2,151,5.68,50.92,8.96,135.0,151.0,106.0,630.0,5.6,51.88,9.27,135.2,151,75,1.5,36.9,61.7,0.0,0.0,137.6,139.2,173.5,,False,False,False,True,False,False
"Sep 7, 2023, 6:10:31 PM",Lunch Run,7.32,66.1,9.03,140.5,164,7.32,64.08,8.75,141.0,164.0,88.0,795.0,7.32,66.1,9.03,140.5,164,73,2.6,14.5,59.7,23.2,0.0,150.4,148.4,175.0,,False,False,False,True,False,False
"Sep 6, 2023, 7:12:19 PM",Lunch Run,7.34,69.67,9.49,136.9,154,7.41,65.83,8.88,137.0,154.0,147.1,794.0,7.34,69.67,9.49,136.9,154,70,5.6,8.1,85.8,0.5,0.0,184.2,180.2,172.8,,False,False,False,True,False,False
"Sep 5, 2023, 6:47:53 PM",Lunch Run,11.02,84.52,7.67,160.4,177,11.17,83.17,7.45,160.0,177.0,112.0,1194.0,11.02,84.52,7.67,160.4,177,80,0.3,5.7,22.0,37.9,34.1,263.0,262.0,174.1,,False,True,False,False,False,False
"Sep 3, 2023, 3:07:46 PM",Morning Run,16.07,126.03,7.84,154.4,190,16.07,124.7,7.76,154.0,190.0,48.0,1701.0,16.07,126.03,7.84,154.4,190,81,0.9,1.7,41.9,46.9,8.6,193.2,193.4,181.8,,True,True,False,False,False,False
"Sep 2, 2023, 11:54:01 PM",Afternoon Run,3.21,29.08,9.05,141.7,159,3.21,28.85,8.99,142.0,159.0,45.0,365.0,3.21,29.08,9.05,141.7,159,69,1.7,17.6,66.1,14.7,0.0,63.6,63.4,174.2,,False,False,False,True,False,False
"Sep 1, 2023, 7:26:55 PM",Lunch Run,3.33,31.17,9.36,132.9,146,3.42,31.17,9.11,133.0,146.0,35.0,385.0,3.33,31.17,9.36,132.9,146,85,4.6,24.6,70.8,0.0,0.0,80.6,80.4,172.8,,False,False,False,True,False,False
"Sep 1, 2023, 1:29:14 AM",Evening Run,6.57,69.53,10.58,133.0,161,6.57,56.68,8.63,133.0,161.0,88.0,658.0,6.57,69.53,10.58,133.0,161,59,6.7,36.6,50.0,6.7,0.0,130.6,128.0,175.9,,False,False,False,True,False,False
"Aug 30, 2023, 2:32:55 PM",Morning Run,7.34,71.37,9.72,138.6,160,7.36,70.02,9.51,139.0,160.0,152.0,838.0,7.34,71.37,9.72,138.6,160,68,1.4,19.0,77.1,2.6,0.0,183.6,181.2,173.0,,False,False,False,True,False,False
"Aug 29, 2023, 2:30:50 PM",Morning Run,8.54,74.18,8.69,150.1,181,8.54,73.85,8.65,150.0,181.0,54.0,960.0,8.54,74.18,8.69,150.1,181,77,1.2,13.0,44.2,19.4,22.2,166.2,163.4,165.2,,False,False,False,False,False,False
"Aug 27, 2023, 3:08:36 PM",Morning Run,1.52,134.57,88.31,91.5,127,1.52,93.38,61.43,97.0,127.0,12.0,434.0,1.52,134.57,88.31,91.5,127,70,96.4,3.6,0.0,0.0,0.0,141.2,142.2,117.2,,False,False,False,True,False,False
"Aug 26, 2023, 9:58:15 PM",Afternoon Run,12.19,126.23,10.35,141.0,161,12.26,117.75,9.6,141.0,161.0,245.0,1354.0,12.19,126.23,10.35,141.0,161,88,0.7,14.5,73.2,11.6,0.0,319.8,321.8,173.3,,False,False,False,True,False,False
"Aug 25, 2023, 12:55:55 PM",Mailbox Peak 📫,8.6,236.63,27.53,111.2,141,9.34,212.1,22.71,113.0,141.0,1242.6,1282.0,8.6,236.63,27.53,111.2,141,61,44.1,53.8,2.1,0.0,0.0,1314.0,1309.6,108.9,,False,False,False,True,False,False
"Aug 25, 2023, 1:27:01 AM",Evening Run,5.1,55.77,10.93,128.5,153,5.11,49.05,9.6,129.0,153.0,55.0,527.0,5.1,55.77,10.93,128.5,153,86,5.1,67.1,26.5,1.3,0.0,92.8,89.6,168.4,,False,False,False,True,False,False
"Aug 23, 2023, 11:22:52 PM",Afternoon Run,6.18,58.93,9.53,136.2,152,6.32,58.57,9.27,136.0,152.0,62.0,704.0,6.18,58.93,9.53,136.2,152,55,2.3,10.4,87.2,0.1,0.0,154.2,151.4,170.8,,False,False,False,True,False,False
"Aug 22, 2023, 1:52:12 PM",Morning Run,6.84,58.75,8.59,154.1,180,6.89,58.75,8.53,154.0,180.0,31.0,807.0,6.84,58.75,8.59,154.1,180,101,1.0,4.1,38.7,37.2,19.0,118.6,118.2,169.6,,False,False,False,False,False,False
"Aug 20, 2023, 2:36:06 PM",Morning Run,15.02,124.9,8.32,151.3,178,15.02,124.9,8.32,151.0,178.0,42.0,1690.0,15.02,124.9,8.32,151.3,178,63,0.9,8.5,42.1,39.0,9.5,179.0,178.6,180.1,,True,False,False,False,False,False
"Aug 17, 2023, 2:42:41 PM",Morning Run,6.71,66.62,9.93,137.1,171,6.74,65.15,9.67,137.0,171.0,162.0,755.0,6.71,66.62,9.93,137.1,171,86,1.1,36.0,52.1,10.8,0.1,191.0,185.8,172.2,,False,False,False,True,False,False
"Aug 16, 2023, 2:03:24 PM",Morning Run,5.42,47.1,8.68,140.8,167,5.46,47.1,8.63,141.0,167.0,59.0,625.0,5.42,47.1,8.68,140.8,167,71,1.9,16.4,67.2,14.4,0.0,132.2,130.2,175.1,,False,False,False,False,False,False
"Aug 15, 2023, 2:02:39 PM",Morning Run,7.3,69.43,9.51,135.3,174,7.32,68.75,9.39,135.0,174.0,146.0,802.0,7.3,69.43,9.51,135.3,174,79,1.5,42.3,46.2,9.3,0.6,181.6,181.2,172.5,,False,False,False,True,False,False
"Aug 13, 2023, 2:16:51 PM",Morning Run,4.21,43.52,10.34,128.7,145,4.21,43.18,10.26,129.0,145.0,39.0,452.0,4.21,43.52,10.34,128.7,145,60,2.2,69.9,27.9,0.0,0.0,69.4,68.0,168.1,,False,False,False,True,False,False
"Aug 12, 2023, 3:35:53 PM",Morning Run,9.05,80.52,8.9,147.7,170,9.06,80.42,8.88,148.0,170.0,19.0,1039.0,9.05,80.52,8.9,147.7,170,90,0.7,2.6,60.1,36.7,0.0,110.0,105.2,177.0,,False,False,False,False,False,False
"Aug 11, 2023, 6:52:09 PM",Lunch Run,7.34,66.6,9.08,150.0,179,7.39,66.6,9.01,150.0,179.0,149.0,873.0,7.34,66.6,9.08,150.0,179,82,1.0,1.7,57.4,34.9,5.0,180.6,177.8,172.6,,False,False,False,True,False,False
"Aug 11, 2023, 1:40:24 AM",Evening Run,4.46,45.58,10.23,143.4,162,4.46,38.13,8.55,144.0,162.0,78.0,487.0,4.46,45.58,10.23,143.4,162,88,3.7,10.5,55.3,30.5,0.0,97.8,94.2,172.1,,False,False,False,True,False,False
"Aug 9, 2023, 1:22:17 AM",Evening Run,5.07,56.3,11.11,132.4,153,5.07,54.4,10.73,132.0,153.0,129.0,563.0,5.07,56.3,11.11,132.4,153,85,1.3,56.2,42.2,0.3,0.0,159.0,154.6,166.6,,False,False,False,True,False,False
"Aug 6, 2023, 2:36:21 PM",Morning Run,2.34,153.13,65.42,112.2,150,2.34,84.98,36.32,111.0,150.0,7.0,594.0,2.34,153.13,65.42,112.2,150,71,49.3,45.5,5.2,0.0,0.0,105.2,104.8,128.8,,False,False,False,True,False,False
"Jul 30, 2023, 1:25:04 PM",Jack & Jill Marathon | BQ,26.4,184.67,7.0,166.6,178,26.4,184.63,6.99,167.0,178.0,7.0,2794.0,26.4,184.67,7.0,166.6,178,105,0.1,0.1,0.3,95.4,4.1,95.4,708.6,182.9,,True,True,False,False,True,False
"Jul 30, 2023, 12:49:18 PM",Morning Run,1.08,12.63,11.65,130.2,158,1.08,10.83,10.03,130.0,158.0,4.0,123.0,1.08,12.63,11.65,130.2,158,71,5.3,65.1,21.0,8.7,0.0,16.8,16.8,169.2,,False,False,False,True,False,False
"Jul 29, 2023, 11:40:37 PM",Shakeout,2.2,20.92,9.52,142.2,154,2.2,20.92,9.51,142.0,154.0,20.0,268.0,2.2,20.92,9.52,142.2,154,76,4.0,6.1,84.8,5.1,0.0,48.6,50.0,172.2,,False,False,False,True,False,False
"Jul 27, 2023, 1:22:37 AM",Evening Run,3.12,31.78,10.18,124.8,136,3.12,31.78,10.19,125.0,136.0,26.0,341.0,3.12,31.78,10.18,124.8,136,68,4.1,91.1,4.8,0.0,0.0,57.0,56.8,167.7,,False,False,False,True,False,False
"Jul 25, 2023, 6:29:00 PM",Lunch Run,5.65,46.55,8.23,144.0,174,5.65,46.55,8.24,144.0,174.0,50.0,628.0,5.65,46.55,8.23,144.0,174,87,1.0,21.7,47.8,27.8,1.8,120.8,120.0,173.9,,False,False,False,False,False,False
"Jul 23, 2023, 2:46:50 PM",Morning Run,2.14,151.07,70.59,104.4,137,2.14,89.98,42.05,107.0,137.0,8.0,542.0,2.14,151.07,70.59,104.4,137,68,70.8,28.5,0.7,0.0,0.0,198.8,197.4,115.9,,False,False,False,True,False,False
"Jul 22, 2023, 5:55:42 PM",Morning Run,10.61,97.47,9.19,145.0,158,10.61,96.57,9.1,145.0,158.0,26.0,1185.0,10.61,97.47,9.19,145.0,158,96,0.5,2.2,89.5,7.9,0.0,133.0,130.6,177.3,,False,False,False,True,False,False
"Jul 21, 2023, 7:29:17 PM",Lunch Run,6.07,49.65,8.17,148.7,176,6.13,49.65,8.1,149.0,176.0,70.0,680.0,6.07,49.65,8.17,148.7,176,67,1.0,5.6,60.8,29.0,3.4,160.6,159.6,174.3,,False,False,False,False,False,False
"Jul 21, 2023, 2:43:49 AM",Evening Run,1.45,69.05,47.67,92.1,127,1.45,21.13,14.57,98.0,127.0,4.0,331.0,1.45,69.05,47.67,92.1,127,70,97.0,3.0,0.0,0.0,0.0,102.0,103.8,114.5,,False,False,False,True,False,False
"Jul 21, 2023, 1:31:37 AM",Evening Run,1.02,51.05,50.02,88.3,127,0.79,11.02,13.95,95.0,127.0,5.0,231.0,1.02,51.05,50.02,88.3,127,64,97.5,2.5,0.0,0.0,0.0,58.0,57.8,119.0,,False,False,False,True,False,False
"Jul 20, 2023, 12:13:34 AM",Afternoon Run 🥵,4.4,42.32,9.62,132.8,149,4.44,42.23,9.51,133.0,149.0,26.6,515.0,4.4,42.32,9.62,132.8,149,75,2.3,35.4,62.3,0.0,0.0,104.0,103.8,167.4,,False,False,False,True,False,False
"Jul 18, 2023, 12:39:01 PM",Morning Run,8.05,68.37,8.49,141.9,172,8.09,68.12,8.42,142.0,172.0,39.0,889.0,8.05,68.37,8.49,141.9,172,50,2.4,38.8,25.1,30.2,3.5,156.4,151.6,170.4,,False,False,False,False,False,False
"Jul 17, 2023, 2:35:25 AM",10K Strava Running Miles ,3.67,38.82,10.58,132.2,143,3.73,37.3,10.0,133.0,143.0,21.0,431.0,3.67,38.82,10.58,132.2,143,71,2.9,35.1,62.0,0.0,0.0,59.4,55.8,170.6,,False,False,False,True,False,False
"Jul 15, 2023, 1:34:37 PM",Morning Run ,18.31,146.15,7.98,156.8,181,18.42,145.27,7.89,157.0,181.0,52.0,2062.0,18.31,146.15,7.98,156.8,181,85,0.2,1.2,43.5,28.1,27.0,204.8,199.8,179.6,,True,True,False,False,False,False
"Jul 14, 2023, 7:03:47 PM",Lunch Run,5.75,55.92,9.73,139.0,154,5.79,52.42,9.05,139.0,154.0,102.0,659.0,5.75,55.92,9.73,139.0,154,60,1.2,15.0,80.7,3.1,0.0,136.4,136.4,171.7,,False,False,False,True,False,False
"Jul 14, 2023, 2:20:38 AM",Evening Run,4.16,38.35,9.23,133.7,148,4.25,38.35,9.02,134.0,148.0,67.0,467.0,4.16,38.35,9.23,133.7,148,74,1.9,36.2,61.9,0.0,0.0,90.0,89.8,168.7,,False,False,False,True,False,False
"Jul 12, 2023, 7:21:20 PM",Lunch Run,5.09,49.3,9.68,135.1,152,5.13,48.52,9.46,135.0,152.0,129.0,589.0,5.09,49.3,9.68,135.1,152,61,4.2,23.8,71.6,0.4,0.0,152.2,150.0,172.9,,False,False,False,True,False,False
"Jul 11, 2023, 6:09:01 PM",Lunch Run,6.86,53.5,7.8,157.7,181,6.88,53.5,7.78,158.0,181.0,38.0,782.0,6.86,53.5,7.8,157.7,181,71,0.8,3.1,30.0,45.3,20.8,119.8,120.8,177.1,,False,True,False,False,False,False
"Jul 9, 2023, 4:17:23 PM",Morning Run,4.34,60.72,13.98,114.6,140,4.4,48.05,10.92,115.0,140.0,51.0,500.0,4.34,60.72,13.98,114.6,140,76,40.7,55.8,3.5,0.0,0.0,111.2,110.8,165.3,,False,False,False,True,False,False
"Jul 8, 2023, 2:06:26 PM",Snoqualmie Valley Trail Run,15.18,133.85,8.82,146.0,173,15.38,130.53,8.49,146.0,173.0,219.0,1703.0,15.18,133.85,8.82,146.0,173,67,1.2,5.0,71.4,20.5,1.9,251.6,239.4,177.5,,True,False,False,False,False,False
"Jul 6, 2023, 1:53:39 PM",Morning Run,6.08,45.53,7.49,152.6,178,6.1,45.53,7.46,153.0,178.0,59.0,667.0,6.08,45.53,7.49,152.6,178,65,1.7,7.5,32.5,49.5,8.8,133.4,130.2,181.6,,False,True,False,False,False,False
"Jul 5, 2023, 1:32:59 PM",Morning Run,6.16,62.13,10.09,126.3,154,6.21,59.92,9.65,126.0,154.0,119.0,690.0,6.16,62.13,10.09,126.3,154,72,6.0,71.7,21.0,1.2,0.0,152.2,147.8,172.5,,False,False,False,True,False,False
"Jul 4, 2023, 3:08:47 PM",Morning Run,7.88,80.98,10.28,124.9,160,7.88,80.42,10.21,125.0,160.0,155.0,877.0,7.88,80.98,10.28,124.9,160,55,6.4,79.8,11.4,2.4,0.0,191.8,188.6,170.1,,False,False,False,True,False,False
"Jul 2, 2023, 9:02:33 PM",Afternoon Run,3.14,32.83,10.47,131.3,143,3.18,32.45,10.2,131.0,143.0,57.0,364.0,3.14,32.83,10.47,131.3,143,74,2.9,42.4,54.7,0.0,0.0,76.6,73.6,168.9,,False,False,False,True,False,False
"Jul 1, 2023, 1:51:30 PM",Morning Run | Felt Golden ⭐️,18.92,154.6,8.17,156.3,178,19.06,153.68,8.06,156.0,178.0,62.0,2158.0,18.92,154.6,8.17,156.3,178,86,0.3,2.2,32.2,43.6,21.6,226.6,222.6,176.6,,True,False,False,False,False,False
"Jun 30, 2023, 2:29:06 PM",Morning Run,5.58,54.42,9.75,130.7,150,5.62,52.52,9.35,131.0,150.0,87.0,630.0,5.58,54.42,9.75,130.7,150,63,3.5,53.2,43.3,0.0,0.0,117.8,117.6,173.7,,False,False,False,True,False,False
"Jun 29, 2023, 1:26:54 PM",Morning Run,5.58,54.22,9.72,129.0,156,5.64,53.92,9.56,129.0,156.0,131.0,637.0,5.58,54.22,9.72,129.0,156,61,2.5,59.9,35.6,2.0,0.0,160.4,159.2,174.6,,False,False,False,True,False,False
"Jun 28, 2023, 12:14:10 PM",Morning Run,4.43,40.43,9.12,130.8,145,4.48,40.28,8.99,131.0,145.0,30.0,504.0,4.43,40.43,9.12,130.8,145,61,3.6,45.0,51.4,0.0,0.0,63.6,62.2,176.7,,False,False,False,True,False,False
"Jun 27, 2023, 1:11:49 PM",Morning Run,7.67,61.25,7.98,153.0,178,7.72,61.15,7.92,153.0,178.0,31.0,860.0,7.67,61.25,7.98,153.0,178,56,1.0,8.1,32.1,42.4,16.4,128.4,125.2,175.9,,False,True,False,False,False,False
"Jun 26, 2023, 12:23:30 AM",Afternoon Run,4.59,46.75,10.18,137.4,149,4.64,44.4,9.57,138.0,149.0,35.0,535.0,4.59,46.75,10.18,137.4,149,73,1.5,9.7,88.9,0.0,0.0,73.6,75.6,170.3,,False,False,False,True,False,False
"Jun 24, 2023, 3:22:04 PM",Morning Run,1.26,125.17,99.04,100.2,133,1.26,69.9,55.48,103.0,133.0,13.0,390.0,1.26,125.17,99.04,100.2,133,71,92.8,7.1,0.0,0.0,0.0,106.4,109.6,113.5,,False,False,False,True,False,False
"Jun 24, 2023, 2:42:04 PM",Morning Run,1.46,39.62,27.1,104.8,126,1.46,21.62,14.81,104.0,126.0,7.0,261.0,1.46,39.62,27.1,104.8,126,80,71.9,28.1,0.0,0.0,0.0,69.4,70.0,118.0,,False,False,False,True,False,False
"Jun 23, 2023, 5:51:31 PM",Morning Run,13.18,110.95,8.42,159.2,173,13.24,110.28,8.33,159.0,173.0,34.0,1554.0,13.18,110.95,8.42,159.2,173,80,0.8,0.5,9.6,88.7,0.4,156.8,160.8,177.9,,False,False,False,False,False,False
"Jun 23, 2023, 12:57:38 AM",Afternoon Run…Hot 🥵 ,6.29,50.2,7.98,161.9,187,6.31,50.2,7.96,162.0,187.0,46.0,749.0,6.29,50.2,7.98,161.9,187,94,0.8,1.6,30.7,38.0,28.9,121.2,121.0,175.5,,False,True,False,False,False,False
"Jun 21, 2023, 1:02:35 PM",Morning Run,5.1,52.97,10.4,125.2,146,5.16,51.05,9.89,125.0,146.0,94.0,578.0,5.1,52.97,10.4,125.2,146,69,11.4,69.0,19.5,0.0,0.0,130.2,128.4,174.3,,False,False,False,True,False,False
"Jun 20, 2023, 6:48:31 PM",Lunch Run,8.02,75.32,9.39,143.9,170,8.11,73.18,9.02,144.0,170.0,169.0,942.0,8.02,75.32,9.39,143.9,170,87,0.9,8.8,71.0,19.4,0.0,213.2,212.8,174.5,,False,False,False,True,False,False
"Jun 19, 2023, 12:43:04 AM",Afternoon Run,2.53,117.13,46.22,91.7,125,2.53,37.12,14.67,97.0,125.0,2.0,562.0,2.53,117.13,46.22,91.7,125,61,97.0,3.0,0.0,0.0,0.0,157.6,161.4,118.6,,False,False,False,True,False,False
"Jun 17, 2023, 3:04:22 PM",Morning Run,14.01,106.35,7.59,162.6,185,14.11,105.97,7.51,163.0,185.0,47.0,1651.0,14.01,106.35,7.59,162.6,185,79,0.6,0.8,27.9,25.1,45.5,161.0,158.4,182.8,,False,True,False,False,False,False
"Jun 15, 2023, 6:22:42 PM",Lunch Run,6.07,58.4,9.62,142.8,159,6.11,55.27,9.05,143.0,159.0,114.0,729.0,6.07,58.4,9.62,142.8,159,77,3.0,8.4,71.6,16.9,0.0,152.8,151.6,171.9,,False,False,False,True,False,False
"Jun 15, 2023, 1:57:36 AM",Evening Run,1.67,57.72,34.66,96.9,118,1.66,24.42,14.71,100.0,118.0,0.0,316.0,1.67,57.72,34.66,96.9,118,81,97.5,2.5,0.0,0.0,0.0,133.2,134.2,108.5,,False,False,False,True,False,False
"Jun 14, 2023, 4:21:33 PM",Morning Run,7.9,72.03,9.11,147.1,163,7.96,70.83,8.9,147.0,163.0,161.0,961.0,7.9,72.03,9.11,147.1,163,79,2.7,3.0,64.5,29.9,0.0,202.4,202.6,177.0,,False,False,False,True,False,False
"Jun 13, 2023, 5:39:57 PM",Morning Run,8.74,71.67,8.2,158.3,187,8.79,71.42,8.13,158.0,187.0,90.0,1042.0,8.74,71.67,8.2,158.3,187,82,0.5,3.3,25.6,48.7,21.9,206.0,203.8,166.5,,False,False,False,False,False,False
"Jun 11, 2023, 8:09:29 PM",Afternoon Run,9.1,82.82,9.1,148.0,171,9.18,79.07,8.61,148.0,171.0,190.0,1072.0,9.1,82.82,9.1,148.0,171,69,1.4,8.7,47.6,42.2,0.1,243.2,238.8,175.2,,False,False,False,True,False,False
"Jun 9, 2023, 6:50:44 PM",Lunch Run,5.65,45.32,8.02,155.1,174,5.7,45.32,7.95,155.0,174.0,82.0,678.0,5.65,45.32,8.02,155.1,174,91,0.8,3.2,24.5,70.4,1.0,127.8,124.2,177.7,,False,False,False,False,False,False
"Jun 7, 2023, 1:09:41 PM",Morning Run,4.77,47.1,9.87,134.5,155,4.81,45.97,9.56,135.0,155.0,81.0,563.0,4.77,47.1,9.87,134.5,155,77,1.9,38.6,59.1,0.4,0.0,106.4,105.6,174.7,,False,False,False,True,False,False
"Jun 6, 2023, 1:38:44 PM",Morning Run,5.16,45.9,8.89,145.2,160,5.2,45.9,8.83,145.0,160.0,54.0,642.0,5.16,45.9,8.89,145.2,160,86,1.5,5.7,62.7,30.1,0.0,125.4,120.2,172.3,,False,False,False,False,False,False
"Jun 4, 2023, 9:38:47 PM",Afternoon Run,2.78,105.92,38.06,116.0,146,2.78,42.45,15.27,119.0,146.0,29.0,753.0,2.78,105.92,38.06,116.0,146,85,33.2,64.0,2.8,0.0,0.0,231.6,233.8,112.3,,False,False,False,True,False,False
"Jun 4, 2023, 2:20:29 PM",Morning Run,5.09,52.62,10.33,139.7,161,5.15,52.37,10.17,140.0,161.0,131.0,643.0,5.09,52.62,10.33,139.7,161,79,1.1,18.6,69.4,10.8,0.0,158.4,159.0,171.2,,False,False,False,True,False,False
"Jun 3, 2023, 5:22:50 PM",Morning Run,4.02,33.02,8.21,156.6,171,4.05,32.73,8.08,157.0,171.0,75.0,490.0,4.02,33.02,8.21,156.6,171,87,1.0,1.4,27.5,68.5,1.6,97.8,97.0,178.4,,False,False,False,False,False,False
"Jun 3, 2023, 12:18:36 AM",Afternoon Run,3.15,28.42,9.03,140.4,155,3.18,28.42,8.94,141.0,155.0,27.0,394.0,3.15,28.42,9.03,140.4,155,83,1.8,14.7,78.8,4.7,0.0,72.2,71.6,171.2,,False,False,False,True,False,False
"May 22, 2023, 6:01:39 AM",Lunch Run,0.55,5.05,9.26,145.3,158,0.55,4.55,8.27,146.0,158.0,1.0,64.0,0.55,5.05,9.26,145.3,158,105,4.3,13.4,36.2,46.0,0.0,7.0,5.6,168.1,,False,False,False,True,False,False
"May 22, 2023, 5:32:27 AM",Morning Run,3.12,25.43,8.14,132.8,155,3.12,25.43,8.15,134.0,155.0,0.0,321.0,3.12,25.43,8.14,132.8,155,85,5.2,43.1,43.8,7.9,0.0,0,0,169.8,0.066,False,False,False,False,False,False
"May 18, 2023, 9:05:54 PM",Afternoon Run,5.61,51.33,9.16,145.7,166,5.66,49.1,8.67,146.0,166.0,123.0,677.0,5.61,51.33,9.16,145.7,166,80,2.5,9.1,56.8,31.6,0.0,154.2,151.6,171.8,,False,False,False,True,False,False
"May 16, 2023, 7:23:11 PM",Lunch Run,6.03,46.13,7.65,154.9,182,6.07,46.13,7.6,155.0,182.0,46.0,709.0,6.03,46.13,7.65,154.9,182,79,1.1,6.4,34.7,42.5,15.3,135.6,134.4,171.3,,False,True,False,False,False,False
"May 14, 2023, 5:42:19 PM",Morning Run,3.32,33.1,9.97,138.5,157,3.36,32.52,9.68,139.0,157.0,36.0,410.0,3.32,33.1,9.97,138.5,157,83,2.3,14.9,72.6,10.2,0.0,60.6,58.4,169.7,,False,False,False,True,False,False
"May 13, 2023, 5:24:32 PM",Morning Run,3.07,55.72,18.12,120.2,139,3.17,30.58,9.65,121.0,139.0,37.0,348.0,3.07,55.72,18.12,120.2,139,80,18.7,74.7,6.6,0.0,0.0,89.8,83.6,166.5,,False,False,False,True,False,False
"May 12, 2023, 7:20:27 PM",Lunch Run,5.05,49.8,9.86,135.1,161,5.11,49.18,9.62,135.0,161.0,129.0,608.0,5.05,49.8,9.86,135.1,161,71,1.5,41.1,52.4,5.0,0.0,153.0,149.4,166.5,,False,False,False,True,False,False
"May 7, 2023, 3:30:12 PM",Vancouver Marathon,26.61,191.62,7.2,167.4,176,26.61,190.92,7.17,167.0,176.0,290.0,3054.0,26.61,191.62,7.2,167.4,176,101,0.0,0.1,4.3,65.4,30.2,454.8,504.2,180.0,,True,True,False,False,True,False
"May 7, 2023, 3:03:02 PM",Morning Run,0.63,5.33,8.47,140.0,157,0.63,5.33,8.46,140.0,157.0,5.0,74.0,0.63,5.33,8.47,140.0,157,108,3.1,17.1,65.7,14.0,0.0,9.0,10.0,168.7,,False,False,False,False,False,False
"May 3, 2023, 7:20:39 PM",Lunch Run,4.06,33.03,8.14,139.8,150,4.09,32.42,7.93,140.0,150.0,41.0,455.0,4.06,33.03,8.14,139.8,150,82,2.2,15.8,82.0,0.0,0.0,98.0,99.4,176.2,,False,False,False,False,False,False
"May 3, 2023, 1:00:07 AM",Evening Run,6.08,55.98,9.21,133.0,159,6.11,55.68,9.11,133.0,159.0,18.0,683.0,6.08,55.98,9.21,133.0,159,62,2.0,41.6,49.7,6.7,0.0,99.6,102.4,172.6,,False,False,False,True,False,False
"May 2, 2023, 1:35:09 AM",Evening Run,0.26,2.55,,130.5,150,0.26,2.55,,134.0,150.0,11.0,31.0,0.26,2.55,,130.5,150,84,20.8,18.9,60.4,0.0,0.0,13.4,1.2,171.3,0.056,False,False,False,False,False,False
"May 1, 2023, 12:52:31 AM",Afternoon Run,0.54,4.92,9.16,123.8,141,0.54,4.7,8.7,128.0,141.0,9.0,61.0,0.54,4.92,9.16,123.8,141,70,19.4,36.7,43.9,0.0,0.0,14.4,12.8,174.3,0.067,False,False,False,True,False,False
"Apr 29, 2023, 5:37:54 PM",Morning Run,10.12,83.63,8.26,153.9,172,10.13,80.43,7.94,155.0,172.0,199.0,1160.0,10.12,83.63,8.26,153.9,172,90,1.2,2.7,24.5,69.9,1.8,248.2,243.4,178.7,0.1,False,False,False,False,False,False
"Apr 28, 2023, 7:46:41 PM",Lunch Run,5.45,43.17,7.93,148.3,172,5.45,42.55,7.81,150.0,172.0,62.0,619.0,5.45,43.17,7.93,148.3,172,67,12.1,1.9,17.5,67.0,1.4,110.0,109.2,174.0,0.125,False,True,False,False,False,False
"Apr 26, 2023, 7:48:57 PM",Lunch Run,5.07,50.12,9.89,130.8,178,5.08,47.45,9.34,131.0,178.0,82.0,578.0,5.07,50.12,9.89,130.8,178,56,8.5,40.2,46.4,2.4,2.5,112.6,108.8,172.5,0.076,False,False,False,True,False,False
"Apr 25, 2023, 7:40:54 PM",Lunch Run,5.03,37.6,7.48,149.2,176,5.03,36.37,7.23,151.0,176.0,54.0,538.0,5.03,37.6,7.48,149.2,176,72,5.8,10.5,28.3,43.4,11.9,102.8,99.2,181.2,0.117,False,True,False,False,False,False
"Apr 25, 2023, 12:22:40 AM",Afternoon Run,4.06,42.13,10.39,125.2,163,4.07,40.2,9.88,126.0,163.0,24.0,456.0,4.06,42.13,10.39,125.2,163,85,8.3,72.3,17.8,1.6,0.0,49.0,49.0,171.3,0.082,False,False,False,True,False,False
"Apr 23, 2023, 6:06:50 PM",Lunch Run,4.03,172.78,42.84,100.7,132,3.1,41.37,13.35,103.0,132.0,63.0,724.0,4.03,172.78,42.84,100.7,132,73,90.3,9.7,0.0,0.0,0.0,246.0,212.2,123.3,0.743,False,False,False,True,False,False
"Apr 23, 2023, 5:51:29 PM",Morning Run,1.13,11.88,10.56,129.1,141,1.13,11.88,10.51,130.0,141.0,2.0,133.0,1.13,11.88,10.56,129.1,141,84,6.5,62.7,30.8,0.0,0.0,13.0,14.0,173.7,0.019,False,False,False,True,False,False
"Apr 23, 2023, 12:18:04 AM",Afternoon Run,20.01,176.18,8.8,147.1,166,20.04,171.95,8.58,147.0,166.0,59.0,2303.0,20.01,176.18,8.8,147.1,166,76,0.8,1.3,68.1,29.7,0.0,195.6,189.0,177.4,0.093,True,False,False,False,False,False
"Apr 21, 2023, 10:50:24 PM",Afternoon Run,7.27,58.53,8.05,153.2,184,7.28,56.8,7.8,152.0,184.0,157.0,833.0,7.27,58.53,8.05,153.2,184,81,1.3,1.6,39.9,51.9,5.4,185.8,181.6,180.2,0.113,False,False,False,False,False,False
"Apr 21, 2023, 1:04:14 AM",Evening Run,2.6,20.98,8.07,134.8,158,2.6,20.63,7.93,137.0,158.0,24.0,281.0,2.6,20.98,8.07,134.8,158,71,15.1,8.7,55.9,20.3,0.0,52.8,49.0,178.5,0.055,False,False,False,False,False,False
"Apr 19, 2023, 1:10:51 AM",Evening Run,6.46,57.52,8.9,137.5,168,6.46,57.52,8.9,138.0,168.0,147.0,742.0,6.46,57.52,8.9,137.5,168,65,2.1,30.3,55.4,12.2,0.0,178.0,173.8,172.8,0.13,False,False,False,False,False,False
"Apr 14, 2023, 11:25:46 PM",Afternoon Run,16.08,150.3,9.35,134.2,179,16.09,148.57,9.23,134.0,179.0,61.0,1800.0,16.08,150.3,9.35,134.2,179,82,3.0,40.5,50.6,5.2,0.7,175.8,170.2,177.2,0.092,True,False,False,True,False,False
"Apr 13, 2023, 10:56:21 PM",Afternoon Run,4.08,37.5,9.19,136.5,180,4.08,37.5,9.19,136.0,180.0,45.0,480.0,4.08,37.5,9.19,136.5,180,61,3.6,41.0,40.7,4.9,9.8,96.0,90.0,173.2,0.065,False,False,False,True,False,False
"Apr 13, 2023, 1:22:34 AM",Evening Run,6.65,61.47,9.24,133.5,153,6.65,61.03,9.18,135.0,153.0,152.0,763.0,6.65,61.47,9.24,133.5,153,63,9.1,17.2,73.1,0.6,0.0,177.6,173.6,175.4,0.077,False,False,False,True,False,False
"Apr 12, 2023, 1:27:44 AM",Evening Run,6.49,46.12,7.1,145.7,166,6.49,46.12,7.11,147.0,166.0,73.0,664.0,6.49,46.12,7.1,145.7,166,67,18.0,0.1,11.8,70.0,0.0,137.4,133.4,183.6,0.088,False,True,False,False,False,False
"Apr 9, 2023, 10:47:59 PM",Afternoon Run,3.0,163.78,54.51,100.3,133,2.66,38.03,14.3,101.0,133.0,32.0,601.0,3.0,163.78,54.51,100.3,133,70,86.3,13.6,0.1,0.0,0.0,179.4,177.8,128.9,0.534,False,False,False,True,False,False
"Apr 9, 2023, 6:17:54 PM",Lunch Run,7.3,79.43,10.88,127.6,142,7.32,79.1,10.81,128.0,142.0,156.0,860.0,7.3,79.43,10.88,127.6,142,74,6.3,65.2,28.5,0.0,0.0,180.8,179.0,171.6,0.077,False,False,False,True,False,False
"Apr 8, 2023, 10:47:47 PM",Afternoon Run,4.09,37.65,9.21,130.0,152,4.09,37.65,9.21,130.0,152.0,40.0,485.0,4.09,37.65,9.21,130.0,152,72,12.1,20.2,66.6,1.0,0.0,81.0,78.8,177.5,0.068,False,False,False,True,False,False
"Apr 8, 2023, 12:16:20 AM",Afternoon Run,15.05,132.83,8.83,141.0,158,15.07,132.17,8.77,141.0,158.0,55.0,1710.0,15.05,132.83,8.83,141.0,158,78,1.1,11.1,83.4,4.4,0.0,178.0,177.8,179.1,0.089,True,False,False,False,False,False
"Apr 6, 2023, 5:46:23 PM",Morning Run,6.15,53.43,8.69,138.5,151,6.15,53.32,8.67,139.0,151.0,82.0,720.0,6.15,53.43,8.69,138.5,151,67,4.4,10.7,85.0,0.0,0.0,139.2,135.2,175.9,0.07,False,False,False,False,False,False
"Apr 6, 2023, 1:29:59 AM",Evening Run,1.0,46.5,46.38,93.6,114,1.0,14.98,14.98,96.0,114.0,0.0,241.0,1.0,46.5,46.38,93.6,114,71,99.9,0.1,0.0,0.0,0.0,36.0,37.0,123.9,,False,False,False,True,False,False
"Apr 4, 2023, 12:18:00 AM",Afternoon Run,4.05,30.88,7.62,142.4,174,4.06,30.68,7.56,144.0,174.0,29.0,440.0,4.05,30.88,7.62,142.4,174,60,14.9,10.6,32.6,36.9,5.0,56.4,54.6,182.4,0.117,False,True,False,False,False,False
"Apr 3, 2023, 1:08:35 AM",Evening Run,5.01,55.25,11.02,117.7,138,5.01,54.78,10.93,118.0,138.0,138.0,567.0,5.01,55.25,11.02,117.7,138,67,24.6,70.7,4.7,0.0,0.0,155.2,152.2,167.8,0.052,False,False,False,True,False,False
"Apr 1, 2023, 2:39:14 PM",Morning Run,1.01,8.8,8.74,122.4,137,1.01,8.8,8.71,124.0,137.0,5.0,114.0,1.01,8.8,8.74,122.4,137,67,14.8,69.8,15.4,0.0,0.0,23.4,23.4,184.2,0.129,False,False,False,False,False,False
"Mar 31, 2023, 11:57:27 PM",Afternoon Run,8.03,71.97,8.96,136.2,149,8.03,71.6,8.92,137.0,149.0,31.0,925.0,8.03,71.97,8.96,136.2,149,78,1.9,25.2,72.9,0.0,0.0,91.4,85.6,182.1,0.07,False,False,False,False,False,False
"Mar 29, 2023, 4:27:54 PM",Morning Run,8.08,78.37,9.7,133.1,154,8.08,77.83,9.63,134.0,154.0,165.0,935.0,8.08,78.37,9.7,133.1,154,65,4.0,26.9,68.8,0.3,0.0,195.8,191.0,172.2,0.065,False,False,False,True,False,False
"Mar 29, 2023, 12:23:51 AM",Afternoon Run,9.38,83.03,8.85,147.7,178,9.39,80.43,8.57,147.0,178.0,262.0,1094.0,9.38,83.03,8.85,147.7,178,59,1.1,2.7,68.5,22.9,4.8,294.0,292.8,176.8,0.093,False,False,False,False,False,False
"Mar 26, 2023, 11:20:05 PM",Afternoon Run,7.27,66.6,9.16,141.1,168,7.27,66.33,9.12,142.0,168.0,158.0,871.0,7.27,66.6,9.16,141.1,168,59,1.2,9.3,84.4,5.0,0.0,184.0,179.2,177.9,0.092,False,False,False,True,False,False
"Mar 25, 2023, 10:38:00 PM",Afternoon Run,13.44,122.5,9.11,143.1,158,13.44,118.52,8.82,144.0,158.0,269.0,1564.0,13.44,122.5,9.11,143.1,158,74,0.7,4.0,86.2,9.1,0.0,326.6,320.2,177.0,0.078,False,False,False,True,False,False
"Mar 24, 2023, 6:36:10 PM",Lunch Run,7.29,74.4,10.2,130.7,147,7.31,74.03,10.13,132.0,147.0,159.0,857.0,7.29,74.4,10.2,130.7,147,60,6.2,42.9,50.9,0.0,0.0,191.0,188.0,171.0,0.073,False,False,False,True,False,False
"Mar 24, 2023, 12:03:11 AM",Afternoon Run,3.3,28.33,8.59,152.0,181,3.3,28.33,8.58,154.0,181.0,32.0,408.0,3.3,28.33,8.59,152.0,181,88,2.8,8.3,41.2,30.4,17.4,60.4,55.6,172.5,0.071,False,False,False,False,False,False
"Mar 22, 2023, 7:55:11 PM",Lunch Run,5.01,32.62,6.52,166.4,185,5.01,32.62,6.51,168.0,185.0,64.0,553.0,5.01,32.62,6.52,166.4,185,68,3.6,2.0,6.1,31.8,56.5,103.6,99.0,185.8,0.096,False,False,True,False,False,False
"Mar 20, 2023, 7:09:29 PM",Lunch Run,6.52,62.5,9.58,164.1,189,6.52,61.05,9.36,165.0,189.0,162.0,903.0,6.52,62.5,9.58,164.1,189,83,1.1,1.1,14.3,45.1,38.4,188.4,187.6,174.4,0.093,False,False,False,True,False,False
"Mar 19, 2023, 1:02:40 AM",Evening Run,7.27,74.22,10.21,133.9,153,7.27,73.9,10.17,134.0,153.0,156.0,844.0,7.27,74.22,10.21,133.9,153,80,1.0,39.5,59.1,0.4,0.0,179.4,172.4,170.3,0.058,False,False,False,True,False,False
"Mar 17, 2023, 6:17:34 PM",Lunch Run,5.06,41.97,8.29,148.0,159,5.06,41.97,8.29,148.0,159.0,60.0,589.0,5.06,41.97,8.29,148.0,159,77,1.5,1.5,71.0,26.0,0.0,112.8,107.4,177.3,0.08,False,False,False,False,False,False
"Mar 15, 2023, 7:32:05 PM",Lunch Run,3.33,30.53,9.17,140.8,154,3.34,29.05,8.7,142.0,154.0,42.0,391.0,3.33,30.53,9.17,140.8,154,71,4.0,3.8,89.7,2.5,0.0,60.4,60.8,178.9,0.064,False,False,False,True,False,False
"Mar 13, 2023, 7:16:01 PM",Lunch Run,2.38,25.47,10.7,132.3,144,2.38,25.47,10.7,134.0,144.0,19.0,289.0,2.38,25.47,10.7,132.3,144,78,7.7,17.8,74.5,0.0,0.0,50.4,50.4,176.7,0.047,False,False,False,True,False,False
"Mar 11, 2023, 3:00:19 PM",Deception Pass Trail Marathon,28.28,312.5,11.05,148.4,171,28.75,312.32,10.86,149.0,171.0,1425.0,3497.0,28.28,312.5,11.05,148.4,171,78,0.2,3.1,63.7,32.9,0.0,1575.8,1563.6,154.1,0.12,True,False,False,True,False,False
"Mar 10, 2023, 8:49:52 PM",Lunch Run,7.29,61.2,8.39,151.2,170,7.3,61.2,8.38,152.0,170.0,158.0,869.0,7.29,61.2,8.39,151.2,170,72,1.5,1.2,47.4,49.8,0.0,190.6,189.8,178.4,0.099,False,False,False,False,False,False
"Mar 8, 2023, 6:15:25 PM",Morning Run,5.45,40.23,7.38,155.1,176,5.45,40.23,7.38,155.0,176.0,61.0,606.0,5.45,40.23,7.38,155.1,176,92,1.6,1.6,29.7,58.8,8.3,114.4,109.6,182.3,0.107,False,True,False,False,False,False
"Mar 6, 2023, 8:18:44 PM",Lunch Run,4.03,33.65,8.34,143.4,155,4.02,33.65,8.37,144.0,155.0,55.0,463.0,4.03,33.65,8.34,143.4,155,63,2.7,2.3,89.4,5.6,0.0,94.8,89.8,174.7,0.081,False,False,False,False,False,False
"Mar 4, 2023, 3:33:00 PM",Lake Sammamish Half PR,13.04,87.43,6.71,175.1,182,13.04,86.9,6.66,176.0,182.0,77.0,1501.0,13.04,87.43,6.71,175.1,182,113,0.1,0.5,0.8,5.1,93.6,140.8,138.6,184.3,0.09,False,False,True,False,False,False
"Mar 4, 2023, 3:17:23 PM",Morning Run,0.86,14.33,16.65,129.5,153,0.86,9.67,11.24,137.0,153.0,8.0,108.0,0.86,14.33,16.65,129.5,153,80,23.1,22.6,46.2,8.0,0.0,18.2,12.6,165.8,0.175,False,False,False,True,False,False
"Mar 3, 2023, 7:31:51 PM",Lunch Run,3.32,31.85,9.58,141.1,158,3.33,30.02,9.02,143.0,158.0,28.0,395.0,3.32,31.85,9.58,141.1,158,84,5.3,10.1,64.5,20.0,0.0,57.6,50.4,179.7,0.057,False,False,False,True,False,False
"Feb 28, 2023, 8:15:06 PM",Lunch Run,6.31,43.05,6.82,160.6,191,6.31,43.05,6.82,160.0,191.0,74.0,722.0,6.31,43.05,6.82,160.6,191,77,2.0,2.4,18.6,53.5,23.5,139.0,132.2,181.8,0.108,False,False,True,False,False,False
"Feb 26, 2023, 4:35:59 PM",Morning Run,5.02,50.68,10.1,129.6,155,5.03,48.45,9.63,130.0,155.0,61.0,586.0,5.02,50.68,10.1,129.6,155,63,5.1,57.3,35.4,2.2,0.0,88.0,88.8,171.6,0.085,False,False,False,True,False,False
"Feb 25, 2023, 3:22:43 PM",Morning Run 🥶 ,15.17,133.45,8.8,155.1,193,15.18,133.27,8.78,155.0,193.0,118.0,1891.0,15.17,133.45,8.8,155.1,193,67,1.7,7.8,38.3,27.9,24.3,168.6,161.4,179.9,0.066,True,False,False,False,False,False
"Feb 24, 2023, 7:09:39 PM",Lunch Run 🥶 ,6.06,54.3,8.96,138.8,153,6.06,52.85,8.72,139.0,153.0,116.0,689.0,6.06,54.3,8.96,138.8,153,76,1.6,10.1,87.0,1.3,0.0,149.0,145.4,174.1,0.07,False,False,False,False,False,False
"Feb 22, 2023, 6:07:09 PM",Morning Run ❄️ ,5.44,55.58,10.22,140.7,158,5.45,53.67,9.85,142.0,158.0,147.0,653.0,5.44,55.58,10.22,140.7,158,92,3.4,13.2,75.7,7.7,0.0,167.4,161.2,169.4,0.087,False,False,False,True,False,False
"Feb 21, 2023, 7:55:00 PM",Lunch Run - Dug deep for this one...,8.49,59.23,6.98,164.8,200,8.49,58.55,6.9,164.0,200.0,90.0,949.0,8.49,59.23,6.98,164.8,200,70,2.5,4.9,18.7,18.6,55.3,180.2,171.8,181.2,0.143,False,False,True,False,False,False
"Feb 19, 2023, 8:29:38 PM",Lunch Run,10.26,85.83,8.37,166.3,186,10.31,84.6,8.21,166.0,186.0,99.0,1201.0,10.26,85.83,8.37,166.3,186,67,0.8,4.9,10.3,21.7,62.3,181.4,184.8,176.4,,False,False,False,False,False,False
"Feb 18, 2023, 3:17:24 PM",Morning Run,5.26,52.1,9.9,137.3,156,5.32,52.05,9.78,137.0,156.0,140.0,610.0,5.26,52.1,9.9,137.3,156,68,1.7,20.4,75.1,2.8,0.0,168.6,167.4,171.1,,False,False,False,True,False,False
"Feb 17, 2023, 5:02:01 PM",Morning Run,5.22,53.65,10.29,129.9,145,5.26,50.9,9.68,130.0,145.0,91.0,577.0,5.22,53.65,10.29,129.9,145,75,2.3,56.4,41.4,0.0,0.0,121.4,121.4,172.9,,False,False,False,True,False,False
"Feb 16, 2023, 4:15:05 PM",Morning Run,9.26,75.98,8.21,150.0,180,9.3,75.87,8.16,150.0,180.0,90.0,1020.0,9.26,75.98,8.21,150.0,180,62,1.0,15.7,37.2,35.3,10.9,228.4,223.2,168.4,,False,False,False,False,False,False
"Feb 15, 2023, 3:10:22 PM",Morning Run,4.09,37.83,9.24,127.4,147,4.11,35.93,8.74,128.0,147.0,83.0,429.0,4.09,37.83,9.24,127.4,147,58,22.8,15.5,61.7,0.0,0.0,108.6,107.2,177.8,,False,False,False,True,False,False
"Feb 14, 2023, 3:07:24 PM",Morning Run,6.1,56.52,9.26,137.6,156,6.15,55.82,9.08,138.0,156.0,153.0,672.0,6.1,56.52,9.26,137.6,156,65,1.9,25.6,69.4,3.1,0.0,189.0,189.2,172.7,,False,False,False,True,False,False
"Feb 11, 2023, 5:00:02 PM",Morning Run + 10K at mile 12,20.41,162.7,7.97,152.0,177,20.49,161.83,7.9,152.0,177.0,57.0,2190.0,20.41,162.7,7.97,152.0,177,88,1.1,1.3,61.4,19.4,16.7,244.2,249.6,180.0,,True,True,False,False,False,False
"Feb 10, 2023, 5:42:43 PM",Morning Run,8.46,68.82,8.13,147.4,168,8.5,68.43,8.05,147.0,168.0,186.0,915.0,8.46,68.82,8.13,147.4,168,72,3.4,3.9,56.9,35.9,0.0,226.0,222.6,179.7,,False,False,False,False,False,False
"Feb 8, 2023, 6:09:11 PM",Morning Run,6.02,44.83,7.45,155.5,180,6.03,44.83,7.43,156.0,180.0,66.0,636.0,6.02,44.83,7.45,155.5,180,66,1.2,5.2,34.0,36.2,23.4,146.6,141.8,171.2,,False,True,False,False,False,False
"Feb 7, 2023, 8:30:05 PM",Lunch Run,5.13,52.62,10.27,135.0,152,5.16,46.73,9.06,135.0,152.0,102.0,554.0,5.13,52.62,10.27,135.0,152,58,3.5,26.6,69.3,0.6,0.0,153.2,152.4,172.1,,False,False,False,True,False,False
"Feb 6, 2023, 12:31:16 AM",Afternoon Run,5.13,53.75,10.48,144.9,162,5.16,53.75,10.42,145.0,162.0,135.0,624.0,5.13,53.75,10.48,144.9,162,75,1.0,14.2,49.4,35.4,0.0,161.4,157.0,169.7,,False,False,False,True,False,False
"Feb 4, 2023, 3:35:53 PM",Morning Run + 2 x 5K,18.26,142.4,7.8,153.2,181,18.28,140.9,7.71,153.0,181.0,52.0,1932.0,18.26,142.4,7.8,153.2,181,79,5.3,1.4,37.2,34.4,21.7,207.8,212.0,179.6,0.209,True,True,False,False,False,False
"Feb 3, 2023, 6:55:43 PM",Morning Run,6.43,56.0,8.71,140.7,170,6.47,53.52,8.27,141.0,170.0,129.0,676.0,6.43,56.0,8.71,140.7,170,57,12.0,3.1,60.4,24.5,0.0,177.2,175.6,175.2,,False,False,False,False,False,False
"Feb 3, 2023, 4:33:29 AM",Evening Run,3.18,32.52,10.23,134.4,156,3.19,31.48,9.87,134.0,156.0,63.0,366.0,3.18,32.52,10.23,134.4,156,68,3.5,24.8,70.6,1.1,0.0,82.2,74.4,170.9,,False,False,False,True,False,False
"Feb 2, 2023, 1:51:39 AM",Afternoon Run,6.46,71.92,11.13,126.2,146,6.48,69.98,10.8,126.0,146.0,245.0,719.0,6.46,71.92,11.13,126.2,146,64,4.7,69.3,26.1,0.0,0.0,266.2,256.0,168.3,,False,False,False,True,False,False
"Jan 30, 2023, 8:30:59 PM",Lunch Run,6.02,46.68,7.75,154.1,181,6.04,46.25,7.66,154.0,181.0,65.0,649.0,6.02,46.68,7.75,154.1,181,68,1.0,4.9,44.1,30.5,19.4,133.4,128.2,172.7,,False,True,False,False,False,False
"Jan 28, 2023, 3:22:57 PM",Morning Run,15.06,124.27,8.25,144.2,173,15.1,124.1,8.22,144.0,173.0,50.0,1599.0,15.06,124.27,8.25,144.2,173,72,0.8,10.8,65.9,21.4,1.2,191.8,190.0,179.2,,True,False,False,False,False,False
"Jan 28, 2023, 12:14:57 AM",Afternoon Run,8.46,72.68,8.59,141.5,172,8.51,69.98,8.22,142.0,172.0,191.0,888.0,8.46,72.68,8.59,141.5,172,79,7.7,6.1,64.2,21.4,0.5,257.8,253.4,176.0,,False,False,False,False,False,False
"Jan 27, 2023, 4:35:30 AM",Evening Run,3.18,30.35,9.55,139.7,182,3.19,29.42,9.22,140.0,182.0,67.0,355.0,3.18,30.35,9.55,139.7,182,63,6.7,21.3,51.0,10.7,10.2,84.8,80.2,175.2,,False,False,False,True,False,False
"Jan 26, 2023, 1:46:50 AM",Afternoon Run,5.22,53.08,10.17,152.2,186,5.25,52.12,9.93,152.0,186.0,194.0,652.0,5.22,53.08,10.17,152.2,186,78,1.1,2.7,40.2,51.7,4.4,211.0,198.2,168.6,,False,False,False,True,False,False
"Jan 25, 2023, 12:18:47 AM",Afternoon Run,5.13,47.35,9.23,137.9,180,5.17,44.9,8.68,138.0,180.0,130.0,549.0,5.13,47.35,9.23,137.9,180,73,10.4,15.8,61.6,6.5,5.7,158.8,156.8,173.3,,False,False,False,True,False,False
"Jan 23, 2023, 8:28:03 PM",Lunch Run,3.42,35.15,10.28,123.6,160,3.44,32.35,9.4,124.0,160.0,28.0,364.0,3.42,35.15,10.28,123.6,160,61,28.6,20.3,49.1,2.0,0.0,55.8,47.4,175.7,,False,False,False,True,False,False
"Jan 22, 2023, 2:51:29 PM",Morning Run,13.12,115.8,8.83,135.3,162,13.17,115.63,8.78,135.0,162.0,42.0,1397.0,13.12,115.8,8.83,135.3,162,67,6.7,10.6,80.8,1.8,0.0,179.4,189.0,176.3,,False,False,False,False,False,False
"Jan 22, 2023, 1:41:22 AM",Afternoon Run,5.11,55.35,10.84,129.4,152,5.16,55.18,10.69,129.0,152.0,130.0,582.0,5.11,55.35,10.84,129.4,152,55,3.2,65.7,31.1,0.0,0.0,160.0,161.4,168.3,,False,False,False,True,False,False
"Jan 20, 2023, 11:55:54 PM",Afternoon Run,7.47,69.73,9.34,147.3,170,7.62,65.7,8.62,147.0,170.0,264.0,842.0,7.47,69.73,9.34,147.3,170,75,7.2,10.0,32.8,50.0,0.0,303.4,298.0,172.1,,False,False,False,True,False,False
"Jan 19, 2023, 2:20:06 PM",Morning Run,5.11,50.15,9.81,130.2,149,5.14,49.65,9.66,130.0,149.0,136.0,565.0,5.11,50.15,9.81,130.2,149,68,3.0,56.7,40.3,0.0,0.0,164.8,163.6,173.3,,False,False,False,True,False,False
"Jan 19, 2023, 1:47:09 AM",Afternoon Run,7.01,71.67,10.22,128.2,154,7.03,71.62,10.19,128.0,154.0,172.0,778.0,7.01,71.67,10.22,128.2,154,68,1.0,75.2,23.2,0.6,0.0,230.8,230.2,165.6,,False,False,False,True,False,False
"Jan 17, 2023, 6:02:33 PM",Morning Run,5.2,46.08,8.87,138.4,162,5.22,46.08,8.83,138.0,162.0,136.0,568.0,5.2,46.08,8.87,138.4,162,71,6.6,9.9,77.4,6.2,0.0,162.0,160.0,173.6,,False,False,False,False,False,False
"Jan 16, 2023, 4:20:20 PM",Morning Run,5.48,55.88,10.19,132.5,152,5.52,55.08,9.98,133.0,152.0,146.0,613.0,5.48,55.88,10.19,132.5,152,71,1.9,46.8,51.1,0.1,0.0,167.8,163.8,170.5,,False,False,False,True,False,False
"Jan 15, 2023, 4:31:44 PM",Morning Run,7.29,73.82,10.12,136.2,183,7.37,68.77,9.33,136.0,183.0,164.0,785.0,7.29,73.82,10.12,136.2,183,59,3.6,40.5,39.4,11.5,5.1,212.2,210.4,173.2,,False,False,False,True,False,False
"Jan 14, 2023, 3:45:24 PM",Morning Run,10.23,81.98,8.02,146.9,176,10.25,81.8,7.98,147.0,176.0,21.0,1092.0,10.23,81.98,8.02,146.9,176,90,0.8,5.2,68.2,21.0,4.9,57.4,48.2,179.3,0.013,False,False,False,False,False,False
"Jan 13, 2023, 2:49:47 PM",Morning Run,6.19,63.82,10.31,135.0,157,6.27,59.27,9.45,135.0,157.0,151.0,674.0,6.19,63.82,10.31,135.0,157,71,2.4,33.2,61.1,3.2,0.0,180.0,177.6,168.8,,False,False,False,True,False,False
"Jan 12, 2023, 2:15:01 PM",Morning Run,5.3,46.97,8.87,145.1,178,5.32,46.7,8.78,145.0,178.0,67.0,593.0,5.3,46.97,8.87,145.1,178,57,1.8,14.3,47.7,29.3,6.9,155.2,152.6,167.6,,False,False,False,False,False,False
"Jan 11, 2023, 2:49:26 PM",Morning Run,3.63,27.35,7.54,132.6,154,3.63,27.35,7.53,134.0,154.0,0.0,315.0,3.63,27.35,7.54,132.6,154,63,6.8,34.4,51.4,7.5,0.0,0,0,177.9,0.079,False,True,False,False,False,False
"Jan 10, 2023, 8:32:01 PM",Lunch Run,5.44,44.17,8.13,151.5,182,5.47,41.52,7.59,152.0,182.0,135.0,565.0,5.44,44.17,8.13,151.5,182,68,0.5,8.7,42.9,38.1,9.8,166.8,161.8,177.5,,False,False,False,False,False,False
"Jan 10, 2023, 12:57:51 AM",Afternoon Run,3.14,30.9,9.85,135.6,158,3.16,29.15,9.22,136.0,158.0,52.0,351.0,3.14,30.9,9.85,135.6,158,54,3.2,24.2,68.9,3.7,0.0,69.8,67.4,170.7,,False,False,False,True,False,False
"Jan 8, 2023, 7:30:28 PM",Lunch Run 🌧️ ,8.65,83.05,9.61,140.6,183,8.73,77.87,8.92,141.0,183.0,187.0,939.0,8.65,83.05,9.61,140.6,183,80,5.2,7.4,73.1,12.4,1.9,232.8,235.0,175.4,,False,False,False,True,False,False
"Jan 7, 2023, 11:01:44 PM",Soaring Eagle Park Trail Run,4.64,51.85,11.18,142.8,169,4.72,49.47,10.48,131.0,169.0,140.0,567.0,4.64,51.85,11.18,142.8,169,64,6.8,3.6,58.9,30.7,0.0,185.2,186.8,163.6,,False,False,False,True,False,False
"Jan 6, 2023, 7:18:01 PM",Lunch Run,3.2,26.65,8.33,152.3,177,3.21,26.65,8.3,152.0,177.0,43.0,355.0,3.2,26.65,8.33,152.3,177,86,1.8,2.9,35.0,54.1,6.1,62.2,57.0,171.2,,False,False,False,False,False,False
"Jan 5, 2023, 10:34:31 PM",Afternoon Run,5.87,47.4,8.08,154.5,178,5.9,44.72,7.58,155.0,178.0,143.0,620.0,5.87,47.4,8.08,154.5,178,81,10.8,0.4,11.4,66.9,10.5,187.4,174.0,172.5,,False,False,False,False,False,False
"Jan 5, 2023, 1:51:23 AM",Afternoon Run,3.27,32.25,9.86,131.7,151,3.28,31.75,9.68,132.0,151.0,129.0,365.0,3.27,32.25,9.86,131.7,151,62,4.4,44.6,51.0,0.0,0.0,210.6,205.6,169.7,,False,False,False,True,False,False
"Jan 4, 2023, 5:05:26 AM",Night Run,4.14,40.78,9.85,137.7,159,4.16,39.95,9.6,138.0,159.0,61.0,469.0,4.14,40.78,9.85,137.7,159,80,0.7,20.6,73.3,5.4,0.0,87.4,85.2,167.4,,False,False,False,True,False,False
"Jan 2, 2023, 8:12:12 PM",Lunch Run,6.59,61.1,9.27,141.2,178,6.64,56.05,8.44,141.0,178.0,166.0,701.0,6.59,61.1,9.27,141.2,178,62,10.7,7.4,47.1,33.2,1.5,210.6,205.4,171.1,,False,False,False,True,False,False
"Jan 2, 2023, 12:33:07 AM",Afternoon Run,3.37,30.78,9.13,141.2,178,3.38,30.73,9.09,141.0,178.0,38.0,383.0,3.37,30.78,9.13,141.2,178,69,7.0,4.4,70.6,15.2,2.8,77.6,69.6,168.4,,False,False,False,True,False,False
"Dec 30, 2022, 5:37:06 PM",Morning Run,9.03,81.47,9.03,143.6,176,9.17,81.42,8.88,144.0,176.0,227.0,1019.0,9.03,81.47,9.03,143.6,176,67,9.9,7.4,40.8,40.1,1.8,287.2,282.2,172.8,,False,False,False,True,False,False
"Dec 28, 2022, 9:36:47 PM",Afternoon Run,4.98,44.82,9.01,144.3,165,5.01,44.18,8.82,144.0,165.0,138.0,555.0,4.98,44.82,9.01,144.3,165,89,0.9,12.2,62.0,24.9,0.0,160.4,154.0,170.4,,False,False,False,True,False,False
"Dec 27, 2022, 4:47:25 PM",Morning Run,4.26,38.42,9.02,144.2,158,4.27,38.42,9.0,144.0,158.0,73.0,486.0,4.26,38.42,9.02,144.2,158,61,1.7,7.1,72.7,18.4,0.0,111.4,110.4,167.5,,False,False,False,True,False,False
"Dec 26, 2022, 10:50:51 PM",Afternoon Run,7.46,69.03,9.25,143.0,169,7.55,64.53,8.55,143.0,169.0,139.0,814.0,7.46,69.03,9.25,143.0,169,71,8.7,4.1,60.3,26.9,0.0,191.4,184.4,170.8,,False,False,False,True,False,False
"Dec 24, 2022, 11:11:59 PM",Afternoon Run,7.05,65.93,9.35,159.1,181,7.1,62.05,8.74,159.0,181.0,174.0,840.0,7.05,65.93,9.35,159.1,181,96,0.5,1.6,23.0,58.2,16.7,230.6,234.4,169.3,,False,False,False,True,False,False
"Dec 22, 2022, 11:52:49 PM",Afternoon Run 🥶 ,2.48,23.53,9.51,152.0,174,2.48,23.53,9.49,152.0,174.0,50.0,303.0,2.48,23.53,9.51,152.0,174,92,1.5,1.7,48.0,44.4,4.4,80.0,74.8,170.4,,False,False,False,True,False,False
"Dec 20, 2022, 7:53:57 PM",Lunch Run,3.28,31.87,9.7,147.7,172,3.31,28.92,8.74,148.0,172.0,39.0,400.0,3.28,31.87,9.7,147.7,172,79,3.2,5.9,42.0,48.6,0.2,79.0,71.0,169.2,,False,False,False,True,False,False
"Dec 17, 2022, 10:49:02 PM",Afternoon Run ❄️ 🌧️ ,4.76,51.15,10.75,148.0,170,4.79,46.67,9.74,148.0,170.0,107.0,557.0,4.76,51.15,10.75,148.0,170,95,1.3,8.6,44.6,45.5,0.0,131.0,128.4,169.4,,False,False,False,True,False,False
"Dec 16, 2022, 10:27:59 PM",Afternoon Run,4.26,41.58,9.76,147.2,169,4.3,39.65,9.22,147.0,169.0,77.0,501.0,4.26,41.58,9.76,147.2,169,103,0.7,6.9,60.6,31.8,0.0,102.2,98.8,173.9,,False,False,False,True,False,False
"Dec 15, 2022, 9:39:53 PM",Afternoon Run,3.37,33.92,10.07,147.1,162,3.39,33.33,9.83,147.0,162.0,71.0,409.0,3.37,33.92,10.07,147.1,162,101,0.6,2.1,67.0,30.3,0.0,91.8,84.4,165.3,,False,False,False,True,False,False
"Dec 14, 2022, 9:00:50 PM",Afternoon Run,2.74,25.5,9.32,133.4,169,2.75,24.72,8.99,133.0,169.0,42.0,300.0,2.74,25.5,9.32,133.4,169,73,27.3,1.3,29.9,41.5,0.0,61.8,62.4,164.7,,False,False,False,True,False,False
"Nov 27, 2022, 12:54:53 AM",Afternoon Run,3.24,33.77,10.42,,,3.24,33.77,10.42,,,39.3,485.0,,,,,,,,,,,,,,,,False,False,False,True,False,False
"Nov 24, 2022, 12:22:33 AM",Afternoon Run,4.01,43.77,10.9,140.4,158,4.04,41.23,10.21,141.0,158.0,33.0,479.0,4.01,43.77,10.9,140.4,158,91,1.2,12.6,80.5,5.7,0.0,59.0,59.0,172.3,,False,False,False,True,False,False
"Nov 18, 2022, 1:36:12 AM",Afternoon Run,3.01,54.15,18.0,91.4,137,3.04,52.87,17.39,93.0,137.0,19.0,322.0,3.01,54.15,18.0,91.4,137,59,76.7,21.3,2.0,0.0,0.0,91.8,91.2,122.0,,False,False,False,True,False,False
"Nov 8, 2022, 7:23:41 PM",Lunch Run,4.03,33.25,8.26,141.5,173,4.05,32.58,8.04,142.0,173.0,33.0,448.0,4.03,33.25,8.26,141.5,173,72,2.0,14.7,71.6,10.1,1.5,91.4,84.0,173.8,,False,False,False,False,False,False
"Nov 7, 2022, 8:09:13 PM",Lunch Run,3.55,36.03,10.14,140.5,158,3.58,30.32,8.47,141.0,158.0,28.0,397.0,3.55,36.03,10.14,140.5,158,68,4.2,17.4,64.0,14.4,0.0,56.2,55.2,172.2,,False,False,False,True,False,False
"Nov 7, 2022, 1:47:50 AM",Afternoon Run,4.09,42.17,10.31,124.4,148,4.11,41.8,10.17,124.0,148.0,31.0,446.0,4.09,42.17,10.31,124.4,148,66,4.4,79.0,16.6,0.0,0.0,72.2,71.0,165.9,,False,False,False,True,False,False
"Nov 5, 2022, 2:42:55 PM",Morning Run,6.2,59.72,9.62,123.7,153,6.24,59.62,9.55,124.0,153.0,34.0,667.0,6.2,59.72,9.62,123.7,153,53,18.0,61.5,20.2,0.3,0.0,90.0,87.8,168.9,,False,False,False,True,False,False
"Nov 4, 2022, 12:37:15 AM",Afternoon Run,5.04,46.3,9.18,159.5,176,5.07,46.15,9.1,160.0,176.0,88.0,600.0,5.04,46.3,9.18,159.5,176,86,0.8,0.9,13.4,80.2,4.7,127.2,125.6,168.1,,False,False,False,True,False,False
"Nov 1, 2022, 1:30:54 PM",Morning Run,7.5,58.38,7.78,149.6,182,7.53,58.38,7.75,150.0,182.0,22.0,808.0,7.5,58.38,7.78,149.6,182,78,0.9,24.3,24.8,34.0,16.0,99.0,100.8,171.6,,False,True,False,False,False,False
"Oct 30, 2022, 7:02:38 PM",Lunch Run,4.19,37.22,8.88,134.0,150,4.21,36.77,8.73,134.0,150.0,24.0,453.0,4.19,37.22,8.88,134.0,150,70,3.6,30.9,65.5,0.0,0.0,68.0,70.8,172.4,,False,False,False,False,False,False
"Oct 29, 2022, 8:16:04 PM",Afternoon Run,11.24,97.88,8.71,148.5,174,11.31,88.32,7.81,149.0,174.0,131.0,1210.0,11.24,97.88,8.71,148.5,174,74,1.3,9.0,37.8,51.1,0.8,222.8,221.2,174.0,,False,False,False,False,False,False
"Oct 28, 2022, 6:56:54 PM",Lunch Run,5.11,46.67,9.14,140.4,161,5.14,44.07,8.57,141.0,161.0,39.0,558.0,5.11,46.67,9.14,140.4,161,84,2.2,9.6,84.8,3.4,0.0,80.0,79.0,171.2,,False,False,False,True,False,False
"Oct 28, 2022, 12:45:49 AM",Afternoon Run,4.19,38.22,9.12,133.3,151,4.21,37.77,8.97,133.0,151.0,80.0,462.0,4.19,38.22,9.12,133.3,151,60,7.7,25.1,67.2,0.0,0.0,104.0,104.0,167.1,,False,False,False,True,False,False
"Oct 26, 2022, 3:36:30 PM",Morning Run,7.52,59.25,7.88,148.4,169,7.55,59.25,7.85,149.0,169.0,62.0,843.0,7.52,59.25,7.88,148.4,169,68,4.9,11.8,24.2,59.1,0.0,111.4,124.2,175.3,,False,True,False,False,False,False
"Oct 25, 2022, 5:57:28 PM",Morning Run,8.24,66.68,8.09,151.5,183,8.28,64.75,7.82,152.0,183.0,20.0,897.0,8.24,66.68,8.09,151.5,183,67,2.8,8.0,35.0,47.9,6.3,132.6,132.0,173.4,,False,False,False,False,False,False
"Oct 23, 2022, 2:13:01 PM",Morning Run,6.43,55.13,8.58,142.3,160,6.48,54.2,8.36,142.0,160.0,89.0,716.0,6.43,55.13,8.58,142.3,160,66,2.6,12.2,63.7,21.4,0.0,130.2,133.0,174.1,,False,False,False,False,False,False
"Oct 22, 2022, 2:41:45 PM",Morning Run,11.21,100.03,8.92,141.7,165,11.26,94.87,8.43,142.0,165.0,37.0,1223.0,11.21,100.03,8.92,141.7,165,59,3.1,11.0,76.1,9.9,0.0,132.4,134.2,173.7,,False,False,False,False,False,False
"Oct 21, 2022, 10:58:47 PM",Afternoon Run,5.0,58.1,11.63,131.0,148,5.06,46.6,9.21,131.0,148.0,37.0,542.0,5.0,58.1,11.63,131.0,148,73,4.2,45.0,50.9,0.0,0.0,75.8,75.2,167.1,,False,False,False,True,False,False
"Oct 20, 2022, 6:28:30 PM",Lunch Run,6.21,61.95,9.98,137.7,151,6.24,58.15,9.32,138.0,151.0,33.0,686.0,6.21,61.95,9.98,137.7,151,72,2.8,14.6,82.6,0.0,0.0,92.6,91.2,169.0,,False,False,False,True,False,False
"Oct 18, 2022, 7:07:12 PM",Lunch Run,9.9,88.52,8.95,149.2,176,9.96,85.33,8.57,150.0,176.0,73.0,1086.0,9.9,88.52,8.95,149.2,176,71,1.2,22.8,28.0,32.3,15.6,254.8,254.8,160.9,,False,False,False,False,False,False
"Oct 15, 2022, 1:27:30 PM",Morning Run,19.83,186.38,9.4,149.2,183,19.93,177.12,8.89,149.0,183.0,529.0,2200.0,19.83,186.38,9.4,149.2,183,78,1.2,5.8,51.5,36.4,5.1,594.8,595.2,172.8,,True,False,False,True,False,False
"Oct 14, 2022, 7:14:40 PM",Lunch Run,4.16,36.53,8.78,132.6,147,4.19,36.53,8.72,133.0,147.0,39.0,465.0,4.16,36.53,8.78,132.6,147,47,10.6,19.7,69.7,0.0,0.0,59.4,57.8,169.9,,False,False,False,False,False,False
"Oct 13, 2022, 1:26:33 PM",Morning Run,4.89,43.65,8.92,132.9,152,4.91,43.65,8.89,133.0,152.0,22.0,544.0,4.89,43.65,8.92,132.9,152,76,1.5,45.9,52.7,0.0,0.0,65.6,64.4,173.1,,False,False,False,False,False,False
"Oct 12, 2022, 1:01:18 PM",Morning Run,7.36,61.63,8.37,138.8,156,7.39,61.32,8.3,139.0,156.0,33.0,792.0,7.36,61.63,8.37,138.8,156,71,2.0,13.6,82.8,1.5,0.0,87.2,73.2,168.1,,False,False,False,False,False,False
"Oct 11, 2022, 6:44:21 PM",Lunch Run,7.17,70.67,9.85,132.6,150,7.22,69.1,9.57,133.0,150.0,29.0,786.0,7.17,70.67,9.85,132.6,150,71,1.4,47.4,51.2,0.0,0.0,115.8,112.6,170.2,,False,False,False,True,False,False
"Oct 9, 2022, 1:12:58 PM",Long Beach Marathon,26.4,210.07,7.96,154.3,186,26.47,209.32,7.91,154.0,186.0,144.0,2855.0,26.4,210.07,7.96,154.3,186,122,0.0,0.4,46.4,44.5,8.6,375.0,377.2,174.9,,True,True,False,False,True,False
"Oct 7, 2022, 6:54:00 PM",Lunch Run,4.08,36.55,8.96,140.9,152,4.1,35.87,8.75,141.0,152.0,25.0,453.0,4.08,36.55,8.96,140.9,152,68,1.8,10.5,87.6,0.0,0.0,59.8,59.8,170.9,,False,False,False,False,False,False
"Oct 6, 2022, 1:00:48 AM",Evening Run,5.09,50.65,9.95,127.7,146,5.14,49.4,9.61,128.0,146.0,27.0,544.0,5.09,50.65,9.95,127.7,146,55,4.0,74.3,21.8,0.0,0.0,79.4,81.4,166.9,,False,False,False,True,False,False
"Oct 4, 2022, 7:29:30 PM",Lunch Run,9.26,78.65,8.5,155.4,183,9.31,75.3,8.09,155.0,183.0,71.0,1049.0,9.26,78.65,8.5,155.4,183,67,2.1,6.9,23.9,47.1,19.9,215.6,215.0,170.6,,False,False,False,False,False,False
"Oct 3, 2022, 1:02:05 AM",Evening Run,5.23,49.83,9.53,131.7,150,5.28,48.22,9.13,132.0,150.0,50.0,575.0,5.23,49.83,9.53,131.7,150,77,4.9,45.7,49.4,0.0,0.0,97.2,98.2,168.8,,False,False,False,True,False,False
"Oct 1, 2022, 1:28:51 PM",Morning Run,18.95,164.1,8.66,151.0,178,19.06,153.43,8.05,151.0,178.0,220.0,2046.0,18.95,164.1,8.66,151.0,178,64,1.5,17.6,32.2,29.1,19.7,379.6,371.8,174.2,,True,False,False,False,False,False
"Sep 30, 2022, 12:36:54 AM",Afternoon Run,5.03,47.05,9.35,131.6,158,5.06,47.05,9.3,132.0,158.0,83.0,551.0,5.03,47.05,9.35,131.6,158,74,1.4,64.8,29.3,4.5,0.0,132.4,132.6,166.3,,False,False,False,True,False,False
"Sep 29, 2022, 1:11:23 AM",Evening Run,5.42,47.33,8.74,140.4,154,5.45,45.88,8.42,141.0,154.0,26.0,587.0,5.42,47.33,8.74,140.4,154,69,1.8,8.0,87.0,3.1,0.0,81.0,80.4,171.0,,False,False,False,False,False,False
"Sep 27, 2022, 6:50:23 PM",Lunch Run,7.1,70.25,9.89,136.1,162,7.2,64.22,8.92,136.0,162.0,44.0,759.0,7.1,70.25,9.89,136.1,162,80,3.3,23.0,65.9,7.8,0.0,107.6,106.6,168.1,,False,False,False,True,False,False
"Sep 24, 2022, 1:48:54 PM",Morning Run,19.07,161.1,8.45,157.3,175,19.33,148.15,7.66,158.0,175.0,143.0,2039.0,19.07,161.1,8.45,157.3,175,78,0.4,8.3,25.0,47.0,19.3,318.4,321.6,172.9,,True,False,False,False,False,False
"Sep 23, 2022, 12:35:42 AM",Afternoon Run,6.03,57.2,9.49,145.6,184,6.08,45.72,7.52,146.0,184.0,36.0,637.0,6.03,57.2,9.49,145.6,184,76,7.8,21.3,25.1,26.7,19.1,96.8,94.0,173.0,,False,False,False,True,False,False
"Sep 21, 2022, 7:34:26 PM",Lunch Run,5.21,56.22,10.79,134.0,153,5.26,49.1,9.33,134.0,153.0,52.0,581.0,5.21,56.22,10.79,134.0,153,85,4.8,32.9,61.5,0.7,0.0,102.2,99.6,166.9,,False,False,False,True,False,False
"Sep 20, 2022, 11:13:02 PM",Afternoon Run,9.01,71.63,7.95,159.9,184,9.06,69.2,7.64,160.0,184.0,105.0,1011.0,9.01,71.63,7.95,159.9,184,92,0.8,8.0,18.9,34.4,37.9,263.0,265.6,169.4,,False,True,False,False,False,False
"Sep 19, 2022, 1:39:33 AM",Evening Run,4.74,43.62,9.21,136.8,171,4.76,42.27,8.88,137.0,171.0,56.0,548.0,4.74,43.62,9.21,136.8,171,67,3.0,26.1,65.8,5.0,0.1,89.6,91.6,169.1,,False,False,False,True,False,False
"Sep 17, 2022, 12:53:25 PM",Morning Run,15.01,122.35,8.15,152.0,172,15.1,120.15,7.96,152.0,172.0,150.0,1787.0,15.01,122.35,8.15,152.0,172,73,0.9,2.9,34.7,61.4,0.2,273.8,277.4,175.8,,True,False,False,False,False,False
"Sep 15, 2022, 1:11:10 PM",Morning Run,7.17,65.18,9.09,130.6,148,7.21,63.92,8.87,131.0,148.0,34.0,794.0,7.17,65.18,9.09,130.6,148,55,5.4,42.6,52.0,0.0,0.0,105.8,106.8,173.2,,False,False,False,True,False,False
"Sep 14, 2022, 1:13:51 PM",Morning Run,6.07,61.75,10.18,127.0,146,6.1,60.03,9.84,127.0,146.0,109.0,676.0,6.07,61.75,10.18,127.0,146,55,9.2,65.1,25.7,0.0,0.0,153.2,156.4,166.6,,False,False,False,True,False,False
"Sep 13, 2022, 1:13:37 PM",Morning Run,8.01,68.15,8.51,139.1,162,8.04,66.92,8.32,139.0,162.0,22.0,901.0,8.01,68.15,8.51,139.1,162,49,3.5,19.9,66.2,10.5,0.0,122.0,122.8,176.8,,False,False,False,False,False,False
"Sep 11, 2022, 6:09:29 PM",Lunch Run,5.21,49.53,9.52,139.8,158,5.25,45.1,8.59,140.0,158.0,51.0,590.0,5.21,49.53,9.52,139.8,158,83,3.8,11.9,74.6,9.6,0.0,94.6,92.8,172.1,,False,False,False,True,False,False
"Sep 10, 2022, 1:50:23 PM",Morning Run,14.05,136.37,9.71,144.8,175,14.18,127.82,9.01,145.0,175.0,254.0,1628.0,14.05,136.37,9.71,144.8,175,88,0.6,11.4,61.8,25.8,0.4,348.6,351.8,168.8,,False,False,False,True,False,False
"Sep 10, 2022, 12:30:56 AM",Afternoon Run,1.62,17.38,10.71,131.8,156,1.65,13.27,8.04,132.0,156.0,18.0,169.0,1.62,17.38,10.71,131.8,156,81,11.8,25.2,57.7,5.4,0.0,29.8,32.0,171.0,,False,False,False,True,False,False
"Sep 8, 2022, 1:11:17 PM",Morning Run,6.03,50.9,8.44,148.4,182,6.06,49.95,8.24,148.0,182.0,33.0,690.0,6.03,50.9,8.44,148.4,182,91,1.8,18.2,27.5,38.9,13.5,86.0,88.8,172.9,,False,False,False,False,False,False
"Sep 7, 2022, 1:14:43 PM",Morning Run,5.57,52.98,9.52,134.9,156,5.59,52.62,9.41,135.0,156.0,90.0,657.0,5.57,52.98,9.52,134.9,156,72,2.8,37.4,56.5,3.3,0.0,124.6,128.2,167.8,,False,False,False,True,False,False
"Sep 6, 2022, 1:12:58 PM",Morning Run,8.46,72.4,8.56,149.7,181,8.56,70.65,8.25,150.0,181.0,29.0,967.0,8.46,72.4,8.56,149.7,181,79,2.4,20.7,26.0,33.5,17.4,103.8,107.4,167.3,,False,False,False,False,False,False
"Sep 4, 2022, 1:32:57 PM",Morning Run,4.28,40.57,9.49,133.4,156,4.31,40.22,9.33,134.0,156.0,30.0,500.0,4.28,40.57,9.49,133.4,156,71,3.6,37.2,58.0,1.2,0.0,61.4,62.4,172.4,,False,False,False,True,False,False
"Sep 3, 2022, 1:09:33 PM",Morning Run,14.04,137.18,9.77,144.8,177,14.13,129.95,9.2,145.0,177.0,263.0,1650.0,14.04,137.18,9.77,144.8,177,59,0.9,15.3,49.3,34.0,0.5,370.0,374.8,170.2,,False,False,False,True,False,False
"Sep 1, 2022, 1:22:51 PM",Morning Run,5.96,49.83,8.36,144.9,176,5.99,48.52,8.1,145.0,176.0,20.0,662.0,5.96,49.83,8.36,144.9,176,75,1.3,34.3,30.9,21.1,12.4,82.4,82.8,175.9,,False,False,False,False,False,False
"Aug 31, 2022, 7:35:25 PM",Lunch Run,4.59,46.15,10.05,135.7,158,4.62,42.7,9.24,136.0,158.0,43.0,529.0,4.59,46.15,10.05,135.7,158,65,4.3,21.8,69.9,4.0,0.0,91.4,91.2,169.5,,False,False,False,True,False,False
"Aug 30, 2022, 7:28:12 PM",Lunch Run,7.3,64.18,8.79,157.2,181,7.3,59.82,8.19,157.0,181.0,37.0,863.0,7.3,64.18,8.79,157.2,181,77,0.7,1.5,27.1,56.9,13.8,165.8,167.0,169.2,,False,False,False,False,False,False
"Aug 28, 2022, 6:58:17 PM",Lunch Run,5.61,51.93,9.26,145.0,169,5.64,45.38,8.05,145.0,169.0,106.0,631.0,5.61,51.93,9.26,145.0,169,64,6.4,7.7,39.1,46.9,0.0,142.4,139.8,173.0,,False,False,False,True,False,False
"Aug 27, 2022, 2:26:37 PM",Morning Run,11.33,110.4,9.74,142.2,170,11.44,101.3,8.85,142.0,170.0,169.0,1310.0,11.33,110.4,9.74,142.2,170,86,2.5,20.9,53.3,23.3,0.0,249.8,250.2,171.5,,False,False,False,True,False,False
"Aug 25, 2022, 6:40:20 PM",Lunch Run,4.03,31.43,7.8,157.0,185.0,4.03,31.43,7.8,157.0,185.0,34.4,600.0,,,,,,,,,,,,,,,,False,True,False,False,False,False
"Aug 24, 2022, 1:29:55 PM",Morning Run,5.18,50.15,9.69,137.0,156,5.2,47.9,9.21,137.0,156.0,80.0,619.0,5.18,50.15,9.69,137.0,156,68,3.1,20.0,74.8,2.1,0.0,112.0,114.6,169.7,,False,False,False,True,False,False
"Aug 23, 2022, 7:01:27 PM",Lunch Run,7.38,61.0,8.27,156.9,185,7.42,59.12,7.97,157.0,185.0,54.0,883.0,7.38,61.0,8.27,156.9,185,67,4.1,13.5,12.3,42.9,27.2,182.4,180.2,174.8,,False,False,False,False,False,False
"Aug 21, 2022, 3:08:24 PM",Morning Run,5.03,50.47,10.03,136.0,157,5.07,48.3,9.53,136.0,157.0,23.0,608.0,5.03,50.47,10.03,136.0,157,65,3.2,24.5,69.3,3.1,0.0,76.6,77.4,172.7,,False,False,False,True,False,False
"Aug 20, 2022, 2:04:58 PM",Morning Run,9.07,77.35,8.53,153.0,181,9.12,72.22,7.92,153.0,181.0,124.0,1048.0,9.07,77.35,8.53,153.0,181,82,0.8,8.1,30.9,51.4,8.8,186.8,191.2,177.5,,False,False,False,False,False,False
"Aug 19, 2022, 1:12:55 PM",Morning Run,5.15,53.2,10.33,133.4,154,5.18,49.78,9.61,134.0,154.0,81.0,627.0,5.15,53.2,10.33,133.4,154,73,5.2,33.3,59.7,1.8,0.0,124.0,123.0,171.2,,False,False,False,True,False,False
"Aug 18, 2022, 1:12:20 PM",Morning Run,5.44,56.77,10.44,138.8,157,5.46,52.43,9.6,139.0,157.0,47.0,624.0,5.44,56.77,10.44,138.8,157,68,3.8,16.1,74.6,5.4,0.0,88.6,93.0,169.5,,False,False,False,True,False,False
"Aug 17, 2022, 1:10:03 PM",Morning Run,5.22,54.07,10.35,129.6,148,5.27,50.12,9.51,130.0,148.0,52.0,583.0,5.22,54.07,10.35,129.6,148,76,6.6,50.4,43.1,0.0,0.0,93.6,94.6,169.4,,False,False,False,True,False,False
"Aug 14, 2022, 3:43:11 PM",Morning Run,4.56,45.93,10.07,132.6,156,4.61,43.82,9.51,133.0,156.0,37.0,506.0,4.56,45.93,10.07,132.6,156,68,5.4,34.3,58.0,2.4,0.0,69.8,71.2,167.0,,False,False,False,True,False,False
"Aug 13, 2022, 7:29:55 PM",Lunch Run,8.68,79.72,9.19,156.6,180,8.75,68.13,7.79,157.0,180.0,116.0,971.0,8.68,79.72,9.19,156.6,180,91,0.7,4.2,27.5,53.3,14.2,193.8,194.8,173.4,,False,False,False,True,False,False
"Aug 12, 2022, 1:29:54 AM",Evening Run,3.15,28.32,8.98,146.3,167,3.17,27.47,8.67,147.0,167.0,43.0,369.0,3.15,28.32,8.98,146.3,167,94,1.5,7.9,61.0,29.6,0.0,69.4,71.0,166.5,,False,False,False,False,False,False
"Aug 10, 2022, 1:41:48 PM",Morning Run,3.5,38.22,10.91,126.8,148,3.53,35.95,10.18,127.0,148.0,27.0,404.0,3.5,38.22,10.91,126.8,148,82,5.2,74.5,20.3,0.0,0.0,49.4,52.8,168.6,,False,False,False,True,False,False
"Aug 10, 2022, 1:13:51 AM",Evening Run,3.31,36.92,11.16,127.8,143,3.35,34.83,10.4,128.0,143.0,25.0,368.0,3.31,36.92,11.16,127.8,143,86,4.8,68.3,26.9,0.0,0.0,61.0,60.8,162.7,,False,False,False,True,False,False
"Aug 7, 2022, 7:46:11 PM",Lunch Run,4.29,44.45,10.37,138.2,151,4.33,42.35,9.78,138.0,151.0,36.0,496.0,4.29,44.45,10.37,138.2,151,87,1.1,11.3,87.6,0.0,0.0,85.2,87.0,167.8,,False,False,False,True,False,False
"Jul 30, 2022, 1:10:02 PM",Jack & Jill Marathon | 3:08,27.65,188.07,6.8,168.7,181,27.65,187.77,6.79,169.0,181.0,6.0,2812.0,27.65,188.07,6.8,168.7,181,106,0.1,0.1,0.2,65.4,34.3,137.0,743.0,177.1,,True,False,True,False,False,False
"Jul 30, 2022, 12:42:33 PM",Morning Run,0.24,1.85,,146.1,164,0.24,1.78,,146.0,164.0,0.0,24.0,0.24,1.85,,146.1,164,106,11.6,5.4,25.0,58.0,0.0,2.2,2.4,169.6,,False,False,False,False,False,False
"Jul 30, 2022, 12:31:40 PM",Morning Run,0.48,4.33,,141.8,153,0.48,4.27,,142.0,153.0,0.0,57.0,0.48,4.33,,141.8,153,103,2.3,11.9,73.9,11.9,0.0,7.0,6.6,164.6,,False,False,False,False,False,False
"Jul 29, 2022, 4:26:39 PM",Shakeout,4.78,53.58,11.22,144.6,160,4.78,44.57,9.32,145.0,160.0,23.0,622.0,4.78,53.58,11.22,144.6,160,76,2.1,5.6,63.9,28.4,0.0,71.8,63.0,168.4,,False,False,False,True,False,False
"Jul 26, 2022, 8:35:58 PM",Afternoon Run,5.03,43.93,8.74,143.1,168,5.11,42.35,8.29,143.0,168.0,99.0,558.0,5.03,43.93,8.74,143.1,168,67,3.0,16.2,46.4,34.4,0.0,133.4,128.2,167.6,,False,False,False,False,False,False
"Jul 24, 2022, 8:01:23 PM",Afternoon Run,6.61,61.88,9.36,145.0,169,6.7,57.23,8.54,145.0,169.0,129.0,739.0,6.61,61.88,9.36,145.0,169,81,1.0,10.7,60.6,27.8,0.0,182.6,183.0,171.3,,False,False,False,True,False,False
"Jul 23, 2022, 3:30:15 PM",Morning Run,11.59,102.73,8.86,145.2,166,11.67,99.03,8.49,145.0,166.0,55.0,1272.0,11.59,102.73,8.86,145.2,166,74,2.7,4.9,63.8,28.7,0.0,159.8,160.8,173.0,,False,False,False,False,False,False
"Jul 22, 2022, 1:13:54 AM",Evening Run,5.11,57.83,11.32,125.0,149,5.17,52.42,10.14,125.0,149.0,46.0,555.0,5.11,57.83,11.32,125.0,149,83,4.8,81.4,13.8,0.0,0.0,97.0,98.2,165.8,,False,False,False,True,False,False
"Jul 20, 2022, 12:59:03 AM",Afternoon Run,7.64,67.57,8.84,152.6,182,7.7,63.87,8.29,153.0,182.0,57.0,862.0,7.64,67.57,8.84,152.6,182,82,0.9,12.8,31.3,33.2,21.8,147.0,144.6,165.5,,False,False,False,False,False,False
"Jul 17, 2022, 3:17:32 PM",Morning Run,4.52,46.62,10.3,129.6,168,4.57,45.67,9.99,130.0,168.0,26.0,503.0,4.52,46.62,10.3,129.6,168,62,2.9,73.6,16.2,7.4,0.0,64.6,68.4,167.9,,False,False,False,True,False,False
"Jul 16, 2022, 3:05:34 PM",Morning Run,14.34,129.65,9.04,141.8,177,14.41,129.6,8.99,142.0,177.0,56.0,1566.0,14.34,129.65,9.04,141.8,177,83,0.6,6.5,85.2,6.9,0.7,231.4,237.4,172.2,,False,False,False,True,False,False
"Jul 14, 2022, 11:19:36 AM",Morning Run,4.45,56.4,12.67,134.0,159,4.63,40.13,8.67,134.0,159.0,20.0,486.0,4.45,56.4,12.67,134.0,159,66,7.6,25.8,62.8,3.7,0.0,49.0,65.2,168.5,0.014,False,False,False,True,False,False
"Jul 13, 2022, 10:08:50 PM",Evening Run,6.04,44.37,7.35,,,6.04,44.37,7.35,,,21.2,913.0,,,,,,,,,,,,,,,,False,True,False,False,False,False
"Jul 12, 2022, 9:04:35 PM",Evening Run in NYC,7.44,60.03,8.07,,,7.44,60.03,8.07,,,34.8,1125.0,,,,,,,,,,,,,,,,False,False,False,False,False,False
"Jul 10, 2022, 1:54:43 PM",Morning Run,15.32,129.37,8.45,148.7,178,15.4,123.85,8.04,149.0,178.0,61.0,1671.0,15.32,129.37,8.45,148.7,178,71,0.7,2.3,60.9,28.2,7.8,190.6,196.2,179.2,,True,False,False,False,False,False
"Jul 8, 2022, 1:25:47 PM",Morning Run,4.97,48.0,9.66,131.7,147,5.01,47.78,9.54,132.0,147.0,18.0,583.0,4.97,48.0,9.66,131.7,147,74,1.1,47.6,51.3,0.0,0.0,70.2,70.4,170.8,,False,False,False,True,False,False
"Jul 7, 2022, 1:04:07 PM",Morning Run,7.49,77.02,10.28,129.1,165,7.57,72.57,9.59,129.0,165.0,148.0,826.0,7.49,77.02,10.28,129.1,165,72,8.5,57.0,30.6,3.9,0.0,184.4,187.4,168.9,,False,False,False,True,False,False
"Jul 6, 2022, 1:01:23 PM",Morning Run,7.87,72.83,9.26,136.2,161,7.93,67.4,8.5,136.0,161.0,51.0,886.0,7.87,72.83,9.26,136.2,161,76,4.7,24.0,62.9,8.4,0.0,124.8,128.0,176.4,,False,False,False,True,False,False
"Jul 5, 2022, 12:48:03 PM",Morning Run,10.36,96.18,9.29,139.2,167,10.41,90.27,8.67,139.0,167.0,57.0,1204.0,10.36,96.18,9.29,139.2,167,66,2.3,16.5,71.5,9.6,0.0,180.0,180.0,179.6,,False,False,False,True,False,False
"Jul 4, 2022, 4:04:52 PM",Morning Run,2.23,22.22,9.96,126.9,146,2.24,22.22,9.92,127.0,146.0,13.0,255.0,2.23,22.22,9.96,126.9,146,76,3.0,78.6,18.4,0.0,0.0,33.2,35.6,165.9,,False,False,False,True,False,False
"Jul 3, 2022, 2:22:33 PM",Morning Run,5.54,51.83,9.36,127.8,143,5.54,49.07,8.86,128.0,143.0,47.0,572.0,5.54,51.83,9.36,127.8,143,68,5.8,65.6,28.5,0.0,0.0,93.4,92.0,172.4,,False,False,False,True,False,False
"Jul 2, 2022, 12:34:34 PM",Morning Run,22.17,200.87,9.06,144.5,171,22.28,193.88,8.7,145.0,171.0,371.0,2411.0,22.17,200.87,9.06,144.5,171,60,0.5,13.5,55.7,30.2,0.0,484.6,489.8,172.8,,True,False,False,True,False,False
"Jul 1, 2022, 1:29:34 PM",Morning Run,3.14,28.87,9.21,132.7,148,3.15,28.77,9.13,133.0,148.0,26.0,367.0,3.14,28.87,9.21,132.7,148,80,1.6,42.5,55.9,0.0,0.0,46.6,48.6,168.4,,False,False,False,True,False,False
"Jun 30, 2022, 1:14:00 PM",Morning Run,7.11,64.38,9.05,137.4,164,7.17,60.53,8.44,138.0,164.0,39.0,791.0,7.11,64.38,9.05,137.4,164,68,5.1,22.5,59.7,12.8,0.0,106.6,107.6,176.3,,False,False,False,True,False,False
"Jun 29, 2022, 12:58:08 PM",Morning Run,8.04,71.43,8.89,136.1,163,8.07,71.23,8.83,136.0,163.0,39.0,915.0,8.04,71.43,8.89,136.1,163,79,5.0,28.4,54.8,11.7,0.0,148.4,147.2,174.6,,False,False,False,False,False,False
"Jun 28, 2022, 1:12:25 PM",Morning Run,7.31,56.7,7.75,151.4,176,7.44,56.7,7.62,152.0,176.0,20.0,814.0,7.31,56.7,7.75,151.4,176,72,2.2,13.8,24.9,48.7,10.3,95.6,99.0,177.5,,False,True,False,False,False,False
"Jun 27, 2022, 2:29:21 AM",Evening Run,5.08,49.67,9.78,133.6,160,5.11,48.77,9.54,134.0,160.0,17.0,592.0,5.08,49.67,9.78,133.6,160,63,3.3,34.4,60.3,2.0,0.0,66.6,66.6,168.2,,False,False,False,True,False,False
"Jun 25, 2022, 3:12:02 PM",Morning Run,20.08,183.47,9.14,144.1,165,20.18,176.95,8.77,144.0,165.0,76.0,2196.0,20.08,183.47,9.14,144.1,165,65,0.7,9.8,64.4,25.1,0.0,268.0,273.6,173.0,,True,False,False,True,False,False
"Jun 24, 2022, 2:15:54 PM",Morning Run,10.02,97.67,9.74,135.1,151,10.07,97.6,9.69,135.0,151.0,31.0,1131.0,10.02,97.67,9.74,135.1,151,87,0.4,31.6,68.0,0.0,0.0,155.6,157.0,173.0,,False,False,False,True,False,False
"Jun 22, 2022, 3:52:17 PM",Morning Run,4.57,49.33,10.79,125.0,139,4.61,45.32,9.83,125.0,139.0,34.0,501.0,4.57,49.33,10.79,125.0,139,71,7.5,78.2,14.3,0.0,0.0,75.2,76.0,168.6,,False,False,False,True,False,False
"Jun 21, 2022, 7:04:17 PM",Lunch Run,5.35,54.38,10.16,137.6,162,5.41,49.75,9.2,138.0,162.0,27.0,593.0,5.35,54.38,10.16,137.6,162,77,7.0,37.2,23.7,32.0,0.0,131.8,132.8,162.0,,False,False,False,True,False,False
"Jun 19, 2022, 8:59:20 PM",Afternoon Run,8.66,97.95,11.31,125.3,146,8.71,90.08,10.34,126.0,146.0,137.0,986.0,8.66,97.95,11.31,125.3,146,72,15.3,56.0,28.7,0.0,0.0,224.2,221.4,164.2,,False,False,False,True,False,False
"Jun 18, 2022, 1:36:03 PM",Sugar Daddy HM - 3rd Overall,13.08,88.32,6.75,173.1,181,13.1,88.17,6.73,173.0,181.0,125.0,1441.0,13.08,88.32,6.75,173.1,181,115,0.0,0.1,0.3,10.1,89.4,230.4,229.4,178.4,0.023,False,False,True,False,False,False
"Jun 18, 2022, 1:10:17 PM",Morning Run,1.28,14.63,11.42,142.6,165,1.35,10.73,7.95,143.0,165.0,11.0,144.0,1.28,14.63,11.42,142.6,165,85,2.4,7.3,69.7,20.5,0.0,25.8,33.2,170.3,,False,False,False,True,False,False
"Jun 17, 2022, 7:29:00 PM",Lunch Run,3.14,26.95,8.6,142.4,161,3.15,26.95,8.56,143.0,161.0,29.0,364.0,3.14,26.95,8.6,142.4,161,77,2.0,17.6,58.6,21.8,0.0,56.6,59.2,170.1,,False,False,False,False,False,False
"Jun 15, 2022, 1:29:34 PM",Morning Run,6.35,61.37,9.66,137.6,156,6.44,59.22,9.2,138.0,156.0,83.0,713.0,6.35,61.37,9.66,137.6,156,85,1.2,24.2,70.1,4.5,0.0,127.4,131.2,168.6,,False,False,False,True,False,False
"Jun 14, 2022, 7:33:27 PM",Lunch Run,8.04,73.25,9.11,141.1,159,8.09,69.6,8.6,141.0,159.0,67.0,885.0,8.04,73.25,9.11,141.1,159,79,2.3,8.1,82.5,7.1,0.0,185.2,186.2,174.8,,False,False,False,True,False,False
"Jun 12, 2022, 4:33:01 PM",Morning Run,16.37,136.53,8.34,152.0,173,16.46,134.85,8.19,152.0,173.0,74.0,1811.0,16.37,136.53,8.34,152.0,173,96,0.3,6.9,45.4,46.4,1.0,252.8,259.4,169.9,,True,False,False,False,False,False
"Jun 12, 2022, 1:17:14 AM",Evening Run,5.21,49.55,9.52,134.4,160,5.25,45.65,8.7,135.0,160.0,49.0,587.0,5.21,49.55,9.52,134.4,160,62,9.6,27.2,57.5,5.7,0.0,87.4,89.4,167.4,,False,False,False,True,False,False
"Jun 10, 2022, 10:12:27 PM",Afternoon Run,7.63,78.68,10.31,136.6,163,7.69,70.43,9.16,137.0,163.0,155.0,833.0,7.63,78.68,10.31,136.6,163,73,2.7,25.5,66.6,5.2,0.0,216.0,215.8,165.3,,False,False,False,True,False,False
"Jun 9, 2022, 12:47:37 AM",Afternoon Run,5.13,51.47,10.04,132.1,155,5.16,47.48,9.2,132.0,155.0,57.0,577.0,5.13,51.47,10.04,132.1,155,69,5.8,34.0,59.2,1.0,0.0,104.8,99.6,168.3,,False,False,False,True,False,False
"Jun 7, 2022, 11:43:06 PM",Afternoon Run 🥵 ,10.34,85.3,8.25,153.1,179,10.4,80.33,7.72,153.0,179.0,70.0,1121.0,10.34,85.3,8.25,153.1,179,91,0.7,4.4,41.4,40.8,12.8,159.0,159.0,171.9,,False,False,False,False,False,False
"Jun 6, 2022, 12:46:18 AM",Afternoon Run,4.43,43.48,9.82,132.1,148,4.46,43.08,9.66,132.0,148.0,55.0,509.0,4.43,43.48,9.82,132.1,148,73,2.1,39.5,58.3,0.0,0.0,87.2,88.0,167.7,,False,False,False,True,False,False
"Jun 4, 2022, 4:21:38 PM",Morning Run,14.71,133.9,9.1,145.4,169,14.82,125.15,8.44,145.0,169.0,156.0,1601.0,14.71,133.9,9.1,145.4,169,79,0.5,3.4,76.2,20.0,0.0,300.2,300.8,175.3,,False,False,False,True,False,False
"Jun 3, 2022, 7:07:05 PM",Lunch Run,7.15,72.6,10.15,135.6,158,7.22,62.25,8.62,136.0,158.0,137.0,763.0,7.15,72.6,10.15,135.6,158,72,3.7,29.4,61.9,5.1,0.0,199.4,206.8,170.1,,False,False,False,True,False,False
"Jun 2, 2022, 6:39:38 PM",Lunch Run,7.15,71.27,9.97,137.2,156,7.2,65.17,9.05,137.0,156.0,139.0,791.0,7.15,71.27,9.97,137.2,156,83,3.3,16.6,77.5,2.6,0.0,191.0,192.4,168.5,,False,False,False,True,False,False
"May 31, 2022, 7:14:00 PM",Lunch Run,8.94,77.08,8.62,148.1,177,9.0,73.58,8.18,148.0,177.0,67.0,961.0,8.94,77.08,8.62,148.1,177,88,1.3,16.0,37.1,44.6,1.0,206.6,206.6,164.5,,False,False,False,False,False,False
"May 29, 2022, 6:02:33 PM",Los Gatos / Palo Alto Trail Run,14.41,199.67,13.85,123.7,154,14.89,191.78,12.88,124.0,154.0,800.0,1631.0,14.41,199.67,13.85,123.7,154,93,19.7,57.9,22.1,0.3,0.0,896.2,889.6,131.5,,False,False,False,True,False,False
"May 27, 2022, 7:11:41 PM",Lunch Run,6.62,63.67,9.62,136.5,156,6.67,56.02,8.4,137.0,156.0,100.0,724.0,6.62,63.67,9.62,136.5,156,69,6.1,15.5,74.6,3.8,0.0,156.8,155.6,172.7,,False,False,False,True,False,False
"May 26, 2022, 6:01:38 PM",Lunch Run,7.18,72.2,10.06,137.7,155,7.26,66.38,9.14,138.0,155.0,132.0,800.0,7.18,72.2,10.06,137.7,155,78,1.1,20.9,75.8,2.2,0.0,193.0,194.2,168.6,,False,False,False,True,False,False
"May 24, 2022, 7:33:13 PM",Lunch Run,8.93,74.9,8.38,148.8,172,8.99,72.13,8.02,149.0,172.0,51.0,948.0,8.93,74.9,8.38,148.8,172,73,2.0,13.0,33.0,50.7,1.2,192.8,192.8,166.3,,False,False,False,False,False,False
"May 22, 2022, 2:55:46 PM",San Vicente Mt. Trail Run,14.04,154.1,10.98,139.9,162,14.1,140.25,9.95,140.0,162.0,558.0,1617.0,14.04,154.1,10.98,139.9,162,58,1.3,28.4,53.7,16.6,0.0,596.0,600.2,167.7,,False,False,False,True,False,False
"May 22, 2022, 1:16:49 AM",Evening Run,5.17,54.87,10.6,127.5,151,5.23,48.37,9.25,128.0,151.0,48.0,583.0,5.17,54.87,10.6,127.5,151,65,10.5,57.2,32.3,0.0,0.0,91.8,93.2,169.6,,False,False,False,True,False,False
"May 20, 2022, 7:23:55 PM",Lunch Run,4.42,37.23,8.43,144.1,162,4.45,35.53,7.98,144.0,162.0,51.0,498.0,4.42,37.23,8.43,144.1,162,76,3.4,7.9,67.8,20.9,0.0,84.0,84.2,174.7,,False,False,False,False,False,False
"May 20, 2022, 12:34:43 AM",Afternoon Run,5.11,43.4,8.49,138.6,161,5.14,43.4,8.44,139.0,161.0,86.0,570.0,5.11,43.4,8.49,138.6,161,71,2.5,24.2,62.8,10.5,0.0,127.8,127.8,172.6,,False,False,False,False,False,False
"May 19, 2022, 1:09:45 AM",Evening Run,5.11,50.27,9.83,126.9,141,5.14,47.0,9.14,127.0,141.0,36.0,539.0,5.11,50.27,9.83,126.9,141,69,2.9,78.9,18.2,0.0,0.0,79.4,79.4,168.1,,False,False,False,True,False,False
"May 18, 2022, 12:36:16 AM",Afternoon Run,3.13,26.78,8.54,143.5,155,3.15,26.78,8.5,144.0,155.0,24.0,386.0,3.13,26.78,8.54,143.5,155,72,2.8,4.4,87.3,5.5,0.0,85.0,82.8,169.2,,False,False,False,False,False,False
"May 17, 2022, 7:02:45 PM",Lunch Run,7.79,68.95,8.85,149.1,175,7.84,66.68,8.51,149.0,175.0,37.0,864.0,7.79,68.95,8.85,149.1,175,75,1.5,9.8,50.8,26.3,11.7,167.4,168.2,161.1,,False,False,False,False,False,False
"May 15, 2022, 4:53:12 PM",Morning Run,7.01,68.13,9.72,141.3,167,7.09,61.83,8.72,142.0,167.0,71.0,801.0,7.01,68.13,9.72,141.3,167,85,1.4,7.8,81.8,8.9,0.0,126.4,134.6,172.6,,False,False,False,True,False,False
"May 14, 2022, 2:28:10 PM",Morning Run 🥵 ,13.1,102.23,7.8,159.4,179,13.17,101.93,7.74,160.0,179.0,52.0,1458.0,13.1,102.23,7.8,159.4,179,72,0.4,5.4,19.1,49.0,26.1,156.0,155.0,170.5,,False,True,False,False,False,False
"May 13, 2022, 12:28:18 AM",Afternoon Run,3.1,28.77,9.27,141.3,152,3.11,28.77,9.25,141.0,152.0,43.0,369.0,3.1,28.77,9.27,141.3,152,74,1.9,3.7,93.5,0.9,0.0,106.8,105.4,166.0,,False,False,False,True,False,False
"May 12, 2022, 6:27:54 PM",Lunch Run,6.39,55.5,8.68,145.4,165,6.47,52.37,8.09,146.0,165.0,61.0,703.0,6.39,55.5,8.68,145.4,165,62,2.4,4.2,59.4,34.0,0.0,112.6,110.0,174.0,,False,False,False,False,False,False
"May 11, 2022, 3:04:11 PM",Morning Run,4.18,40.3,9.64,128.0,142,4.21,39.2,9.31,128.0,142.0,29.0,489.0,4.18,40.3,9.64,128.0,142,78,4.5,68.5,27.0,0.0,0.0,55.4,54.8,168.8,,False,False,False,True,False,False
"May 11, 2022, 12:27:03 AM",Afternoon Run,3.1,32.83,10.59,133.9,149,3.12,32.48,10.41,134.0,149.0,33.0,365.0,3.1,32.83,10.59,133.9,149,88,1.7,34.1,64.2,0.0,0.0,104.2,106.0,167.7,,False,False,False,True,False,False
"May 10, 2022, 7:10:46 PM",Lunch Run,9.27,78.7,8.49,151.8,178,9.34,74.7,8.0,152.0,178.0,65.0,1021.0,9.27,78.7,8.49,151.8,178,94,0.8,11.3,35.5,39.9,12.5,208.8,208.8,167.0,,False,False,False,False,False,False
"May 8, 2022, 3:54:55 PM",Morning Run,10.52,112.38,10.68,129.1,154,10.63,98.0,9.22,129.0,154.0,129.0,1186.0,10.52,112.38,10.68,129.1,154,80,7.3,54.3,38.3,0.1,0.0,226.8,228.2,170.5,,False,False,False,True,False,False
"May 6, 2022, 7:12:56 PM",Lunch Run,7.17,73.5,10.26,132.6,151,7.24,65.0,8.98,133.0,151.0,124.0,755.0,7.17,73.5,10.26,132.6,151,67,3.5,46.1,50.5,0.0,0.0,174.4,174.8,168.9,,False,False,False,True,False,False
"May 6, 2022, 12:31:32 AM",Afternoon Run,3.1,31.25,10.07,129.9,148,3.12,31.25,10.02,130.0,148.0,36.0,368.0,3.1,31.25,10.07,129.9,148,67,6.6,55.9,37.5,0.0,0.0,85.0,81.8,168.0,,False,False,False,True,False,False
"May 5, 2022, 6:15:23 PM",Lunch Run,6.13,57.37,9.36,134.7,157,6.16,55.32,8.98,135.0,157.0,42.0,694.0,6.13,57.37,9.36,134.7,157,73,3.3,21.4,74.1,1.2,0.0,110.2,111.6,171.7,,False,False,False,True,False,False
"May 4, 2022, 12:20:03 AM",Afternoon Run,3.1,24.37,7.87,153.3,170,3.11,24.32,7.82,153.0,170.0,31.0,356.0,3.1,24.37,7.87,153.3,170,83,1.6,5.3,31.5,61.6,0.0,81.6,82.0,173.2,,False,True,False,False,False,False
"May 3, 2022, 7:30:39 PM",Lunch Run,6.03,51.12,8.48,149.0,178,6.07,49.25,8.11,149.0,178.0,39.0,662.0,6.03,51.12,8.48,149.0,178,66,1.6,10.8,46.4,32.0,9.2,120.6,119.2,165.7,,False,False,False,False,False,False
"May 1, 2022, 7:25:18 PM",Lunch Run,8.69,86.17,9.92,134.9,158,8.76,76.77,8.76,135.0,158.0,116.0,951.0,8.69,86.17,9.92,134.9,158,76,6.0,25.9,63.4,4.7,0.0,189.6,190.8,169.4,,False,False,False,True,False,False
"Apr 30, 2022, 11:56:16 PM",Afternoon Run,2.04,17.98,8.81,137.4,147,2.05,17.63,8.6,138.0,147.0,7.0,233.0,2.04,17.98,8.81,137.4,147,87,2.7,11.9,85.3,0.0,0.0,34.6,31.4,172.1,,False,False,False,False,False,False
"Apr 30, 2022, 10:52:45 PM",Afternoon Run,4.15,39.13,9.43,134.2,150,4.18,35.72,8.55,135.0,150.0,36.0,459.0,4.15,39.13,9.43,134.2,150,67,7.1,13.2,79.7,0.0,0.0,72.6,69.2,172.2,,False,False,False,True,False,False
"Apr 29, 2022, 7:07:04 PM",Lunch Run,7.63,73.53,9.63,134.9,168,7.7,64.47,8.37,135.0,168.0,154.0,815.0,7.63,73.53,9.63,134.9,168,82,6.9,23.6,61.8,7.6,0.0,215.6,212.8,170.8,,False,False,False,True,False,False
"Apr 28, 2022, 7:07:46 PM",Lunch Run,5.21,52.37,10.06,131.8,156,5.26,46.73,8.88,132.0,156.0,57.0,568.0,5.21,52.37,10.06,131.8,156,70,8.8,34.6,54.6,2.0,0.0,99.8,96.6,168.7,,False,False,False,True,False,False
"Apr 27, 2022, 7:02:42 PM",Lunch Run,7.15,65.47,9.16,147.7,168,7.2,56.33,7.82,148.0,168.0,137.0,781.0,7.15,65.47,9.16,147.7,168,77,4.6,8.4,35.5,51.5,0.0,186.4,186.6,174.7,,False,False,False,True,False,False
"Apr 26, 2022, 6:39:38 PM",Lunch Run,6.13,54.57,8.9,151.1,174,6.17,52.0,8.43,151.0,174.0,39.0,710.0,6.13,54.57,8.9,151.1,174,54,2.2,3.1,35.2,56.7,2.8,114.0,114.8,168.2,,False,False,False,False,False,False
"Apr 24, 2022, 7:41:55 PM",Lunch Run,8.64,87.85,10.17,134.6,157,8.71,81.25,9.33,135.0,157.0,111.0,962.0,8.64,87.85,10.17,134.6,157,83,3.3,32.6,61.8,2.3,0.0,169.6,169.6,169.2,,False,False,False,True,False,False
"Apr 23, 2022, 11:25:52 PM",Afternoon Run,3.18,22.6,7.1,152.6,176,3.2,22.6,7.06,153.0,176.0,24.0,350.0,3.18,22.6,7.1,152.6,176,73,3.8,6.8,36.0,35.7,17.7,52.0,51.8,180.7,,False,True,False,False,False,False
"Apr 22, 2022, 6:47:19 PM",Lunch Run,7.09,68.93,9.72,137.9,156,7.15,62.02,8.67,138.0,156.0,172.0,784.0,7.09,68.93,9.72,137.9,156,84,3.8,21.3,67.1,7.8,0.0,243.2,242.6,172.0,,False,False,False,True,False,False
"Apr 21, 2022, 6:59:35 PM",Lunch Run,7.14,73.62,10.31,134.3,158,7.2,62.48,8.68,135.0,158.0,144.0,782.0,7.14,73.62,10.31,134.3,158,67,9.3,25.1,57.5,8.1,0.0,207.6,203.6,168.5,,False,False,False,True,False,False
"Apr 20, 2022, 5:29:01 PM",Morning Run,6.59,65.88,9.99,133.4,151,6.65,60.25,9.06,134.0,151.0,93.0,723.0,6.59,65.88,9.99,133.4,151,71,4.4,31.9,63.7,0.0,0.0,148.6,152.2,170.6,,False,False,False,True,False,False
"Apr 19, 2022, 7:16:50 PM",Lunch Run,5.19,45.3,8.72,143.2,168,5.24,43.6,8.32,143.0,168.0,39.0,585.0,5.19,45.3,8.72,143.2,168,69,2.2,19.9,51.8,26.1,0.0,115.6,116.4,175.3,,False,False,False,False,False,False
"Apr 17, 2022, 7:36:15 PM",Lunch Run,7.14,70.9,9.93,130.5,157,7.2,64.33,8.93,131.0,157.0,141.0,804.0,7.14,70.9,9.93,130.5,157,71,11.6,44.0,40.5,3.9,0.0,198.6,197.8,169.3,,False,False,False,True,False,False
"Apr 16, 2022, 11:59:43 PM",Afternoon Run,3.18,32.08,10.09,128.7,146,3.2,30.17,9.43,129.0,146.0,41.0,358.0,3.18,32.08,10.09,128.7,146,65,5.7,56.7,37.6,0.0,0.0,73.8,79.0,166.1,,False,False,False,True,False,False
"Apr 15, 2022, 7:29:36 PM",Lunch Run,4.55,42.97,9.43,138.8,164,4.58,39.23,8.57,139.0,164.0,45.0,482.0,4.55,42.97,9.43,138.8,164,86,3.5,14.5,75.9,6.0,0.0,82.2,81.8,171.8,,False,False,False,True,False,False
"Apr 14, 2022, 6:28:08 PM",Lunch Run,7.56,74.55,9.87,138.8,164,7.62,64.9,8.52,139.0,164.0,156.0,783.0,7.56,74.55,9.87,138.8,164,69,2.6,20.6,65.7,11.1,0.0,217.6,217.4,172.4,,False,False,False,True,False,False
"Apr 13, 2022, 10:08:11 PM",Afternoon Run,7.19,78.7,10.94,137.2,157,7.27,66.57,9.16,138.0,157.0,155.0,766.0,7.19,78.7,10.94,137.2,157,82,4.6,18.9,68.2,8.4,0.0,212.8,210.6,169.4,,False,False,False,True,False,False
"Apr 12, 2022, 6:51:23 PM",Lunch Run,4.33,41.13,9.51,146.2,172,4.37,37.37,8.55,147.0,172.0,61.0,456.0,4.33,41.13,9.51,146.2,172,83,2.2,6.7,60.2,30.2,0.6,131.8,133.4,170.4,,False,False,False,True,False,False
"Apr 10, 2022, 8:58:07 PM",Afternoon Run,7.12,73.7,10.35,139.6,160,7.19,67.28,9.36,140.0,160.0,133.0,787.0,7.12,73.7,10.35,139.6,160,82,2.4,14.3,76.0,7.3,0.0,189.6,188.8,168.6,,False,False,False,True,False,False
"Apr 10, 2022, 12:37:23 AM",Afternoon Run,8.56,81.28,9.5,150.0,179,8.63,69.43,8.05,150.0,179.0,115.0,916.0,8.56,81.28,9.5,150.0,179,92,1.1,7.6,44.7,37.1,9.5,182.2,181.4,173.6,,False,False,False,True,False,False
"Apr 6, 2022, 12:52:10 PM",Afternoon Run,3.63,33.97,9.36,142.2,169,3.65,32.0,8.77,142.0,169.0,22.0,411.0,3.63,33.97,9.36,142.2,169,82,2.9,4.5,83.0,9.6,0.0,41.4,42.4,168.7,,False,False,False,True,False,False
"Apr 4, 2022, 3:20:00 PM",9/20/22 calibrate run,9.1,69.0,7.58,,,9.1,69.0,7.58,,,0.0,1347.0,,,,,,,,,,,,,,,,False,True,False,False,False,False
"Apr 2, 2022, 2:32:32 PM",Evening Run,5.03,46.98,9.35,139.5,158,5.04,45.12,8.95,140.0,158.0,28.0,570.0,5.03,46.98,9.35,139.5,158,58,2.5,7.5,86.5,3.5,0.0,61.2,69.6,166.2,,False,False,False,True,False,False
"Mar 30, 2022, 7:20:22 PM",Lunch Run,7.16,63.45,8.87,150.4,177,7.2,55.4,7.69,151.0,177.0,146.0,752.0,7.16,63.45,8.87,150.4,177,84,2.1,5.2,40.2,48.3,4.3,197.2,196.6,172.8,,False,False,False,False,False,False
"Mar 30, 2022, 12:20:18 AM",Afternoon Run,3.11,33.6,10.81,123.2,134,3.13,33.35,10.65,123.0,134.0,30.0,352.0,3.11,33.6,10.81,123.2,134,62,5.6,94.0,0.4,0.0,0.0,91.8,93.2,161.9,,False,False,False,True,False,False
"Mar 29, 2022, 7:32:24 PM",Lunch Run,4.08,38.95,9.56,131.2,157,4.11,37.78,9.19,131.0,157.0,34.0,432.0,4.08,38.95,9.56,131.2,157,59,3.6,48.9,45.3,2.2,0.0,76.4,76.6,168.5,,False,False,False,True,False,False
"Mar 29, 2022, 1:21:14 AM",Evening Run,3.15,33.85,10.75,128.3,143,3.17,30.72,9.69,129.0,143.0,45.0,345.0,3.15,33.85,10.75,128.3,143,57,4.3,66.5,29.2,0.0,0.0,61.2,59.6,164.6,,False,False,False,True,False,False
"Mar 27, 2022, 3:35:09 PM",Morning Run,8.56,84.83,9.91,139.3,162,8.64,74.4,8.61,140.0,162.0,112.0,891.0,8.56,84.83,9.91,139.3,162,83,2.7,14.2,75.7,7.4,0.0,176.4,181.4,168.5,,False,False,False,True,False,False
"Mar 25, 2022, 7:12:05 PM",Lunch Run,6.37,54.75,8.6,150.7,176,6.46,49.63,7.68,151.0,176.0,56.0,680.0,6.37,54.75,8.6,150.7,176,89,0.7,3.4,45.5,48.2,2.2,107.8,104.6,172.6,,False,False,False,False,False,False
"Mar 25, 2022, 12:34:26 AM",Afternoon Run,3.19,28.85,9.05,142.7,158,3.21,28.85,8.99,143.0,158.0,8.0,397.0,3.19,28.85,9.05,142.7,158,90,1.6,6.4,75.9,16.1,0.0,59.4,59.4,167.5,,False,False,False,True,False,False
"Mar 24, 2022, 7:08:03 PM",Lunch Run,4.13,37.77,9.13,141.4,163,4.16,35.78,8.6,142.0,163.0,33.0,447.0,4.13,37.77,9.13,141.4,163,82,6.0,6.5,71.9,15.6,0.0,68.0,68.0,168.0,,False,False,False,True,False,False
"Mar 23, 2022, 12:22:04 AM",Afternoon Run,4.06,40.45,9.97,129.0,148,4.08,40.45,9.91,129.0,148.0,17.0,462.0,4.06,40.45,9.97,129.0,148,70,2.4,69.8,27.8,0.0,0.0,104.2,105.0,165.8,,False,False,False,True,False,False
"Mar 22, 2022, 1:37:37 AM",Evening Run,4.05,30.37,7.5,152.7,179,4.08,28.88,7.08,153.0,179.0,21.0,438.0,4.05,30.37,7.5,152.7,179,79,2.0,3.3,36.7,54.5,3.4,58.4,58.0,175.0,,False,True,False,False,False,False
"Mar 20, 2022, 11:53:00 PM",Afternoon Run…Extreme Winds 🌬🍃,7.14,63.43,8.88,151.1,178,7.2,58.25,8.09,151.0,178.0,170.0,793.0,7.14,63.43,8.88,151.1,178,97,0.8,4.5,48.7,41.7,4.3,259.8,260.2,170.6,,False,False,False,False,False,False
"Mar 17, 2022, 7:13:37 PM",Lunch Run,4.12,35.58,8.64,146.3,175,4.14,32.43,7.83,147.0,175.0,28.0,463.0,4.12,35.58,8.64,146.3,175,68,3.1,10.3,51.5,30.2,4.8,57.8,58.6,175.3,,False,False,False,False,False,False
"Mar 16, 2022, 6:54:01 PM",Lunch Run,4.55,41.0,9.01,137.3,154,4.59,39.62,8.63,137.0,154.0,36.0,497.0,4.55,41.0,9.01,137.3,154,97,1.0,22.8,73.6,2.6,0.0,74.8,74.6,172.2,,False,False,False,True,False,False
"Mar 16, 2022, 12:28:04 AM",Afternoon Run,3.1,32.43,10.47,126.1,148,3.11,32.38,10.41,126.0,148.0,5.0,370.0,3.1,32.43,10.47,126.1,148,62,4.1,70.2,25.7,0.0,0.0,46.2,46.4,167.1,,False,False,False,True,False,False
"Mar 15, 2022, 7:18:04 PM",Lunch Run,5.17,45.35,8.77,141.7,162,5.2,43.97,8.46,142.0,162.0,20.0,559.0,5.17,45.35,8.77,141.7,162,98,1.5,11.6,70.6,16.3,0.0,87.4,88.2,174.7,,False,False,False,False,False,False
"Mar 13, 2022, 8:18:08 PM",Afternoon Run,2.71,23.2,8.55,141.9,156,2.73,23.2,8.5,142.0,156.0,20.0,296.0,2.71,23.2,8.55,141.9,156,91,1.9,3.1,92.5,2.4,0.0,43.2,43.6,170.9,,False,False,False,False,False,False
"Mar 6, 2022, 3:33:00 PM",Napa Valley Marathon,26.43,186.05,7.04,165.3,175,26.43,186.05,7.04,165.0,175.0,156.0,2786.0,26.43,186.05,7.04,165.3,175,138,0.0,0.0,0.8,96.9,2.3,338.0,433.6,182.0,,True,True,False,False,True,False
"Mar 5, 2022, 6:19:27 PM",Morning Run,2.73,25.97,9.51,135.4,160,2.73,25.9,9.49,135.0,160.0,14.0,298.0,2.73,25.97,9.51,135.4,160,91,2.5,42.1,40.8,14.6,0.0,40.0,47.8,166.7,,False,False,False,True,False,False
"Mar 2, 2022, 8:14:45 PM",Lunch Run,3.23,28.8,8.91,136.1,153,3.24,28.75,8.87,136.0,153.0,30.0,361.0,3.23,28.8,8.91,136.1,153,80,3.6,14.2,81.4,0.7,0.0,48.8,49.6,172.2,,False,False,False,False,False,False
"Mar 1, 2022, 8:13:31 PM",Lunch Run ,6.81,55.02,8.08,150.9,172,6.85,52.92,7.73,151.0,172.0,49.0,718.0,6.81,55.02,8.08,150.9,172,92,1.7,6.1,36.6,55.3,0.4,116.0,114.4,174.0,,False,False,False,False,False,False
"Feb 28, 2022, 12:45:35 AM",Afternoon Run,4.53,47.73,10.53,133.0,157,4.57,45.02,9.85,133.0,157.0,35.0,505.0,4.53,47.73,10.53,133.0,157,89,1.8,51.2,42.4,4.5,0.0,81.2,82.6,166.3,,False,False,False,True,False,False
"Feb 26, 2022, 4:39:56 PM",Morning Run,13.34,104.37,7.82,151.1,172,13.43,103.1,7.68,151.0,172.0,52.0,1429.0,13.34,104.37,7.82,151.1,172,102,0.3,0.9,59.2,39.3,0.3,159.4,163.0,175.2,,False,True,False,False,False,False
"Feb 24, 2022, 8:14:49 PM",Lunch Run,6.28,55.25,8.8,142.0,158,6.33,52.02,8.22,142.0,158.0,112.0,667.0,6.28,55.25,8.8,142.0,158,92,1.0,5.2,87.9,6.0,0.0,145.8,144.0,170.2,,False,False,False,False,False,False
"Feb 23, 2022, 7:50:35 PM",Lunch Run,5.18,46.5,8.98,138.3,155,5.22,46.27,8.86,138.0,155.0,90.0,571.0,5.18,46.5,8.98,138.3,155,89,1.0,19.1,79.0,1.0,0.0,132.2,133.2,170.4,,False,False,False,False,False,False
"Feb 23, 2022, 2:07:06 AM",Evening Run,8.03,65.02,8.1,150.8,175,8.07,62.2,7.71,151.0,175.0,57.0,838.0,8.03,65.02,8.1,150.8,175,76,2.6,3.9,46.9,41.2,5.4,145.6,144.4,173.4,,False,False,False,False,False,False
"Feb 20, 2022, 4:42:44 PM",Seattle 💙,5.4,54.37,10.08,131.3,152,5.45,52.47,9.63,131.0,152.0,114.0,595.0,5.4,54.37,10.08,131.3,152,63,1.8,58.7,39.3,0.2,0.0,133.2,130.0,170.0,,False,False,False,True,False,False
"Feb 19, 2022, 5:07:16 PM",Morning Run,13.12,98.87,7.54,156.5,177,13.18,98.62,7.48,157.0,177.0,53.0,1434.0,13.12,98.87,7.54,156.5,177,109,0.2,2.1,34.1,50.4,13.3,182.0,186.4,179.2,,False,True,False,False,False,False
"Feb 18, 2022, 7:24:36 PM",Lunch Run,7.09,68.87,9.71,132.5,157,7.17,65.22,9.1,133.0,157.0,154.0,773.0,7.09,68.87,9.71,132.5,157,79,1.8,52.9,44.6,0.6,0.0,182.0,178.6,169.9,,False,False,False,True,False,False
"Feb 17, 2022, 6:28:08 PM",Morning Run,7.12,60.17,8.45,137.4,157,7.15,58.32,8.16,138.0,157.0,20.0,758.0,7.12,60.17,8.45,137.4,157,72,7.3,2.9,88.1,1.7,0.0,79.8,80.6,173.9,,False,False,False,False,False,False
"Feb 16, 2022, 8:08:52 PM",Lunch Run,5.4,48.18,8.92,138.5,156,5.46,46.5,8.52,139.0,156.0,36.0,568.0,5.4,48.18,8.92,138.5,156,67,2.5,11.5,81.1,4.9,0.0,79.4,81.8,172.2,,False,False,False,False,False,False
"Feb 15, 2022, 8:23:53 PM",Lunch Run,10.04,80.0,7.97,147.1,174,10.1,78.2,7.74,147.0,174.0,76.0,1034.0,10.04,80.0,7.97,147.1,174,89,0.8,2.8,75.0,17.5,3.9,203.6,203.6,176.0,,False,True,False,False,False,False
"Feb 13, 2022, 11:21:54 PM",Super Bowl Crawl 🐢,4.43,44.8,10.12,129.8,143,4.46,42.48,9.52,130.0,143.0,42.0,490.0,4.43,44.8,10.12,129.8,143,84,2.5,63.5,34.0,0.0,0.0,72.4,71.8,169.1,,False,False,False,True,False,False
"Feb 12, 2022, 4:01:50 PM",Morning Run,16.01,128.62,8.03,153.5,174,16.13,123.2,7.64,154.0,174.0,79.0,1719.0,16.01,128.62,8.03,153.5,174,92,0.4,1.9,46.0,47.3,4.5,204.6,202.0,176.4,,True,False,False,False,False,False
"Feb 11, 2022, 7:59:12 PM",Lunch Run,7.15,66.8,9.34,139.2,155,7.22,61.12,8.47,139.0,155.0,143.0,772.0,7.15,66.8,9.34,139.2,155,72,1.5,12.7,81.9,3.8,0.0,185.6,184.0,170.8,,False,False,False,True,False,False
"Feb 10, 2022, 4:03:54 PM",Morning Run,7.15,65.78,9.2,140.0,157,7.21,64.62,8.96,140.0,157.0,37.0,794.0,7.15,65.78,9.2,140.0,157,81,0.7,5.5,90.8,2.9,0.0,77.2,80.4,170.5,,False,False,False,True,False,False
"Feb 9, 2022, 8:18:00 PM",Lunch Run,4.09,40.73,9.95,125.4,136,4.11,40.65,9.89,125.0,136.0,29.0,461.0,4.09,40.73,9.95,125.4,136,61,4.1,92.2,3.7,0.0,0.0,60.0,60.6,167.3,,False,False,False,True,False,False
"Feb 8, 2022, 7:58:40 PM",Lunch Run,8.19,69.83,8.52,152.3,179,8.23,67.3,8.18,152.0,179.0,20.0,929.0,8.19,69.83,8.52,152.3,179,84,1.0,10.1,32.2,39.7,17.0,89.4,88.0,166.5,,False,False,False,False,False,False
"Feb 7, 2022, 12:20:14 AM",Afternoon Run,4.5,51.05,11.34,123.8,136,4.54,46.9,10.33,124.0,136.0,31.0,492.0,4.5,51.05,11.34,123.8,136,85,4.0,93.5,2.6,0.0,0.0,66.6,68.2,167.3,,False,False,False,True,False,False
"Feb 5, 2022, 5:31:05 PM",Morning Run,12.02,94.62,7.87,155.4,176,12.09,92.2,7.63,156.0,176.0,40.0,1300.0,12.02,94.62,7.87,155.4,176,97,0.6,3.7,38.0,28.5,29.2,131.2,136.6,177.0,,False,True,False,False,False,False
"Feb 4, 2022, 8:18:16 PM",Lunch Run,6.37,55.52,8.72,139.1,150,6.41,54.9,8.56,139.0,150.0,19.0,690.0,6.37,55.52,8.72,139.1,150,84,1.0,4.6,94.3,0.0,0.0,71.8,72.8,172.9,,False,False,False,False,False,False
"Feb 3, 2022, 8:00:45 PM",Lunch Run,7.3,58.42,8.0,146.1,162,7.32,58.42,7.98,146.0,162.0,89.0,796.0,7.3,58.42,8.0,146.1,162,89,0.6,2.3,78.4,18.7,0.0,144.0,146.2,174.3,,False,False,False,False,False,False
"Feb 2, 2022, 8:14:12 PM",Lunch Run,5.43,45.52,8.39,143.3,158,5.47,44.45,8.13,143.0,158.0,16.0,600.0,5.43,45.52,8.39,143.3,158,76,1.1,3.8,81.6,13.5,0.0,69.6,69.4,174.4,,False,False,False,False,False,False
"Feb 1, 2022, 7:54:26 PM",Lunch Run,6.5,58.92,9.06,145.7,172,6.56,55.93,8.53,146.0,172.0,20.0,736.0,6.5,58.92,9.06,145.7,172,82,1.1,9.9,59.9,28.8,0.3,85.8,83.6,163.5,,False,False,False,True,False,False
"Jan 30, 2022, 5:32:47 PM",Morning Run,5.07,54.15,10.67,129.8,154,5.11,49.6,9.71,130.0,154.0,43.0,566.0,5.07,54.15,10.67,129.8,154,69,3.9,67.1,28.7,0.4,0.0,89.2,91.8,171.1,,False,False,False,True,False,False
"Jan 29, 2022, 5:48:37 PM",Morning Run,13.61,104.6,7.68,155.9,177,13.7,103.57,7.56,156.0,177.0,25.0,1474.0,13.61,104.6,7.68,155.9,177,90,0.7,2.2,32.3,49.8,14.9,142.2,149.6,179.8,,False,True,False,False,False,False
"Jan 28, 2022, 8:09:12 PM",Lunch Run,6.1,61.25,10.03,135.5,160,6.16,52.7,8.56,136.0,160.0,72.0,645.0,6.1,61.25,10.03,135.5,160,74,3.3,33.8,58.0,4.9,0.0,115.0,113.6,174.6,,False,False,False,True,False,False
"Jan 27, 2022, 2:35:01 PM",Morning Run,7.05,66.32,9.41,134.3,150,7.11,62.22,8.75,135.0,150.0,38.0,761.0,7.05,66.32,9.41,134.3,150,74,2.3,30.9,66.8,0.0,0.0,102.4,104.4,177.7,,False,False,False,True,False,False
"Jan 26, 2022, 1:55:11 PM",Morning Run,6.15,62.3,10.12,125.4,151,6.2,59.95,9.67,126.0,151.0,23.0,655.0,6.15,62.3,10.12,125.4,151,69,5.6,84.4,9.9,0.0,0.0,83.4,85.0,173.5,,False,False,False,True,False,False
"Jan 25, 2022, 8:19:50 PM",Lunch Run,8.02,63.22,7.88,154.8,182,8.07,61.75,7.65,155.0,182.0,15.0,877.0,8.02,63.22,7.88,154.8,182,71,0.9,1.8,34.6,54.8,7.9,96.6,98.0,177.5,,False,True,False,False,False,False
"Jan 23, 2022, 5:29:57 PM",Morning Run,6.71,67.92,10.12,130.5,147,6.77,62.02,9.16,131.0,147.0,91.0,714.0,6.71,67.92,10.12,130.5,147,72,4.6,52.5,42.9,0.0,0.0,137.0,137.4,169.0,,False,False,False,True,False,False
"Jan 22, 2022, 9:12:10 PM",Afternoon Run,10.21,97.38,9.54,144.0,162,10.3,85.32,8.28,144.0,162.0,184.0,1099.0,10.21,97.38,9.54,144.0,162,65,1.2,11.5,65.1,22.2,0.0,256.8,259.6,171.1,,False,False,False,True,False,False
"Jan 21, 2022, 8:10:39 PM",Lunch Run,7.01,65.23,9.3,142.7,156,7.07,57.2,8.09,143.0,156.0,26.0,759.0,7.01,65.23,9.3,142.7,156,70,1.2,7.6,81.9,9.3,0.0,88.8,85.4,175.2,,False,False,False,True,False,False
"Jan 20, 2022, 2:03:05 PM",Morning Run,7.1,72.47,10.21,131.7,159,7.18,66.62,9.28,132.0,159.0,144.0,763.0,7.1,72.47,10.21,131.7,159,57,3.2,53.4,38.8,4.6,0.0,174.0,178.4,170.3,,False,False,False,True,False,False
"Jan 19, 2022, 7:50:32 PM",Lunch Run,7.01,65.62,9.36,139.8,149,7.06,60.95,8.63,140.0,149.0,18.0,765.0,7.01,65.62,9.36,139.8,149,86,1.9,6.6,91.5,0.0,0.0,76.2,75.0,174.5,,False,False,False,True,False,False
"Jan 18, 2022, 8:17:33 PM",Lunch Run,6.95,63.13,9.09,145.9,174,6.99,58.38,8.35,146.0,174.0,28.0,753.0,6.95,63.13,9.09,145.9,174,94,0.7,5.4,67.5,21.0,5.4,90.8,88.8,169.6,,False,False,False,True,False,False
"Jan 16, 2022, 7:33:53 PM",Lunch Run,5.23,49.73,9.51,144.7,167,5.27,47.42,9.0,145.0,167.0,54.0,624.0,5.23,49.73,9.51,144.7,167,71,1.7,15.0,52.7,30.7,0.0,89.0,87.0,168.3,,False,False,False,True,False,False
"Jan 15, 2022, 8:17:38 PM",Lunch Run with Osman,13.2,116.33,8.81,148.1,179,13.31,109.97,8.26,148.0,179.0,105.0,1454.0,13.2,116.33,8.81,148.1,179,81,2.0,13.6,46.3,27.0,11.2,214.6,218.0,167.3,,False,False,False,False,False,False
"Jan 14, 2022, 7:40:29 PM",Lunch Run,7.52,64.1,8.53,146.3,156,7.56,61.43,8.13,146.0,156.0,23.0,851.0,7.52,64.1,8.53,146.3,156,91,1.6,1.9,84.5,12.0,0.0,95.4,93.6,184.6,,False,False,False,False,False,False
"Jan 13, 2022, 1:51:20 PM",Morning Run,7.17,68.52,9.55,136.4,176,7.22,62.02,8.59,137.0,176.0,141.0,783.0,7.17,68.52,9.55,136.4,176,75,6.5,19.5,63.7,9.9,0.5,182.2,184.6,170.2,,False,False,False,True,False,False
"Jan 12, 2022, 8:06:20 PM",Lunch Run,5.24,47.23,9.01,135.6,153,5.27,45.88,8.71,136.0,153.0,61.0,578.0,5.24,47.23,9.01,135.6,153,81,1.5,20.8,77.2,0.5,0.0,91.4,88.2,169.5,,False,False,False,True,False,False
"Jan 11, 2022, 4:04:46 PM",Morning Run,6.78,65.72,9.7,132.7,156,6.82,63.52,9.31,133.0,156.0,29.0,764.0,6.78,65.72,9.7,132.7,156,72,5.6,33.4,57.1,4.0,0.0,80.6,80.6,161.0,,False,False,False,True,False,False
"Jan 10, 2022, 3:45:00 PM",Calibrate for 9/8/22,6.0,49.95,8.33,,,6.0,49.95,8.33,,,,888.0,,,,,,,,,,,,,,,,False,False,False,False,False,False
"Jan 9, 2022, 5:28:34 PM",Morning Run,16.34,137.38,8.41,148.7,167,16.46,133.72,8.12,149.0,167.0,97.0,1817.0,16.34,137.38,8.41,148.7,167,77,2.3,0.6,53.2,44.0,0.0,235.4,229.0,174.0,,True,False,False,False,False,False
"Jan 7, 2022, 8:07:15 PM",Lunch Run,6.24,52.48,8.41,139.0,156,6.28,49.28,7.85,139.0,156.0,12.0,658.0,6.24,52.48,8.41,139.0,156,73,12.4,2.2,72.8,12.7,0.0,58.8,56.8,174.1,,False,False,False,False,False,False
"Jan 6, 2022, 8:09:55 PM",Lunch Run,4.16,37.4,8.98,137.4,157,4.21,36.07,8.57,138.0,157.0,40.0,462.0,4.16,37.4,8.98,137.4,157,50,0.8,28.3,61.5,9.4,0.0,62.2,58.4,171.4,,False,False,False,False,False,False
"Jan 5, 2022, 7:59:19 PM",Lunch Run,5.1,50.7,9.95,129.1,176,5.15,47.52,9.23,129.0,176.0,52.0,543.0,5.1,50.7,9.95,129.1,176,67,5.9,61.7,26.4,4.2,1.7,89.4,87.8,169.7,,False,False,False,True,False,False
"Jan 4, 2022, 8:16:36 PM",Lunch Run,8.4,74.0,8.81,146.4,173,8.48,68.75,8.11,147.0,173.0,26.0,915.0,8.4,74.0,8.81,146.4,173,86,4.6,12.3,45.9,34.6,2.6,100.6,97.2,168.8,,False,False,False,False,False,False
"Dec 31, 2021, 3:13:55 PM",Morning Run,19.34,189.72,9.81,137.9,156,19.47,169.57,8.71,138.0,156.0,200.0,2101.0,19.34,189.72,9.81,137.9,156,83,5.7,12.8,76.1,5.4,0.0,350.8,353.6,174.1,,True,False,False,True,False,False
"Dec 31, 2021, 12:31:59 AM",Afternoon Run,8.09,71.67,8.86,143.7,157,8.13,70.68,8.69,144.0,157.0,61.0,906.0,8.09,71.67,8.86,143.7,157,67,0.8,1.6,94.2,3.3,0.0,179.6,184.2,168.1,,False,False,False,False,False,False
"Dec 29, 2021, 4:09:52 PM",Morning Run,10.83,88.22,8.15,167.6,189,10.9,88.03,8.08,168.0,189.0,41.0,1308.0,10.83,88.22,8.15,167.6,189,97,0.5,0.5,5.1,59.4,34.5,143.0,146.4,172.0,,False,False,False,False,False,False
"Dec 27, 2021, 3:27:52 PM",Morning Run,4.38,40.18,9.18,137.8,148,4.46,39.07,8.76,138.0,148.0,33.0,510.0,4.38,40.18,9.18,137.8,148,78,2.3,12.3,85.4,0.0,0.0,69.2,70.2,166.5,,False,False,False,True,False,False
"Dec 26, 2021, 3:26:37 PM",Morning Run,4.26,39.85,9.35,140.9,170,4.34,35.55,8.19,141.0,170.0,21.0,467.0,4.26,39.85,9.35,140.9,170,74,2.4,19.5,56.7,21.5,0.0,59.0,58.6,169.3,,False,False,False,True,False,False
"Dec 26, 2021, 12:26:52 AM",Afternoon Run,3.25,32.13,9.87,126.2,143,3.25,32.13,9.89,127.0,143.0,0.0,340.0,3.25,32.13,9.87,126.2,143,70,5.8,61.0,33.2,0.0,0.0,0,0,171.3,0.028,False,False,False,True,False,False
"Dec 23, 2021, 6:16:27 PM",Morning Run 🌧 ☔️ ,7.12,80.67,11.33,126.8,172,7.23,73.18,10.12,127.0,172.0,43.0,790.0,7.12,80.67,11.33,126.8,172,67,5.4,84.0,8.6,1.9,0.1,102.8,100.6,170.6,,False,False,False,True,False,False
"Dec 22, 2021, 6:38:34 PM",San Vicente Mt to Rustic Canyon Trail Run,20.89,242.5,11.61,126.0,155.0,20.89,242.5,11.61,126.0,155.0,880.7,3314.0,,,,,,,,,,,,,,,,True,False,False,True,False,False
"Dec 21, 2021, 7:16:03 PM",Portuguese bend reserve trail run,10.09,149.93,14.86,124.6,157,10.24,133.32,13.02,125.0,157.0,752.3,1180.0,10.09,149.93,14.86,124.6,157,77,9.4,70.8,19.3,0.5,0.0,803.2,799.0,134.0,,False,False,False,True,False,False
"Dec 20, 2021, 7:35:14 PM",Lunch Run,15.06,152.67,10.14,135.6,183,15.2,140.58,9.25,136.0,183.0,99.0,1639.0,15.06,152.67,10.14,135.6,183,51,3.3,29.8,63.3,3.1,0.6,202.0,202.8,168.0,,True,False,False,True,False,False
"Dec 19, 2021, 5:31:36 PM",Morning Run,14.24,127.55,8.96,137.6,178,14.33,125.7,8.77,138.0,178.0,93.0,1624.0,14.24,127.55,8.96,137.6,178,71,1.0,20.7,73.8,3.4,1.2,210.2,206.0,172.9,,False,False,False,False,False,False
"Dec 19, 2021, 4:09:46 AM",Evening Run,3.12,21.4,6.85,152.1,165,3.14,21.33,6.79,152.0,165.0,31.0,345.0,3.12,21.4,6.85,152.1,165,85,2.1,1.3,27.7,68.8,0.0,54.2,53.2,179.8,,False,False,True,False,False,False
"Dec 16, 2021, 8:23:11 PM",Lunch Run,5.18,52.08,10.05,137.2,178,5.25,42.9,8.17,138.0,178.0,56.0,543.0,5.18,52.08,10.05,137.2,178,85,8.0,15.3,68.5,6.6,1.7,87.4,86.0,168.5,,False,False,False,True,False,False
"Dec 16, 2021, 1:41:49 AM",Afternoon Run with Raaham,1.11,17.23,15.57,108.6,126,1.12,16.92,15.11,109.0,126.0,17.0,121.0,1.11,17.23,15.57,108.6,126,85,62.5,37.5,0.0,0.0,0.0,27.4,25.8,146.9,,False,False,False,True,False,False
"Dec 15, 2021, 8:06:09 PM",Lunch Run,6.22,49.42,7.94,142.9,164,6.27,46.78,7.46,143.0,164.0,16.0,645.0,6.22,49.42,7.94,142.9,164,58,11.9,2.7,36.4,49.0,0.0,82.0,78.2,179.9,,False,True,False,False,False,False
"Dec 14, 2021, 7:39:04 PM",Lunch Run ☔️ ,4.68,38.83,8.29,145.7,165,4.72,37.47,7.94,146.0,165.0,72.0,565.0,4.68,38.83,8.29,145.7,165,49,3.5,8.9,44.0,43.5,0.0,137.6,137.2,173.4,,False,False,False,False,False,False
"Dec 12, 2021, 9:22:50 PM",Afternoon Run,7.14,69.98,9.81,139.2,158,7.21,64.27,8.91,140.0,158.0,144.0,792.0,7.14,69.98,9.81,139.2,158,84,6.2,10.9,74.1,8.8,0.0,186.8,180.6,167.5,,False,False,False,True,False,False
"Dec 11, 2021, 9:18:45 PM",Afternoon Run with Raaham,2.07,32.57,15.71,106.8,128,2.09,31.58,15.11,107.0,128.0,27.0,224.0,2.07,32.57,15.71,106.8,128,80,62.8,37.2,0.0,0.0,0.0,50.4,47.2,139.5,,False,False,False,True,False,False
"Dec 11, 2021, 3:54:33 PM",Morning Run,11.21,104.67,9.33,136.1,168,11.3,101.18,8.95,136.0,168.0,215.0,1226.0,11.21,104.67,9.33,136.1,168,72,1.4,34.4,54.3,9.9,0.0,284.6,286.4,166.0,,False,False,False,True,False,False
"Dec 10, 2021, 8:03:06 PM",Lunch Run,7.43,60.97,8.21,155.2,174,7.49,56.27,7.51,155.0,174.0,13.0,808.0,7.43,60.97,8.21,155.2,174,62,1.0,2.7,28.6,62.5,5.2,71.4,72.2,175.9,,False,False,False,False,False,False
"Dec 8, 2021, 8:01:20 PM",Lunch Run,6.2,56.55,9.12,133.4,148,6.25,54.38,8.7,134.0,148.0,15.0,677.0,6.2,56.55,9.12,133.4,148,57,1.9,31.6,66.5,0.0,0.0,73.6,72.8,171.8,,False,False,False,True,False,False
"Dec 7, 2021, 8:12:57 PM",Lunch Run,7.12,72.08,10.13,125.3,146,7.18,62.57,8.71,126.0,146.0,39.0,732.0,7.12,72.08,10.13,125.3,146,58,13.9,53.4,32.7,0.0,0.0,83.4,83.6,169.5,,False,False,False,True,False,False
"Dec 6, 2021, 8:18:08 PM",Lunch Run,4.05,39.42,9.73,128.4,139,4.07,39.33,9.66,129.0,139.0,29.0,471.0,4.05,39.42,9.73,128.4,139,56,3.7,76.3,20.0,0.0,0.0,55.8,54.8,170.8,,False,False,False,True,False,False
"Dec 5, 2021, 5:30:58 PM",Morning Run,13.34,128.62,9.64,138.4,165,13.42,123.9,9.23,138.0,165.0,289.0,1465.0,13.34,128.62,9.64,138.4,165,78,0.9,26.3,66.9,5.9,0.0,353.0,354.0,165.6,,False,False,False,True,False,False
"Dec 4, 2021, 5:15:23 PM",Morning Run,3.39,351.83,103.64,94.5,130,3.9,51.53,13.21,98.0,130.0,24.0,914.0,3.39,351.83,103.64,94.5,130,59,94.9,5.1,0.0,0.0,0.0,134.8,125.6,112.8,,False,False,False,True,False,False
"Dec 3, 2021, 2:15:59 AM",Evening Run,6.01,54.68,9.1,132.9,143,6.03,54.63,9.06,133.0,143.0,38.0,658.0,6.01,54.68,9.1,132.9,143,79,1.0,33.1,65.9,0.0,0.0,111.2,109.4,168.9,,False,False,False,True,False,False
"Dec 2, 2021, 8:15:44 PM",Lunch Run,5.15,48.75,9.47,137.1,170,5.17,47.37,9.16,137.0,170.0,93.0,580.0,5.15,48.75,9.47,137.1,170,65,2.9,23.5,68.4,5.2,0.0,133.6,134.2,166.1,,False,False,False,True,False,False
"Dec 2, 2021, 1:39:55 AM",Afternoon Run,6.8,61.07,8.98,138.9,172,6.84,59.67,8.72,139.0,172.0,14.0,727.0,6.8,61.07,8.98,138.9,172,70,8.6,15.9,53.6,21.5,0.4,90.2,90.2,160.8,,False,False,False,False,False,False
"Nov 30, 2021, 8:06:30 PM",Lunch Run,6.1,55.93,9.17,134.4,150,6.14,54.4,8.86,135.0,150.0,28.0,668.0,6.1,55.93,9.17,134.4,150,62,1.4,31.1,67.5,0.0,0.0,92.2,90.4,171.1,,False,False,False,True,False,False
"Nov 29, 2021, 10:11:28 PM",Afternoon Run,3.69,35.45,9.61,130.2,143,3.71,33.58,9.05,130.0,143.0,17.0,406.0,3.69,35.45,9.61,130.2,143,80,11.1,17.6,71.3,0.0,0.0,49.2,48.8,166.4,,False,False,False,True,False,False
"Nov 28, 2021, 11:46:19 PM",Afternoon Run,10.42,99.52,9.55,143.0,175,10.52,86.95,8.27,143.0,175.0,153.0,1130.0,10.42,99.52,9.55,143.0,175,70,2.0,18.5,59.5,15.8,4.1,232.6,234.4,168.8,,False,False,False,True,False,False
"Nov 27, 2021, 3:52:23 PM",Morning Run,6.24,60.22,9.65,122.6,138,6.29,59.23,9.42,123.0,138.0,16.0,673.0,6.24,60.22,9.65,122.6,138,68,13.0,75.0,12.1,0.0,0.0,74.2,76.0,168.7,,False,False,False,True,False,False
"Nov 27, 2021, 1:19:33 AM",Afternoon Run,4.09,36.87,9.01,147.9,175,4.12,36.7,8.91,148.0,175.0,29.0,497.0,4.09,36.87,9.01,147.9,175,97,0.9,3.4,72.1,21.0,2.6,61.6,60.6,167.8,,False,False,False,True,False,False
"Nov 26, 2021, 12:38:31 AM",Stuffed with Turkey & Pie Run 🦃🥧,6.37,61.22,9.61,135.2,155,6.44,56.97,8.85,135.0,155.0,35.0,700.0,6.37,61.22,9.61,135.2,155,70,10.3,6.4,82.3,1.0,0.0,76.6,77.4,166.9,,False,False,False,True,False,False
"Nov 25, 2021, 1:05:54 AM",Afternoon Run,4.13,36.05,8.72,138.6,154,4.16,33.78,8.12,139.0,154.0,15.0,441.0,4.13,36.05,8.72,138.6,154,62,4.9,16.3,74.6,4.2,0.0,47.4,47.8,170.8,,False,False,False,False,False,False
"Nov 23, 2021, 8:14:15 PM",Lunch Run,3.1,33.72,10.87,136.9,157,3.14,27.6,8.79,137.0,157.0,24.0,340.0,3.1,33.72,10.87,136.9,157,85,3.7,15.9,77.5,3.0,0.0,52.0,50.4,168.7,,False,False,False,True,False,False
"Nov 23, 2021, 3:47:06 PM",Morning Run,7.65,71.5,9.34,140.1,172,7.72,65.25,8.45,140.0,172.0,105.0,828.0,7.65,71.5,9.34,140.1,172,74,5.3,8.2,72.2,14.1,0.1,149.6,156.2,169.7,,False,False,False,True,False,False
"Nov 23, 2021, 1:49:26 AM",Afternoon Run,3.43,28.6,8.35,141.1,161,3.46,28.0,8.09,141.0,161.0,25.0,374.0,3.43,28.6,8.35,141.1,161,67,3.9,11.0,69.4,15.7,0.0,46.8,48.4,172.5,,False,False,False,False,False,False
"Nov 21, 2021, 2:54:18 PM",Morning Run,5.46,50.9,9.32,136.5,159,5.52,48.4,8.77,137.0,159.0,42.0,641.0,5.46,50.9,9.32,136.5,159,78,4.8,28.4,56.0,10.7,0.0,73.2,75.4,171.1,,False,False,False,True,False,False
"Nov 20, 2021, 7:46:28 PM",Lunch Run,9.07,93.63,10.32,139.4,168,9.13,86.18,9.44,140.0,168.0,153.0,1044.0,9.07,93.63,10.32,139.4,168,73,2.4,16.1,69.9,11.5,0.0,215.8,214.8,164.7,,False,False,False,True,False,False
"Nov 18, 2021, 8:16:23 PM",Lunch Run,7.15,68.93,9.65,142.7,160,7.19,62.23,8.66,143.0,160.0,142.0,781.0,7.15,68.93,9.65,142.7,160,66,2.0,9.0,75.0,13.9,0.0,203.0,203.2,166.9,,False,False,False,True,False,False
"Nov 17, 2021, 8:08:49 PM",Lunch Run,5.14,46.73,9.1,145.2,160,5.17,42.82,8.28,145.0,160.0,85.0,569.0,5.14,46.73,9.1,145.2,160,77,6.2,5.7,53.0,35.1,0.0,131.8,128.0,169.3,,False,False,False,True,False,False
"Nov 17, 2021, 2:29:10 AM",Evening Run,4.02,43.82,10.9,128.1,152,4.04,43.77,10.83,128.0,152.0,39.0,460.0,4.02,43.82,10.9,128.1,152,57,4.7,67.1,28.1,0.0,0.0,153.6,153.8,164.2,,False,False,False,True,False,False
"Nov 16, 2021, 8:22:54 PM",Lunch Run,6.21,60.35,9.72,130.9,176,6.26,59.73,9.54,131.0,176.0,32.0,682.0,6.21,60.35,9.72,130.9,176,67,7.2,40.0,51.9,0.6,0.3,141.6,137.0,165.9,,False,False,False,True,False,False
"Nov 14, 2021, 5:00:04 PM",Trippet ranch to Mulholland drive,14.88,195.88,13.16,133.2,164,14.89,191.62,12.87,132.0,164.0,751.0,1871.0,14.88,195.88,13.16,133.2,164,91,3.1,48.8,38.7,9.3,0.0,798.2,795.2,137.0,0.219,False,False,False,True,False,False
"Nov 12, 2021, 2:18:52 AM",Evening Run,4.03,43.4,10.77,118.7,132,4.06,42.25,10.41,119.0,132.0,23.0,431.0,4.03,43.4,10.77,118.7,132,78,11.0,89.0,0.0,0.0,0.0,93.8,94.2,163.5,,False,False,False,True,False,False
"Nov 10, 2021, 2:22:00 AM",Evening Run,3.11,52.45,16.89,101.2,120,3.14,51.3,16.34,101.0,120.0,35.0,316.0,3.11,52.45,16.89,101.2,120,77,94.0,6.0,0.0,0.0,0.0,157.0,157.0,147.3,,False,False,False,True,False,False
"Nov 7, 2021, 2:12:44 PM",TCS NYC Marathon,26.46,191.7,7.24,167.0,179,26.46,190.88,7.21,167.0,179.0,291.0,2849.0,26.46,191.7,7.24,167.0,179,115,0.0,0.7,1.8,85.2,12.4,535.4,533.2,177.2,,True,True,False,False,True,False
"Nov 6, 2021, 7:58:39 PM",Shakeout run to the expo,2.97,48.93,16.48,131.5,171,2.97,28.0,9.43,132.0,171.0,58.0,331.0,2.97,48.93,16.48,131.5,171,78,7.6,41.1,47.2,3.9,0.1,100.8,63.8,164.6,,False,False,False,True,False,False
"Nov 3, 2021, 8:55:02 PM",Afternoon Run,3.4,34.25,10.08,132.3,147,3.44,30.82,8.96,133.0,147.0,47.0,370.0,3.4,34.25,10.08,132.3,147,67,3.9,43.4,52.7,0.0,0.0,85.0,85.0,167.1,,False,False,False,True,False,False
"Nov 2, 2021, 7:08:02 PM",Lunch Run,6.68,55.47,8.3,150.1,171,6.75,52.38,7.76,150.0,171.0,43.0,708.0,6.68,55.47,8.3,150.1,171,81,1.1,7.2,51.3,39.5,0.9,162.6,162.4,174.2,,False,False,False,False,False,False
"Oct 31, 2021, 11:26:09 PM",Afternoon Run,5.4,50.45,9.33,137.0,153,5.44,47.52,8.74,137.0,153.0,24.0,585.0,5.4,50.45,9.33,137.0,153,63,1.8,9.1,88.4,0.8,0.0,102.0,100.6,170.4,,False,False,False,True,False,False
"Oct 30, 2021, 4:07:21 PM",Morning Run + 19:58 5K,12.43,115.38,9.28,148.1,185,12.51,100.27,8.02,148.0,185.0,164.0,1348.0,12.43,115.38,9.28,148.1,185,56,2.1,9.2,56.3,14.2,18.2,292.4,294.6,172.1,,False,False,False,True,False,False
"Oct 28, 2021, 6:54:24 PM",Lunch Run,6.26,57.27,9.15,142.2,159,6.31,54.68,8.67,142.0,159.0,42.0,700.0,6.26,57.27,9.15,142.2,159,72,1.4,8.3,78.9,11.4,0.0,138.4,134.8,170.5,,False,False,False,True,False,False
"Oct 27, 2021, 8:09:58 PM",Afternoon Run,6.34,56.02,8.84,144.8,170,6.39,53.18,8.32,145.0,170.0,95.0,701.0,6.34,56.02,8.84,144.8,170,67,6.4,2.7,50.1,40.8,0.0,154.4,154.0,170.0,,False,False,False,False,False,False
"Oct 26, 2021, 7:03:35 PM",Lunch Run,7.39,63.13,8.55,149.3,175,7.43,61.93,8.34,150.0,175.0,68.0,829.0,7.39,63.13,8.55,149.3,175,75,2.8,13.9,29.7,49.1,4.6,215.6,214.2,163.7,,False,False,False,False,False,False
"Oct 24, 2021, 5:55:57 PM",Morning Run,4.45,42.53,9.56,132.1,155,4.48,42.53,9.49,132.0,155.0,41.0,515.0,4.45,42.53,9.56,132.1,155,96,1.0,62.6,34.8,1.6,0.0,91.6,90.8,168.9,,False,False,False,True,False,False
"Oct 23, 2021, 11:27:00 PM",Afternoon Run,3.1,39.05,12.6,118.9,140,3.12,35.73,11.45,119.0,140.0,48.0,354.0,3.1,39.05,12.6,118.9,140,76,18.2,74.6,7.2,0.0,0.0,181.0,180.2,163.3,,False,False,False,True,False,False
"Oct 22, 2021, 5:07:23 PM",Morning Run,22.49,209.52,9.32,146.9,176,22.68,196.6,8.67,147.0,176.0,414.0,2545.0,22.49,209.52,9.32,146.9,176,86,0.6,5.5,64.1,26.2,3.6,598.8,596.6,168.8,,True,False,False,True,False,False
"Oct 20, 2021, 7:02:16 PM",Lunch Run,8.16,81.25,9.96,136.2,155,8.21,75.4,9.18,136.0,155.0,188.0,912.0,8.16,81.25,9.96,136.2,155,77,3.8,19.8,73.4,3.0,0.0,279.6,280.0,166.1,,False,False,False,True,False,False
"Oct 19, 2021, 7:09:17 PM",Lunch Run,7.44,63.65,8.56,152.5,182,7.49,60.7,8.1,153.0,182.0,37.0,827.0,7.44,63.65,8.56,152.5,182,67,1.9,5.5,56.1,17.4,19.1,162.2,159.8,172.1,,False,False,False,False,False,False
"Oct 18, 2021, 7:19:02 PM",Lunch Run,4.23,42.98,10.16,129.6,139,4.3,41.92,9.75,130.0,139.0,27.0,480.0,4.23,42.98,10.16,129.6,139,56,2.6,60.3,37.0,0.0,0.0,116.6,117.0,165.7,,False,False,False,True,False,False
"Oct 17, 2021, 11:11:49 PM",Afternoon Run with Raaham,1.01,13.3,13.16,122.3,143,1.02,12.58,12.33,122.0,143.0,8.0,118.0,1.01,13.3,13.16,122.3,143,78,15.5,70.6,13.9,0.0,0.0,31.4,31.6,158.8,,False,False,False,True,False,False
"Oct 17, 2021, 4:25:48 PM",Morning Run,16.6,147.77,8.9,146.2,175,16.71,144.68,8.66,146.0,175.0,109.0,1879.0,16.6,147.77,8.9,146.2,175,64,2.9,1.1,75.0,18.9,2.0,280.6,278.8,168.2,,True,False,False,False,False,False
"Oct 15, 2021, 11:41:55 PM",Afternoon Run,3.39,34.8,10.25,123.9,140,3.42,33.72,9.86,124.0,140.0,44.0,376.0,3.39,34.8,10.25,123.9,140,80,7.9,80.6,11.5,0.0,0.0,83.2,84.0,163.5,,False,False,False,True,False,False
"Oct 14, 2021, 6:21:33 PM",Lunch Run,10.15,98.27,9.68,144.9,171,10.23,90.15,8.81,145.0,171.0,150.0,1179.0,10.15,98.27,9.68,144.9,171,81,5.2,7.0,55.7,32.2,0.1,254.6,254.6,169.2,,False,False,False,True,False,False
"Oct 12, 2021, 10:43:20 PM",Afternoon Run,8.7,86.37,9.93,133.9,160,8.78,73.47,8.37,134.0,160.0,100.0,912.0,8.7,86.37,9.93,133.9,160,78,8.2,22.5,63.7,5.6,0.0,231.8,235.8,170.9,,False,False,False,True,False,False
"Oct 10, 2021, 4:28:36 PM",Morning Run,6.23,58.98,9.46,133.8,161,6.29,58.98,9.38,134.0,161.0,70.0,722.0,6.23,58.98,9.46,133.8,161,75,1.9,47.4,44.7,6.0,0.0,132.6,128.2,171.0,,False,False,False,True,False,False
"Oct 9, 2021, 4:36:02 PM",Morning Run,17.03,146.25,8.59,139.9,160,17.03,144.7,8.5,140.0,160.0,0.0,1577.0,17.03,146.25,8.59,139.9,160,68,1.5,18.9,75.3,4.3,0.0,0,0,170.7,0.041,True,False,False,False,False,False
"Oct 7, 2021, 7:08:52 PM",Lunch Run,5.65,50.47,8.93,137.4,151,5.71,49.27,8.63,138.0,151.0,19.0,634.0,5.65,50.47,8.93,137.4,151,60,1.8,12.9,85.3,0.0,0.0,122.8,122.4,170.7,,False,False,False,False,False,False
"Oct 6, 2021, 6:23:38 PM",Lunch Run,7.15,67.58,9.45,140.7,162,7.22,62.45,8.65,141.0,162.0,142.0,803.0,7.15,67.58,9.45,140.7,162,72,9.2,5.7,62.6,22.6,0.0,213.8,212.4,167.7,,False,False,False,True,False,False
"Oct 5, 2021, 7:11:02 PM",Lunch Run,7.17,60.48,8.44,152.2,170,7.27,56.5,7.77,152.0,170.0,45.0,798.0,7.17,60.48,8.44,152.2,170,79,2.2,1.6,34.8,61.4,0.0,134.0,133.2,173.7,,False,False,False,False,False,False
"Oct 3, 2021, 4:48:04 PM",Morning Run,12.01,108.58,9.04,152.2,185,12.09,108.32,8.96,152.0,185.0,60.0,1474.0,12.01,108.58,9.04,152.2,185,73,1.4,6.8,35.4,48.8,7.6,227.2,234.0,169.2,,False,False,False,True,False,False
"Oct 1, 2021, 11:33:49 PM",Afternoon Run,3.18,32.18,10.12,136.6,159,3.21,29.98,9.34,137.0,159.0,29.0,377.0,3.18,32.18,10.12,136.6,159,89,2.2,27.2,69.2,1.4,0.0,77.2,77.6,163.9,,False,False,False,True,False,False
"Sep 29, 2021, 11:26:18 PM",Afternoon Run,7.23,67.17,9.29,138.1,149,7.28,63.42,8.71,138.0,149.0,33.0,815.0,7.23,67.17,9.29,138.1,149,81,3.6,8.5,87.9,0.0,0.0,180.2,181.2,170.2,,False,False,False,True,False,False
"Sep 28, 2021, 7:17:39 PM",Lunch Run,5.16,51.85,10.04,128.7,144,5.21,50.18,9.63,129.0,144.0,29.0,596.0,5.16,51.85,10.04,128.7,144,74,2.9,72.5,24.6,0.0,0.0,112.6,112.4,170.9,,False,False,False,True,False,False
"Sep 27, 2021, 12:22:24 AM",Afternoon Run,1.13,14.25,12.64,112.8,128,1.13,14.03,12.42,113.0,128.0,16.0,127.0,1.13,14.25,12.64,112.8,128,93,51.2,48.8,0.0,0.0,0.0,34.8,34.2,159.1,,False,False,False,True,False,False
"Sep 24, 2021, 7:26:52 PM",Lunch Run,3.18,30.93,9.72,138.5,160,3.21,29.2,9.1,139.0,160.0,39.0,378.0,3.18,30.93,9.72,138.5,160,92,3.7,8.9,85.0,2.4,0.0,86.6,86.4,166.3,,False,False,False,True,False,False
"Sep 19, 2021, 12:43:09 PM",San Francisco Marathon,26.52,200.9,7.57,163.2,174,26.52,200.55,7.56,163.0,174.0,413.0,3073.0,26.52,200.9,7.57,163.2,174,100,0.1,0.1,1.3,96.1,2.4,711.6,716.2,176.0,,True,True,False,False,True,False
"Sep 19, 2021, 12:19:00 PM",Morning Run,0.83,13.68,16.56,107.5,143,0.83,9.82,11.83,110.0,143.0,0.0,109.0,0.83,13.68,16.56,107.5,143,70,77.3,14.3,8.4,0.0,0.0,18.2,19.2,141.8,,False,False,False,True,False,False
"Sep 19, 2021, 12:10:11 PM",Morning Run,0.31,2.38,,106.0,129,0.31,2.2,,109.0,129.0,0.0,26.0,0.31,2.38,,106.0,129,85,62.5,37.5,0.0,0.0,0.0,4.2,5.4,166.2,,False,False,False,False,False,False
"Sep 18, 2021, 6:56:26 PM",Lunch Run,3.19,29.03,9.1,133.0,144,3.19,28.85,9.04,133.0,144.0,23.0,372.0,3.19,29.03,9.1,133.0,144,70,2.9,27.7,69.4,0.0,0.0,64.4,64.4,165.2,,False,False,False,True,False,False
"Sep 16, 2021, 1:02:44 AM",Evening Run,4.25,38.88,9.15,135.3,161,4.27,36.05,8.44,136.0,161.0,36.0,485.0,4.25,38.88,9.15,135.3,161,72,7.0,23.5,59.1,10.4,0.0,88.4,89.4,167.3,,False,False,False,True,False,False
"Sep 14, 2021, 7:18:50 PM",Lunch Run,7.55,62.0,8.21,151.6,181,7.6,59.52,7.83,152.0,181.0,38.0,870.0,7.55,62.0,8.21,151.6,181,81,1.2,2.2,42.1,52.0,2.5,182.4,181.8,174.0,,False,False,False,False,False,False
"Sep 12, 2021, 4:57:15 PM",Morning Run,6.08,52.9,8.7,139.5,159,6.12,52.63,8.6,140.0,159.0,33.0,710.0,6.08,52.9,8.7,139.5,159,63,1.5,13.5,82.0,3.0,0.0,141.2,140.0,167.6,,False,False,False,False,False,False
"Sep 11, 2021, 1:58:44 PM",Morning Run,11.49,98.82,8.6,139.0,166,11.57,96.42,8.33,139.0,166.0,79.0,1289.0,11.49,98.82,8.6,139.0,166,84,1.0,10.4,83.3,5.3,0.0,195.0,196.8,170.6,,False,False,False,False,False,False
"Sep 10, 2021, 3:05:23 PM",Morning Run,7.04,65.17,9.26,139.0,164,7.1,59.2,8.34,139.0,164.0,143.0,796.0,7.04,65.17,9.26,139.0,164,68,7.4,13.9,64.1,14.6,0.0,201.6,200.2,169.1,,False,False,False,True,False,False
"Sep 8, 2021, 3:05:09 PM",Morning Run,7.08,63.98,9.03,135.2,163,7.11,62.78,8.83,135.0,163.0,157.0,811.0,7.08,63.98,9.03,135.2,163,77,1.2,32.1,63.3,3.5,0.0,212.6,215.2,165.6,,False,False,False,True,False,False
"Sep 7, 2021, 7:27:48 PM",Lunch Run,7.45,64.13,8.6,145.6,178,7.5,63.05,8.41,146.0,178.0,48.0,818.0,7.45,64.13,8.6,145.6,178,78,2.6,21.0,30.7,42.1,3.6,192.8,192.8,160.7,,False,False,False,False,False,False
"Sep 5, 2021, 1:54:56 PM",Morning Run at Big Bear,5.73,65.0,11.33,127.0,157,5.82,56.33,9.68,127.0,157.0,85.5,646.0,5.73,65.0,11.33,127.0,157,84,9.2,63.5,25.4,1.9,0.0,143.0,147.0,165.4,,False,False,False,True,False,False
"Sep 4, 2021, 1:21:42 PM",Morning Run,21.79,200.8,9.22,140.6,175,21.93,192.65,8.78,141.0,175.0,461.9,2512.0,21.79,200.8,9.22,140.6,175,88,1.5,10.8,75.9,11.7,0.2,603.4,605.4,168.3,,True,False,False,True,False,False
"Sep 2, 2021, 7:18:48 PM",Lunch Run,8.24,73.6,8.94,144.0,163,8.3,68.13,8.21,144.0,163.0,188.0,936.0,8.24,73.6,8.94,144.0,163,76,1.3,7.1,69.7,22.0,0.0,258.2,257.8,168.4,,False,False,False,False,False,False
"Sep 1, 2021, 7:16:58 PM",Lunch Run,8.84,83.87,9.49,136.7,168,8.92,77.13,8.65,137.0,168.0,154.0,988.0,8.84,83.87,9.49,136.7,168,69,3.2,31.5,54.2,11.1,0.0,256.4,257.8,166.4,,False,False,False,True,False,False
"Aug 31, 2021, 7:15:01 PM",Lunch Run,9.18,74.9,8.16,148.8,174,9.24,72.58,7.85,149.0,174.0,47.0,1014.0,9.18,74.9,8.16,148.8,174,71,1.6,7.8,51.1,35.8,3.7,239.2,236.0,175.5,,False,False,False,False,False,False
"Aug 30, 2021, 1:23:34 AM",Evening Run,5.45,51.6,9.46,136.1,153,5.49,48.67,8.87,136.0,153.0,55.0,616.0,5.45,51.6,9.46,136.1,153,86,2.5,23.4,72.7,1.5,0.0,118.8,119.8,168.3,,False,False,False,True,False,False
"Aug 28, 2021, 1:53:17 PM",Progressive run + sub-20 5K at mile 14,20.26,172.05,8.49,145.6,180,20.38,167.12,8.2,146.0,180.0,237.0,2262.0,20.26,172.05,8.49,145.6,180,79,2.4,15.5,44.3,26.5,11.3,447.6,450.2,170.1,,True,False,False,False,False,False
"Aug 26, 2021, 11:25:29 PM",Afternoon Run,8.36,82.38,9.85,135.1,157,8.45,74.68,8.84,135.0,157.0,172.0,941.0,8.36,82.38,9.85,135.1,157,68,3.1,32.1,58.0,6.8,0.0,262.4,261.2,165.0,,False,False,False,True,False,False
"Aug 25, 2021, 7:24:57 PM",Lunch Run,8.73,84.45,9.68,138.3,174,8.8,75.75,8.61,139.0,174.0,154.0,965.0,8.73,84.45,9.68,138.3,174,71,1.9,15.6,70.2,12.2,0.2,267.6,267.8,165.7,,False,False,False,True,False,False
"Aug 24, 2021, 7:06:27 PM",Lunch Run,11.14,92.33,8.29,146.0,159,11.21,90.3,8.06,146.0,159.0,107.0,1225.0,11.14,92.33,8.29,146.0,159,80,0.9,2.0,80.2,16.9,0.0,331.6,331.6,171.8,,False,False,False,False,False,False
"Aug 23, 2021, 1:50:37 AM",Evening Run,5.31,49.38,9.3,140.0,169,5.35,46.17,8.63,140.0,169.0,91.0,613.0,5.31,49.38,9.3,140.0,169,71,4.1,14.9,71.7,9.4,0.0,150.8,152.2,166.1,,False,False,False,True,False,False
"Aug 21, 2021, 1:57:54 PM",Morning Run,22.06,204.75,9.28,138.3,165,22.19,196.33,8.85,138.0,165.0,448.0,2510.0,22.06,204.75,9.28,138.3,165,67,2.2,28.5,58.6,10.7,0.0,613.8,615.4,167.2,,True,False,False,True,False,False
"Aug 19, 2021, 7:17:15 PM",Lunch Run,8.08,68.05,8.42,142.4,156,8.13,68.05,8.37,143.0,156.0,76.0,910.0,8.08,68.05,8.42,142.4,156,60,0.9,4.5,90.0,4.6,0.0,227.6,227.0,167.9,,False,False,False,False,False,False
"Aug 18, 2021, 7:31:16 PM",Lunch Run,8.14,74.78,9.19,139.7,161,8.19,69.87,8.53,140.0,161.0,178.0,919.0,8.14,74.78,9.19,139.7,161,76,1.5,21.2,63.7,13.6,0.0,251.8,252.4,167.7,,False,False,False,True,False,False
"Aug 18, 2021, 1:42:02 AM",Evening Run,7.42,60.1,8.1,149.0,175,7.47,57.12,7.65,149.0,175.0,35.0,810.0,7.42,60.1,8.1,149.0,175,64,2.7,10.3,37.9,47.5,1.6,159.4,158.8,172.1,,False,False,False,False,False,False
"Aug 16, 2021, 1:44:09 AM",Evening Run,5.01,51.22,10.22,128.5,150,5.05,49.7,9.84,129.0,150.0,23.0,572.0,5.01,51.22,10.22,128.5,150,63,3.4,69.3,27.3,0.0,0.0,113.2,115.0,164.6,,False,False,False,True,False,False
"Aug 14, 2021, 2:57:55 PM",Morning Run,18.41,168.37,9.15,146.3,168,18.69,156.6,8.38,146.0,168.0,282.0,2106.0,18.41,168.37,9.15,146.3,168,81,0.8,3.7,70.7,24.9,0.0,465.2,465.8,170.0,,True,False,False,True,False,False
"Aug 13, 2021, 1:11:23 AM",Evening Run,7.38,70.27,9.53,134.5,153,7.48,64.03,8.56,135.0,153.0,115.0,804.0,7.38,70.27,9.53,134.5,153,88,3.2,35.6,60.0,1.2,0.0,203.0,204.0,165.2,,False,False,False,True,False,False
"Aug 12, 2021, 1:08:46 AM",Evening Run,7.21,79.23,10.98,135.8,168,7.3,61.0,8.36,136.0,168.0,123.0,789.0,7.21,79.23,10.98,135.8,168,71,5.5,24.5,61.9,8.1,0.0,193.0,194.6,168.7,,False,False,False,True,False,False
"Aug 10, 2021, 7:29:14 PM",Lunch Run,7.7,64.32,8.35,151.3,174,7.75,62.85,8.11,151.0,174.0,74.0,877.0,7.7,64.32,8.35,151.3,174,89,1.0,9.2,33.0,52.9,3.9,260.0,259.4,165.0,,False,False,False,False,False,False
"Aug 8, 2021, 5:58:56 PM",Morning Run,4.05,37.27,9.2,130.4,144,4.05,36.47,9.0,133.0,144.0,0.0,446.0,4.05,37.27,9.2,130.4,144,51,11.7,18.5,69.8,0.0,0.0,0,0,171.2,0.027,False,False,False,True,False,False
"Aug 7, 2021, 4:05:28 PM",CD,3.35,42.3,12.63,134.9,154,3.48,34.38,9.88,141.0,154.0,77.0,432.0,3.35,42.3,12.63,134.9,154,86,16.0,11.0,68.5,4.5,0.0,110.6,92.4,164.5,,False,False,False,True,False,False
"Aug 7, 2021, 2:26:38 PM",1:29:39 Half Marathon 💥💪🏼,13.13,90.17,6.87,170.0,180,13.18,90.17,6.84,170.0,180.0,69.0,1495.0,13.13,90.17,6.87,170.0,180,98,0.2,0.2,0.5,49.5,49.7,318.2,313.8,178.9,,False,False,True,False,False,False
"Aug 7, 2021, 1:49:05 PM",WU,3.17,32.52,10.25,131.2,163,3.17,31.87,10.05,131.0,163.0,75.0,379.0,3.17,32.52,10.25,131.2,163,73,8.3,33.7,53.1,4.9,0.0,99.6,127.2,163.8,,False,False,False,True,False,False
"Aug 6, 2021, 7:21:16 PM",Lunch Run ,3.18,25.5,8.01,145.4,161,3.19,24.17,7.58,146.0,161.0,41.0,353.0,3.18,25.5,8.01,145.4,161,73,7.0,2.5,45.6,45.0,0.0,75.0,75.0,170.7,,False,False,False,False,False,False
"Aug 6, 2021, 2:26:01 AM",Evening Run,1.13,8.93,7.94,142.8,157,1.13,8.88,7.86,143.0,157.0,13.0,130.0,1.13,8.93,7.94,142.8,157,84,3.9,9.5,60.7,25.9,0.0,28.0,26.0,170.6,,False,True,False,False,False,False
"Aug 4, 2021, 6:55:03 PM",Lunch Run,8.33,80.72,9.69,140.8,158,8.4,70.02,8.34,141.0,158.0,89.0,915.0,8.33,80.72,9.69,140.8,158,77,3.4,14.2,73.0,9.5,0.0,218.2,218.2,167.1,,False,False,False,True,False,False
"Aug 3, 2021, 1:34:53 PM",Morning Run,7.76,78.03,10.06,136.7,162,7.82,69.47,8.88,137.0,162.0,178.0,894.0,7.76,78.03,10.06,136.7,162,87,1.6,27.7,64.4,6.2,0.0,250.2,253.0,167.0,,False,False,False,True,False,False
"Aug 1, 2021, 2:41:52 PM",Morning Run,17.75,152.22,8.58,147.3,173,17.86,146.38,8.2,147.0,173.0,140.0,1990.0,17.75,152.22,8.58,147.3,173,86,1.8,12.9,39.0,45.1,1.1,399.6,398.8,169.4,,True,False,False,False,False,False
"Jul 31, 2021, 2:37:11 PM",Morning Run,7.12,64.97,9.13,132.9,144,7.18,62.77,8.74,133.0,144.0,39.0,792.0,7.12,64.97,9.13,132.9,144,74,2.5,30.5,66.9,0.0,0.0,125.2,126.2,168.1,,False,False,False,True,False,False
"Jul 29, 2021, 1:25:11 PM",Morning Run,8.16,79.88,9.79,132.8,155,8.23,73.17,8.89,133.0,155.0,66.0,910.0,8.16,79.88,9.79,132.8,155,82,4.2,32.5,62.4,1.0,0.0,148.2,150.0,168.1,,False,False,False,True,False,False
"Jul 28, 2021, 2:36:26 PM",Morning Run,8.15,74.08,9.09,141.7,165,8.22,70.33,8.56,142.0,165.0,184.0,945.0,8.15,74.08,9.09,141.7,165,73,1.2,15.2,68.0,15.7,0.0,258.8,260.6,169.2,,False,False,False,True,False,False
"Jul 27, 2021, 2:19:02 PM",Morning Run,7.33,60.28,8.22,146.5,174,7.38,60.02,8.13,147.0,174.0,33.0,831.0,7.33,60.28,8.22,146.5,174,71,1.3,24.4,33.1,35.2,6.0,168.8,171.2,170.4,,False,False,False,False,False,False
"Jul 25, 2021, 11:02:42 PM",Afternoon Run,4.09,34.97,8.56,142.0,160,4.11,34.65,8.43,142.0,160.0,28.0,483.0,4.09,34.97,8.56,142.0,160,77,1.8,5.6,84.6,8.0,0.0,91.8,92.4,168.2,,False,False,False,False,False,False
"Jul 24, 2021, 2:16:04 PM",Morning Run,16.37,144.67,8.84,144.2,164,16.49,138.13,8.38,144.0,164.0,280.0,1890.0,16.37,144.67,8.84,144.2,164,74,0.5,6.0,76.2,17.3,0.0,443.8,444.2,168.5,,True,False,False,False,False,False
"Jul 23, 2021, 1:12:49 AM",Evening Run,8.16,72.85,8.93,143.4,165,8.21,68.03,8.29,144.0,165.0,183.0,931.0,8.16,72.85,8.93,143.4,165,65,1.2,9.3,67.2,22.3,0.0,273.2,275.4,168.2,,False,False,False,False,False,False
"Jul 22, 2021, 12:46:12 AM",Afternoon Run,7.13,69.98,9.81,139.1,168,7.22,60.65,8.4,139.0,168.0,39.9,805.0,7.13,69.98,9.81,139.1,168,91,3.7,8.7,83.5,4.1,0.0,169.2,169.8,166.7,,False,False,False,True,False,False
"Jul 20, 2021, 2:02:59 PM",Morning Run,8.01,69.13,8.63,141.3,168,8.06,68.85,8.54,142.0,168.0,38.0,893.0,8.01,69.13,8.63,141.3,168,82,7.6,20.5,37.6,34.3,0.0,204.2,204.8,161.4,,False,False,False,False,False,False
"Jul 19, 2021, 2:09:14 AM",Evening Run,7.02,65.22,9.29,142.9,173,7.08,61.13,8.63,143.0,173.0,157.0,807.0,7.02,65.22,9.29,142.9,173,68,3.6,8.5,67.9,19.0,0.9,236.6,241.4,165.9,,False,False,False,True,False,False
"Jul 17, 2021, 3:44:47 PM",Morning Run,12.46,104.47,8.38,150.4,174,12.53,101.05,8.06,151.0,174.0,183.0,1430.0,12.46,104.47,8.38,150.4,174,90,0.6,4.8,47.6,44.0,3.1,303.8,303.8,171.5,,False,False,False,False,False,False
"Jul 15, 2021, 5:35:28 PM",Morning Run,7.21,66.82,9.27,145.1,165,7.26,60.25,8.3,145.0,165.0,143.0,838.0,7.21,66.82,9.27,145.1,165,80,1.7,10.6,62.6,25.0,0.0,225.4,226.4,171.0,,False,False,False,True,False,False
"Jul 14, 2021, 9:43:21 PM",Afternoon Run,7.14,68.17,9.55,138.4,158,7.21,60.95,8.45,139.0,158.0,47.0,799.0,7.14,68.17,9.55,138.4,158,75,1.7,14.8,80.1,3.4,0.0,137.0,134.6,170.2,,False,False,False,True,False,False
"Jul 13, 2021, 7:22:49 PM",Lunch Run,8.22,69.72,8.48,149.8,175,8.31,67.9,8.17,150.0,175.0,69.0,930.0,8.22,69.72,8.48,149.8,175,83,0.4,2.5,60.0,35.3,1.7,218.8,218.8,168.1,,False,False,False,False,False,False
"Jul 11, 2021, 6:11:24 PM",Lunch Run,4.09,34.82,8.51,143.4,153,4.13,34.67,8.39,143.0,153.0,31.0,478.0,4.09,34.82,8.51,143.4,153,78,1.1,4.2,90.8,3.9,0.0,73.8,74.8,170.7,,False,False,False,False,False,False
"Jul 10, 2021, 1:57:11 PM",Lake Miramar Loop Run,15.87,145.15,9.15,141.0,163,15.96,141.83,8.89,141.0,163.0,365.6,1837.0,15.87,145.15,9.15,141.0,163,68,2.6,20.2,59.9,17.3,0.0,466.8,466.2,168.0,,True,False,False,True,False,False
"Jul 9, 2021, 2:00:34 PM",Morning Run,4.13,43.65,10.57,132.7,153,4.15,40.5,9.76,133.0,153.0,171.0,497.0,4.13,43.65,10.57,132.7,153,56,5.3,36.7,57.5,0.4,0.0,198.4,199.6,163.9,,False,False,False,True,False,False
"Jul 8, 2021, 1:34:11 PM",Morning Run + 19:27 5K,8.76,74.37,8.49,153.0,180,8.79,72.18,8.21,153.0,180.0,276.0,1027.0,8.76,74.37,8.49,153.0,180,66,0.6,6.8,31.6,46.7,14.4,311.4,311.2,172.4,,False,False,False,False,False,False
"Jul 7, 2021, 1:56:39 PM",Morning Run,9.12,84.87,9.3,137.4,167,9.17,78.4,8.55,138.0,167.0,153.0,1034.0,9.12,84.87,9.3,137.4,167,79,4.3,30.0,52.9,12.8,0.0,225.4,227.2,168.2,,False,False,False,True,False,False
"Jul 6, 2021, 6:59:02 PM",Lunch Run,8.12,65.9,8.12,150.2,173,8.17,64.93,7.95,150.0,173.0,46.0,911.0,8.12,65.9,8.12,150.2,173,89,0.8,8.3,34.0,55.1,1.8,218.6,218.2,168.9,,False,False,False,False,False,False
"Jul 4, 2021, 2:20:54 PM",Eagle rock and bent arrow trail Run,9.14,118.58,12.98,136.2,159,9.2,100.67,10.94,138.0,159.0,531.0,1162.0,9.14,118.58,12.98,136.2,159,75,6.8,26.3,58.7,8.3,0.0,576.8,568.6,158.8,0.125,False,False,False,True,False,False
"Jul 3, 2021, 9:40:50 PM",Afternoon Run,2.42,32.02,13.22,116.5,148,2.42,30.93,12.78,117.0,148.0,38.0,290.0,2.42,32.02,13.22,116.5,148,80,38.0,50.6,11.4,0.0,0.0,144.8,146.4,156.2,,False,False,False,True,False,False
"Jul 3, 2021, 5:57:37 PM",Strides,0.94,8.68,9.22,147.7,161,0.95,8.68,9.14,148.0,161.0,14.0,117.0,0.94,8.68,9.22,147.7,161,103,1.6,3.7,49.2,45.5,0.0,30.4,26.6,151.7,,False,False,False,True,False,False
"Jul 3, 2021, 3:55:20 PM",Morning Run,13.18,119.03,9.03,141.3,164,13.3,110.63,8.32,141.0,164.0,128.4,1472.0,13.18,119.03,9.03,141.3,164,71,2.5,25.7,41.1,30.7,0.0,317.0,322.6,172.0,,False,False,False,True,False,False
"Jul 1, 2021, 3:42:20 PM",Morning Run,7.02,67.08,9.55,138.2,151,7.11,60.33,8.49,139.0,151.0,29.0,800.0,7.02,67.08,9.55,138.2,151,84,1.7,16.0,82.3,0.0,0.0,126.4,123.8,173.9,,False,False,False,True,False,False
"Jun 30, 2021, 3:42:55 PM",Morning Run,8.63,82.28,9.54,140.0,159,8.7,76.2,8.76,140.0,159.0,149.5,978.0,8.63,82.28,9.54,140.0,159,77,2.2,12.2,76.4,9.1,0.0,227.2,228.0,168.6,,False,False,False,True,False,False
"Jun 30, 2021, 12:53:11 AM",Afternoon Run,9.25,90.85,9.82,138.8,161,9.31,83.9,9.01,139.0,161.0,166.0,1060.0,9.25,90.85,9.82,138.8,161,86,3.5,25.4,55.1,16.0,0.0,269.0,270.2,163.8,,False,False,False,True,False,False
"Jun 29, 2021, 12:50:26 AM",Afternoon Run,6.22,48.08,7.73,153.4,162,6.26,47.92,7.65,153.0,162.0,27.0,704.0,6.22,48.08,7.73,153.4,162,77,0.7,0.9,22.7,75.7,0.0,152.4,154.8,175.7,,False,True,False,False,False,False
"Jun 27, 2021, 1:42:41 PM",Morning Run,7.04,64.15,9.12,133.4,149,7.1,61.58,8.67,134.0,149.0,45.5,782.0,7.04,64.15,9.12,133.4,149,64,7.2,13.7,79.0,0.0,0.0,106.8,107.8,168.9,,False,False,False,True,False,False
"Jun 26, 2021, 4:00:04 PM",Cool down,3.53,30.58,8.66,149.9,164,3.56,29.8,8.37,150.0,164.0,16.0,419.0,3.53,30.58,8.66,149.9,164,124,0.0,0.9,61.9,37.2,0.0,68.6,68.2,168.0,,False,False,False,False,False,False
"Jun 26, 2021, 3:25:29 PM",30 min Time Trial with heavy legs,4.48,30.03,6.7,177.8,188,4.5,30.03,6.67,178.0,188.0,7.0,529.0,4.48,30.03,6.7,177.8,188,101,0.3,0.3,0.6,3.3,95.5,94.2,94.6,182.3,,False,False,True,False,False,False
"Jun 26, 2021, 2:57:35 PM",Warm up,2.41,22.97,9.52,140.2,162,2.43,22.6,9.3,140.0,162.0,7.0,292.0,2.41,22.97,9.52,140.2,162,90,1.5,8.5,85.5,4.5,0.0,40.4,40.8,163.9,,False,False,False,True,False,False
"Jun 25, 2021, 1:20:31 AM",Evening Run,7.56,77.87,10.3,134.1,169,7.63,69.92,9.16,134.0,169.0,198.0,862.0,7.56,77.87,10.3,134.1,169,68,6.1,38.4,46.3,9.2,0.0,281.8,283.0,163.6,,False,False,False,True,False,False
"Jun 24, 2021, 1:04:28 AM",Evening Run,7.25,72.87,10.05,135.6,156,7.32,66.27,9.05,136.0,156.0,141.0,833.0,7.25,72.87,10.05,135.6,156,65,3.1,27.8,62.1,7.0,0.0,226.6,227.4,166.8,,False,False,False,True,False,False
"Jun 23, 2021, 1:17:17 AM",Evening Run,7.67,79.3,10.33,137.8,170,7.77,68.72,8.84,138.0,170.0,156.0,885.0,7.67,79.3,10.33,137.8,170,83,3.5,26.5,56.9,13.1,0.0,243.4,243.6,166.1,,False,False,False,True,False,False
"Jun 21, 2021, 12:28:40 AM",Afternoon Run,2.54,30.42,11.95,126.9,150,2.54,26.13,10.29,128.0,150.0,66.0,350.0,2.54,30.42,11.95,126.9,150,92,18.9,39.6,41.5,0.0,0.0,206.0,209.2,161.8,,False,False,False,True,False,False
"Jun 20, 2021, 2:51:46 PM",Morning Run,7.06,71.88,10.18,132.6,145,7.13,69.28,9.72,133.0,145.0,43.0,829.0,7.06,71.88,10.18,132.6,145,55,2.1,36.0,62.0,0.0,0.0,121.4,123.0,169.4,,False,False,False,True,False,False
"Jun 19, 2021, 2:19:26 PM",San Vicente Mountain Trail Run,12.02,131.93,10.97,150.7,175,12.13,122.15,10.07,151.0,175.0,572.9,1585.0,12.02,131.93,10.97,150.7,175,87,0.6,7.8,38.0,52.7,0.9,635.6,646.8,162.6,,False,False,False,True,False,False
"Jun 19, 2021, 12:58:29 AM",Rocket X Test Run,3.6,30.07,8.34,146.4,168,3.64,27.87,7.66,147.0,168.0,20.0,403.0,3.6,30.07,8.34,146.4,168,76,1.4,5.8,59.5,33.2,0.0,71.8,72.6,171.1,,False,False,False,False,False,False
"Jun 17, 2021, 1:40:46 PM",Morning Run,8.1,83.98,10.37,138.9,166,8.18,74.83,9.15,139.0,166.0,202.0,961.0,8.1,83.98,10.37,138.9,166,69,3.4,25.2,53.5,17.9,0.0,271.6,273.0,164.8,,False,False,False,True,False,False
"Jun 16, 2021, 1:39:30 PM",Morning Run,8.69,79.85,9.19,139.8,167,8.74,74.83,8.56,140.0,167.0,148.0,996.0,8.69,79.85,9.19,139.8,167,71,2.2,18.6,67.4,11.8,0.0,232.2,232.0,169.8,,False,False,False,True,False,False
"Jun 15, 2021, 2:14:08 PM",Morning Run,8.03,80.17,9.99,143.0,170,8.13,73.65,9.06,143.0,170.0,201.0,965.0,8.03,80.17,9.99,143.0,170,60,2.1,12.7,63.9,21.3,0.0,270.2,271.0,168.3,,False,False,False,True,False,False
"Jun 13, 2021, 8:20:21 PM",Afternoon Run,7.7,83.53,10.85,127.5,159,7.77,79.98,10.29,128.0,159.0,79.0,880.0,7.7,83.53,10.85,127.5,159,71,13.6,43.4,40.4,2.6,0.0,262.4,266.4,162.5,,False,False,False,True,False,False
"Jun 13, 2021, 12:21:24 AM",Afternoon Run,9.01,99.75,11.07,145.2,175,9.14,80.17,8.77,146.0,175.0,237.0,1027.0,9.01,99.75,11.07,145.2,175,86,1.7,9.9,59.7,27.2,1.4,352.2,357.2,165.3,,False,False,False,True,False,False
"Jun 11, 2021, 1:18:52 AM",Evening Run,8.51,82.13,9.65,137.3,169,8.61,74.83,8.69,138.0,169.0,160.0,947.0,8.51,82.13,9.65,137.3,169,67,7.3,23.1,55.5,14.1,0.0,292.0,293.2,166.5,,False,False,False,True,False,False
"Jun 10, 2021, 1:17:01 AM",Evening Run,7.03,72.03,10.24,125.2,142,7.08,67.92,9.59,125.0,142.0,64.0,780.0,7.03,72.03,10.24,125.2,142,57,5.3,78.4,16.4,0.0,0.0,199.0,201.8,165.4,,False,False,False,True,False,False
"Jun 9, 2021, 1:28:25 AM",Evening Run,7.81,82.28,10.53,137.7,169,7.81,74.78,9.57,138.0,169.0,213.0,915.0,7.81,82.28,10.53,137.7,169,62,3.9,25.2,59.8,11.0,0.0,293.6,297.6,163.2,,False,False,False,True,False,False
"Jun 6, 2021, 2:45:42 PM",Morning Run,7.11,74.73,10.51,134.9,170,7.11,68.57,9.64,137.0,170.0,140.0,786.0,7.11,74.73,10.51,134.9,170,88,7.4,26.0,60.3,6.2,0.0,187.8,192.8,170.9,0.114,False,False,False,True,False,False
"Jun 6, 2021, 1:08:32 AM",Evening Run,11.37,107.13,9.42,140.7,162,11.37,101.42,8.92,143.0,162.0,160.0,1195.0,11.37,107.13,9.42,140.7,162,81,5.2,10.7,69.9,14.2,0.0,234.2,235.4,164.9,0.14,False,False,False,True,False,False
"Jun 3, 2021, 1:22:20 PM",Morning Run,8.41,75.68,9.0,137.1,165,8.41,75.27,8.95,137.0,165.0,31.0,876.0,8.41,75.68,9.0,137.1,165,56,3.2,19.0,68.6,9.2,0.0,88.2,88.8,166.6,0.13,False,False,False,True,False,False
"Jun 2, 2021, 1:36:20 PM",Morning Run,7.12,67.17,9.44,135.8,169,7.12,65.45,9.19,138.0,169.0,117.0,745.0,7.12,67.17,9.44,135.8,169,56,5.4,21.0,68.8,4.9,0.0,144.0,147.4,165.3,0.102,False,False,False,True,False,False
"Jun 2, 2021, 12:24:25 AM",Afternoon Run,4.02,47.53,11.84,117.1,164,4.02,47.53,11.82,117.0,164.0,22.0,390.0,4.02,47.53,11.84,117.1,164,80,26.7,67.0,1.5,4.8,0.0,71.2,69.0,158.2,0.194,False,False,False,True,False,False
"Jun 1, 2021, 2:32:13 PM",Strides,0.84,8.45,10.04,143.4,166,0.84,8.4,10.0,143.0,166.0,13.0,113.0,0.84,8.45,10.04,143.4,166,104,4.6,19.9,46.4,29.1,0.0,27.4,23.0,144.1,0.459,False,False,False,True,False,False
"Jun 1, 2021, 1:29:41 PM",Morning Run,6.26,62.02,9.9,130.6,158,6.26,57.38,9.17,133.0,158.0,38.0,620.0,6.26,62.02,9.9,130.6,158,76,9.9,34.2,55.6,0.3,0.0,84.8,92.6,164.7,0.091,False,False,False,True,False,False
"May 30, 2021, 4:19:00 PM",Morning Run,6.1,51.5,8.44,154.2,179,6.1,50.18,8.23,152.0,179.0,24.0,641.0,6.1,51.5,8.44,154.2,179,97,1.0,3.0,46.9,27.0,22.1,79.4,73.6,169.7,0.161,False,False,False,False,False,False
"May 30, 2021, 3:54:45 PM",Morning Run,2.01,19.97,9.91,136.1,159,2.01,19.45,9.68,135.0,159.0,8.0,237.0,2.01,19.97,9.91,136.1,159,97,2.4,26.2,64.9,6.5,0.0,19.2,24.0,161.6,0.201,False,False,False,True,False,False
"May 29, 2021, 4:28:17 PM",Strides,1.04,10.17,9.79,140.5,165,1.04,10.15,9.76,143.0,165.0,9.0,133.0,1.04,10.17,9.79,140.5,165,99,8.8,9.4,61.9,20.0,0.0,36.6,37.6,150.3,0.392,False,False,False,True,False,False
"May 29, 2021, 2:42:18 PM",Morning Run,11.03,104.28,9.46,136.1,160,11.03,97.2,8.81,139.0,160.0,128.0,1064.0,11.03,104.28,9.46,136.1,160,65,7.6,19.8,65.3,7.3,0.0,203.0,203.4,166.7,0.097,False,False,False,True,False,False
"May 27, 2021, 2:27:40 PM",Strides,1.01,9.73,9.64,141.0,159,1.01,9.65,9.55,143.0,159.0,12.0,130.0,1.01,9.73,9.64,141.0,159,101,4.5,14.1,60.9,20.5,0.0,42.2,40.4,152.0,0.413,False,False,False,True,False,False
"May 27, 2021, 1:22:55 PM",Morning Run,7.06,64.05,9.07,139.0,178,7.06,64.05,9.07,139.0,178.0,27.0,714.0,7.06,64.05,9.07,139.0,178,64,2.6,3.6,86.1,5.0,2.8,102.0,106.4,168.6,0.07,False,False,False,True,False,False
"May 26, 2021, 1:17:46 PM",Morning Run,7.3,69.88,9.57,135.7,155,7.3,68.15,9.34,137.0,155.0,159.0,764.0,7.3,69.88,9.57,135.7,155,79,3.7,25.4,66.3,4.6,0.0,192.4,197.8,164.3,0.116,False,False,False,True,False,False
"May 25, 2021, 8:31:18 PM",Strides,0.91,9.27,10.14,145.1,158,0.91,9.15,10.05,146.0,158.0,11.0,127.0,0.91,9.27,10.14,145.1,158,118,0.0,10.3,56.1,33.5,0.0,19.8,19.4,139.9,0.376,False,False,False,True,False,False
"May 25, 2021, 7:27:47 PM",Lunch Run,7.04,62.95,8.94,139.9,157,7.04,62.27,8.85,141.0,157.0,36.0,734.0,7.04,62.95,8.94,139.9,157,77,3.3,4.2,89.0,3.5,0.0,118.6,116.0,166.3,0.08,False,False,False,False,False,False
"May 23, 2021, 12:37:02 AM",Afternoon Run,11.4,121.2,10.64,129.5,162,11.4,107.9,9.46,133.0,162.0,186.0,1059.0,11.4,121.2,10.64,129.5,162,79,12.9,42.3,41.2,3.6,0.0,274.6,277.4,161.1,0.117,False,False,False,True,False,False
"May 22, 2021, 12:27:39 AM",Afternoon Run,8.17,85.4,10.46,127.7,164,8.17,76.47,9.36,131.0,164.0,148.0,746.0,8.17,85.4,10.46,127.7,164,60,14.1,42.1,42.7,1.1,0.0,252.4,253.0,160.4,0.086,False,False,False,True,False,False
"May 19, 2021, 6:49:12 PM",Lunch Run,7.07,66.6,9.42,139.5,155,7.07,62.65,8.86,142.0,155.0,51.0,755.0,7.07,66.6,9.42,139.5,155,82,6.1,10.0,79.7,4.2,0.0,110.2,107.6,166.5,0.081,False,False,False,True,False,False
"May 19, 2021, 12:27:22 AM",Afternoon Run,6.03,48.17,7.98,153.2,172,6.03,48.17,7.99,153.0,172.0,33.0,693.0,6.03,48.17,7.98,153.2,172,73,2.3,1.1,28.1,66.2,2.4,151.6,149.2,166.2,0.09,False,True,False,False,False,False
"May 18, 2021, 12:58:59 AM",Afternoon Run,7.13,71.55,10.03,135.1,157,7.13,65.88,9.24,138.0,157.0,139.0,715.0,7.13,71.55,10.03,135.1,157,69,6.7,22.1,67.2,4.0,0.0,180.8,182.0,161.2,0.11,False,False,False,True,False,False
"May 16, 2021, 12:19:07 AM",Afternoon Run,10.18,85.85,8.44,155.1,174,10.18,75.5,7.42,159.0,174.0,131.0,1078.0,10.18,85.85,8.44,155.1,174,76,2.5,5.2,21.0,67.6,3.8,223.0,224.2,168.2,0.088,False,False,False,False,False,False
"May 13, 2021, 1:52:29 AM",Evening Run,3.15,30.0,9.54,,,3.15,27.98,8.88,,,44.0,418.0,3.15,30.0,9.54,,,,,,,,,93.0,95.2,161.3,0.102,False,False,False,True,False,False
"May 12, 2021, 12:19:33 AM",Afternoon Run,4.12,38.88,9.45,,,4.12,38.88,9.44,,,23.0,551.0,4.12,38.88,9.45,,,,,,,,,88.2,90.0,162.7,0.099,False,False,False,True,False,False
"May 11, 2021, 12:05:55 AM",Afternoon Run,7.15,74.15,10.37,,,7.15,66.03,9.23,,,44.0,944.0,7.15,74.15,10.37,,,,,,,,,94.2,92.4,163.6,0.074,False,False,False,True,False,False
"May 10, 2021, 1:34:42 AM",Evening Run,4.04,30.37,7.52,,,4.04,29.43,7.28,,,37.0,537.0,4.04,30.37,7.52,,,,,,,,,78.8,78.4,170.2,0.096,False,True,False,False,False,False
"May 8, 2021, 1:39:11 AM",Evening Run,4.11,43.45,10.57,,,4.11,40.82,9.93,,,30.0,551.0,4.11,43.45,10.57,,,,,,,,,82.4,82.2,163.1,0.081,False,False,False,True,False,False
"May 7, 2021, 1:40:31 AM",Evening Run,4.2,41.05,9.78,,,4.2,38.27,9.11,,,40.0,554.0,4.2,41.05,9.78,,,,,,,,,96.4,97.6,165.2,0.105,False,False,False,True,False,False
"May 6, 2021, 1:23:23 AM",Evening Run,5.19,54.23,10.46,,,5.19,50.2,9.67,,,88.0,684.0,5.19,54.23,10.46,,,,,,,,,110.4,114.8,158.0,0.161,False,False,False,True,False,False
"May 5, 2021, 1:33:21 AM",Evening Run,5.01,44.43,8.86,,,5.01,41.0,8.18,,,39.0,662.0,5.01,44.43,8.86,,,,,,,,,71.0,70.8,168.6,0.091,False,False,False,False,False,False
"May 3, 2021, 1:23:38 AM",Evening Run,6.17,55.78,9.04,,,6.17,52.52,8.51,,,113.0,817.0,6.17,55.78,9.04,,,,,,,,,141.0,140.2,166.1,0.148,False,False,False,True,False,False
"May 1, 2021, 12:46:48 AM",Afternoon Run,5.2,55.5,10.67,,,5.2,50.73,9.76,,,96.0,686.0,5.2,55.5,10.67,,,,,,,,,114.2,112.0,159.3,0.169,False,False,False,True,False,False
"Apr 30, 2021, 7:26:51 PM",Lunch Run,2.08,26.72,12.84,,,2.08,19.45,9.35,,,21.0,273.0,2.08,26.72,12.84,,,,,,,,,39.4,39.2,158.2,0.129,False,False,False,True,False,False
"Apr 30, 2021, 12:50:00 AM",Afternoon Run,6.37,63.85,10.02,,,6.37,61.95,9.73,,,104.0,850.0,6.37,63.85,10.02,,,,,,,,,139.2,136.0,160.1,0.113,False,False,False,True,False,False
"Apr 29, 2021, 12:49:10 AM",Afternoon Run,8.01,76.62,9.57,,,8.01,69.97,8.74,,,155.0,1057.0,8.01,76.62,9.57,,,,,,,,,224.8,225.4,164.9,0.085,False,False,False,True,False,False
"Apr 28, 2021, 12:24:11 AM",Afternoon Run,5.0,46.6,9.31,135.8,166,5.0,46.33,9.27,137.0,166.0,35.0,566.0,5.0,46.6,9.31,135.8,166,65,7.3,28.7,42.5,21.5,0.0,113.8,114.6,162.1,0.123,False,False,False,True,False,False
"Apr 21, 2021, 12:34:21 AM",Afternoon Run,4.01,40.28,10.05,126.0,160,4.01,40.28,10.04,127.0,160.0,15.1,417.0,4.01,40.28,10.05,126.0,160,71,3.7,82.5,8.9,4.9,0.0,94.0,94.4,158.5,0.124,False,False,False,True,False,False
"Apr 19, 2021, 12:49:26 AM",Afternoon Run,7.14,66.5,9.32,144.6,181,7.14,59.3,8.31,146.0,181.0,164.0,781.0,7.14,66.5,9.32,144.6,181,61,6.9,20.9,28.7,32.1,11.3,286.8,287.4,162.0,0.159,False,False,False,True,False,False
"Apr 18, 2021, 12:54:14 AM",Afternoon Run,7.03,71.07,10.11,133.3,181,7.03,63.02,8.96,135.0,181.0,28.0,672.0,7.03,71.07,10.11,133.3,181,69,8.3,28.6,56.0,3.6,3.5,105.0,106.6,162.9,0.133,False,False,False,True,False,False
"Apr 16, 2021, 12:43:22 AM",Afternoon Run,4.02,40.27,10.01,127.3,146,4.02,37.5,9.33,131.0,146.0,37.0,414.0,4.02,40.27,10.01,127.3,146,59,10.0,50.1,39.9,0.0,0.0,127.4,126.0,163.6,0.074,False,False,False,True,False,False
"Apr 15, 2021, 1:37:21 AM",Evening Run,3.13,26.18,8.37,135.7,165,3.13,26.18,8.36,139.0,165.0,28.0,298.0,3.13,26.18,8.37,135.7,165,78,21.8,6.1,47.9,24.2,0.0,64.6,67.2,163.1,0.09,False,False,False,False,False,False
"Apr 12, 2021, 1:31:12 AM",Evening Run,6.03,54.48,9.03,142.9,174,6.03,52.72,8.74,145.0,174.0,139.0,644.0,6.03,54.48,9.03,142.9,174,65,3.5,11.7,56.6,27.0,1.3,198.8,201.8,162.3,0.126,False,False,False,True,False,False
"Apr 11, 2021, 1:36:48 AM",Evening Run,6.14,71.35,11.62,126.3,144,6.14,64.95,10.58,129.0,144.0,111.0,612.0,6.14,71.35,11.62,126.3,144,78,11.1,60.2,28.7,0.0,0.0,180.4,182.2,158.5,0.076,False,False,False,True,False,False
"Apr 8, 2021, 1:39:11 AM",Evening Run,5.11,46.33,9.06,137.3,159,5.11,42.52,8.32,140.0,159.0,37.0,500.0,5.11,46.33,9.06,137.3,159,63,5.6,24.9,55.1,14.4,0.0,85.4,86.2,164.5,0.091,False,False,False,True,False,False
"Apr 3, 2021, 2:24:46 PM",50K Run,31.27,314.03,10.04,120.2,169,31.27,294.08,9.4,119.0,169.0,500.0,3240.0,31.27,314.03,10.04,120.2,169,33,34.0,10.1,36.6,19.4,0.0,656.2,683.6,162.7,0.099,True,False,False,True,False,False
"Apr 1, 2021, 1:27:58 AM",Evening Run,6.17,68.92,11.16,119.9,161,6.17,64.5,10.45,122.0,161.0,97.0,618.0,6.17,68.92,11.16,119.9,161,72,18.6,72.3,8.5,0.7,0.0,124.0,124.2,159.5,0.134,False,False,False,True,False,False
"Mar 31, 2021, 12:02:24 AM",Afternoon Run,5.31,54.47,10.27,126.3,149,5.31,52.18,9.83,128.0,149.0,35.3,558.0,5.31,54.47,10.27,126.3,149,81,11.4,68.5,20.1,0.0,0.0,98.4,104.2,161.3,0.07,False,False,False,True,False,False
"Mar 29, 2021, 9:59:43 PM",Afternoon Run,8.09,77.47,9.58,,,8.09,69.87,8.64,,,140.0,1065.0,8.09,77.47,9.58,,,,,,,,,234.8,230.8,164.2,0.094,False,False,False,True,False,False
"Mar 28, 2021, 5:35:43 PM",Morning Run,9.08,91.63,10.09,,,9.08,84.28,9.28,,,128.0,1199.0,9.08,91.63,10.09,,,,,,,,,200.2,191.6,162.6,0.077,False,False,False,True,False,False
"Mar 27, 2021, 12:54:02 AM",Afternoon Run,9.18,82.82,9.02,,,9.18,67.05,7.3,,,67.0,1204.0,9.18,82.82,9.02,,,,,,,,,174.4,182.8,168.6,0.1,False,False,False,True,False,False
"Mar 25, 2021, 12:56:05 AM",Afternoon Run,6.17,64.58,10.47,,,6.17,58.83,9.53,,,116.0,819.0,6.17,64.58,10.47,,,,,,,,,160.2,162.6,161.7,0.1,False,False,False,True,False,False
"Mar 24, 2021, 1:13:16 AM",Evening Run,4.02,59.18,14.71,107.3,127,4.02,50.78,12.63,111.0,127.0,26.0,357.0,4.02,59.18,14.71,107.3,127,69,71.1,28.9,0.0,0.0,0.0,112.2,117.6,152.3,0.137,False,False,False,True,False,False
"Mar 21, 2021, 3:12:52 PM",2x Kenter and 1x Tiger Tail,10.25,152.33,14.86,144.0,170,10.25,126.53,12.34,148.0,170.0,925.0,1460.0,10.25,152.33,14.86,144.0,170,81,5.5,16.5,36.9,41.1,0.0,981.8,992.2,154.6,0.28,False,False,False,True,False,False
"Mar 20, 2021, 11:25:38 PM",Afternoon Run,8.05,82.65,10.27,122.3,162,8.05,70.6,8.77,123.0,162.0,82.0,947.0,8.05,82.65,10.27,122.3,162,48,35.4,19.2,32.8,12.6,0.0,174.8,171.4,161.9,0.095,False,False,False,True,False,False
"Mar 19, 2021, 12:46:40 AM",Afternoon Run,8.2,85.48,10.43,132.9,170,8.2,69.28,8.45,136.0,170.0,153.0,839.0,8.2,85.48,10.43,132.9,170,69,19.4,14.0,49.2,17.4,0.0,215.2,217.6,161.1,0.122,False,False,False,True,False,False
"Mar 17, 2021, 1:14:23 AM",Evening Run,7.24,70.75,9.77,135.2,175,7.24,61.9,8.55,138.0,175.0,144.0,777.0,7.24,70.75,9.77,135.2,175,59,17.9,16.7,41.5,23.2,0.6,181.2,182.4,163.2,0.124,False,False,False,True,False,False
"Mar 14, 2021, 4:44:20 PM",Morning Run,14.05,141.42,10.07,128.6,166,14.05,127.8,9.1,132.0,166.0,215.0,1563.0,14.05,141.42,10.07,128.6,166,58,21.9,25.4,39.0,13.7,0.0,342.4,339.6,163.2,0.117,False,False,False,True,False,False
"Mar 12, 2021, 8:22:35 PM",Lunch Run,3.38,33.48,9.91,127.0,149,3.38,33.13,9.8,131.0,149.0,43.0,368.0,3.38,33.48,9.91,127.0,149,74,14.8,42.6,42.6,0.0,0.0,79.4,77.4,152.6,0.093,False,False,False,True,False,False
"Mar 11, 2021, 8:15:14 PM",Lunch Run,10.13,78.83,7.78,157.0,174,10.13,78.0,7.7,159.0,174.0,65.0,1169.0,10.13,78.83,7.78,157.0,174,78,1.7,4.8,17.1,67.8,8.5,153.4,147.4,170.5,0.079,False,True,False,False,False,False
"Mar 10, 2021, 1:52:45 AM",Afternoon Run,8.02,81.23,10.13,131.9,173,8.02,72.32,9.02,135.0,173.0,121.0,800.0,8.02,81.23,10.13,131.9,173,49,16.9,15.2,62.1,5.7,0.1,219.2,220.8,161.1,0.112,False,False,False,True,False,False
"Mar 7, 2021, 3:46:58 PM",Morning Run,15.09,131.75,8.73,145.1,170,15.09,131.75,8.73,146.0,170.0,110.0,1619.0,15.09,131.75,8.73,145.1,170,73,4.9,4.3,62.7,28.2,0.0,194.0,202.4,166.1,0.082,True,False,False,False,False,False
"Mar 6, 2021, 2:12:33 AM",Evening Run,5.41,75.43,13.95,106.8,127,5.41,68.85,12.73,110.0,127.0,42.0,444.0,5.41,75.43,13.95,106.8,127,56,78.3,21.7,0.0,0.0,0.0,99.2,99.2,150.6,0.132,False,False,False,True,False,False
"Mar 4, 2021, 2:04:54 AM",Evening Run,7.04,74.72,10.62,126.4,153,7.04,64.72,9.19,130.0,153.0,141.0,660.0,7.04,74.72,10.62,126.4,153,75,19.7,38.3,41.1,1.0,0.0,185.8,194.0,160.6,0.145,False,False,False,True,False,False
"Mar 2, 2021, 8:23:13 PM",Lunch Run,5.41,55.95,10.34,133.8,170,5.41,49.6,9.17,137.0,170.0,51.0,548.0,5.41,55.95,10.34,133.8,170,69,11.8,14.1,62.0,12.0,0.0,158.6,153.8,162.8,0.071,False,False,False,True,False,False
"Feb 28, 2021, 3:19:36 PM",Morning Run,20.04,188.53,9.41,144.4,176,20.04,177.8,8.87,145.0,176.0,122.0,1876.0,20.04,188.53,9.41,144.4,176,80,3.7,3.3,69.5,22.7,0.8,288.2,300.4,164.8,0.072,True,False,False,True,False,False
"Feb 25, 2021, 8:16:40 PM",Lunch Run,7.09,63.55,8.96,150.9,181,7.09,59.92,8.45,150.0,181.0,44.0,839.0,7.09,63.55,8.96,150.9,181,57,8.3,1.9,33.9,34.0,22.0,126.2,114.4,173.2,0.205,False,False,False,False,False,False
"Feb 24, 2021, 8:19:08 PM",Lunch Run,8.31,76.72,9.23,135.3,165,8.33,69.72,8.37,138.0,165.0,126.0,925.0,8.31,76.72,9.23,135.3,165,69,13.2,22.2,45.6,18.9,0.0,188.2,180.6,163.8,0.092,False,False,False,True,False,False
"Feb 23, 2021, 7:53:59 PM",Lunch Run,6.36,63.82,10.03,128.2,167,6.36,58.77,9.24,131.0,167.0,46.0,658.0,6.36,63.82,10.03,128.2,167,72,16.6,32.7,46.2,4.5,0.0,112.2,105.2,161.6,0.073,False,False,False,True,False,False
"Feb 21, 2021, 3:41:46 PM",Morning Run,18.69,190.38,10.19,136.1,159,18.69,175.75,9.4,138.0,159.0,354.0,1807.0,18.69,190.38,10.19,136.1,159,76,5.7,20.1,70.0,4.2,0.0,490.4,497.4,164.2,0.119,True,False,False,True,False,False
"Feb 20, 2021, 2:04:19 AM",Evening Run,9.14,90.68,9.92,116.9,175,9.14,85.95,9.4,119.0,175.0,120.0,897.0,9.14,90.68,9.92,116.9,175,56,28.8,52.8,16.6,1.1,0.6,166.0,169.8,161.9,0.086,False,False,False,True,False,False
"Feb 18, 2021, 1:35:56 AM",Afternoon Run,7.37,73.37,9.96,137.9,173,7.37,59.2,8.03,143.0,173.0,113.0,740.0,7.37,73.37,9.96,137.9,173,77,13.0,22.4,34.3,29.2,1.1,185.4,197.2,164.7,0.138,False,False,False,True,False,False
"Feb 16, 2021, 8:25:39 PM",Lunch Run,5.28,51.28,9.71,134.2,171,5.28,47.78,9.05,138.0,171.0,100.0,531.0,5.28,51.28,9.71,134.2,171,58,10.4,11.9,73.7,3.8,0.2,147.8,143.2,162.0,0.138,False,False,False,True,False,False
"Feb 14, 2021, 3:36:03 PM",Morning Run,16.06,148.55,9.25,143.7,172,16.06,139.42,8.68,145.0,172.0,219.0,1725.0,16.06,148.55,9.25,143.7,172,71,5.5,8.4,60.4,25.6,0.1,376.0,392.2,165.0,0.105,True,False,False,True,False,False
"Feb 13, 2021, 2:28:38 AM",Evening Run,6.04,62.98,10.42,126.3,145,6.04,58.45,9.68,130.0,145.0,100.0,581.0,6.04,62.98,10.42,126.3,145,56,12.8,52.6,34.6,0.0,0.0,179.2,185.8,159.3,0.084,False,False,False,True,False,False
"Feb 11, 2021, 8:21:48 PM",Lunch Run,8.32,78.73,9.46,144.3,172,8.32,67.18,8.07,148.0,172.0,129.0,909.0,8.32,78.73,9.46,144.3,172,62,6.7,11.5,40.6,40.9,0.2,198.8,192.4,164.3,0.089,False,False,False,True,False,False
"Feb 10, 2021, 2:26:18 AM",Evening Run,5.21,52.25,10.03,120.7,153,5.21,50.72,9.74,125.0,153.0,39.0,502.0,5.21,52.25,10.03,120.7,153,53,22.8,38.8,38.2,0.2,0.0,88.0,90.2,159.9,0.101,False,False,False,True,False,False
"Feb 7, 2021, 7:06:48 PM",Lunch Run,14.09,138.88,9.86,134.0,159,14.09,128.7,9.13,136.0,159.0,150.0,1388.0,14.09,138.88,9.86,134.0,159,60,8.7,16.9,70.5,3.8,0.0,264.2,249.2,161.1,0.08,False,False,False,True,False,False
"Feb 5, 2021, 7:53:37 PM",Lunch Run,8.32,79.02,9.5,148.1,176,8.37,65.57,7.83,151.0,176.0,135.0,885.0,8.32,79.02,9.5,148.1,176,81,7.0,8.7,30.6,51.2,2.5,204.2,194.6,165.5,0.091,False,False,False,True,False,False
"Feb 4, 2021, 2:09:25 AM",Evening Run,8.31,80.7,9.71,125.7,149,8.31,78.72,9.47,128.0,149.0,70.0,788.0,8.31,80.7,9.71,125.7,149,64,13.4,50.4,36.3,0.0,0.0,145.8,150.4,161.8,0.129,False,False,False,True,False,False
"Jan 31, 2021, 4:33:18 PM",Birthday 13.1 PR Run,13.2,98.93,7.5,157.0,179,13.2,98.93,7.49,159.0,179.0,65.0,1574.0,13.2,98.93,7.5,157.0,179,71,12.0,3.8,1.3,62.2,20.7,180.2,182.2,171.6,0.075,False,True,False,False,False,False
"Jan 31, 2021, 4:19:27 PM",Warm-up,1.16,10.67,9.23,114.7,145,1.16,10.67,9.2,121.0,145.0,1.0,128.0,1.16,10.67,9.23,114.7,145,80,45.3,16.5,38.1,0.0,0.0,71.4,93.2,159.8,0.184,False,False,False,True,False,False
"Jan 28, 2021, 8:25:14 PM",Lunch Run,7.11,71.15,10.01,135.1,161,7.14,65.35,9.15,138.0,161.0,180.0,755.0,7.11,71.15,10.01,135.1,161,74,9.8,15.5,67.9,6.8,0.0,235.4,228.0,160.7,0.113,False,False,False,True,False,False
"Jan 28, 2021, 2:33:44 AM",Evening Run,5.41,48.85,9.02,132.7,163,5.41,48.17,8.9,135.0,163.0,104.0,563.0,5.41,48.85,9.02,132.7,163,64,14.6,15.1,66.7,3.6,0.0,121.6,123.4,161.8,0.075,False,False,False,True,False,False
"Jan 27, 2021, 2:26:14 AM",Evening Run,5.02,42.83,8.52,128.6,162,5.02,40.93,8.15,130.0,162.0,35.0,586.0,5.02,42.83,8.52,128.6,162,60,32.3,2.6,31.9,33.2,0.0,96.8,99.2,165.0,0.076,False,False,False,False,False,False
"Jan 25, 2021, 12:59:27 AM",Afternoon Run,8.19,87.57,10.69,130.1,151,8.19,78.32,9.56,133.0,151.0,127.0,794.0,8.19,87.57,10.69,130.1,151,75,11.1,30.0,58.9,0.0,0.0,171.6,171.2,158.6,0.074,False,False,False,True,False,False
"Jan 24, 2021, 12:45:41 AM",Run with Raaham,0.44,5.8,,,,0.44,5.8,,,,7.5,68.0,,,,,,,,,,,,,,,,False,False,False,False,False,False
"Jan 22, 2021, 8:15:13 PM",Lunch Run,9.1,76.48,8.4,160.3,177,9.14,65.9,7.21,164.0,177.0,75.0,1030.0,9.1,76.48,8.4,160.3,177,67,3.1,3.7,12.0,53.7,27.5,181.0,177.2,171.9,0.086,False,False,False,False,False,False
"Jan 22, 2021, 2:24:03 AM",Evening Run,4.5,37.7,8.39,142.7,162,4.5,37.7,8.38,144.0,162.0,52.0,487.0,4.5,37.7,8.39,142.7,162,92,2.9,2.5,86.4,8.3,0.0,103.4,103.2,166.2,0.095,False,False,False,False,False,False
"Jan 20, 2021, 8:33:29 PM",Lunch Run,5.13,42.0,8.19,154.6,173,5.13,39.27,7.65,157.0,173.0,38.0,581.0,5.13,42.0,8.19,154.6,173,79,5.4,5.4,13.5,70.1,5.6,76.0,71.4,168.9,0.081,False,False,False,False,False,False
"Jan 17, 2021, 3:58:06 PM",Morning Run,10.1,105.38,10.44,129.4,164,10.1,95.28,9.43,132.0,164.0,139.0,968.0,10.1,105.38,10.44,129.4,164,59,12.0,32.4,53.0,2.6,0.0,196.6,202.6,161.1,0.102,False,False,False,True,False,False
"Jan 14, 2021, 8:26:28 PM",Lunch Run,6.43,67.37,10.48,130.4,145,6.43,61.52,9.57,134.0,145.0,38.0,644.0,6.43,67.37,10.48,130.4,145,63,8.3,30.7,60.9,0.0,0.0,103.8,100.0,160.5,0.097,False,False,False,True,False,False
"Jan 13, 2021, 8:23:40 PM",Lunch Run,7.04,60.98,8.66,151.2,176,7.04,54.97,7.81,154.0,176.0,136.0,780.0,7.04,60.98,8.66,151.2,176,93,5.3,6.0,28.8,57.3,2.6,166.0,188.0,165.9,0.117,False,False,False,False,False,False
"Jan 12, 2021, 8:19:40 PM",Lunch Run,7.11,67.25,9.46,129.0,154,7.11,65.7,9.24,132.0,154.0,76.0,738.0,7.11,67.25,9.46,129.0,154,57,14.6,15.4,68.8,1.2,0.0,127.4,119.2,160.2,0.079,False,False,False,True,False,False
"Jan 10, 2021, 7:39:33 PM",Lunch Run,10.05,93.62,9.31,148.0,180,10.05,80.15,7.98,149.0,180.0,148.0,1125.0,10.05,93.62,9.31,148.0,180,55,10.9,9.1,19.8,45.4,14.9,230.8,222.4,163.0,0.12,False,False,False,True,False,False
"Jan 9, 2021, 2:16:07 AM",Evening Run,7.27,75.13,10.33,125.7,152,7.27,70.78,9.74,127.0,152.0,107.0,713.0,7.27,75.13,10.33,125.7,152,63,14.4,54.0,31.2,0.4,0.0,153.0,151.6,159.1,0.09,False,False,False,True,False,False
"Jan 7, 2021, 8:25:02 PM",Lunch Run,7.18,61.95,8.63,151.1,168,7.18,56.95,7.93,153.0,168.0,53.0,798.0,7.18,61.95,8.63,151.1,168,83,2.4,5.9,25.3,66.4,0.0,102.2,93.0,167.4,0.092,False,False,False,False,False,False
"Jan 5, 2021, 8:27:43 PM",Lunch Run,6.06,49.45,8.16,148.2,178,6.06,47.83,7.89,152.0,178.0,39.0,711.0,6.06,49.45,8.16,148.2,178,62,15.0,1.2,12.6,65.9,5.3,97.0,94.6,165.9,0.094,False,False,False,False,False,False
"Jan 2, 2021, 7:50:33 PM",Lunch Run,13.18,133.22,10.1,134.2,153,13.18,123.82,9.39,136.0,153.0,143.0,1157.0,13.18,133.22,10.1,134.2,153,86,4.5,23.5,71.1,0.9,0.0,213.8,207.8,160.2,0.072,False,False,False,True,False,False
"Dec 31, 2020, 1:57:55 AM",Evening Run,5.07,49.32,9.73,130.5,158,5.07,46.33,9.14,133.0,158.0,24.0,528.0,5.07,49.32,9.73,130.5,158,76,17.1,9.1,72.9,0.9,0.0,65.4,67.6,160.6,0.078,False,False,False,True,False,False
"Dec 30, 2020, 2:23:10 AM",Evening Run,5.44,53.6,9.85,130.6,159,5.47,47.85,8.75,134.0,159.0,22.0,557.0,5.44,53.6,9.85,130.6,159,59,18.6,17.2,57.8,6.4,0.0,49.2,50.4,161.4,0.105,False,False,False,True,False,False
"Dec 27, 2020, 4:56:00 PM",Morning Run,8.37,85.07,10.16,127.5,147,8.37,79.8,9.53,132.0,147.0,121.0,849.0,8.37,85.07,10.16,127.5,147,62,15.4,27.0,57.6,0.0,0.0,180.6,180.8,161.7,0.093,False,False,False,True,False,False
"Dec 26, 2020, 5:20:31 PM",Morning Run,8.32,75.08,9.03,138.3,159,8.32,72.62,8.73,141.0,159.0,125.0,863.0,8.32,75.08,9.03,138.3,159,55,7.5,8.2,70.0,14.3,0.0,162.2,160.2,163.3,0.075,False,False,False,True,False,False
"Dec 25, 2020, 12:47:01 AM",Afternoon Run,7.04,60.02,8.53,149.4,173,7.04,54.57,7.75,151.0,173.0,106.0,781.0,7.04,60.02,8.53,149.4,173,54,7.8,5.5,22.8,61.9,2.0,191.0,190.4,164.2,0.136,False,False,False,False,False,False
"Dec 21, 2020, 3:08:20 PM",Morning Run,8.13,81.97,10.08,130.6,160,8.13,74.58,9.17,134.0,160.0,45.0,811.0,8.13,81.97,10.08,130.6,160,71,15.5,13.7,67.9,2.9,0.0,128.6,117.6,162.5,0.094,False,False,False,True,False,False
"Dec 20, 2020, 7:22:05 PM",Lunch Run,13.22,123.22,9.32,142.5,173,13.22,115.02,8.7,144.0,173.0,143.0,1334.0,13.22,123.22,9.32,142.5,173,69,3.8,10.7,66.2,15.8,3.5,226.2,205.6,162.1,0.104,False,False,False,True,False,False
"Dec 18, 2020, 8:19:37 PM",Lunch Run,5.17,54.18,10.48,124.0,145,5.17,48.93,9.46,128.0,145.0,86.0,523.0,5.17,54.18,10.48,124.0,145,67,19.4,40.9,39.7,0.0,0.0,164.0,159.8,162.1,0.126,False,False,False,True,False,False
"Dec 17, 2020, 8:17:55 PM",Lunch Run,8.34,75.57,9.06,151.6,177,8.34,65.38,7.84,154.0,177.0,128.0,915.0,8.34,75.57,9.06,151.6,177,72,4.5,5.7,33.1,49.5,7.2,234.0,217.4,165.4,0.131,False,False,False,True,False,False
"Dec 15, 2020, 8:33:17 PM",Lunch Run,6.32,58.68,9.28,138.8,175,6.32,54.17,8.57,142.0,175.0,47.0,665.0,6.32,58.68,9.28,138.8,175,81,9.4,7.7,76.4,5.4,1.0,93.0,89.2,165.9,0.075,False,False,False,True,False,False
"Dec 13, 2020, 4:14:39 PM",Klondike and Portuguese Canyon Trail Run,10.03,119.15,11.88,146.2,172,10.1,99.8,9.88,150.0,172.0,570.0,1309.0,10.03,119.15,11.88,146.2,172,80,2.9,14.6,36.2,45.9,0.4,671.0,673.2,157.2,0.234,False,False,False,True,False,False
"Dec 11, 2020, 8:06:03 PM",Lunch Run,7.07,56.63,8.0,161.9,178,7.07,50.43,7.13,165.0,178.0,54.0,776.0,7.07,56.63,8.0,161.9,178,74,2.5,1.7,11.2,48.2,36.4,123.6,116.4,169.4,0.095,False,False,False,False,False,False
"Dec 9, 2020, 3:05:33 PM",Morning Run,6.1,55.2,9.04,140.0,164,6.1,52.52,8.61,142.0,164.0,115.0,661.0,6.1,55.2,9.04,140.0,164,76,7.6,14.1,54.3,24.0,0.0,141.6,145.0,163.6,0.109,False,False,False,True,False,False
"Dec 8, 2020, 3:06:55 PM",Morning Run,5.14,41.58,8.09,144.6,174,5.14,41.5,8.07,146.0,174.0,31.0,551.0,5.14,41.58,8.09,144.6,174,62,14.7,1.3,26.4,50.1,7.5,69.2,72.2,166.5,0.092,False,False,False,False,False,False
"Dec 6, 2020, 7:04:01 PM",Stroller Run,8.35,95.9,11.49,139.2,160,8.35,78.5,9.4,141.0,160.0,72.0,882.0,8.35,95.9,11.49,139.2,160,96,4.3,9.6,83.4,2.6,0.0,117.4,77.0,157.4,0.086,False,False,False,True,False,False
"Dec 5, 2020, 2:39:31 AM",Evening Run,0.52,4.87,9.37,,,0.52,4.87,9.37,,,7.0,79.0,,,,,,,,,,,,,,,,False,False,False,True,False,False
"Dec 4, 2020, 2:54:07 PM",Morning Run,6.13,56.03,9.14,146.0,171,6.13,49.85,8.13,147.0,171.0,109.0,695.0,6.13,56.03,9.14,146.0,171,70,8.2,7.1,27.7,56.7,0.2,170.6,172.6,165.3,0.118,False,False,False,True,False,False
"Dec 3, 2020, 2:21:32 AM",Evening Run,4.33,42.5,9.83,121.1,148,4.33,41.98,9.7,124.0,148.0,47.0,443.0,4.33,42.5,9.83,121.1,148,66,17.3,59.8,22.8,0.0,0.0,65.4,69.2,159.2,0.078,False,False,False,True,False,False
"Nov 30, 2020, 8:14:17 PM",Lunch Run,4.03,33.17,8.24,148.9,166,4.03,31.58,7.84,152.0,166.0,33.0,448.0,4.03,33.17,8.24,148.9,166,78,9.0,3.8,19.8,67.3,0.0,68.8,65.6,167.0,0.087,False,False,False,False,False,False
"Nov 29, 2020, 3:46:30 PM",Old Nike Site Missile Trail Run,10.68,112.95,10.58,147.2,165,10.67,102.72,9.63,150.0,165.0,441.0,1285.0,10.68,112.95,10.58,147.2,165,100,2.7,8.8,42.7,45.8,0.0,472.6,478.8,160.1,0.209,False,False,False,True,False,False
"Nov 26, 2020, 4:31:21 PM",Morning Run,7.25,69.75,9.62,138.6,165,7.25,62.7,8.65,142.0,165.0,137.0,789.0,7.25,69.75,9.62,138.6,165,57,11.0,11.1,50.2,27.6,0.0,195.0,196.0,161.6,0.098,False,False,False,True,False,False
"Nov 24, 2020, 8:05:16 PM",Lunch Run,4.19,39.53,9.44,139.6,159,4.19,36.07,8.61,143.0,159.0,36.0,458.0,4.19,39.53,9.44,139.6,159,77,10.5,4.3,76.7,8.6,0.0,100.2,96.6,165.3,0.072,False,False,False,True,False,False
"Nov 22, 2020, 9:03:19 PM",Afternoon Run,10.26,99.62,9.71,146.6,167,10.26,86.17,8.4,150.0,167.0,132.0,1087.0,10.26,99.62,9.71,146.6,167,79,2.6,11.6,35.5,50.3,0.0,202.0,195.4,159.8,0.096,False,False,False,True,False,False
"Nov 21, 2020, 1:47:15 AM",Afternoon Run,8.05,80.1,9.95,130.3,157,8.05,80.1,9.95,131.0,157.0,80.0,763.0,8.05,80.1,9.95,130.3,157,67,2.4,68.1,27.5,2.0,0.0,154.4,160.8,159.9,0.091,False,False,False,True,False,False
"Nov 19, 2020, 10:57:01 PM",Afternoon Run,0.55,3.93,7.15,,,0.55,3.93,7.15,,,0.0,83.0,,,,,,,,,,,,,,,,False,True,False,False,False,False
"Nov 15, 2020, 12:13:30 AM",Afternoon Run,1.23,11.48,9.37,,,1.23,11.48,9.33,,,15.1,159.0,1.23,11.48,9.37,,,,,,,,,43.2,34.4,164.5,0.16,False,False,False,True,False,False
"Nov 14, 2020, 8:53:38 PM",Lunch Run,4.29,41.73,9.72,,,4.29,41.73,9.73,,,38.0,576.0,4.29,41.73,9.72,,,,,,,,,70.4,74.4,164.9,0.079,False,False,False,True,False,False
"Nov 13, 2020, 8:16:07 PM",Lunch Run,9.76,74.73,7.66,165.1,176,9.76,74.73,7.66,167.0,176.0,65.0,1171.0,9.76,74.73,7.66,165.1,176,73,1.8,1.0,2.7,65.1,29.3,143.0,136.2,166.4,0.098,False,True,False,False,False,False
"Nov 11, 2020, 3:04:42 PM",Morning Run,6.19,64.0,10.34,126.5,150,6.19,61.02,9.86,129.0,150.0,112.0,635.0,6.19,64.0,10.34,126.5,150,71,14.0,37.5,48.6,0.0,0.0,157.4,161.2,161.8,0.092,False,False,False,True,False,False
"Nov 10, 2020, 8:20:03 PM",Lunch Run,5.27,50.88,9.66,136.1,172,5.27,46.92,8.9,141.0,172.0,86.0,559.0,5.27,50.88,9.66,136.1,172,70,11.0,8.7,69.6,9.5,1.2,172.8,173.6,162.7,0.168,False,False,False,True,False,False
"Nov 9, 2020, 12:29:54 AM",Afternoon Run,2.53,23.65,9.34,141.9,164,2.53,21.18,8.37,148.0,164.0,66.0,289.0,2.53,23.65,9.34,141.9,164,69,10.1,7.4,50.0,32.6,0.0,150.4,147.6,163.1,0.115,False,False,False,True,False,False
"Nov 8, 2020, 8:09:05 PM",Lunch Run,3.23,29.25,9.06,137.2,151,3.23,29.13,9.02,140.0,151.0,42.0,351.0,3.23,29.25,9.06,137.2,151,82,6.6,2.1,91.3,0.0,0.0,76.4,79.8,161.3,0.053,False,False,False,True,False,False
"Nov 7, 2020, 11:47:46 PM",Afternoon Run,8.02,73.82,9.2,153.6,174,8.05,61.18,7.6,158.0,174.0,150.0,882.0,8.02,73.82,9.2,153.6,174,73,4.0,8.5,19.6,62.0,5.8,259.2,259.8,165.1,0.112,False,False,False,True,False,False
"Nov 6, 2020, 7:54:12 PM",Lunch Run,7.11,62.07,8.73,158.4,176,7.11,54.18,7.62,162.0,176.0,46.0,791.0,7.11,62.07,8.73,158.4,176,94,2.4,5.1,13.5,68.9,10.2,197.8,192.2,168.0,0.092,False,False,False,False,False,False
"Nov 3, 2020, 8:17:23 PM",Lunch Run,4.08,40.77,9.99,137.2,150,4.08,37.77,9.26,140.0,150.0,30.0,435.0,4.08,40.77,9.99,137.2,150,69,6.5,8.4,85.1,0.0,0.0,69.4,65.6,161.5,0.063,False,False,False,True,False,False
"Nov 1, 2020, 3:08:15 PM",Morning Run,10.23,98.07,9.59,140.3,163,10.23,88.38,8.64,143.0,163.0,172.0,1035.0,10.23,98.07,9.59,140.3,163,53,7.3,10.7,60.5,21.5,0.0,216.6,228.2,164.8,0.104,False,False,False,True,False,False
"Oct 31, 2020, 12:05:29 AM",Watchman Trail Run,6.02,66.73,11.08,151.0,171,6.02,59.03,9.81,154.0,171.0,216.0,838.0,6.02,66.73,11.08,151.0,171,67,5.4,5.0,26.8,62.3,0.6,312.6,314.0,154.2,0.227,False,False,False,True,False,False
"Oct 28, 2020, 2:07:30 PM",Farmington Creek Trail Run,4.33,55.43,12.81,130.3,170,4.37,40.57,9.28,132.0,170.0,152.0,501.0,4.33,55.43,12.81,130.3,170,57,19.4,26.5,32.7,21.3,0.0,214.6,220.2,160.1,0.125,False,False,False,True,False,False
"Oct 23, 2020, 1:59:47 PM",Morning run,6.35,52.58,8.28,,,6.35,52.58,8.28,,,84.9,974.0,,,,,,,,,,,,,,,,False,False,False,False,False,False
"Oct 23, 2020, 1:57:44 PM",Morning Run,4.11,2933.82,713.7,149.7,169,4.11,30.88,7.51,153.0,169.0,28.0,474.0,4.11,2933.82,713.7,149.7,169,71,7.7,9.6,19.2,63.6,0.0,52.2,56.0,167.6,0.113,False,False,False,True,False,False
"Oct 22, 2020, 1:57:22 PM",Morning Run,6.33,61.5,9.72,136.0,155,6.33,52.93,8.36,140.0,155.0,43.7,643.0,6.33,61.5,9.72,136.0,155,66,11.1,17.5,63.0,8.3,0.0,72.4,76.6,167.1,0.083,False,False,False,True,False,False
"Oct 20, 2020, 2:14:42 PM",Morning Run,4.07,43.35,10.66,124.7,140,4.07,41.32,10.15,128.0,140.0,30.0,441.0,4.07,43.35,10.66,124.7,140,63,11.1,71.3,17.6,0.0,0.0,49.2,51.8,164.6,0.065,False,False,False,True,False,False
"Oct 17, 2020, 1:27:24 PM",NYC Virtual Marathon,26.36,219.88,8.34,161.3,172,26.36,218.92,8.31,162.0,172.0,103.0,3021.0,26.36,219.88,8.34,161.3,172,98,0.4,0.3,4.3,94.0,1.0,334.4,349.4,166.6,0.097,True,False,False,False,True,False
"Oct 17, 2020, 1:21:05 PM",Morning Run,0.52,4.45,8.61,128.4,152,0.52,4.45,8.56,136.0,152.0,0.0,53.0,0.52,4.45,8.61,128.4,152,90,23.7,22.0,52.5,1.7,0.0,22.8,24.6,171.3,0.121,False,False,False,False,False,False
"Oct 16, 2020, 2:11:24 PM",Morning Run,4.6,47.05,10.22,127.7,159,4.6,46.33,10.07,129.0,159.0,98.0,467.0,4.6,47.05,10.22,127.7,159,49,7.6,61.6,26.8,4.1,0.0,156.2,160.4,161.0,0.119,False,False,False,True,False,False
"Oct 14, 2020, 7:14:57 PM",Lunch Run,5.27,53.8,10.2,135.9,159,5.27,47.0,8.92,140.0,159.0,41.0,545.0,5.27,53.8,10.2,135.9,159,89,10.4,16.6,68.9,4.1,0.0,71.4,66.2,161.2,0.07,False,False,False,True,False,False
"Oct 13, 2020, 7:21:42 PM",Lunch Run,5.19,54.62,10.53,133.8,156,5.19,50.82,9.79,138.0,156.0,89.0,575.0,5.19,54.62,10.53,133.8,156,55,11.5,19.6,65.4,3.5,0.0,127.8,122.2,159.5,0.107,False,False,False,True,False,False
"Oct 11, 2020, 2:25:37 PM",Morning Run,12.46,121.93,9.79,140.0,173,12.46,107.83,8.65,143.0,173.0,143.0,1247.0,12.46,121.93,9.79,140.0,173,70,6.6,13.5,68.5,11.3,0.2,239.4,250.0,161.6,0.076,False,False,False,True,False,False
"Oct 9, 2020, 1:46:58 PM",Morning Run,7.21,72.7,10.08,132.4,160,7.21,69.0,9.57,135.0,160.0,159.2,756.0,7.21,72.7,10.08,132.4,160,54,6.5,36.3,52.7,4.4,0.0,207.6,211.8,160.7,0.087,False,False,False,True,False,False
"Oct 8, 2020, 12:52:56 AM",Afternoon Run,6.23,49.45,7.94,155.6,183,6.23,43.33,6.96,158.0,183.0,38.8,655.0,6.23,49.45,7.94,155.6,183,72,8.6,4.7,9.0,48.7,29.1,94.6,97.2,168.2,0.104,False,True,False,False,False,False
"Oct 6, 2020, 1:38:23 PM",Morning Run,7.15,73.52,10.29,124.4,139,7.15,69.25,9.69,127.0,139.0,40.4,663.0,7.15,73.52,10.29,124.4,139,65,12.1,68.5,19.4,0.0,0.0,96.4,99.0,161.9,0.08,False,False,False,True,False,False
"Oct 4, 2020, 2:32:48 PM",Morning Run,19.47,193.3,9.93,140.5,165,19.47,180.53,9.27,142.0,165.0,172.0,1864.0,19.47,193.3,9.93,140.5,165,88,3.1,9.6,77.8,9.5,0.0,275.4,284.2,159.9,0.075,True,False,False,True,False,False
"Oct 3, 2020, 12:13:47 AM",Afternoon Run,9.1,91.15,10.02,138.7,171,9.13,77.3,8.47,143.0,171.0,60.0,864.0,9.1,91.15,10.02,138.7,171,62,6.6,15.2,67.7,10.4,0.1,118.2,120.2,158.6,0.096,False,False,False,True,False,False
"Sep 30, 2020, 7:40:54 PM",Lunch Run,10.41,106.42,10.22,130.3,158,10.41,95.48,9.17,131.0,158.0,134.0,1166.0,10.41,106.42,10.22,130.3,158,59,20.6,13.1,58.3,8.1,0.0,198.2,186.6,158.6,0.08,False,False,False,True,False,False
"Sep 29, 2020, 12:51:04 PM",Morning Run,8.41,67.4,8.01,147.4,161,8.41,67.4,8.01,148.0,161.0,23.7,861.0,8.41,67.4,8.01,147.4,161,113,0.5,1.9,73.6,24.0,0.0,63.6,65.6,162.1,0.063,False,False,False,False,False,False
"Sep 27, 2020, 1:48:55 PM",Morning Run,18.73,184.5,9.85,142.1,158,18.73,174.93,9.34,144.0,158.0,188.0,1786.0,18.73,184.5,9.85,142.1,158,86,1.9,10.1,81.8,6.2,0.0,302.6,310.6,160.3,0.085,True,False,False,True,False,False
"Sep 25, 2020, 7:17:38 PM",Lunch Run,7.63,73.93,9.69,141.8,172,7.63,70.25,9.21,144.0,172.0,136.0,891.0,7.63,73.93,9.69,141.8,172,71,5.2,14.5,56.1,24.0,0.1,200.2,194.2,159.4,0.111,False,False,False,True,False,False
"Sep 23, 2020, 6:47:36 PM",Lunch Run,10.42,91.53,8.79,155.8,173,10.44,79.73,7.64,159.0,173.0,144.0,1117.0,10.42,91.53,8.79,155.8,173,78,1.7,4.8,19.8,71.3,2.4,225.2,219.6,163.6,0.119,False,False,False,False,False,False
"Sep 21, 2020, 1:47:21 PM",Morning Run,7.15,77.75,10.87,126.4,143,7.15,68.08,9.52,131.0,143.0,40.2,656.0,7.15,77.75,10.87,126.4,143,67,17.2,33.1,49.7,0.0,0.0,70.8,78.8,158.8,0.091,False,False,False,True,False,False
"Sep 19, 2020, 2:21:05 PM",Morning Run,14.52,144.45,9.95,137.8,173,14.52,136.55,9.4,140.0,173.0,190.0,1620.0,14.52,144.45,9.95,137.8,173,64,9.6,17.7,55.2,17.4,0.1,282.4,287.2,160.6,0.121,False,False,False,True,False,False
"Sep 17, 2020, 7:13:13 PM",Lunch Run,6.72,71.37,10.61,132.9,152,6.72,64.7,9.63,135.0,152.0,107.0,644.0,6.72,71.37,10.61,132.9,152,60,5.8,25.7,68.1,0.3,0.0,158.0,152.0,157.2,0.138,False,False,False,True,False,False
"Sep 16, 2020, 7:31:35 PM",Lunch Run,5.07,48.62,9.59,146.7,167,5.07,42.87,8.46,149.0,167.0,36.0,578.0,5.07,48.62,9.59,146.7,167,96,4.8,9.2,39.2,46.8,0.0,79.2,76.4,158.3,0.098,False,False,False,True,False,False
"Sep 16, 2020, 12:58:28 AM",Afternoon Run,5.15,49.18,9.55,139.8,173,5.15,44.25,8.59,143.0,173.0,84.0,536.0,5.15,49.18,9.55,139.8,173,62,9.4,8.7,60.1,20.5,1.3,126.8,126.0,157.8,0.17,False,False,False,True,False,False
"Sep 12, 2020, 5:56:20 PM",Morning Run,20.19,194.83,9.65,130.7,170,20.19,176.52,8.74,132.0,170.0,199.0,2284.0,20.19,194.83,9.65,130.7,170,42,21.8,15.8,48.7,13.7,0.0,338.2,327.2,159.8,0.09,True,False,False,True,False,False
"Sep 11, 2020, 1:49:10 PM",Morning Run,7.17,71.63,9.99,122.2,160,7.17,71.28,9.94,123.0,160.0,83.0,737.0,7.17,71.63,9.99,122.2,160,59,15.3,66.0,17.4,1.3,0.0,160.2,164.4,158.9,0.119,False,False,False,True,False,False
"Sep 9, 2020, 8:08:44 PM",Afternoon Run,1.08,11.73,10.88,145.3,156,1.08,10.2,9.44,149.0,156.0,14.0,146.0,1.08,11.73,10.88,145.3,156,116,0.0,15.7,51.0,33.3,0.0,26.0,18.8,156.2,0.116,False,False,False,True,False,False
"Sep 9, 2020, 7:46:42 PM",5K PR Run,3.1,20.5,6.61,169.1,180,3.1,20.5,6.61,172.0,180.0,12.0,336.0,3.1,20.5,6.61,169.1,180,82,2.8,2.0,2.8,18.7,73.8,57.0,63.8,173.5,0.074,False,False,True,False,False,False
"Sep 9, 2020, 7:09:34 PM",Lunch Run,3.44,32.73,9.51,137.7,152,3.44,30.38,8.83,141.0,152.0,30.0,368.0,3.44,32.73,9.51,137.7,152,79,8.2,7.9,83.6,0.3,0.0,61.8,59.8,159.0,0.08,False,False,False,True,False,False
"Sep 7, 2020, 3:31:27 PM",Morning Run,7.06,67.78,9.6,142.2,161,7.06,64.9,9.19,144.0,161.0,110.0,810.0,7.06,67.78,9.6,142.2,161,60,4.3,10.3,68.5,16.9,0.0,158.2,162.6,157.5,0.092,False,False,False,True,False,False
"Sep 5, 2020, 3:54:25 PM",Morning Run,13.13,114.45,8.72,152.0,176,13.13,110.58,8.42,154.0,176.0,105.0,1550.0,13.13,114.45,8.72,152.0,176,78,4.6,5.8,29.1,56.2,4.3,211.2,211.2,160.7,0.104,False,False,False,False,False,False
"Sep 4, 2020, 2:08:38 PM",Morning Run,5.22,53.95,10.33,128.6,153,5.22,51.27,9.82,131.0,153.0,78.0,543.0,5.22,53.95,10.33,128.6,153,79,10.0,50.1,39.5,0.5,0.0,128.6,131.8,160.1,0.117,False,False,False,True,False,False
"Sep 2, 2020, 7:16:58 PM",Lunch Run,6.33,55.33,8.74,153.3,175,6.33,47.12,7.44,159.0,175.0,55.0,695.0,6.33,55.33,8.74,153.3,175,80,7.7,7.4,22.2,48.3,14.3,148.2,145.2,162.8,0.112,False,False,False,False,False,False
"Sep 1, 2020, 1:26:08 AM",Evening Run,3.54,32.05,9.06,144.3,168,3.54,27.67,7.82,152.0,168.0,29.0,386.0,3.54,32.05,9.06,144.3,168,70,12.6,7.0,21.1,59.2,0.0,59.8,60.8,159.3,0.084,False,False,False,True,False,False
"Aug 29, 2020, 7:32:17 PM",Lunch Run,16.05,158.18,9.85,149.1,174,16.05,143.5,8.94,151.0,174.0,283.0,1828.0,16.05,158.18,9.85,149.1,174,64,2.5,6.7,42.2,48.2,0.4,386.6,377.0,158.7,0.097,True,False,False,True,False,False
"Aug 28, 2020, 2:38:48 PM",Morning Run,2.28,17.75,7.78,145.0,168,2.28,17.62,7.73,150.0,168.0,23.0,241.0,2.28,17.75,7.78,145.0,168,71,8.5,5.3,40.4,45.7,0.0,37.6,38.6,163.3,0.093,False,True,False,False,False,False
"Aug 27, 2020, 1:49:21 PM",Morning Run,6.63,59.23,8.94,143.3,168,6.63,55.9,8.43,145.0,168.0,111.0,702.0,6.63,59.23,8.94,143.3,168,65,5.1,16.1,41.7,37.1,0.0,171.2,174.2,159.5,0.143,False,False,False,False,False,False
"Aug 25, 2020, 11:44:44 PM",Afternoon Run,7.13,76.52,10.74,133.7,167,7.13,68.07,9.55,137.0,167.0,49.0,697.0,7.13,76.52,10.74,133.7,167,81,9.6,14.6,72.4,3.5,0.0,116.4,111.2,156.7,0.097,False,False,False,True,False,False
"Aug 23, 2020, 12:47:29 AM",1 mile PR @ 5:48!,1.02,6.1,5.97,165.5,180,1.02,6.05,5.93,171.0,180.0,2.0,96.0,1.02,6.1,5.97,165.5,180,106,6.1,3.5,6.1,18.3,66.1,14.2,71.8,177.4,0.095,False,False,True,False,False,False
"Aug 23, 2020, 12:40:43 AM",Afternoon Run,0.44,4.37,,140.8,161,0.44,3.77,,150.0,161.0,24.0,52.0,0.44,4.37,,140.8,161,91,15.3,8.5,25.4,50.8,0.0,37.2,10.6,163.4,0.214,False,False,False,False,False,False
"Aug 22, 2020, 3:17:35 PM",Morning Run,10.23,101.53,9.92,141.2,162,10.23,94.95,9.28,143.0,162.0,175.1,1116.0,10.23,101.53,9.92,141.2,162,61,2.8,15.0,69.0,13.2,0.0,230.6,238.8,157.1,0.118,False,False,False,True,False,False
"Aug 21, 2020, 3:29:47 PM",Morning Run,4.4,34.85,7.93,153.2,174,4.4,34.37,7.81,155.0,174.0,29.0,489.0,4.4,34.85,7.93,153.2,174,78,4.1,2.4,29.1,60.3,4.1,63.6,66.0,162.4,0.09,False,True,False,False,False,False
"Aug 19, 2020, 2:22:55 PM",Morning Run,6.57,57.2,8.71,151.0,172,6.57,54.0,8.22,154.0,172.0,104.0,735.0,6.57,57.2,8.71,151.0,172,76,5.3,5.6,24.1,63.5,1.5,137.2,137.2,160.5,0.12,False,False,False,False,False,False
"Aug 17, 2020, 2:35:35 PM",Morning Run,4.03,42.65,10.58,122.4,140,4.03,40.02,9.93,126.0,140.0,27.9,386.0,4.03,42.65,10.58,122.4,140,52,14.4,68.9,16.6,0.0,0.0,68.2,70.8,157.0,0.074,False,False,False,True,False,False
"Aug 16, 2020, 2:40:33 PM",Morning Run,10.44,108.22,10.36,140.0,167,10.44,101.85,9.76,142.0,167.0,178.0,1144.0,10.44,108.22,10.36,140.0,167,58,3.8,18.9,63.1,14.2,0.0,308.4,313.0,158.6,0.124,False,False,False,True,False,False
"Aug 14, 2020, 6:15:31 PM",Lunch Run,5.74,54.6,9.51,148.5,167,5.74,50.13,8.73,152.0,167.0,85.0,689.0,5.74,54.6,9.51,148.5,167,90,4.5,7.0,37.9,50.7,0.0,132.8,131.2,157.4,0.08,False,False,False,True,False,False
"Aug 13, 2020, 7:21:39 PM",Lunch Run,5.02,43.02,8.57,152.0,166,5.02,41.58,8.28,155.0,166.0,37.0,591.0,5.02,43.02,8.57,152.0,166,63,4.4,2.9,18.7,74.0,0.0,86.0,86.0,159.3,0.081,False,False,False,False,False,False
"Aug 12, 2020, 7:31:29 PM",Lunch Run,6.32,56.77,8.98,149.9,169,6.32,51.55,8.16,154.0,169.0,48.0,688.0,6.32,56.77,8.98,149.9,169,56,4.1,5.6,26.3,64.0,0.0,109.6,107.2,160.6,0.086,False,False,False,False,False,False
"Aug 9, 2020, 7:18:01 PM",Lunch Run,11.6,123.12,10.61,143.6,166,11.84,112.05,9.46,145.0,166.0,191.0,1210.0,11.6,123.12,10.61,143.6,166,73,3.6,7.2,66.4,22.7,0.0,279.8,269.8,160.1,0.097,False,False,False,True,False,False
"Aug 7, 2020, 2:15:27 PM",Morning Run,8.21,76.48,9.31,145.3,175,8.21,76.02,9.26,145.0,175.0,214.0,925.0,8.21,76.48,9.31,145.3,175,60,3.4,11.6,46.6,36.1,2.3,246.2,251.8,158.4,0.132,False,False,False,True,False,False
"Aug 5, 2020, 2:33:26 PM",Morning Run,7.53,69.63,9.25,142.2,169,7.53,66.6,8.84,144.0,169.0,56.0,803.0,7.53,69.63,9.25,142.2,169,59,5.6,15.8,52.6,26.1,0.0,120.6,120.8,162.8,0.163,False,False,False,True,False,False
"Aug 4, 2020, 7:23:16 PM",Lunch Run,5.02,53.73,10.7,132.2,152,5.02,47.88,9.54,137.0,152.0,41.0,501.0,5.02,53.73,10.7,132.2,152,61,11.3,14.7,73.7,0.2,0.0,67.4,64.0,157.5,0.064,False,False,False,True,False,False
"Aug 2, 2020, 2:43:19 PM",Morning Run,10.25,98.73,9.63,143.2,167,10.25,93.7,9.14,145.0,167.0,176.0,1074.0,10.25,98.73,9.63,143.2,167,56,3.7,11.7,55.3,29.3,0.0,217.2,220.0,160.1,0.138,False,False,False,True,False,False
"Jul 31, 2020, 2:14:04 PM",Morning Run,5.19,48.65,9.38,145.3,166,5.19,47.05,9.07,148.0,166.0,80.0,627.0,5.19,48.65,9.38,145.3,166,67,4.8,7.2,46.9,41.0,0.0,102.8,106.0,159.6,0.11,False,False,False,True,False,False
"Jul 29, 2020, 7:28:05 PM",Lunch Run,6.33,52.55,8.31,164.3,182,6.33,46.05,7.27,168.0,182.0,49.0,714.0,6.33,52.55,8.31,164.3,182,63,4.7,3.0,8.3,26.1,57.9,96.6,93.8,165.8,0.09,False,False,False,False,False,False
"Jul 27, 2020, 1:58:34 PM",Morning Run,7.14,73.1,10.24,128.5,144,7.14,66.65,9.33,132.0,144.0,46.0,648.0,7.14,73.1,10.24,128.5,144,72,12.0,33.7,54.3,0.0,0.0,100.0,103.4,159.9,0.08,False,False,False,True,False,False
"Jul 26, 2020, 2:54:42 PM",Morning Run,10.31,100.77,9.77,138.7,156,10.31,95.92,9.3,140.0,156.0,178.0,1027.0,10.31,100.77,9.77,138.7,156,61,3.6,19.9,69.1,7.4,0.0,217.4,218.2,160.9,0.112,False,False,False,True,False,False
"Jul 23, 2020, 2:26:05 PM",Morning Run,7.18,76.53,10.66,132.8,155,7.18,70.55,9.83,135.0,155.0,159.0,729.0,7.18,76.53,10.66,132.8,155,57,8.5,31.6,58.1,1.8,0.0,191.2,197.2,158.4,0.095,False,False,False,True,False,False
"Jul 22, 2020, 2:26:01 PM",Morning Run,7.04,64.12,9.11,147.7,169,7.04,56.82,8.07,151.0,169.0,42.7,736.0,7.04,64.12,9.11,147.7,169,55,6.3,6.2,35.0,52.5,0.0,81.8,87.8,164.1,0.095,False,False,False,True,False,False
"Jul 20, 2020, 2:21:00 PM",Morning Run,5.2,51.52,9.92,134.4,171,5.2,50.02,9.62,137.0,171.0,79.0,558.0,5.2,51.52,9.92,134.4,171,56,9.8,37.8,33.1,18.8,0.4,122.0,124.6,160.2,0.17,False,False,False,True,False,False
"Jul 19, 2020, 1:30:27 AM",Evening Run,7.02,72.8,10.37,139.5,166,7.02,64.87,9.24,144.0,166.0,136.0,745.0,7.02,72.8,10.37,139.5,166,60,7.6,14.4,61.3,16.8,0.0,207.4,208.2,162.5,0.086,False,False,False,True,False,False
"Jul 16, 2020, 2:17:10 PM",Morning Run,6.32,71.6,11.34,126.6,147,6.32,65.57,10.37,130.0,147.0,114.1,614.0,6.32,71.6,11.34,126.6,147,54,12.6,44.6,42.8,0.0,0.0,133.8,138.4,156.2,0.091,False,False,False,True,False,False
"Jul 15, 2020, 7:26:04 PM",Lunch Run,4.07,43.77,10.76,127.9,145,4.07,40.8,10.02,131.0,145.0,35.0,410.0,4.07,43.77,10.76,127.9,145,77,11.6,43.7,44.7,0.0,0.0,60.0,59.4,159.2,0.067,False,False,False,True,False,False
"Jul 13, 2020, 7:21:48 PM",Lunch Run,3.13,43.63,13.92,109.0,122,3.13,41.83,13.36,111.0,122.0,37.1,306.0,3.13,43.63,13.92,109.0,122,64,66.8,33.2,0.0,0.0,0.0,76.0,75.8,151.4,0.118,False,False,False,True,False,False
"Jul 10, 2020, 2:43:08 PM",Morning Run,7.04,75.9,10.78,133.1,159,7.04,70.07,9.95,135.0,159.0,57.1,743.0,7.04,75.9,10.78,133.1,159,59,5.6,31.2,60.1,3.2,0.0,159.4,163.4,161.0,0.102,False,False,False,True,False,False
"Jul 8, 2020, 7:18:52 PM",Lunch Run,7.21,66.35,9.2,150.8,175,7.21,57.38,7.96,156.0,175.0,141.0,813.0,7.21,66.35,9.2,150.8,175,59,7.0,7.8,20.2,61.1,3.9,179.6,177.6,164.5,0.113,False,False,False,True,False,False
"Jul 6, 2020, 2:10:33 PM",Morning Run,7.03,68.52,9.74,135.8,159,7.03,60.67,8.63,140.0,159.0,43.7,707.0,7.03,68.52,9.74,135.8,159,52,8.9,20.4,60.7,10.0,0.0,104.2,106.8,162.6,0.096,False,False,False,True,False,False
"Jul 4, 2020, 7:18:36 PM",Easy Long Run,10.1,103.83,10.28,141.2,158,10.1,95.67,9.47,144.0,158.0,127.0,1111.0,10.1,103.83,10.28,141.2,158,77,4.9,9.7,80.6,4.8,0.0,273.6,266.0,158.4,0.09,False,False,False,True,False,False
"Jul 3, 2020, 8:35:41 PM",Recovery Run,5.15,52.4,10.18,132.0,147,5.15,48.88,9.49,135.0,147.0,33.0,533.0,5.15,52.4,10.18,132.0,147,73,6.9,27.5,65.5,0.0,0.0,144.2,141.6,162.3,0.076,False,False,False,True,False,False
"Jul 2, 2020, 7:37:39 PM",Lunch Run,5.07,43.4,8.56,150.9,171,5.07,38.98,7.69,155.0,171.0,46.0,547.0,5.07,43.4,8.56,150.9,171,64,7.4,5.9,23.9,62.4,0.4,115.2,114.2,165.9,0.096,False,False,False,False,False,False
"Jul 1, 2020, 7:21:55 PM",Easy Lunch Run,6.2,59.48,9.59,141.7,161,6.2,54.27,8.75,147.0,161.0,110.0,699.0,6.2,59.48,9.59,141.7,161,56,9.7,7.3,57.4,25.6,0.0,147.0,145.0,158.2,0.102,False,False,False,True,False,False
"Jun 30, 2020, 7:18:41 PM",Lunch Run,5.1,42.93,8.42,126.5,173,5.12,38.27,7.47,126.0,173.0,32.0,598.0,5.1,42.93,8.42,126.5,173,75,14.7,62.7,5.9,15.3,1.4,143.4,139.2,164.5,,False,False,False,False,False,False
"Jun 29, 2020, 2:26:49 PM",Morning Run,5.18,47.05,9.09,135.3,166,5.2,43.18,8.3,135.0,166.0,80.0,591.0,5.18,47.05,9.09,135.3,166,81,25.3,4.4,47.5,22.8,0.0,144.8,147.2,164.1,0.513,False,False,False,True,False,False
"Jun 28, 2020, 9:36:02 PM",Cool Down,1.24,11.65,9.39,111.9,133,1.24,10.33,8.33,112.0,133.0,14.0,132.0,1.24,11.65,9.39,111.9,133,94,66.6,30.4,2.9,0.0,0.0,47.4,40.0,161.8,,False,False,False,True,False,False
"Jun 28, 2020, 9:24:52 PM",Indy Monumental Mile,1.0,5.82,5.83,134.7,159,1.0,5.82,5.82,135.0,159.0,1.0,95.0,1.0,5.82,5.83,134.7,159,109,4.3,40.9,47.1,7.7,0.0,55.4,65.4,182.2,,False,False,True,False,False,False
"Jun 28, 2020, 9:09:11 PM",Warm-up,1.37,11.48,8.36,151.8,182,1.37,11.27,8.23,152.0,182.0,8.0,164.0,1.37,11.48,8.36,151.8,182,73,2.2,4.2,48.5,38.0,7.1,41.8,41.6,160.1,,False,False,False,False,False,False
"Jun 27, 2020, 3:06:17 PM",Recovery Week Run #5,13.11,133.27,10.16,88.6,170,13.2,122.62,9.29,86.0,170.0,268.0,1418.0,13.11,133.27,10.16,88.6,170,39,68.0,7.9,17.8,6.3,0.0,414.2,415.8,160.6,0.115,False,False,False,True,False,False
"Jun 26, 2020, 2:13:14 PM",Recovery Week Run #4,7.14,70.9,9.93,144.3,169,7.19,62.68,8.72,144.0,169.0,139.1,800.0,7.14,70.9,9.93,144.3,169,83,2.9,8.9,66.7,21.5,0.0,189.0,192.6,162.4,,False,False,False,True,False,False
"Jun 25, 2020, 2:26:07 PM",Recovery Week Run #3,5.44,54.77,10.06,113.4,163,5.45,51.32,9.42,113.0,163.0,46.4,631.0,5.44,54.77,10.06,113.4,163,73,47.5,21.5,27.9,3.0,0.0,125.0,129.0,160.0,,False,False,False,True,False,False
"Jun 24, 2020, 2:17:51 PM",Recovery Week Run #2,5.18,53.52,10.33,134.9,153,5.19,49.5,9.54,135.0,153.0,82.0,569.0,5.18,53.52,10.33,134.9,153,71,3.6,30.6,65.1,0.7,0.0,139.8,142.4,160.0,,False,False,False,True,False,False
"Jun 22, 2020, 2:32:28 PM",Recovery Week Run #1,4.04,43.83,10.84,130.9,147,4.05,39.1,9.65,131.0,147.0,32.4,435.0,4.04,43.83,10.84,130.9,147,71,10.2,19.4,70.4,0.0,0.0,77.8,79.6,158.9,,False,False,False,True,False,False
"Jun 20, 2020, 2:36:11 PM",Half-Marathon PR!,13.1,100.3,7.66,127.8,184,13.1,100.3,7.66,127.0,184.0,48.0,1444.0,13.1,100.3,7.66,127.8,184,48,34.6,1.0,1.0,58.6,4.7,294.4,302.6,169.5,0.085,False,True,False,False,False,False
"Jun 18, 2020, 2:29:32 PM",Morning Run,6.18,57.83,9.36,139.6,171,6.23,50.1,8.04,140.0,171.0,117.1,666.0,6.18,57.83,9.36,139.6,171,73,4.0,18.7,64.4,12.4,0.6,193.2,194.6,166.3,,False,False,False,True,False,False
"Jun 17, 2020, 1:45:22 PM",Easy Run,5.2,49.53,9.53,141.7,171,5.21,47.35,9.09,142.0,171.0,78.0,573.0,5.2,49.53,9.53,141.7,171,71,1.0,18.0,59.7,21.2,0.1,198.8,203.0,161.0,,False,False,False,True,False,False
"Jun 16, 2020, 1:16:29 PM",Morning Run,7.11,54.45,7.66,156.3,186,7.11,54.45,7.66,156.0,186.0,19.4,822.0,7.11,54.45,7.66,156.3,186,80,6.3,1.7,16.5,48.9,26.5,169.4,173.0,165.1,0.028,False,True,False,False,False,False
"Jun 15, 2020, 1:32:44 PM",Recovery Run,4.06,39.55,9.74,127.0,143,4.06,39.55,9.74,127.0,143.0,39.1,429.0,4.06,39.55,9.74,127.0,143,72,7.8,70.1,22.1,0.0,0.0,84.0,87.8,161.8,,False,False,False,True,False,False
"Jun 13, 2020, 2:33:45 PM",Morning Run,13.53,121.03,8.95,145.3,174,13.58,108.47,7.99,145.0,174.0,141.0,1361.0,13.53,121.03,8.95,145.3,174,69,4.1,11.8,39.9,43.9,0.3,390.6,394.0,166.9,0.053,False,False,False,False,False,False
"Jun 11, 2020, 2:20:54 PM",Morning Run,7.1,63.88,9.0,176.0,199,7.1,57.7,8.13,176.0,199.0,57.0,869.0,7.1,63.88,9.0,176.0,199,62,2.6,1.0,2.1,7.5,86.8,152.0,154.0,167.4,,False,False,False,True,False,False
"Jun 10, 2020, 2:04:50 PM",Easy Run,7.05,70.4,9.99,148.8,208,7.08,61.5,8.69,149.0,208.0,133.0,810.0,7.05,70.4,9.99,148.8,208,52,5.8,13.5,34.5,34.0,12.3,235.8,237.8,163.9,,False,False,False,True,False,False
"Jun 9, 2020, 1:54:20 PM",Morning Run,7.09,55.7,7.85,154.7,168,7.09,55.7,7.86,155.0,168.0,35.0,823.0,7.09,55.7,7.85,154.7,168,71,2.3,0.6,17.3,79.7,0.0,176.0,177.8,169.2,0.137,False,True,False,False,False,False
"Jun 8, 2020, 2:21:00 PM",Recovery Run,4.54,41.42,9.13,179.1,203,4.54,40.42,8.9,179.0,203.0,51.0,574.0,4.54,41.42,9.13,179.1,203,108,0.3,1.8,1.9,15.4,80.6,217.0,220.8,162.2,,False,False,False,True,False,False
"Jun 6, 2020, 2:00:23 PM",Morning Run,13.11,122.27,9.33,172.8,198,13.17,115.28,8.75,173.0,198.0,162.2,1635.0,13.11,122.27,9.33,172.8,198,80,2.7,1.9,3.5,19.1,72.8,397.4,407.6,164.9,0.028,False,False,False,True,False,False
"Jun 5, 2020, 2:00:53 PM",Recovery Run,7.07,68.35,9.67,143.6,188,7.11,64.78,9.11,144.0,188.0,57.9,807.0,7.07,68.35,9.67,143.6,188,70,6.9,14.9,45.3,19.1,13.8,161.2,163.2,164.4,,False,False,False,True,False,False
"Jun 4, 2020, 1:57:28 PM",Morning Run,7.05,66.88,9.48,130.4,176,7.1,56.57,7.97,130.0,176.0,134.0,803.0,7.05,66.88,9.48,130.4,176,79,29.3,10.1,35.4,25.0,0.1,214.6,218.0,168.2,,False,False,False,True,False,False
"Jun 3, 2020, 1:46:52 PM",Morning Run,6.22,55.65,8.95,146.3,169,6.22,49.35,7.93,146.0,169.0,31.7,650.0,6.22,55.65,8.95,146.3,169,69,10.8,2.5,33.1,53.7,0.0,171.0,172.0,168.0,,False,False,False,False,False,False
"Jun 2, 2020, 7:24:59 PM",Tipping Point,7.02,65.57,9.34,149.9,167,7.06,61.38,8.69,150.0,167.0,141.0,801.0,7.02,65.57,9.34,149.9,167,66,2.9,3.5,35.4,58.1,0.0,234.0,233.2,160.7,0.662,False,False,False,True,False,False
"May 30, 2020, 6:02:22 PM",Easy Long Run,11.41,116.5,10.21,136.1,156,11.46,103.65,9.04,136.0,156.0,147.0,1237.0,11.41,116.5,10.21,136.1,156,66,10.3,9.7,72.9,7.1,0.0,339.8,334.0,164.7,0.034,False,False,False,True,False,False
"May 29, 2020, 7:21:24 PM",Lunch Run,7.02,62.9,8.96,134.6,171,7.09,54.93,7.75,135.0,171.0,142.0,752.0,7.02,62.9,8.96,134.6,171,55,24.2,16.0,18.0,41.0,0.7,243.6,239.4,168.0,,False,False,False,False,False,False
"May 28, 2020, 2:28:13 PM",Morning Run,5.11,45.98,8.99,145.6,162,5.13,42.77,8.34,146.0,162.0,103.0,568.0,5.11,45.98,8.99,145.6,162,74,9.0,3.3,39.1,48.6,0.0,160.8,163.0,163.6,,False,False,False,False,False,False
"May 26, 2020, 1:38:17 PM",Morning Run,7.27,61.22,8.42,147.8,158,7.27,59.75,8.22,148.0,158.0,8.0,754.0,7.27,61.22,8.42,147.8,158,97,1.2,5.2,57.2,36.5,0.0,129.8,131.4,163.9,0.022,False,False,False,False,False,False
"May 26, 2020, 1:34:52 PM",Morning Run,0.33,2.4,,90.5,97,0.33,2.4,,91.0,97.0,0.0,9.0,0.33,2.4,,90.5,97,89,100.0,0.0,0.0,0.0,0.0,169.2,180.4,160.4,,False,False,False,False,False,False
"May 25, 2020, 3:10:13 PM",Easy Run,8.16,78.13,9.58,140.4,167,8.23,72.92,8.86,141.0,167.0,119.0,901.0,8.16,78.13,9.58,140.4,167,79,6.4,6.6,71.5,15.5,0.0,280.6,282.4,163.5,0.011,False,False,False,True,False,False
"May 24, 2020, 1:30:35 AM",Easy Run,6.23,61.62,9.9,141.5,160,6.24,55.85,8.95,142.0,160.0,114.0,736.0,6.23,61.62,9.9,141.5,160,81,7.4,5.6,71.9,15.1,0.0,196.2,199.2,163.1,0.079,False,False,False,True,False,False
"May 22, 2020, 2:26:12 AM",Evening Run,3.28,26.72,8.15,150.4,169,3.28,26.48,8.07,150.0,169.0,32.0,394.0,3.28,26.72,8.15,150.4,169,76,0.3,14.4,27.9,57.4,0.0,127.2,129.0,168.2,,False,False,False,False,False,False
"May 19, 2020, 1:52:34 AM",Evening Run,4.5,37.02,8.23,147.5,175,4.51,35.78,7.93,,175.0,35.0,513.0,4.5,37.02,8.23,147.5,175,83,2.4,14.4,43.0,34.0,6.2,124.4,126.2,161.1,,False,False,False,False,False,False
"May 16, 2020, 1:30:33 AM",Easy Run,4.53,40.05,8.85,138.7,158,4.53,38.95,8.6,,158.0,37.0,511.0,4.53,40.05,8.85,138.7,158,53,10.1,2.8,79.5,7.6,0.0,98.0,99.6,159.4,,False,False,False,False,False,False
"May 14, 2020, 1:48:58 AM",Easy Run,3.34,27.52,8.23,144.5,157,3.34,27.52,8.24,,157.0,34.0,379.0,3.34,27.52,8.23,144.5,157,54,5.0,3.7,52.1,39.1,0.0,134.2,135.8,162.0,0.098,False,False,False,False,False,False
"May 12, 2020, 1:54:06 AM",Recovery Run,4.51,45.1,10.01,129.6,144,4.51,41.87,9.28,,144.0,39.0,435.0,4.51,45.1,10.01,129.6,144,54,5.9,52.2,41.9,0.0,0.0,134.8,136.0,158.4,,False,False,False,True,False,False
"May 9, 2020, 2:16:13 AM",#irunwithmaud,2.23,17.42,7.81,143.1,165,2.23,17.42,7.81,,165.0,38.0,252.0,2.23,17.42,7.81,143.1,165,51,12.2,3.9,33.6,50.3,0.0,110.6,111.2,160.2,,False,True,False,False,False,False
"May 8, 2020, 12:57:54 AM",Afternoon Run,4.55,38.68,8.5,145.3,162,4.56,37.2,8.16,145.0,162.0,37.0,501.0,4.55,38.68,8.5,145.3,162,63,5.4,2.5,51.2,41.0,0.0,123.2,122.8,160.1,,False,False,False,False,False,False
"May 7, 2020, 1:07:09 AM",Barefoot Run,4.59,40.7,8.86,143.8,156,4.59,39.9,8.69,,156.0,36.0,534.0,4.59,40.7,8.86,143.8,156,73,2.9,4.0,88.3,4.9,0.0,112.6,112.2,162.1,,False,False,False,False,False,False
"May 6, 2020, 12:36:54 AM",Afternoon Run,7.24,66.95,9.24,149.1,163,7.28,60.78,8.35,,163.0,115.0,817.0,7.24,66.95,9.24,149.1,163,65,2.9,3.6,38.0,55.6,0.0,230.0,229.6,159.9,,False,False,False,True,False,False
"May 4, 2020, 1:58:05 AM",Recovery Run,3.53,31.72,8.98,135.9,152,3.53,31.72,8.99,,152.0,34.0,386.0,3.53,31.72,8.98,135.9,152,65,6.0,8.4,85.2,0.3,0.0,64.8,66.0,157.8,0.013,False,False,False,False,False,False
"May 3, 2020, 12:29:04 AM",Afternoon Run,10.2,99.17,9.72,143.3,164,10.26,90.57,8.83,,164.0,98.0,1098.0,10.2,99.17,9.72,143.3,164,69,1.4,9.2,79.3,10.1,0.0,242.8,242.4,159.2,,False,False,False,True,False,False
"Apr 30, 2020, 1:29:27 AM",Evening Run,6.22,58.67,9.43,143.8,166,6.24,51.37,8.23,,166.0,110.0,679.0,6.22,58.67,9.43,143.8,166,80,5.9,8.3,55.1,30.8,0.0,192.4,189.4,160.8,,False,False,False,True,False,False
"Apr 28, 2020, 1:49:47 AM",Evening Run,4.54,39.57,8.72,139.3,156,4.54,38.13,8.4,,156.0,36.0,478.0,4.54,39.57,8.72,139.3,156,75,5.6,5.9,85.1,3.5,0.0,94.4,95.0,159.9,,False,False,False,False,False,False
"Apr 26, 2020, 1:17:17 AM",Evening Run,6.24,60.18,9.64,143.3,158,6.27,55.72,8.89,,158.0,116.0,700.0,6.24,60.18,9.64,143.3,158,77,2.0,6.2,76.5,15.3,0.0,165.8,168.4,160.3,0.568,False,False,False,True,False,False
"Apr 23, 2020, 12:47:05 AM",Afternoon Run,7.21,61.27,8.5,157.7,173,7.25,54.77,7.55,158.0,173.0,120.0,819.0,7.21,61.27,8.5,157.7,173,62,3.1,2.1,10.7,82.1,2.0,224.0,222.6,164.2,0.019,False,False,False,False,False,False
"Apr 21, 2020, 2:21:07 PM",Morning Run,4.5,39.73,8.83,143.9,158,4.51,38.62,8.56,144.0,158.0,35.1,494.0,4.5,39.73,8.83,143.9,158,72,2.8,1.2,77.3,18.7,0.0,87.6,89.2,163.0,,False,False,False,False,False,False
"Apr 18, 2020, 5:49:24 PM",Morning Run,13.12,123.05,9.38,88.1,155,13.16,111.2,8.45,85.0,155.0,144.7,1412.0,13.12,123.05,9.38,88.1,155,38,62.0,20.2,16.1,1.8,0.0,391.6,387.8,162.7,,False,False,False,True,False,False
"Apr 17, 2020, 7:38:00 PM",Lunch Run,3.11,22.13,7.11,175.1,184,3.12,20.87,6.69,175.0,184.0,18.5,347.0,3.11,22.13,7.11,175.1,184,125,0.0,0.6,3.2,11.4,84.7,83.6,90.4,170.1,,False,True,False,False,False,False
"Apr 17, 2020, 7:28:26 PM",Lunch Run,1.07,8.47,7.94,139.4,165,1.07,8.47,7.92,,165.0,12.0,120.0,1.07,8.47,7.94,139.4,165,75,14.3,20.0,20.2,45.5,0.0,34.0,24.2,159.0,,False,True,False,False,False,False
"Apr 15, 2020, 1:58:31 PM",Morning Run,4.5,39.2,8.71,133.6,172,4.5,35.97,7.99,,172.0,34.0,529.0,4.5,39.2,8.71,133.6,172,53,27.3,22.7,15.0,34.2,0.8,141.2,141.6,162.2,,False,False,False,False,False,False
"Apr 12, 2020, 6:30:39 PM",Lunch Run,13.33,114.72,8.6,158.6,170,13.33,106.82,8.01,,170.0,174.0,1559.0,13.33,114.72,8.6,158.6,170,76,0.4,1.7,10.4,87.6,0.0,382.0,383.0,165.2,0.109,False,False,False,False,False,False
"Apr 10, 2020, 2:27:15 PM",Morning Run,6.25,54.7,8.75,154.1,176,6.27,48.27,7.7,154.0,176.0,116.0,717.0,6.25,54.7,8.75,154.1,176,68,4.9,3.4,20.4,60.8,10.5,235.4,237.0,165.3,,False,False,False,False,False,False
"Apr 8, 2020, 2:24:11 PM",Morning Run,4.48,37.32,8.34,147.7,171,4.48,35.95,8.02,148.0,171.0,37.3,444.0,4.48,37.32,8.34,147.7,171,61,6.4,4.0,40.9,48.7,0.0,88.2,89.6,163.2,,False,False,False,False,False,False
"Apr 5, 2020, 11:45:19 PM",Afternoon Run,7.25,60.17,8.3,159.0,171,7.26,56.42,7.77,159.0,171.0,117.7,845.0,7.25,60.17,8.3,159.0,171,84,1.8,1.9,7.2,89.1,0.0,226.8,225.0,164.4,0.05,False,False,False,False,False,False
"Apr 4, 2020, 11:58:15 PM",Afternoon Run,3.1,26.78,8.63,157.6,180,3.14,23.1,7.36,158.0,180.0,28.7,342.0,3.1,26.78,8.63,157.6,180,107,0.9,4.6,12.4,67.4,14.8,133.6,134.4,163.5,,False,False,False,False,False,False
"Apr 2, 2020, 3:33:04 PM",Recovery Run,3.3,29.4,8.91,145.2,168,3.3,29.35,8.89,,168.0,32.0,385.0,3.3,29.4,8.91,145.2,168,63,1.9,0.5,79.4,18.2,0.0,102.4,104.6,159.5,,False,False,False,False,False,False
"Mar 31, 2020, 6:39:12 PM",Progression run,4.51,37.32,8.27,153.6,175,4.51,35.48,7.87,154.0,175.0,37.4,518.0,4.51,37.32,8.27,153.6,175,83,2.9,3.9,31.0,57.3,4.9,112.2,109.2,159.7,,False,False,False,False,False,False
"Mar 29, 2020, 6:59:14 PM",Lunch Run,10.18,85.03,8.35,160.6,169,10.18,83.4,8.19,161.0,169.0,135.5,1265.0,10.18,85.03,8.35,160.6,169,95,0.2,0.5,7.2,92.1,0.0,307.2,308.0,159.9,0.014,False,False,False,False,False,False
"Mar 27, 2020, 2:21:30 PM",Short Fartlek ,4.52,35.43,7.84,157.0,170.0,4.52,35.43,7.84,157.0,170.0,33.9,681.0,,,,,,,,,,,,,,,,False,True,False,False,False,False
"Mar 25, 2020, 1:55:18 PM",Morning Run,7.15,61.45,8.59,160.6,175,7.19,55.13,7.67,161.0,175.0,143.9,845.0,7.15,61.45,8.59,160.6,175,74,0.8,2.7,9.1,75.5,12.0,239.8,243.0,164.0,,False,False,False,False,False,False
"Mar 24, 2020, 2:03:13 PM",Morning Run,4.09,33.85,8.28,143.9,170,4.09,32.83,8.03,,170.0,35.0,419.0,4.09,33.85,8.28,143.9,170,68,2.9,3.9,61.8,31.4,0.0,104.0,107.2,160.9,0.021,False,False,False,False,False,False
"Mar 23, 2020, 2:24:02 PM",Morning Run,3.62,31.17,8.6,147.8,162,3.62,30.15,8.33,,162.0,41.0,408.0,3.62,31.17,8.6,147.8,162,83,1.7,3.9,54.8,39.5,0.0,108.4,112.8,161.1,,False,False,False,False,False,False
"Mar 20, 2020, 1:08:42 AM",Evening Run,6.38,57.77,9.06,150.7,171,6.38,52.55,8.24,151.0,171.0,118.3,695.0,6.38,57.77,9.06,150.7,171,82,2.3,3.2,37.4,57.0,0.1,185.0,188.6,158.0,,False,False,False,True,False,False
"Mar 17, 2020, 10:10:08 PM",Afternoon Run,4.39,38.35,8.73,151.3,177,4.5,34.78,7.73,,177.0,38.0,473.0,4.39,38.35,8.73,151.3,177,64,3.1,5.0,37.6,50.7,3.6,94.8,93.8,159.0,0.275,False,False,False,False,False,False
"Mar 14, 2020, 11:58:52 PM",Afternoon Run,4.07,32.28,7.93,,,4.07,32.28,7.93,,,44.0,614.0,,,,,,,,,,,,,,,,False,True,False,False,False,False
"Mar 14, 2020, 1:33:24 AM",Evening Run,1.72,15.53,9.03,,,1.72,15.53,9.03,,,18.2,258.0,,,,,,,,,,,,,,,,False,False,False,True,False,False
"Mar 8, 2020, 2:14:02 PM",LA Marathon,26.76,239.98,8.97,156.0,166,26.76,239.93,8.97,,166.0,262.0,2718.0,26.76,239.98,8.97,156.0,166,100,0.2,0.2,12.3,87.3,0.0,588.8,729.0,162.9,0.405,True,False,False,False,True,False
"Mar 5, 2020, 1:43:26 PM",Morning Run,5.19,44.4,8.55,,,5.19,44.4,8.55,,,29.7,781.0,,,,,,,,,,,,,,,,False,False,False,False,False,False
"Mar 3, 2020, 8:09:13 PM",Lunch Run,4.13,32.85,7.95,,,4.13,32.85,7.95,,,58.6,628.0,,,,,,,,,,,,,,,,False,True,False,False,False,False
"Feb 29, 2020, 6:04:46 PM",Morning Run,10.18,86.75,8.53,,,10.18,86.75,8.52,,,56.0,1354.0,10.18,86.75,8.53,,,,,,,,,165.2,187.0,162.5,0.086,False,False,False,False,False,False
"Feb 27, 2020, 8:13:15 PM",Lunch Run,4.13,33.98,8.23,,,4.13,33.98,8.23,,,49.4,623.0,,,,,,,,,,,,,,,,False,False,False,False,False,False
"Feb 26, 2020, 8:06:41 PM",Lunch Run,4.7,39.2,8.34,,,4.7,39.2,8.34,,,55.0,711.0,,,,,,,,,,,,,,,,False,False,False,False,False,False
"Feb 25, 2020, 4:52:45 AM",Evening Run,4.22,35.72,8.46,,,4.22,35.72,8.46,,,39.5,634.0,,,,,,,,,,,,,,,,False,False,False,False,False,False
"Feb 23, 2020, 7:59:32 PM",Lunch Run,1.63,14.15,8.68,,,1.63,14.15,8.68,,,29.5,257.0,,,,,,,,,,,,,,,,False,False,False,False,False,False
"Feb 22, 2020, 6:09:01 PM",Morning Run,16.25,145.8,8.97,,,16.25,145.8,8.97,,,83.4,2442.0,,,,,,,,,,,,,,,,True,False,False,False,False,False
"Feb 21, 2020, 1:20:26 PM",Morning Run,6.13,50.73,8.28,,,6.13,50.73,8.28,,,29.7,922.0,,,,,,,,,,,,,,,,False,False,False,False,False,False
"Feb 19, 2020, 1:12:49 PM",Morning Run,3.62,31.62,8.73,,,3.62,31.62,8.73,,,29.6,545.0,,,,,,,,,,,,,,,,False,False,False,False,False,False
"Feb 15, 2020, 4:37:38 PM",Morning Run,22.2,206.3,9.29,,,22.2,199.03,8.97,,,85.0,2946.0,22.2,206.3,9.29,,,,,,,,,248.2,242.8,164.6,0.065,True,False,False,True,False,False
"Feb 13, 2020, 8:08:13 PM",Lunch Run,6.81,53.63,7.88,,,6.81,53.63,7.88,,,124.9,1046.0,,,,,,,,,,,,,,,,False,True,False,False,False,False
"Feb 11, 2020, 1:29:34 PM",Morning Run,5.18,46.42,8.96,,,5.18,46.42,8.96,,,29.7,780.0,,,,,,,,,,,,,,,,False,False,False,False,False,False
"Feb 8, 2020, 5:16:22 PM",Morning Run,20.33,204.83,10.07,154.7,176,20.33,192.33,9.46,,176.0,106.0,2304.0,20.33,204.83,10.07,154.7,176,75,0.6,1.8,10.3,85.5,1.8,491.4,496.0,163.3,0.327,True,False,False,True,False,False
"Feb 7, 2020, 12:38:35 AM",Afternoon Run,4.93,45.02,9.14,151.9,168,5.01,41.93,8.37,,168.0,42.0,567.0,4.93,45.02,9.14,151.9,168,74,2.6,2.6,26.7,68.2,0.0,155.8,159.0,163.5,,False,False,False,True,False,False
"Feb 4, 2020, 8:07:32 PM",Lunch Run,4.21,36.02,8.56,,,4.21,36.02,8.56,,,64.4,644.0,,,,,,,,,,,,,,,,False,False,False,False,False,False
"Feb 1, 2020, 6:14:08 PM",Morning Run,18.24,166.1,9.11,,171.0,18.24,166.1,9.11,,171.0,68.3,2742.0,,,,,,,,,,,,,,,,True,False,False,True,False,False
"Jan 30, 2020, 8:02:15 PM",Lunch Run,5.66,44.47,7.86,,,5.66,44.47,7.86,,,57.0,855.0,,,,,,,,,,,,,,,,False,True,False,False,False,False
"Jan 28, 2020, 8:13:17 PM",Lunch Run,6.08,54.72,9.0,,169.0,6.08,54.72,9.0,,169.0,127.4,938.0,,,,,,,,,,,,,,,,False,False,False,True,False,False
"Jan 26, 2020, 7:31:11 PM",Lunch Run,3.07,27.6,8.99,,,3.07,27.6,8.99,,,49.9,464.0,,,,,,,,,,,,,,,,False,False,False,False,False,False
"Jan 25, 2020, 5:52:38 PM",Morning Run,16.23,150.2,9.25,,171.0,16.23,150.2,9.25,,171.0,55.6,2443.0,,,,,,,,,,,,,,,,True,False,False,True,False,False
"Jan 23, 2020, 1:06:48 PM",Morning Run,6.05,53.3,8.81,,,6.05,53.3,8.81,,,30.4,908.0,,,,,,,,,,,,,,,,False,False,False,False,False,False
"Jan 21, 2020, 1:26:43 PM",Morning Run,4.17,40.37,9.68,,,4.17,40.37,9.68,,,28.9,627.0,,,,,,,,,,,,,,,,False,False,False,True,False,False
"Jan 18, 2020, 4:47:32 PM",Morning Run,13.78,130.92,9.5,,,13.78,130.92,9.5,,,74.6,2071.0,,,,,,,,,,,,,,,,False,False,False,True,False,False
"Jan 17, 2020, 8:11:12 PM",Lunch Run,4.33,33.9,7.83,,,4.33,33.9,7.83,,,82.4,669.0,,,,,,,,,,,,,,,,False,True,False,False,False,False
"Jan 12, 2020, 5:56:48 PM",Morning Run,8.1,71.6,8.84,,,8.1,71.6,8.84,,,48.3,1217.0,,,,,,,,,,,,,,,,False,False,False,False,False,False
"Jan 11, 2020, 5:56:07 PM",Morning Run,8.08,75.42,9.33,,,8.08,75.42,9.33,,,46.1,1214.0,,,,,,,,,,,,,,,,False,False,False,True,False,False
"Jan 4, 2020, 6:08:19 PM",Morning Run,12.11,112.22,9.27,,,12.11,112.22,9.27,,,71.8,1820.0,,,,,,,,,,,,,,,,False,False,False,True,False,False
"Jan 2, 2020, 12:59:48 PM",Morning Run,7.05,65.68,9.32,,,7.05,65.68,9.32,,,135.5,1079.0,,,,,,,,,,,,,,,,False,False,False,True,False,False
"Dec 30, 2019, 7:30:47 PM",Lunch Run,3.65,33.62,9.21,,,3.65,32.13,8.8,,,78.0,481.0,3.65,33.62,9.21,,,,,,,,,154.4,152.4,164.4,0.145,False,False,False,True,False,False
"Dec 25, 2019, 9:08:04 PM",Afternoon Run,5.11,60.52,11.84,,,5.11,60.52,11.84,,,158.2,811.0,,,,,,,,,,,,,,,,False,False,False,True,False,False
"Dec 21, 2019, 11:16:08 PM",Afternoon Run,3.57,31.03,8.69,,,3.57,31.03,8.69,,,80.8,544.0,,,,,,,,,,,,,,,,False,False,False,False,False,False
"Dec 17, 2019, 1:20:51 PM",Morning Run,5.17,47.93,9.27,,,5.17,47.93,9.27,,,90.2,787.0,,,,,,,,,,,,,,,,False,False,False,True,False,False
"Dec 14, 2019, 8:31:21 PM",Lunch Run,2.05,18.93,9.23,,,2.05,18.93,9.23,,,16.3,309.0,,,,,,,,,,,,,,,,False,False,False,True,False,False
"Dec 8, 2019, 2:36:40 PM",Morning Run,6.53,60.7,9.3,,,6.53,60.7,9.3,,,150.2,1008.0,,,,,,,,,,,,,,,,False,False,False,True,False,False
"Dec 7, 2019, 7:51:25 PM",Lunch Run,2.14,17.98,8.4,,,2.14,17.98,8.4,,,29.0,324.0,,,,,,,,,,,,,,,,False,False,False,False,False,False
"Dec 6, 2019, 1:37:59 PM",Morning Run,3.36,29.58,8.8,,,3.36,29.58,8.8,,,29.6,506.0,,,,,,,,,,,,,,,,False,False,False,False,False,False
"Dec 3, 2019, 1:30:28 PM",Morning Run,4.23,40.08,9.48,,,4.23,40.08,9.48,,,82.0,650.0,,,,,,,,,,,,,,,,False,False,False,True,False,False
"Dec 1, 2019, 8:32:02 PM",Lunch Run,4.08,35.95,8.81,,,4.08,35.95,8.81,,,37.7,616.0,,,,,,,,,,,,,,,,False,False,False,False,False,False
"Nov 25, 2019, 1:48:48 PM",Morning Run,2.39,22.2,9.29,,,2.39,22.2,9.29,,,29.4,358.0,,,,,,,,,,,,,,,,False,False,False,True,False,False
"Nov 24, 2019, 2:54:34 AM",Evening Run,1.12,10.02,8.95,,,1.12,10.02,8.95,,,10.2,168.0,,,,,,,,,,,,,,,,False,False,False,False,False,False
"Nov 23, 2019, 10:40:15 PM",Afternoon Run,1.1,9.28,8.44,,,1.1,9.28,8.44,,,2.7,164.0,,,,,,,,,,,,,,,,False,False,False,False,False,False
"Nov 5, 2019, 8:51:36 PM",Lunch Run,1.69,24.07,14.24,,,1.69,24.07,14.24,,,20.4,254.0,,,,,,,,,,,,,,,,False,False,False,True,False,False
"Nov 5, 2019, 8:24:03 PM",Lunch Run,1.56,14.2,9.1,,,1.56,14.2,9.1,,,20.5,235.0,,,,,,,,,,,,,,,,False,False,False,True,False,False
"Oct 31, 2019, 4:25:38 AM",Night Run,2.33,20.57,8.83,,,2.33,20.57,8.83,,,35.0,351.0,,,,,,,,,,,,,,,,False,False,False,False,False,False
"Oct 26, 2019, 7:00:00 PM",Lunch Run,2.05,17.75,8.66,,,2.05,17.75,8.66,,,,307.0,,,,,,,,,,,,,,,,False,False,False,False,False,False
"Oct 25, 2019, 3:36:55 AM",Evening Run,3.21,29.58,9.21,,,3.21,29.58,9.21,,,49.5,484.0,,,,,,,,,,,,,,,,False,False,False,True,False,False
"Oct 24, 2019, 3:51:20 AM",Evening Run,3.21,29.93,9.32,,,3.21,29.93,9.32,,,50.0,484.0,,,,,,,,,,,,,,,,False,False,False,True,False,False
"Oct 23, 2019, 3:54:37 AM",Evening Run,2.67,25.9,9.7,,,2.67,25.9,9.7,,,41.6,402.0,,,,,,,,,,,,,,,,False,False,False,True,False,False
"Oct 10, 2019, 7:28:45 PM",Lunch Run,3.68,31.3,8.51,,,3.68,31.3,8.51,,,41.3,549.0,,,,,,,,,,,,,,,,False,False,False,False,False,False
"Oct 1, 2019, 8:35:33 PM",Afternoon Run,3.16,27.9,8.83,,,3.16,27.9,8.83,,,31.9,472.0,,,,,,,,,,,,,,,,False,False,False,False,False,False
"Sep 29, 2019, 7:15:21 PM",Lunch Run,4.07,37.38,9.18,,,4.07,37.38,9.18,,,12.2,606.0,,,,,,,,,,,,,,,,False,False,False,True,False,False
"Sep 28, 2019, 6:56:45 PM",Lunch Run,3.67,32.65,8.9,,,3.67,32.65,8.9,,,41.2,548.0,,,,,,,,,,,,,,,,False,False,False,False,False,False
"Sep 21, 2019, 5:07:00 PM",Morning Run,2.39,19.53,8.17,,,2.39,19.53,8.17,,,22.1,358.0,,,,,,,,,,,,,,,,False,False,False,False,False,False
"Sep 6, 2019, 7:00:00 PM",Lunch Run,1.36,10.07,7.4,,,1.36,10.07,7.4,,,,204.0,,,,,,,,,,,,,,,,False,True,False,False,False,False
"Sep 2, 2019, 9:00:40 PM",Afternoon Run,2.39,20.15,8.43,,,2.39,20.15,8.43,,,29.5,358.0,,,,,,,,,,,,,,,,False,False,False,False,False,False
"Aug 31, 2019, 11:10:10 PM",Afternoon Run,2.64,21.58,8.17,,,2.64,21.58,8.17,,,40.5,397.0,,,,,,,,,,,,,,,,False,False,False,False,False,False
"Aug 29, 2019, 7:00:00 PM",Lunch Run,1.04,8.05,7.74,,,1.04,8.05,7.74,,,,156.0,,,,,,,,,,,,,,,,False,True,False,False,False,False
"Aug 27, 2019, 6:00:00 PM",Lunch Run,1.03,8.02,7.79,,,1.03,8.02,7.79,,,,154.0,,,,,,,,,,,,,,,,False,True,False,False,False,False
"Aug 24, 2019, 7:45:13 PM",Lunch Run,1.74,14.85,8.53,,,1.74,14.85,8.53,,,24.8,262.0,,,,,,,,,,,,,,,,False,False,False,False,False,False
"Aug 20, 2019, 7:00:00 PM",Lunch Run,1.02,8.33,8.17,,,1.02,8.33,8.17,,,,153.0,,,,,,,,,,,,,,,,False,False,False,False,False,False
"Aug 12, 2019, 7:00:00 PM",Lunch Run,3.14,26.08,8.31,,,3.14,26.08,8.31,,,,470.0,,,,,,,,,,,,,,,,False,False,False,False,False,False
"Aug 5, 2019, 7:00:00 PM",Lunch Run,1.12,9.18,8.2,,,1.12,9.18,8.2,,,,168.0,,,,,,,,,,,,,,,,False,False,False,False,False,False
"Aug 2, 2019, 1:47:12 PM",Morning Run,3.18,26.58,8.36,,,3.18,26.58,8.36,,,32.5,475.0,,,,,,,,,,,,,,,,False,False,False,False,False,False
"Jul 30, 2019, 7:00:00 PM",Lunch Run,1.1,8.88,8.07,,,1.1,8.88,8.07,,,,165.0,,,,,,,,,,,,,,,,False,False,False,False,False,False
"Jul 26, 2019, 3:17:58 AM",Evening Run,1.48,11.23,7.59,,,1.48,11.23,7.59,,,,219.0,,,,,,,,,,,,,,,,False,True,False,False,False,False
"Jul 25, 2019, 7:00:00 PM",Lunch Run,2.35,20.13,8.57,,,2.35,20.13,8.57,,,,352.0,,,,,,,,,,,,,,,,False,False,False,False,False,False
"Jul 23, 2019, 7:00:00 PM",Lunch Run,1.15,10.0,8.7,,,1.15,10.0,8.7,,,,172.0,,,,,,,,,,,,,,,,False,False,False,False,False,False
"Jul 16, 2019, 3:36:47 AM",Evening Run,1.72,15.03,8.74,,,1.72,15.03,8.74,,,24.8,259.0,,,,,,,,,,,,,,,,False,False,False,False,False,False
"Jun 28, 2019, 7:00:00 PM",Lunch Run,1.02,8.48,8.31,,,1.02,8.48,8.31,,,,153.0,,,,,,,,,,,,,,,,False,False,False,False,False,False
"Jun 27, 2019, 6:50:00 PM",Lunch Run,1.2,10.0,8.33,,,1.2,10.0,8.33,,,,180.0,,,,,,,,,,,,,,,,False,False,False,False,False,False
"Jun 26, 2019, 6:50:00 PM",Lunch Run,1.7,14.0,8.24,,,1.7,14.0,8.24,,,,255.0,,,,,,,,,,,,,,,,False,False,False,False,False,False
"Jun 25, 2019, 6:50:00 PM",Lunch Run,1.45,12.0,8.28,,,1.45,12.0,8.28,,,,217.0,,,,,,,,,,,,,,,,False,False,False,False,False,False
"Jun 24, 2019, 6:50:00 PM",Lunch Run,1.1,9.28,8.44,,,1.1,9.28,8.44,,,,165.0,,,,,,,,,,,,,,,,False,False,False,False,False,False
"Jun 18, 2019, 6:50:00 PM",Lunch Run,1.38,11.4,8.26,,,1.38,11.4,8.26,,,,207.0,,,,,,,,,,,,,,,,False,False,False,False,False,False
"Jun 14, 2019, 6:50:00 PM",Lunch Run,1.1,10.0,9.09,,,1.1,10.0,9.09,,,,165.0,,,,,,,,,,,,,,,,False,False,False,True,False,False
"May 17, 2019, 7:00:00 PM",Lunch Run,1.14,8.48,7.44,,,1.14,8.48,7.44,,,,171.0,,,,,,,,,,,,,,,,False,True,False,False,False,False
"Apr 9, 2019, 7:50:11 PM",Lunch Run,0.97,8.0,8.25,,,0.97,8.0,8.25,,,3.5,145.0,,,,,,,,,,,,,,,,False,False,False,False,False,False
"Apr 9, 2019, 7:11:34 PM",Lunch Run,0.98,7.82,7.98,,,0.98,7.82,7.98,,,,145.0,,,,,,,,,,,,,,,,False,True,False,False,False,False
"Apr 8, 2019, 7:04:24 PM",Lunch Run,4.71,37.98,8.06,,,4.71,37.98,8.06,,,22.4,702.0,,,,,,,,,,,,,,,,False,False,False,False,False,False
"Apr 3, 2019, 7:51:57 PM",Lunch Run,0.95,7.42,7.81,,,0.95,7.42,7.81,,,3.5,142.0,,,,,,,,,,,,,,,,False,True,False,False,False,False
"Apr 3, 2019, 7:10:15 PM",Lunch Run,0.99,7.25,7.32,,,0.99,7.25,7.32,,,,147.0,,,,,,,,,,,,,,,,False,True,False,False,False,False
"Mar 28, 2019, 7:47:28 PM",Lunch Run,0.96,7.33,7.64,,,0.96,7.33,7.64,,,3.5,143.0,,,,,,,,,,,,,,,,False,True,False,False,False,False
"Mar 28, 2019, 7:09:27 PM",Lunch Run,0.94,7.3,7.77,,,0.94,7.3,7.77,,,,140.0,,,,,,,,,,,,,,,,False,True,False,False,False,False
"Mar 26, 2019, 7:53:03 PM",Lunch Run,0.95,8.13,8.56,,,0.95,8.13,8.56,,,3.5,142.0,,,,,,,,,,,,,,,,False,False,False,False,False,False
"Mar 26, 2019, 7:13:35 PM",Lunch Run,0.99,7.68,7.76,,,0.99,7.68,7.76,,,,147.0,,,,,,,,,,,,,,,,False,True,False,False,False,False
"Mar 22, 2019, 7:00:00 PM",Lunch Run,2.15,17.17,7.99,,,2.15,17.17,7.99,,,,322.0,,,,,,,,,,,,,,,,False,True,False,False,False,False
"Mar 20, 2019, 7:51:11 PM",Lunch Run,0.95,7.58,7.98,,,0.95,7.58,7.98,,,3.5,142.0,,,,,,,,,,,,,,,,False,True,False,False,False,False
"Mar 20, 2019, 7:04:41 PM",Lunch Run,0.97,7.4,7.63,,,0.97,7.4,7.63,,,,144.0,,,,,,,,,,,,,,,,False,True,False,False,False,False
"Mar 19, 2019, 3:36:08 AM",Evening Run,2.1,17.77,8.46,,,2.1,17.77,8.46,,,30.2,316.0,,,,,,,,,,,,,,,,False,False,False,False,False,False
"Mar 8, 2019, 8:50:08 PM",Lunch Run,0.98,7.63,7.79,,,0.98,7.63,7.79,,,3.5,146.0,,,,,,,,,,,,,,,,False,True,False,False,False,False
"Mar 8, 2019, 8:14:17 PM",Lunch Run,0.96,7.4,7.71,,,0.96,7.4,7.71,,,,142.0,,,,,,,,,,,,,,,,False,True,False,False,False,False
"Mar 6, 2019, 8:00:00 PM",Lunch Run,2.3,19.03,8.27,,,2.3,19.03,8.27,,,,345.0,,,,,,,,,,,,,,,,False,False,False,False,False,False
"Mar 5, 2019, 8:49:01 PM",Lunch Run,0.95,7.92,8.34,,,0.95,7.92,8.34,,,3.5,142.0,,,,,,,,,,,,,,,,False,False,False,False,False,False
"Mar 5, 2019, 8:11:35 PM",Lunch Run,0.98,7.8,7.96,,,0.98,7.8,7.96,,,,145.0,,,,,,,,,,,,,,,,False,True,False,False,False,False
"Mar 4, 2019, 8:41:06 PM",Lunch Run,0.95,7.12,7.49,,,0.95,7.12,7.49,,,3.5,142.0,,,,,,,,,,,,,,,,False,True,False,False,False,False
"Mar 4, 2019, 8:06:12 PM",Lunch Run,0.94,7.2,7.66,,,0.94,7.2,7.66,,,,139.0,,,,,,,,,,,,,,,,False,True,False,False,False,False
"Mar 4, 2019, 2:35:34 AM",Evening Run,2.1,17.62,8.39,,,2.1,17.62,8.39,,,30.0,317.0,,,,,,,,,,,,,,,,False,False,False,False,False,False
"Feb 25, 2019, 5:38:37 PM",Evening Run,3.24,25.17,7.77,,,3.24,25.17,7.77,,,47.9,489.0,,,,,,,,,,,,,,,,False,True,False,False,False,False
"Feb 24, 2019, 4:15:22 PM",Afternoon Run,3.48,26.53,7.62,,,3.48,26.53,7.62,,,52.2,526.0,,,,,,,,,,,,,,,,False,True,False,False,False,False
"Feb 20, 2019, 8:56:47 PM",Lunch Run,0.94,7.95,8.46,,,0.94,7.95,8.46,,,3.4,140.0,,,,,,,,,,,,,,,,False,False,False,False,False,False
"Feb 20, 2019, 8:22:25 PM",Lunch Run,0.96,6.9,7.19,,,0.96,6.9,7.19,,,,142.0,,,,,,,,,,,,,,,,False,True,False,False,False,False
"Feb 19, 2019, 8:52:05 PM",Lunch Run,0.95,7.77,8.18,,,0.95,7.77,8.18,,,3.4,142.0,,,,,,,,,,,,,,,,False,False,False,False,False,False
"Feb 19, 2019, 8:12:08 PM",Lunch Run,0.93,6.63,7.13,,,0.93,6.63,7.13,,,,137.0,,,,,,,,,,,,,,,,False,True,False,False,False,False
"Feb 16, 2019, 8:00:00 PM",Lunch Run,1.5,12.02,8.01,,,1.5,12.02,8.01,,,,225.0,,,,,,,,,,,,,,,,False,False,False,False,False,False
"Feb 6, 2019, 8:40:21 PM",Lunch Run,0.98,7.62,7.78,,,0.98,7.62,7.78,,,3.5,146.0,,,,,,,,,,,,,,,,False,True,False,False,False,False
"Feb 6, 2019, 8:04:55 PM",Lunch Run,1.04,7.72,7.42,,,1.04,7.72,7.42,,,,154.0,,,,,,,,,,,,,,,,False,True,False,False,False,False
"Feb 4, 2019, 8:00:00 PM",Lunch Run,2.5,20.18,8.07,,,2.5,20.18,8.07,,,,374.0,,,,,,,,,,,,,,,,False,False,False,False,False,False
"Feb 1, 2019, 8:45:57 PM",Lunch Run,0.93,7.45,8.01,,,0.93,7.45,8.01,,,3.4,139.0,,,,,,,,,,,,,,,,False,False,False,False,False,False
"Feb 1, 2019, 8:04:47 PM",Lunch Run,0.96,6.93,7.22,,,0.96,6.93,7.22,,,,143.0,,,,,,,,,,,,,,,,False,True,False,False,False,False
"Jan 28, 2019, 8:43:17 PM",Lunch Run,0.94,7.48,7.96,,,0.94,7.48,7.96,,,3.4,140.0,,,,,,,,,,,,,,,,False,True,False,False,False,False
"Jan 28, 2019, 8:08:30 PM",Lunch Run,1.01,7.37,7.3,,,1.01,7.37,7.3,,,,150.0,,,,,,,,,,,,,,,,False,True,False,False,False,False
"Jan 25, 2019, 8:52:44 PM",Lunch Run,0.95,8.15,8.58,,,0.95,8.15,8.58,,,3.5,141.0,,,,,,,,,,,,,,,,False,False,False,False,False,False
"Jan 25, 2019, 8:10:19 PM",Lunch Run,0.96,7.42,7.73,,,0.96,7.42,7.73,,,,143.0,,,,,,,,,,,,,,,,False,True,False,False,False,False
"Jan 23, 2019, 8:50:32 PM",Lunch Run,0.97,7.83,8.07,,,0.97,7.83,8.07,,,3.6,145.0,,,,,,,,,,,,,,,,False,False,False,False,False,False
"Jan 23, 2019, 8:12:17 PM",Lunch Run,0.91,7.17,7.88,,,0.91,7.17,7.88,,,,135.0,,,,,,,,,,,,,,,,False,True,False,False,False,False
"Jan 14, 2019, 8:00:00 PM",Lunch Run,2.1,16.28,7.75,,,2.1,16.28,7.75,,,,315.0,,,,,,,,,,,,,,,,False,True,False,False,False,False
"Jan 10, 2019, 8:17:54 PM",Lunch Run,4.7,38.05,8.1,,,4.7,38.05,8.1,,,19.0,701.0,,,,,,,,,,,,,,,,False,False,False,False,False,False
"Jan 8, 2019, 8:52:06 PM",Lunch Run,0.96,8.02,8.35,,,0.96,8.02,8.35,,,3.5,144.0,,,,,,,,,,,,,,,,False,False,False,False,False,False
"Jan 8, 2019, 8:12:10 PM",Lunch Run,0.92,6.73,7.32,,,0.92,6.73,7.32,,,,136.0,,,,,,,,,,,,,,,,False,True,False,False,False,False
"Jan 2, 2019, 8:52:35 PM",Lunch Run,0.94,7.72,8.21,,,0.94,7.72,8.21,,,3.5,140.0,,,,,,,,,,,,,,,,False,False,False,False,False,False
"Jan 2, 2019, 8:10:53 PM",Lunch Run,0.95,7.02,7.39,,,0.95,7.02,7.39,,,,141.0,,,,,,,,,,,,,,,,False,True,False,False,False,False
"Jan 1, 2019, 8:00:00 PM",Lunch Run,1.25,10.23,8.18,,,1.25,10.23,8.18,,,,187.0,,,,,,,,,,,,,,,,False,False,False,False,False,False
"Dec 25, 2018, 8:10:00 PM",Lunch Run,2.05,16.08,7.84,,,2.05,16.08,7.84,,,,307.0,,,,,,,,,,,,,,,,False,True,False,False,False,False
"Dec 22, 2018, 8:00:00 PM",Lunch Run,1.25,10.03,8.02,,,1.25,10.03,8.02,,,,187.0,,,,,,,,,,,,,,,,False,False,False,False,False,False
"Dec 18, 2018, 8:50:33 PM",Lunch Run,0.94,7.35,7.82,,,0.94,7.35,7.82,,,3.6,140.0,,,,,,,,,,,,,,,,False,True,False,False,False,False
"Dec 18, 2018, 8:11:46 PM",Lunch Run,0.96,7.33,7.64,,,0.96,7.33,7.64,,,,142.0,,,,,,,,,,,,,,,,False,True,False,False,False,False
"Dec 17, 2018, 8:37:43 PM",Lunch Run,0.94,7.65,8.14,,,0.94,7.65,8.14,,,3.5,141.0,,,,,,,,,,,,,,,,False,False,False,False,False,False
"Dec 17, 2018, 7:53:22 PM",Lunch Run,1.0,7.57,7.57,,,1.0,7.57,7.57,,,,149.0,,,,,,,,,,,,,,,,False,True,False,False,False,False
"Dec 13, 2018, 8:48:49 PM",Lunch Run,0.97,7.75,7.99,,,0.97,7.75,7.99,,,3.5,144.0,,,,,,,,,,,,,,,,False,True,False,False,False,False
"Dec 13, 2018, 8:11:13 PM",Lunch Run,0.99,7.05,7.12,,,0.99,7.05,7.12,,,,146.0,,,,,,,,,,,,,,,,False,True,False,False,False,False
"Dec 9, 2018, 8:00:00 PM",Lunch Run,1.27,10.22,8.05,,,1.27,10.22,8.05,,,,190.0,,,,,,,,,,,,,,,,False,False,False,False,False,False
"Dec 8, 2018, 12:45:03 AM",Afternoon Run,2.21,17.27,7.81,,,2.21,17.27,7.81,,,29.8,332.0,,,,,,,,,,,,,,,,False,True,False,False,False,False
"Dec 4, 2018, 8:47:24 PM",Lunch Run,0.97,7.3,7.53,,,0.97,7.3,7.53,,,3.5,144.0,,,,,,,,,,,,,,,,False,True,False,False,False,False
"Dec 4, 2018, 8:10:57 PM",Lunch Run,1.02,7.87,7.72,,,1.02,7.87,7.72,,,,151.0,,,,,,,,,,,,,,,,False,True,False,False,False,False
"Dec 3, 2018, 8:45:07 PM",Lunch Run,0.96,7.2,7.5,,,0.96,7.2,7.5,,,3.5,143.0,,,,,,,,,,,,,,,,False,True,False,False,False,False
"Dec 3, 2018, 8:13:01 PM",Lunch Run,0.97,7.45,7.68,,,0.97,7.45,7.68,,,,145.0,,,,,,,,,,,,,,,,False,True,False,False,False,False
"Dec 1, 2018, 8:42:14 PM",Lunch Run,3.22,26.3,8.17,,,3.22,26.3,8.17,,,39.5,482.0,,,,,,,,,,,,,,,,False,False,False,False,False,False
"Nov 27, 2018, 8:47:32 PM",Lunch Run,0.94,7.47,7.95,,,0.94,7.47,7.95,,,3.5,140.0,,,,,,,,,,,,,,,,False,True,False,False,False,False
"Nov 27, 2018, 8:13:05 PM",Lunch Run,1.01,7.95,7.87,,,1.01,7.95,7.87,,,,150.0,,,,,,,,,,,,,,,,False,True,False,False,False,False
"Nov 23, 2018, 8:10:00 PM",Lunch Run,1.3,11.0,8.46,,,1.3,11.0,8.46,,,,195.0,,,,,,,,,,,,,,,,False,False,False,False,False,False
"Nov 20, 2018, 8:52:46 PM",Lunch Run,0.97,7.6,7.84,,,0.97,7.6,7.84,,,3.6,145.0,,,,,,,,,,,,,,,,False,True,False,False,False,False
"Nov 20, 2018, 8:15:38 PM",Lunch Run,0.92,6.73,7.32,,,0.92,6.73,7.32,,,,137.0,,,,,,,,,,,,,,,,False,True,False,False,False,False
"Nov 19, 2018, 8:51:12 PM",Lunch Run,1.0,7.47,7.47,,,1.0,7.47,7.47,,,3.6,149.0,,,,,,,,,,,,,,,,False,True,False,False,False,False
"Nov 19, 2018, 8:11:23 PM",Lunch Run,0.9,6.32,7.02,,,0.9,6.32,7.02,,,,133.0,,,,,,,,,,,,,,,,False,True,False,False,False,False
"Nov 13, 2018, 8:52:40 PM",Lunch Run,0.88,7.47,8.49,,,0.88,7.47,8.49,,,3.0,131.0,,,,,,,,,,,,,,,,False,False,False,False,False,False
"Nov 13, 2018, 8:12:07 PM",Lunch Run,0.97,7.12,7.34,,,0.97,7.12,7.34,,,,144.0,,,,,,,,,,,,,,,,False,True,False,False,False,False
"Nov 12, 2018, 2:04:51 AM",Evening Run,2.11,15.87,7.52,,,2.11,15.87,7.52,,,,316.0,,,,,,,,,,,,,,,,False,True,False,False,False,False
"Nov 10, 2018, 8:10:00 PM",Lunch Run,1.25,10.3,8.24,,,1.25,10.3,8.24,,,,187.0,,,,,,,,,,,,,,,,False,False,False,False,False,False
"Nov 9, 2018, 8:52:46 PM",Lunch Run,0.94,7.82,8.32,,,0.94,7.82,8.32,,,3.6,139.0,,,,,,,,,,,,,,,,False,False,False,False,False,False
"Nov 9, 2018, 8:14:38 PM",Lunch Run,0.98,6.67,6.81,,,0.98,6.67,6.81,,,,145.0,,,,,,,,,,,,,,,,False,False,True,False,False,False
"Nov 8, 2018, 8:51:56 PM",Lunch Run,0.92,6.92,7.52,,,0.92,6.92,7.52,,,3.5,137.0,,,,,,,,,,,,,,,,False,True,False,False,False,False
"Nov 8, 2018, 8:08:31 PM",Lunch Run,0.97,6.9,7.11,,,0.97,6.9,7.11,,,,143.0,,,,,,,,,,,,,,,,False,True,False,False,False,False
"Nov 6, 2018, 8:51:03 PM",Lunch Run,0.93,7.37,7.92,,,0.93,7.37,7.92,,,3.6,138.0,,,,,,,,,,,,,,,,False,True,False,False,False,False
"Nov 6, 2018, 8:12:10 PM",Lunch Run,0.97,6.88,7.09,,,0.97,6.88,7.09,,,,143.0,,,,,,,,,,,,,,,,False,True,False,False,False,False
"Nov 1, 2018, 7:50:55 PM",Lunch Run,0.94,7.23,7.69,,,0.94,7.23,7.69,,,3.5,140.0,,,,,,,,,,,,,,,,False,True,False,False,False,False
"Nov 1, 2018, 7:09:46 PM",Lunch Run,0.97,7.07,7.29,,,0.97,7.07,7.29,,,,144.0,,,,,,,,,,,,,,,,False,True,False,False,False,False
"Oct 29, 2018, 7:52:38 PM",Lunch Run,0.96,7.4,7.71,,,0.96,7.4,7.71,,,3.6,143.0,,,,,,,,,,,,,,,,False,True,False,False,False,False
"Oct 29, 2018, 7:13:29 PM",Lunch Run,0.97,7.02,7.24,,,0.97,7.02,7.24,,,,144.0,,,,,,,,,,,,,,,,False,True,False,False,False,False
"Oct 27, 2018, 11:39:35 PM",Afternoon Run,0.26,4.95,,,,0.26,4.95,,,,4.8,41.0,,,,,,,,,,,,,,,,False,False,False,False,False,False
"Oct 22, 2018, 7:45:02 PM",Lunch Run,0.95,7.95,8.37,,,0.95,7.95,8.37,,,3.5,141.0,,,,,,,,,,,,,,,,False,False,False,False,False,False
"Oct 22, 2018, 7:10:24 PM",Lunch Run,0.97,7.05,7.27,,,0.97,7.05,7.27,,,,144.0,,,,,,,,,,,,,,,,False,True,False,False,False,False
"Oct 19, 2018, 7:34:26 PM",Lunch Run,1.41,26.85,19.04,,,1.41,26.85,19.04,,,3.3,209.0,,,,,,,,,,,,,,,,False,False,False,True,False,False
"Oct 17, 2018, 7:52:21 PM",Lunch Run,0.92,6.9,7.5,,,0.92,6.9,7.5,,,3.3,137.0,,,,,,,,,,,,,,,,False,True,False,False,False,False
"Oct 17, 2018, 7:11:05 PM",Lunch Run,0.92,7.2,7.83,,,0.92,7.2,7.83,,,,137.0,,,,,,,,,,,,,,,,False,True,False,False,False,False
"Oct 15, 2018, 7:53:22 PM",Lunch Run,0.95,8.03,8.45,,,0.95,8.03,8.45,,,3.5,142.0,,,,,,,,,,,,,,,,False,False,False,False,False,False
"Oct 15, 2018, 7:12:23 PM",Lunch Run,0.93,6.55,7.04,,,0.93,6.55,7.04,,,,138.0,,,,,,,,,,,,,,,,False,True,False,False,False,False
"Oct 15, 2018, 1:32:38 AM",Evening Run,0.81,16.32,20.15,,,0.81,16.32,20.15,,,15.7,124.0,,,,,,,,,,,,,,,,False,False,False,True,False,False
"Oct 15, 2018, 12:49:49 AM",Afternoon Run,0.66,13.13,19.89,,,0.66,13.13,19.89,,,,97.0,,,,,,,,,,,,,,,,False,False,False,True,False,False
"Oct 5, 2018, 7:47:28 PM",Lunch Run,1.02,7.8,7.65,,,1.02,7.8,7.65,,,3.5,152.0,,,,,,,,,,,,,,,,False,True,False,False,False,False
"Oct 5, 2018, 7:09:08 PM",Lunch Run,1.03,7.43,7.21,,,1.03,7.43,7.21,,,,153.0,,,,,,,,,,,,,,,,False,True,False,False,False,False
"Oct 2, 2018, 7:13:56 PM",Lunch Run,4.63,37.18,8.03,,,4.63,37.18,8.03,,,19.3,691.0,,,,,,,,,,,,,,,,False,False,False,False,False,False
"Sep 29, 2018, 7:10:00 PM",Lunch Run,1.52,12.17,8.01,,,1.52,12.17,8.01,,,,228.0,,,,,,,,,,,,,,,,False,False,False,False,False,False
"Sep 28, 2018, 7:13:36 PM",Lunch Run,4.67,38.67,8.28,,,4.67,38.67,8.28,,,19.2,696.0,,,,,,,,,,,,,,,,False,False,False,False,False,False
"Sep 25, 2018, 7:53:28 PM",Lunch Run,0.95,7.35,7.74,,,0.95,7.35,7.74,,,3.5,142.0,,,,,,,,,,,,,,,,False,True,False,False,False,False
"Sep 25, 2018, 7:15:10 PM",Lunch Run,0.97,7.03,7.25,,,0.97,7.03,7.25,,,,143.0,,,,,,,,,,,,,,,,False,True,False,False,False,False
"Sep 24, 2018, 7:49:14 PM",Lunch Run,0.92,7.52,8.17,,,0.92,7.52,8.17,,,3.4,137.0,,,,,,,,,,,,,,,,False,False,False,False,False,False
"Sep 24, 2018, 7:09:39 PM",Lunch Run,0.98,6.9,7.04,,,0.98,6.9,7.04,,,,145.0,,,,,,,,,,,,,,,,False,True,False,False,False,False
"Sep 23, 2018, 7:10:00 PM",Lunch Run,2.02,16.1,7.97,,,2.02,16.1,7.97,,,,303.0,,,,,,,,,,,,,,,,False,True,False,False,False,False
"Sep 17, 2018, 7:51:27 PM",Lunch Run,0.95,7.22,7.6,,,0.95,7.22,7.6,,,3.6,142.0,,,,,,,,,,,,,,,,False,True,False,False,False,False
"Sep 17, 2018, 7:11:08 PM",Lunch Run,0.98,7.22,7.37,,,0.98,7.22,7.37,,,,146.0,,,,,,,,,,,,,,,,False,True,False,False,False,False
"Sep 13, 2018, 7:52:21 PM",Lunch Run,0.96,7.47,7.78,,,0.96,7.47,7.78,,,3.6,143.0,,,,,,,,,,,,,,,,False,True,False,False,False,False
"Sep 13, 2018, 7:09:55 PM",Lunch Run,0.97,7.8,8.04,,,0.97,7.8,8.04,,,,144.0,,,,,,,,,,,,,,,,False,False,False,False,False,False
"Sep 12, 2018, 7:50:31 PM",Lunch Run,0.98,7.87,8.03,,,0.98,7.87,8.03,,,3.6,146.0,,,,,,,,,,,,,,,,False,False,False,False,False,False
"Sep 12, 2018, 7:10:11 PM",Lunch Run,1.01,7.52,7.45,,,1.01,7.52,7.45,,,,150.0,,,,,,,,,,,,,,,,False,True,False,False,False,False
"Sep 10, 2018, 2:10:41 AM",Evening Run,1.03,21.2,20.58,,,1.03,21.2,20.58,,,,154.0,,,,,,,,,,,,,,,,False,False,False,True,False,False
"Sep 9, 2018, 1:50:52 AM",Evening Run,2.92,24.98,8.55,,,2.92,24.98,8.55,,,23.6,435.0,,,,,,,,,,,,,,,,False,False,False,False,False,False
"Sep 7, 2018, 7:51:19 PM",Lunch Run,1.0,8.13,8.13,,,1.0,8.13,8.13,,,3.5,149.0,,,,,,,,,,,,,,,,False,False,False,False,False,False
"Sep 7, 2018, 7:10:37 PM",Lunch Run,0.97,7.83,8.07,,,0.97,7.83,8.07,,,,144.0,,,,,,,,,,,,,,,,False,False,False,False,False,False
"Sep 6, 2018, 7:13:03 PM",Lunch Run,4.61,37.08,8.04,,,4.61,37.08,8.04,,,20.6,687.0,,,,,,,,,,,,,,,,False,False,False,False,False,False
"Sep 5, 2018, 7:50:26 PM",Lunch Run,0.95,7.63,8.03,,,0.95,7.63,8.03,,,3.5,142.0,,,,,,,,,,,,,,,,False,False,False,False,False,False
"Sep 5, 2018, 7:09:46 PM",Lunch Run,0.96,7.5,7.81,,,0.96,7.5,7.81,,,,143.0,,,,,,,,,,,,,,,,False,True,False,False,False,False
"Sep 4, 2018, 7:48:58 PM",Lunch Run,0.95,7.57,7.97,,,0.95,7.57,7.97,,,3.5,142.0,,,,,,,,,,,,,,,,False,True,False,False,False,False
"Sep 4, 2018, 7:09:12 PM",Lunch Run,0.96,7.0,7.29,,,0.96,7.0,7.29,,,,143.0,,,,,,,,,,,,,,,,False,True,False,False,False,False
"Sep 2, 2018, 7:35:03 PM",Lunch Run,2.39,18.1,7.57,,,2.39,18.1,7.57,,,29.5,358.0,,,,,,,,,,,,,,,,False,True,False,False,False,False
"Sep 2, 2018, 2:26:35 AM",Evening Run,2.1,40.43,19.25,,,2.1,40.43,19.25,,,33.5,320.0,,,,,,,,,,,,,,,,False,False,False,True,False,False
"Aug 30, 2018, 7:10:47 PM",Lunch Run,1.19,19.48,16.37,,,1.19,19.48,16.37,,,3.2,177.0,,,,,,,,,,,,,,,,False,False,False,True,False,False
"Aug 29, 2018, 7:22:42 PM",Lunch Run,3.1,24.0,7.74,,,3.1,24.0,7.74,,,20.9,463.0,,,,,,,,,,,,,,,,False,True,False,False,False,False
"Aug 28, 2018, 7:18:16 PM",Lunch Run,3.3,24.22,7.34,,,3.3,24.22,7.34,,,23.5,493.0,,,,,,,,,,,,,,,,False,True,False,False,False,False
"Aug 26, 2018, 7:10:00 PM",Lunch Run,1.58,12.03,7.61,,,1.58,12.03,7.61,,,,237.0,,,,,,,,,,,,,,,,False,True,False,False,False,False
"Aug 24, 2018, 7:43:08 PM",Lunch Run,0.53,10.77,20.32,,,0.53,10.77,20.32,,,2.7,79.0,,,,,,,,,,,,,,,,False,False,False,True,False,False
"Aug 23, 2018, 7:48:25 PM",Lunch Run,0.96,7.6,7.92,,,0.96,7.6,7.92,,,3.5,143.0,,,,,,,,,,,,,,,,False,True,False,False,False,False
"Aug 23, 2018, 7:04:33 PM",Lunch Run,1.0,7.63,7.63,,,1.0,7.63,7.63,,,,148.0,,,,,,,,,,,,,,,,False,True,False,False,False,False
"Aug 22, 2018, 7:21:45 PM",Lunch Run,4.65,38.18,8.21,,,4.65,38.18,8.21,,,19.1,693.0,,,,,,,,,,,,,,,,False,False,False,False,False,False
"Aug 21, 2018, 2:20:53 AM",Evening Run,1.41,26.95,19.11,,,1.41,26.95,19.11,,,19.9,213.0,,,,,,,,,,,,,,,,False,False,False,True,False,False
"Aug 20, 2018, 7:49:03 PM",Lunch Run,0.95,7.18,7.56,,,0.95,7.18,7.56,,,3.6,141.0,,,,,,,,,,,,,,,,False,True,False,False,False,False
"Aug 20, 2018, 7:09:29 PM",Lunch Run,1.01,7.73,7.65,,,1.01,7.73,7.65,,,,150.0,,,,,,,,,,,,,,,,False,True,False,False,False,False
"Aug 18, 2018, 7:12:04 PM",Lunch Run,3.16,26.7,8.45,,,3.16,26.7,8.45,,,39.2,473.0,,,,,,,,,,,,,,,,False,False,False,False,False,False
"Aug 15, 2018, 7:49:22 PM",Lunch Run,0.95,7.43,7.82,,,0.95,7.43,7.82,,,3.5,142.0,,,,,,,,,,,,,,,,False,True,False,False,False,False
"Aug 15, 2018, 7:04:55 PM",Lunch Run,1.01,7.1,7.03,,,1.01,7.1,7.03,,,,149.0,,,,,,,,,,,,,,,,False,True,False,False,False,False
"Aug 13, 2018, 7:09:11 PM",Lunch Run,4.61,38.77,8.41,,,4.61,38.77,8.41,,,19.1,688.0,,,,,,,,,,,,,,,,False,False,False,False,False,False
"Aug 13, 2018, 2:11:22 AM",Evening Run,1.44,27.83,19.33,,,1.44,27.83,19.33,,,16.6,217.0,,,,,,,,,,,,,,,,False,False,False,True,False,False
"Aug 11, 2018, 7:10:00 PM",Lunch Run,1.4,10.07,7.19,,,1.4,10.07,7.19,,,,210.0,,,,,,,,,,,,,,,,False,True,False,False,False,False
"Aug 11, 2018, 2:27:52 AM",Evening Run,1.34,26.17,19.53,,,1.34,26.17,19.53,,,18.4,203.0,,,,,,,,,,,,,,,,False,False,False,True,False,False
"Aug 10, 2018, 7:35:57 PM",Lunch Run,1.29,27.32,21.18,,,1.29,27.32,21.18,,,3.0,191.0,,,,,,,,,,,,,,,,False,False,False,True,False,False
"Aug 9, 2018, 2:26:17 AM",Evening Run,1.05,19.88,18.93,,,1.05,19.88,18.93,,,15.0,158.0,,,,,,,,,,,,,,,,False,False,False,True,False,False
"Aug 8, 2018, 7:56:10 PM",Lunch Run,0.95,7.63,8.03,,,0.95,7.63,8.03,,,3.7,141.0,,,,,,,,,,,,,,,,False,False,False,False,False,False
"Aug 8, 2018, 7:11:00 PM",Lunch Run,0.96,7.05,7.34,,,0.96,7.05,7.34,,,,142.0,,,,,,,,,,,,,,,,False,True,False,False,False,False
"Aug 7, 2018, 7:58:46 PM",Lunch Run,0.91,7.65,8.41,,,0.91,7.65,8.41,,,3.5,135.0,,,,,,,,,,,,,,,,False,False,False,False,False,False
"Aug 7, 2018, 7:10:32 PM",Lunch Run,0.94,6.97,7.41,,,0.94,6.97,7.41,,,,140.0,,,,,,,,,,,,,,,,False,True,False,False,False,False
"Aug 6, 2018, 7:10:00 PM",Lunch Run,1.2,10.0,8.33,,,1.2,10.0,8.33,,,,180.0,,,,,,,,,,,,,,,,False,False,False,False,False,False
"Aug 3, 2018, 7:57:21 PM",Lunch Run,0.93,7.68,8.26,,,0.93,7.68,8.26,,,3.3,138.0,,,,,,,,,,,,,,,,False,False,False,False,False,False
"Aug 3, 2018, 7:13:58 PM",Lunch Run,0.93,6.8,7.31,,,0.93,6.8,7.31,,,,137.0,,,,,,,,,,,,,,,,False,True,False,False,False,False
"Aug 2, 2018, 7:57:03 PM",Lunch Run,0.91,6.78,7.45,,,0.91,6.78,7.45,,,3.4,136.0,,,,,,,,,,,,,,,,False,True,False,False,False,False
"Aug 2, 2018, 7:18:48 PM",Lunch Run,0.94,6.72,7.15,,,0.94,6.72,7.15,,,,140.0,,,,,,,,,,,,,,,,False,True,False,False,False,False
"Jul 31, 2018, 7:10:00 PM",Lunch Run,1.2,10.0,8.33,,,1.2,10.0,8.33,,,,180.0,,,,,,,,,,,,,,,,False,False,False,False,False,False
"Jul 26, 2018, 7:49:04 PM",Lunch Run,0.94,7.72,8.21,,,0.94,7.72,8.21,,,3.5,140.0,,,,,,,,,,,,,,,,False,False,False,False,False,False
"Jul 26, 2018, 7:06:22 PM",Lunch Run,0.97,7.17,7.39,,,0.97,7.17,7.39,,,,144.0,,,,,,,,,,,,,,,,False,True,False,False,False,False
"Jul 24, 2018, 7:47:10 PM",Lunch Run,0.97,7.88,8.12,,,0.97,7.88,8.12,,,3.5,144.0,,,,,,,,,,,,,,,,False,False,False,False,False,False
"Jul 24, 2018, 7:12:30 PM",Lunch Run,0.92,7.58,8.24,,,0.92,7.58,8.24,,,,136.0,,,,,,,,,,,,,,,,False,False,False,False,False,False
"Jul 23, 2018, 7:23:01 PM",Lunch Run,2.74,21.5,7.85,,,2.74,21.5,7.85,,,16.7,410.0,,,,,,,,,,,,,,,,False,True,False,False,False,False
"Jul 12, 2018, 7:51:33 PM",Lunch Run,0.92,6.83,7.42,,,0.92,6.83,7.42,,,3.5,137.0,,,,,,,,,,,,,,,,False,True,False,False,False,False
"Jul 12, 2018, 7:10:33 PM",Lunch Run,0.93,7.72,8.3,,,0.93,7.72,8.3,,,,138.0,,,,,,,,,,,,,,,,False,False,False,False,False,False
"Jul 11, 2018, 7:52:49 PM",Lunch Run,0.96,7.73,8.05,,,0.96,7.73,8.05,,,3.6,143.0,,,,,,,,,,,,,,,,False,False,False,False,False,False
"Jul 11, 2018, 7:10:39 PM",Lunch Run,0.98,7.15,7.3,,,0.98,7.15,7.3,,,,145.0,,,,,,,,,,,,,,,,False,True,False,False,False,False
"Jul 6, 2018, 7:20:39 PM",Lunch Run,4.66,38.7,8.3,,,4.66,38.7,8.3,,,18.9,694.0,,,,,,,,,,,,,,,,False,False,False,False,False,False
"Jul 5, 2018, 7:48:14 PM",Lunch Run,0.98,7.63,7.79,,,0.98,7.63,7.79,,,3.7,146.0,,,,,,,,,,,,,,,,False,True,False,False,False,False
"Jul 5, 2018, 7:04:34 PM",Lunch Run,0.92,7.47,8.12,,,0.92,7.47,8.12,,,,137.0,,,,,,,,,,,,,,,,False,False,False,False,False,False
"Jul 4, 2018, 7:10:00 PM",Lunch Run,1.86,14.02,7.54,,,1.86,14.02,7.54,,,,279.0,,,,,,,,,,,,,,,,False,True,False,False,False,False
"Jun 28, 2018, 7:51:15 PM",Lunch Run,0.99,7.45,7.53,,,0.99,7.45,7.53,,,3.6,147.0,,,,,,,,,,,,,,,,False,True,False,False,False,False
"Jun 28, 2018, 7:05:49 PM",Lunch Run,0.95,7.53,7.93,,,0.95,7.53,7.93,,,,140.0,,,,,,,,,,,,,,,,False,True,False,False,False,False
"Jun 26, 2018, 7:35:04 PM",Lunch Run,0.93,7.43,7.99,,,0.93,7.43,7.99,,,3.5,139.0,,,,,,,,,,,,,,,,False,True,False,False,False,False
"Jun 26, 2018, 6:41:09 PM",Lunch Run,0.95,7.03,7.4,,,0.95,7.03,7.4,,,,141.0,,,,,,,,,,,,,,,,False,True,False,False,False,False
"Jun 25, 2018, 7:58:13 PM",Lunch Run,0.92,7.1,7.72,,,0.92,7.1,7.72,,,3.3,137.0,,,,,,,,,,,,,,,,False,True,False,False,False,False
"Jun 25, 2018, 7:06:46 PM",Lunch Run,0.9,7.18,7.98,,,0.9,7.18,7.98,,,,134.0,,,,,,,,,,,,,,,,False,True,False,False,False,False
"Jun 24, 2018, 4:19:34 AM",Night Run,3.17,26.0,8.2,,,3.17,26.0,8.2,,,32.5,473.0,,,,,,,,,,,,,,,,False,False,False,False,False,False
"Jun 21, 2018, 7:46:14 PM",Lunch Run,0.95,7.53,7.93,,,0.95,7.53,7.93,,,3.5,142.0,,,,,,,,,,,,,,,,False,True,False,False,False,False
"Jun 21, 2018, 7:09:25 PM",Lunch Run,0.92,7.23,7.86,,,0.92,7.23,7.86,,,,137.0,,,,,,,,,,,,,,,,False,True,False,False,False,False
"Jun 20, 2018, 7:17:59 PM",Lunch Run,3.57,28.72,8.04,,,3.57,28.72,8.04,,,23.7,534.0,,,,,,,,,,,,,,,,False,False,False,False,False,False
"Jun 19, 2018, 7:53:49 PM",Lunch Run,0.94,7.35,7.82,,,0.94,7.35,7.82,,,3.5,141.0,,,,,,,,,,,,,,,,False,True,False,False,False,False
"Jun 19, 2018, 7:08:03 PM",Lunch Run,0.93,7.27,7.82,,,0.93,7.27,7.82,,,,138.0,,,,,,,,,,,,,,,,False,True,False,False,False,False
"Jun 12, 2018, 7:17:36 PM",Lunch Run,2.11,40.57,19.23,,,2.11,40.57,19.23,,,5.6,313.0,,,,,,,,,,,,,,,,False,False,False,True,False,False
"Jun 11, 2018, 7:18:39 PM",Lunch Run,1.53,22.27,14.56,,,1.53,22.27,14.56,,,3.3,227.0,,,,,,,,,,,,,,,,False,False,False,True,False,False
"Jun 8, 2018, 7:17:34 PM",Lunch Run,3.09,26.03,8.42,,,3.09,26.03,8.42,,,22.4,462.0,,,,,,,,,,,,,,,,False,False,False,False,False,False
"Jun 5, 2018, 7:08:31 PM",Lunch Run,2.37,47.67,20.11,,,2.37,47.67,20.11,,,6.2,353.0,,,,,,,,,,,,,,,,False,False,False,True,False,False
"May 15, 2018, 7:13:33 PM",Lunch Run,4.58,37.67,8.22,,,4.58,37.67,8.22,,,18.9,683.0,,,,,,,,,,,,,,,,False,False,False,False,False,False
"May 14, 2018, 7:20:00 PM",Lunch Run,1.17,9.9,8.46,,,1.17,9.9,8.46,,,,175.0,,,,,,,,,,,,,,,,False,False,False,False,False,False
"May 13, 2018, 7:10:00 PM",Lunch Run,0.75,6.0,8.0,,,0.75,6.0,8.0,,,,112.0,,,,,,,,,,,,,,,,False,False,False,False,False,False
"May 11, 2018, 7:12:10 PM",Lunch Run,4.6,35.33,7.68,,,4.6,35.33,7.68,,,18.4,686.0,,,,,,,,,,,,,,,,False,True,False,False,False,False
"May 11, 2018, 7:10:00 PM",Lunch Run,1.25,10.52,8.42,,,1.25,10.52,8.42,,,,187.0,,,,,,,,,,,,,,,,False,False,False,False,False,False
"May 9, 2018, 7:10:00 PM",Lunch Run,1.35,11.05,8.19,,,1.35,11.05,8.19,,,,202.0,,,,,,,,,,,,,,,,False,False,False,False,False,False
"May 7, 2018, 7:10:00 PM",Lunch Run,1.25,10.0,8.0,,,1.25,10.0,8.0,,,,187.0,,,,,,,,,,,,,,,,False,False,False,False,False,False
"May 3, 2018, 7:51:37 PM",Lunch Run,0.95,7.5,7.89,,,0.95,7.5,7.89,,,3.7,142.0,,,,,,,,,,,,,,,,False,True,False,False,False,False
"May 3, 2018, 7:12:17 PM",Lunch Run,0.92,7.07,7.68,,,0.92,7.07,7.68,,,,137.0,,,,,,,,,,,,,,,,False,True,False,False,False,False
"May 2, 2018, 7:10:00 PM",Lunch Run,1.25,10.0,8.0,,,1.25,10.0,8.0,,,,187.0,,,,,,,,,,,,,,,,False,False,False,False,False,False
"May 1, 2018, 7:52:30 PM",Lunch Run,0.94,6.92,7.36,,,0.94,6.92,7.36,,,3.5,140.0,,,,,,,,,,,,,,,,False,True,False,False,False,False
"May 1, 2018, 7:07:40 PM",Lunch Run,1.05,8.0,7.62,,,1.05,8.0,7.62,,,,155.0,,,,,,,,,,,,,,,,False,True,False,False,False,False
"Apr 27, 2018, 7:20:00 PM",Lunch Run,2.58,20.0,7.75,,,2.58,20.0,7.75,,,,386.0,,,,,,,,,,,,,,,,False,True,False,False,False,False
"Apr 23, 2018, 7:13:51 PM",Lunch Run,4.61,35.68,7.74,,,4.61,35.68,7.74,,,19.5,688.0,,,,,,,,,,,,,,,,False,True,False,False,False,False
"Apr 22, 2018, 7:55:45 PM",Lunch Run,3.24,26.03,8.03,,,3.24,26.03,8.03,,,30.4,483.0,,,,,,,,,,,,,,,,False,False,False,False,False,False
"Apr 20, 2018, 7:20:00 PM",Lunch Run,1.34,11.0,8.21,,,1.34,11.0,8.21,,,,201.0,,,,,,,,,,,,,,,,False,False,False,False,False,False
"Apr 17, 2018, 7:25:28 PM",Lunch Run,3.2,24.83,7.76,,,3.2,24.83,7.76,,,18.9,478.0,,,,,,,,,,,,,,,,False,True,False,False,False,False
"Apr 16, 2018, 7:51:12 PM",Lunch Run,0.82,6.37,7.77,,,0.82,6.37,7.77,,,3.4,122.0,,,,,,,,,,,,,,,,False,True,False,False,False,False
"Apr 16, 2018, 7:11:14 PM",Lunch Run,0.88,7.0,7.95,,,0.88,7.0,7.95,,,,130.0,,,,,,,,,,,,,,,,False,True,False,False,False,False
"Apr 13, 2018, 3:16:49 AM",Evening Run,2.37,18.55,7.83,,,2.37,18.55,7.83,,,27.1,355.0,,,,,,,,,,,,,,,,False,True,False,False,False,False
"Apr 6, 2018, 7:52:09 PM",Lunch Run,0.87,6.53,7.51,,,0.87,6.53,7.51,,,3.5,130.0,,,,,,,,,,,,,,,,False,True,False,False,False,False
"Apr 6, 2018, 7:10:45 PM",Lunch Run,0.87,6.6,7.59,,,0.87,6.6,7.59,,,,130.0,,,,,,,,,,,,,,,,False,True,False,False,False,False
"Apr 5, 2018, 7:52:42 PM",Lunch Run,0.82,6.83,8.33,,,0.82,6.83,8.33,,,3.4,123.0,,,,,,,,,,,,,,,,False,False,False,False,False,False
"Apr 5, 2018, 7:05:15 PM",Lunch Run,0.96,7.23,7.53,,,0.96,7.23,7.53,,,,142.0,,,,,,,,,,,,,,,,False,True,False,False,False,False
"Apr 3, 2018, 7:17:11 PM",Lunch Run,4.61,37.3,8.09,,,4.61,37.3,8.09,,,18.6,687.0,,,,,,,,,,,,,,,,False,False,False,False,False,False
"Mar 29, 2018, 7:51:20 PM",Lunch Run,0.82,6.42,7.83,,,0.82,6.42,7.83,,,3.4,123.0,,,,,,,,,,,,,,,,False,True,False,False,False,False
"Mar 29, 2018, 7:11:50 PM",Lunch Run,0.81,5.95,7.35,,,0.81,5.95,7.35,,,,120.0,,,,,,,,,,,,,,,,False,True,False,False,False,False
"Mar 27, 2018, 7:23:05 PM",Lunch Run,4.6,36.5,7.93,,,4.6,36.5,7.93,,,18.4,685.0,,,,,,,,,,,,,,,,False,True,False,False,False,False
"Mar 26, 2018, 7:52:55 PM",Lunch Run,0.83,6.42,7.73,,,0.83,6.42,7.73,,,3.4,124.0,,,,,,,,,,,,,,,,False,True,False,False,False,False
"Mar 26, 2018, 7:10:11 PM",Lunch Run,1.04,7.37,7.09,,,1.04,7.37,7.09,,,,154.0,,,,,,,,,,,,,,,,False,True,False,False,False,False
"Mar 24, 2018, 3:23:09 AM",Evening Run,2.74,18.53,6.76,,,2.74,18.53,6.76,,,34.2,412.0,,,,,,,,,,,,,,,,False,False,True,False,False,False
"Mar 23, 2018, 7:55:04 PM",Lunch Run,0.86,6.43,7.48,,,0.86,6.43,7.48,,,3.5,128.0,,,,,,,,,,,,,,,,False,True,False,False,False,False
"Mar 23, 2018, 7:11:26 PM",Lunch Run,0.93,6.83,7.34,,,0.93,6.83,7.34,,,,138.0,,,,,,,,,,,,,,,,False,True,False,False,False,False
"Mar 19, 2018, 7:48:47 PM",Lunch Run,0.84,6.45,7.68,,,0.84,6.45,7.68,,,3.4,125.0,,,,,,,,,,,,,,,,False,True,False,False,False,False
"Mar 19, 2018, 7:09:56 PM",Lunch Run,0.84,5.8,6.9,,,0.84,5.8,6.9,,,,124.0,,,,,,,,,,,,,,,,False,False,True,False,False,False
"Mar 15, 2018, 7:55:23 PM",Lunch Run,0.89,6.53,7.34,,,0.89,6.53,7.34,,,3.5,132.0,,,,,,,,,,,,,,,,False,True,False,False,False,False
"Mar 15, 2018, 7:12:11 PM",Lunch Run,0.86,6.07,7.06,,,0.86,6.07,7.06,,,,127.0,,,,,,,,,,,,,,,,False,True,False,False,False,False
"Mar 14, 2018, 7:11:43 PM",Lunch Run,4.62,36.37,7.87,,,4.62,36.37,7.87,,,19.3,688.0,,,,,,,,,,,,,,,,False,True,False,False,False,False
"Mar 8, 2018, 8:57:43 PM",Lunch Run,0.91,6.37,7.0,,,0.91,6.37,7.0,,,3.5,135.0,,,,,,,,,,,,,,,,False,True,False,False,False,False
"Mar 8, 2018, 8:07:14 PM",Lunch Run,0.82,6.32,7.71,,,0.82,6.32,7.71,,,,122.0,,,,,,,,,,,,,,,,False,True,False,False,False,False
"Mar 7, 2018, 8:54:17 PM",Lunch Run,0.84,6.9,8.21,,,0.84,6.9,8.21,,,3.4,125.0,,,,,,,,,,,,,,,,False,False,False,False,False,False
"Mar 7, 2018, 8:01:18 PM",Lunch Run,0.86,6.22,7.23,,,0.86,6.22,7.23,,,,128.0,,,,,,,,,,,,,,,,False,True,False,False,False,False
"Mar 1, 2018, 8:55:45 PM",Lunch Run,0.82,6.55,7.99,,,0.82,6.55,7.99,,,3.4,123.0,,,,,,,,,,,,,,,,False,True,False,False,False,False
"Mar 1, 2018, 8:08:40 PM",Lunch Run,0.84,6.17,7.35,,,0.84,6.17,7.35,,,,124.0,,,,,,,,,,,,,,,,False,True,False,False,False,False
"Feb 27, 2018, 8:56:17 PM",Lunch Run,0.83,6.77,8.16,,,0.83,6.77,8.16,,,3.4,124.0,,,,,,,,,,,,,,,,False,False,False,False,False,False
"Feb 27, 2018, 8:07:02 PM",Lunch Run,0.83,6.57,7.92,,,0.83,6.57,7.92,,,,123.0,,,,,,,,,,,,,,,,False,True,False,False,False,False
"Feb 26, 2018, 8:55:29 PM",Activity,0.86,7.0,8.14,,,0.86,7.0,8.14,,,3.4,129.0,,,,,,,,,,,,,,,,False,False,False,False,False,False
"Feb 26, 2018, 8:13:58 PM",Lunch Run,0.83,6.77,8.16,,,0.83,6.77,8.16,,,,122.0,,,,,,,,,,,,,,,,False,False,False,False,False,False
"Feb 24, 2018, 8:20:00 PM",Lunch Run,1.27,10.07,7.93,,,1.27,10.07,7.93,,,,190.0,,,,,,,,,,,,,,,,False,True,False,False,False,False
"Feb 23, 2018, 8:05:11 PM",Lunch Run,3.21,24.23,7.55,,,3.21,24.23,7.55,,,21.3,478.0,,,,,,,,,,,,,,,,False,True,False,False,False,False
"Feb 22, 2018, 8:53:40 PM",Lunch Run,0.88,6.6,7.5,,,0.88,6.6,7.5,,,3.5,131.0,,,,,,,,,,,,,,,,False,True,False,False,False,False
"Feb 22, 2018, 8:09:27 PM",Lunch Run,1.06,9.53,8.99,,,1.06,9.53,8.99,,,,157.0,,,,,,,,,,,,,,,,False,False,False,False,False,False
"Feb 21, 2018, 8:54:34 PM",Lunch Run,0.84,6.48,7.71,,,0.84,6.48,7.71,,,3.5,125.0,,,,,,,,,,,,,,,,False,True,False,False,False,False
"Feb 21, 2018, 8:05:31 PM",Lunch Run,0.83,5.92,7.13,,,0.83,5.92,7.13,,,,123.0,,,,,,,,,,,,,,,,False,True,False,False,False,False
"Feb 20, 2018, 8:53:22 PM",Lunch Run,0.82,6.63,8.09,,,0.82,6.63,8.09,,,3.4,123.0,,,,,,,,,,,,,,,,False,False,False,False,False,False
"Feb 20, 2018, 8:03:26 PM",Lunch Run,0.94,6.95,7.39,,,0.94,6.95,7.39,,,,139.0,,,,,,,,,,,,,,,,False,True,False,False,False,False
"Feb 19, 2018, 1:56:49 AM",Afternoon Run,3.2,24.28,7.59,,,3.2,24.28,7.59,,,32.5,477.0,,,,,,,,,,,,,,,,False,True,False,False,False,False
"Feb 16, 2018, 8:20:00 PM",Lunch Run,2.12,15.03,7.09,,,2.12,15.03,7.09,,,,318.0,,,,,,,,,,,,,,,,False,True,False,False,False,False
"Feb 13, 2018, 8:53:21 PM",Lunch Run,0.84,6.33,7.54,,,0.84,6.33,7.54,,,3.5,125.0,,,,,,,,,,,,,,,,False,True,False,False,False,False
"Feb 13, 2018, 8:11:32 PM",Lunch Run,0.87,6.62,7.61,,,0.87,6.62,7.61,,,,129.0,,,,,,,,,,,,,,,,False,True,False,False,False,False
"Feb 11, 2018, 8:18:04 PM",Lunch Run,2.37,19.77,8.34,,,2.37,19.77,8.34,,,8.5,352.0,,,,,,,,,,,,,,,,False,False,False,False,False,False
"Feb 9, 2018, 8:55:57 PM",Lunch Run,0.84,6.02,7.17,,,0.84,6.02,7.17,,,3.3,125.0,,,,,,,,,,,,,,,,False,True,False,False,False,False
"Feb 9, 2018, 8:11:49 PM",Lunch Run,0.82,5.8,7.07,,,0.82,5.8,7.07,,,,121.0,,,,,,,,,,,,,,,,False,True,False,False,False,False
"Feb 8, 2018, 8:52:56 PM",Lunch Run,0.84,6.1,7.26,,,0.84,6.1,7.26,,,3.5,125.0,,,,,,,,,,,,,,,,False,True,False,False,False,False
"Feb 8, 2018, 8:13:36 PM",Lunch Run,0.95,6.68,7.03,,,0.95,6.68,7.03,,,,140.0,,,,,,,,,,,,,,,,False,True,False,False,False,False
"Feb 4, 2018, 8:47:54 PM",Lunch Run,2.32,19.92,8.59,,,2.32,19.92,8.59,,,7.5,345.0,,,,,,,,,,,,,,,,False,False,False,False,False,False
"Feb 3, 2018, 8:20:00 PM",Lunch Run,2.1,15.0,7.14,,,2.1,15.0,7.14,,,,315.0,,,,,,,,,,,,,,,,False,True,False,False,False,False
"Feb 1, 2018, 8:50:38 PM",Lunch Run,0.83,6.32,7.61,,,0.83,6.32,7.61,,,3.5,124.0,,,,,,,,,,,,,,,,False,True,False,False,False,False
"Feb 1, 2018, 8:06:52 PM",Lunch Run,0.82,6.57,8.01,,,0.82,6.57,8.01,,,,121.0,,,,,,,,,,,,,,,,False,False,False,False,False,False
"Jan 29, 2018, 8:19:13 PM",Lunch Run,4.63,34.95,7.55,,,4.63,34.95,7.55,,,19.0,690.0,,,,,,,,,,,,,,,,False,True,False,False,False,False
"Jan 28, 2018, 8:20:00 PM",Lunch Run,1.3,10.0,7.69,,,1.3,10.0,7.69,,,,195.0,,,,,,,,,,,,,,,,False,True,False,False,False,False
"Jan 26, 2018, 8:53:02 PM",Lunch Run,0.82,6.4,7.8,,,0.82,6.4,7.8,,,3.5,123.0,,,,,,,,,,,,,,,,False,True,False,False,False,False
"Jan 26, 2018, 8:08:51 PM",Lunch Run,0.82,5.8,7.07,,,0.82,5.8,7.07,,,,122.0,,,,,,,,,,,,,,,,False,True,False,False,False,False
"Jan 25, 2018, 8:55:16 PM",Lunch Run,0.85,6.95,8.18,,,0.85,6.95,8.18,,,3.4,126.0,,,,,,,,,,,,,,,,False,False,False,False,False,False
"Jan 25, 2018, 8:07:41 PM",Lunch Run,0.84,6.0,7.14,,,0.84,6.0,7.14,,,,124.0,,,,,,,,,,,,,,,,False,True,False,False,False,False
"Jan 23, 2018, 8:55:08 PM",Lunch Run,0.82,6.32,7.71,,,0.82,6.32,7.71,,,3.5,123.0,,,,,,,,,,,,,,,,False,True,False,False,False,False
"Jan 23, 2018, 8:10:17 PM",Lunch Run,0.95,6.97,7.34,,,0.95,6.97,7.34,,,,141.0,,,,,,,,,,,,,,,,False,True,False,False,False,False
"Jan 18, 2018, 8:58:23 PM",Lunch Run,0.85,6.63,7.8,,,0.85,6.63,7.8,,,3.4,128.0,,,,,,,,,,,,,,,,False,True,False,False,False,False
"Jan 18, 2018, 8:14:03 PM",Lunch Run,0.89,6.53,7.34,,,0.89,6.53,7.34,,,,132.0,,,,,,,,,,,,,,,,False,True,False,False,False,False
"Jan 17, 2018, 8:50:20 PM",Lunch Run,0.87,6.22,7.15,,,0.87,6.22,7.15,,,3.5,129.0,,,,,,,,,,,,,,,,False,True,False,False,False,False
"Jan 17, 2018, 8:06:24 PM",Lunch Run,0.82,6.2,7.56,,,0.82,6.2,7.56,,,,122.0,,,,,,,,,,,,,,,,False,True,False,False,False,False
"Jan 16, 2018, 8:09:46 PM",Lunch Run,3.16,24.4,7.72,,,3.16,24.4,7.72,,,24.5,472.0,,,,,,,,,,,,,,,,False,True,False,False,False,False
"Jan 8, 2018, 8:20:00 PM",Lunch Run,1.07,8.0,7.48,,,1.07,8.0,7.48,,,,160.0,,,,,,,,,,,,,,,,False,True,False,False,False,False
"Jan 4, 2018, 8:57:11 PM",Lunch Run,0.81,6.37,7.86,,,0.81,6.37,7.86,,,3.3,121.0,,,,,,,,,,,,,,,,False,True,False,False,False,False
"Jan 4, 2018, 8:06:46 PM",Lunch Run,0.89,6.3,7.08,,,0.89,6.3,7.08,,,,131.0,,,,,,,,,,,,,,,,False,True,False,False,False,False
"Jan 3, 2018, 8:20:00 PM",Lunch Run,0.67,5.0,7.46,,,0.67,5.0,7.46,,,,100.0,,,,,,,,,,,,,,,,False,True,False,False,False,False
"Jan 2, 2018, 8:34:20 PM",Lunch Run,3.23,23.47,7.27,,,3.23,23.47,7.27,,,21.8,481.0,,,,,,,,,,,,,,,,False,True,False,False,False,False
"Dec 31, 2017, 9:24:57 PM",Afternoon Run,6.73,50.7,7.53,,,6.73,50.7,7.53,,,149.4,1028.0,,,,,,,,,,,,,,,,False,True,False,False,False,False
"Dec 26, 2017, 8:55:16 PM",Lunch Run,0.84,6.63,7.89,,,0.84,6.63,7.89,,,3.5,126.0,,,,,,,,,,,,,,,,False,True,False,False,False,False
"Dec 26, 2017, 8:06:45 PM",Lunch Run,0.97,6.8,7.01,,,0.97,6.8,7.01,,,,144.0,,,,,,,,,,,,,,,,False,True,False,False,False,False
"Dec 22, 2017, 8:14:36 PM",Lunch Run,4.57,36.22,7.93,,,4.57,36.22,7.93,,,19.1,681.0,,,,,,,,,,,,,,,,False,True,False,False,False,False
"Dec 20, 2017, 8:20:00 PM",Lunch Run,1.75,13.0,7.43,,,1.75,13.0,7.43,,,,262.0,,,,,,,,,,,,,,,,False,True,False,False,False,False
"Dec 18, 2017, 8:53:17 PM",Lunch Run,0.87,6.48,7.45,,,0.87,6.48,7.45,,,3.1,129.0,,,,,,,,,,,,,,,,False,True,False,False,False,False
"Dec 18, 2017, 8:08:48 PM",Lunch Run,0.81,6.0,7.41,,,0.81,6.0,7.41,,,,120.0,,,,,,,,,,,,,,,,False,True,False,False,False,False
"Dec 14, 2017, 8:49:16 PM",Lunch Run,0.87,6.55,7.53,,,0.87,6.55,7.53,,,3.6,131.0,,,,,,,,,,,,,,,,False,True,False,False,False,False
"Dec 14, 2017, 8:03:07 PM",Lunch Run,0.81,5.9,7.28,,,0.81,5.9,7.28,,,,121.0,,,,,,,,,,,,,,,,False,True,False,False,False,False
"Dec 13, 2017, 8:20:00 PM",Lunch Run,1.25,10.0,8.0,,,1.25,10.0,8.0,,,,187.0,,,,,,,,,,,,,,,,False,False,False,False,False,False
"Dec 11, 2017, 8:19:03 PM",Lunch Run,3.21,24.37,7.59,,,3.21,24.37,7.59,,,23.5,480.0,,,,,,,,,,,,,,,,False,True,False,False,False,False
"Dec 10, 2017, 8:20:00 PM",Lunch Run,1.25,10.0,8.0,,,1.25,10.0,8.0,,,,187.0,,,,,,,,,,,,,,,,False,False,False,False,False,False
"Dec 7, 2017, 8:54:53 PM",Lunch Run,0.82,6.32,7.71,,,0.82,6.32,7.71,,,3.4,123.0,,,,,,,,,,,,,,,,False,True,False,False,False,False
"Dec 7, 2017, 8:07:26 PM",Lunch Run,1.03,7.72,7.5,,,1.03,7.72,7.5,,,,152.0,,,,,,,,,,,,,,,,False,True,False,False,False,False
"Dec 6, 2017, 8:57:05 PM",Lunch Run,0.89,6.35,7.13,,,0.89,6.35,7.13,,,3.5,133.0,,,,,,,,,,,,,,,,False,True,False,False,False,False
"Dec 6, 2017, 8:13:00 PM",Lunch Run,0.82,6.08,7.41,,,0.82,6.08,7.41,,,,122.0,,,,,,,,,,,,,,,,False,True,False,False,False,False
"Nov 30, 2017, 8:50:08 PM",Lunch Run,0.83,6.27,7.55,,,0.83,6.27,7.55,,,3.4,124.0,,,,,,,,,,,,,,,,False,True,False,False,False,False
"Nov 30, 2017, 8:09:30 PM",Lunch Run,1.06,7.85,7.41,,,1.06,7.85,7.41,,,,157.0,,,,,,,,,,,,,,,,False,True,False,False,False,False
"Nov 29, 2017, 8:48:51 PM",Lunch Run,0.83,5.92,7.13,,,0.83,5.92,7.13,,,3.5,124.0,,,,,,,,,,,,,,,,False,True,False,False,False,False
"Nov 29, 2017, 8:09:22 PM",Lunch Run,1.03,7.1,6.89,,,1.03,7.1,6.89,,,,153.0,,,,,,,,,,,,,,,,False,False,True,False,False,False
"Nov 28, 2017, 8:14:58 PM",Lunch Run,3.25,23.65,7.28,,,3.25,23.65,7.28,,,27.4,489.0,,,,,,,,,,,,,,,,False,True,False,False,False,False
"Nov 27, 2017, 8:58:02 PM",Lunch Run,0.83,6.47,7.8,,,0.83,6.47,7.8,,,3.5,124.0,,,,,,,,,,,,,,,,False,True,False,False,False,False
"Nov 27, 2017, 8:09:10 PM",Lunch Run,0.87,6.43,7.39,,,0.87,6.43,7.39,,,,129.0,,,,,,,,,,,,,,,,False,True,False,False,False,False
"Nov 22, 2017, 8:52:45 PM",Lunch Run,0.82,6.23,7.6,,,0.82,6.23,7.6,,,3.4,123.0,,,,,,,,,,,,,,,,False,True,False,False,False,False
"Nov 22, 2017, 8:04:53 PM",Lunch Run,0.86,6.0,6.98,,,0.86,6.0,6.98,,,,128.0,,,,,,,,,,,,,,,,False,False,True,False,False,False
"Nov 21, 2017, 8:59:50 PM",Lunch Run,0.87,6.57,7.55,,,0.87,6.57,7.55,,,3.5,130.0,,,,,,,,,,,,,,,,False,True,False,False,False,False
"Nov 21, 2017, 8:11:06 PM",Lunch Run,0.89,6.63,7.45,,,0.89,6.63,7.45,,,,132.0,,,,,,,,,,,,,,,,False,True,False,False,False,False
"Nov 20, 2017, 8:59:54 PM",Lunch Run,0.83,5.52,6.65,,,0.83,5.52,6.65,,,3.4,124.0,,,,,,,,,,,,,,,,False,False,True,False,False,False
"Nov 20, 2017, 8:13:09 PM",Lunch Run,1.01,7.48,7.41,,,1.01,7.48,7.41,,,,150.0,,,,,,,,,,,,,,,,False,True,False,False,False,False
"Nov 17, 2017, 8:59:31 PM",Lunch Run,0.82,6.3,7.68,,,0.82,6.3,7.68,,,3.4,123.0,,,,,,,,,,,,,,,,False,True,False,False,False,False
"Nov 17, 2017, 8:07:37 PM",Lunch Run,0.86,6.38,7.42,,,0.86,6.38,7.42,,,,128.0,,,,,,,,,,,,,,,,False,True,False,False,False,False
"Nov 16, 2017, 8:56:20 PM",Lunch Run,0.84,5.97,7.11,,,0.84,5.97,7.11,,,3.5,126.0,,,,,,,,,,,,,,,,False,True,False,False,False,False
"Nov 16, 2017, 8:06:48 PM",Lunch Run,0.82,5.8,7.07,,,0.82,5.8,7.07,,,,121.0,,,,,,,,,,,,,,,,False,True,False,False,False,False
"Nov 14, 2017, 8:56:14 PM",Lunch Run,0.81,6.13,7.57,,,0.81,6.13,7.57,,,3.5,121.0,,,,,,,,,,,,,,,,False,True,False,False,False,False
"Nov 14, 2017, 8:07:14 PM",Lunch Run,0.97,7.72,7.96,,,0.97,7.72,7.96,,,,143.0,,,,,,,,,,,,,,,,False,True,False,False,False,False
"Nov 10, 2017, 9:07:03 PM",Afternoon Run,0.86,6.22,7.23,,,0.86,6.22,7.23,,,3.4,128.0,,,,,,,,,,,,,,,,False,True,False,False,False,False
"Nov 10, 2017, 8:12:19 PM",Lunch Run,0.86,6.27,7.29,,,0.86,6.27,7.29,,,,127.0,,,,,,,,,,,,,,,,False,True,False,False,False,False
"Nov 9, 2017, 9:09:48 PM",Afternoon Run,0.83,5.95,7.17,,,0.83,5.95,7.17,,,3.4,124.0,,,,,,,,,,,,,,,,False,True,False,False,False,False
"Nov 9, 2017, 8:05:39 PM",Lunch Run,0.82,6.2,7.56,,,0.82,6.2,7.56,,,,121.0,,,,,,,,,,,,,,,,False,True,False,False,False,False
"Nov 7, 2017, 8:20:00 PM",Lunch Run,1.52,12.0,7.89,,,1.52,12.0,7.89,,,,228.0,,,,,,,,,,,,,,,,False,True,False,False,False,False
"Nov 6, 2017, 9:03:32 PM",Afternoon Run,0.83,6.42,7.73,,,0.83,6.42,7.73,,,3.5,124.0,,,,,,,,,,,,,,,,False,True,False,False,False,False
"Nov 6, 2017, 8:12:59 PM",Lunch Run,0.83,6.45,7.77,,,0.83,6.45,7.77,,,,123.0,,,,,,,,,,,,,,,,False,True,False,False,False,False
"Nov 3, 2017, 7:03:56 PM",Lunch Run,4.59,35.87,7.81,,,4.59,35.87,7.81,,,19.2,684.0,,,,,,,,,,,,,,,,False,True,False,False,False,False
"Nov 2, 2017, 7:58:44 PM",Lunch Run,0.82,6.15,7.5,,,0.82,6.15,7.5,,,3.4,123.0,,,,,,,,,,,,,,,,False,True,False,False,False,False
"Nov 2, 2017, 7:11:09 PM",Lunch Run,1.0,7.7,7.7,,,1.0,7.7,7.7,,,,148.0,,,,,,,,,,,,,,,,False,True,False,False,False,False
"Nov 1, 2017, 7:55:38 PM",Lunch Run,0.83,6.2,7.47,,,0.83,6.2,7.47,,,3.5,123.0,,,,,,,,,,,,,,,,False,True,False,False,False,False
"Nov 1, 2017, 7:08:05 PM",Lunch Run,0.83,6.02,7.25,,,0.83,6.02,7.25,,,,123.0,,,,,,,,,,,,,,,,False,True,False,False,False,False
"Oct 31, 2017, 7:52:41 PM",Lunch Run,0.87,6.8,7.82,,,0.87,6.8,7.82,,,3.5,130.0,,,,,,,,,,,,,,,,False,True,False,False,False,False
"Oct 31, 2017, 7:08:32 PM",Lunch Run,0.83,6.08,7.33,,,0.83,6.08,7.33,,,,122.0,,,,,,,,,,,,,,,,False,True,False,False,False,False
"Oct 23, 2017, 4:39:28 PM",Morning Run,4.47,38.9,8.7,,,4.47,38.9,8.7,,,90.0,681.0,,,,,,,,,,,,,,,,False,False,False,False,False,False
"Oct 20, 2017, 7:22:07 PM",Lunch Run,4.85,37.85,7.8,,170.0,4.85,37.85,7.8,,170.0,19.5,724.0,,,,,,,,,,,,,,,,False,True,False,False,False,False
"Oct 19, 2017, 8:03:03 PM",Afternoon Run,1.02,7.78,7.63,,,1.02,7.78,7.63,,,3.4,152.0,,,,,,,,,,,,,,,,False,True,False,False,False,False
"Oct 19, 2017, 7:04:54 PM",Lunch Run,1.01,7.83,7.75,,,1.01,7.83,7.75,,,,150.0,,,,,,,,,,,,,,,,False,True,False,False,False,False
"Oct 18, 2017, 8:01:39 PM",Afternoon Run,0.93,7.28,7.83,,,0.93,7.28,7.83,,,3.4,139.0,,,,,,,,,,,,,,,,False,True,False,False,False,False
"Oct 18, 2017, 7:11:38 PM",Lunch Run,1.0,7.73,7.73,,,1.0,7.73,7.73,,,,149.0,,,,,,,,,,,,,,,,False,True,False,False,False,False
"Oct 17, 2017, 8:01:23 PM",Afternoon Run,1.03,7.62,7.4,,,1.03,7.62,7.4,,,3.4,153.0,,,,,,,,,,,,,,,,False,True,False,False,False,False
"Oct 17, 2017, 7:04:02 PM",Lunch Run,1.03,7.38,7.17,,,1.03,7.38,7.17,,,0.0,153.0,,,,,,,,,,,,,,,,False,True,False,False,False,False
"Oct 16, 2017, 8:05:31 PM",Afternoon Run,1.0,6.72,6.72,,,1.0,6.72,6.72,,,3.4,149.0,,,,,,,,,,,,,,,,False,False,True,False,False,False
"Oct 16, 2017, 7:13:53 PM",Lunch Run,0.88,6.13,6.97,,,0.88,6.13,6.97,,,,130.0,,,,,,,,,,,,,,,,False,False,True,False,False,False
"Oct 12, 2017, 7:30:00 PM",Lunch Run,1.5,12.0,8.0,,,1.5,12.0,8.0,,,,225.0,,,,,,,,,,,,,,,,False,False,False,False,False,False
"Oct 11, 2017, 7:16:37 PM",Lunch Run,4.58,36.52,7.97,,,4.58,36.52,7.97,,,19.3,682.0,,,,,,,,,,,,,,,,False,True,False,False,False,False
"Oct 10, 2017, 7:30:00 PM",Lunch Run,1.65,13.0,7.88,,,1.65,13.0,7.88,,,,247.0,,,,,,,,,,,,,,,,False,True,False,False,False,False
"Oct 9, 2017, 8:01:46 PM",Afternoon Run,0.84,6.7,7.98,,,0.84,6.7,7.98,,,3.5,125.0,,,,,,,,,,,,,,,,False,True,False,False,False,False
"Oct 9, 2017, 7:14:52 PM",Lunch Run,0.83,5.98,7.2,,,0.83,5.98,7.2,,,,123.0,,,,,,,,,,,,,,,,False,True,False,False,False,False
"Oct 5, 2017, 8:02:21 PM",Afternoon Run,0.83,6.2,7.47,,,0.83,6.2,7.47,,,3.5,124.0,,,,,,,,,,,,,,,,False,True,False,False,False,False
"Oct 5, 2017, 7:11:48 PM",Lunch Run,0.87,6.3,7.24,,,0.87,6.3,7.24,,,,128.0,,,,,,,,,,,,,,,,False,True,False,False,False,False
"Oct 4, 2017, 7:30:00 PM",Lunch Run,1.25,10.07,8.06,,,1.25,10.07,8.06,,,,187.0,,,,,,,,,,,,,,,,False,False,False,False,False,False
"Oct 2, 2017, 7:30:00 PM",Lunch Run,1.75,14.0,8.0,,,1.75,14.0,8.0,,,,262.0,,,,,,,,,,,,,,,,False,False,False,False,False,False
"Sep 29, 2017, 8:02:41 PM",Afternoon Run,0.93,6.93,7.45,,,0.93,6.93,7.45,,,3.4,139.0,,,,,,,,,,,,,,,,False,True,False,False,False,False
"Sep 29, 2017, 7:15:01 PM",Lunch Run,1.0,7.73,7.73,,,1.0,7.73,7.73,,,,148.0,,,,,,,,,,,,,,,,False,True,False,False,False,False
"Sep 27, 2017, 7:11:34 PM",Lunch Run,4.61,35.9,7.79,,174.0,4.61,35.9,7.79,,174.0,19.4,688.0,,,,,,,,,,,,,,,,False,True,False,False,False,False
"Sep 26, 2017, 7:30:00 PM",Lunch Run,1.62,12.45,7.69,,,1.62,12.45,7.69,,,,243.0,,,,,,,,,,,,,,,,False,True,False,False,False,False
"Sep 25, 2017, 8:16:37 PM",Afternoon Run,0.83,5.9,7.11,,,0.83,5.9,7.11,,,3.2,124.0,,,,,,,,,,,,,,,,False,True,False,False,False,False
"Sep 25, 2017, 7:24:09 PM",Lunch Run,0.84,5.65,6.73,,,0.84,5.65,6.73,,,,125.0,,,,,,,,,,,,,,,,False,False,True,False,False,False
"Sep 22, 2017, 7:45:14 PM",Lunch Run,0.83,6.67,8.04,,,0.83,6.67,8.04,,,3.3,125.0,,,,,,,,,,,,,,,,False,False,False,False,False,False
"Sep 22, 2017, 6:42:35 PM",Lunch Run,0.86,5.5,6.4,,,0.86,5.5,6.4,,,,127.0,,,,,,,,,,,,,,,,False,False,True,False,False,False
"Sep 20, 2017, 7:59:03 PM",Lunch Run,0.89,6.0,6.74,,,0.89,6.0,6.74,,,3.1,133.0,,,,,,,,,,,,,,,,False,False,True,False,False,False
"Sep 20, 2017, 7:14:40 PM",Lunch Run,0.82,6.05,7.38,,,0.82,6.05,7.38,,,,121.0,,,,,,,,,,,,,,,,False,True,False,False,False,False
"Sep 19, 2017, 7:59:53 PM",Lunch Run,0.83,5.9,7.11,,,0.83,5.9,7.11,,,3.5,123.0,,,,,,,,,,,,,,,,False,True,False,False,False,False
"Sep 19, 2017, 7:05:26 PM",Lunch Run,0.99,7.37,7.44,,,0.99,7.37,7.44,,,,147.0,,,,,,,,,,,,,,,,False,True,False,False,False,False
"Sep 18, 2017, 7:30:00 PM",Lunch Run,1.5,12.0,8.0,,,1.5,12.0,8.0,,,,225.0,,,,,,,,,,,,,,,,False,False,False,False,False,False
"Sep 15, 2017, 8:11:15 PM",Afternoon Run,0.81,6.35,7.84,,,0.81,6.35,7.84,,,2.9,121.0,,,,,,,,,,,,,,,,False,True,False,False,False,False
"Sep 15, 2017, 7:20:20 PM",Lunch Run,0.83,5.7,6.87,,,0.83,5.7,6.87,,,,124.0,,,,,,,,,,,,,,,,False,False,True,False,False,False
"Sep 14, 2017, 9:52:35 PM",Afternoon Run,3.09,21.23,6.87,,176.0,3.09,21.23,6.87,,176.0,42.3,465.0,,,,,,,,,,,,,,,,False,False,True,False,False,False
"Sep 13, 2017, 7:55:25 PM",Lunch Run,0.92,7.73,8.4,,,0.92,7.73,8.4,,,3.4,137.0,,,,,,,,,,,,,,,,False,False,False,False,False,False
"Sep 13, 2017, 7:03:21 PM",Lunch Run,0.85,5.9,6.94,,,0.85,5.9,6.94,,,,125.0,,,,,,,,,,,,,,,,False,False,True,False,False,False
"Sep 12, 2017, 7:59:35 PM",Lunch Run,0.94,5.68,6.04,,,0.94,5.68,6.04,,,3.5,140.0,,,,,,,,,,,,,,,,False,False,True,False,False,False
"Sep 12, 2017, 7:06:08 PM",Lunch Run,0.82,6.08,7.41,,,0.82,6.08,7.41,,,,122.0,,,,,,,,,,,,,,,,False,True,False,False,False,False
"Sep 11, 2017, 8:00:04 PM",Afternoon Run,0.83,5.72,6.89,,,0.83,5.72,6.89,,,2.9,124.0,,,,,,,,,,,,,,,,False,False,True,False,False,False
"Sep 11, 2017, 7:06:00 PM",Lunch Run,0.95,6.78,7.14,,,0.95,6.78,7.14,,,,141.0,,,,,,,,,,,,,,,,False,True,False,False,False,False
"Sep 9, 2017, 11:21:30 PM",Afternoon Run,2.11,13.07,6.19,,,2.11,13.07,6.19,,,,314.0,,,,,,,,,,,,,,,,False,False,True,False,False,False
"Sep 8, 2017, 8:02:54 PM",Afternoon Run,0.81,6.48,8.0,,,0.81,6.48,8.0,,,3.4,121.0,,,,,,,,,,,,,,,,False,False,False,False,False,False
"Sep 8, 2017, 7:08:31 PM",Lunch Run,0.85,6.08,7.15,,,0.85,6.08,7.15,,,,126.0,,,,,,,,,,,,,,,,False,True,False,False,False,False
"Sep 7, 2017, 11:10:37 PM",Afternoon Run,4.19,32.02,7.64,,184.0,4.19,32.02,7.64,,184.0,19.3,625.0,,,,,,,,,,,,,,,,False,True,False,False,False,False
"Sep 6, 2017, 7:44:06 PM",Lunch Run,0.82,6.03,7.35,,,0.82,6.03,7.35,,,3.4,123.0,,,,,,,,,,,,,,,,False,True,False,False,False,False
"Sep 6, 2017, 6:54:25 PM",Lunch Run,0.83,6.08,7.33,,,0.83,6.08,7.33,,,,123.0,,,,,,,,,,,,,,,,False,True,False,False,False,False
"Sep 5, 2017, 7:57:45 PM",Lunch Run,0.82,6.17,7.52,,,0.82,6.17,7.52,,,3.6,123.0,,,,,,,,,,,,,,,,False,True,False,False,False,False
"Sep 5, 2017, 7:09:41 PM",Lunch Run,0.83,6.45,7.77,,,0.83,6.45,7.77,,,,122.0,,,,,,,,,,,,,,,,False,True,False,False,False,False
"Aug 25, 2017, 7:30:00 PM",Lunch Run,1.0,7.6,7.6,,,1.0,7.6,7.6,,,,150.0,,,,,,,,,,,,,,,,False,True,False,False,False,False
"Aug 23, 2017, 7:16:30 PM",Lunch Run,4.09,32.83,8.03,,,4.09,32.83,8.03,,,22.2,610.0,,,,,,,,,,,,,,,,False,False,False,False,False,False
"Aug 22, 2017, 7:58:37 PM",Lunch Run,0.84,6.52,7.76,,,0.84,6.52,7.76,,,3.3,125.0,,,,,,,,,,,,,,,,False,True,False,False,False,False
"Aug 22, 2017, 7:11:08 PM",Lunch Run,1.0,7.07,7.07,,,1.0,7.07,7.07,,,,148.0,,,,,,,,,,,,,,,,False,True,False,False,False,False
"Aug 21, 2017, 7:30:00 PM",Lunch Run,1.0,7.67,7.67,,,1.0,7.67,7.67,,,,150.0,,,,,,,,,,,,,,,,False,True,False,False,False,False
"Aug 16, 2017, 7:53:12 PM",Lunch Run,0.81,7.08,8.74,,,0.81,7.08,8.74,,,3.4,121.0,,,,,,,,,,,,,,,,False,False,False,False,False,False
"Aug 16, 2017, 7:10:56 PM",Lunch Run,0.84,6.25,7.44,,,0.84,6.25,7.44,,,,124.0,,,,,,,,,,,,,,,,False,True,False,False,False,False
"Aug 15, 2017, 7:13:45 PM",Lunch Run,4.19,33.05,7.89,,,4.19,33.05,7.89,,,23.7,625.0,,,,,,,,,,,,,,,,False,True,False,False,False,False
"Aug 14, 2017, 8:01:37 PM",Afternoon Run,0.99,8.02,8.1,,,0.99,8.02,8.1,,,3.4,147.0,,,,,,,,,,,,,,,,False,False,False,False,False,False
"Aug 14, 2017, 7:11:07 PM",Lunch Run,0.85,5.7,6.71,,,0.85,5.7,6.71,,,,126.0,,,,,,,,,,,,,,,,False,False,True,False,False,False
"Aug 11, 2017, 7:59:28 PM",Lunch Run,0.79,5.67,7.18,,,0.79,5.67,7.18,,,3.0,118.0,,,,,,,,,,,,,,,,False,True,False,False,False,False
"Aug 11, 2017, 6:55:30 PM",Lunch Run,0.84,6.35,7.56,,,0.84,6.35,7.56,,,,124.0,,,,,,,,,,,,,,,,False,True,False,False,False,False
"Aug 10, 2017, 11:31:58 PM",Afternoon Run,4.04,33.95,8.4,,,4.04,33.95,8.4,,,23.7,601.0,,,,,,,,,,,,,,,,False,False,False,False,False,False
"Aug 9, 2017, 7:59:45 PM",Lunch Run,0.8,6.23,7.79,,,0.8,6.23,7.79,,,3.3,120.0,,,,,,,,,,,,,,,,False,True,False,False,False,False
"Aug 9, 2017, 7:19:21 PM",Lunch Run,0.83,6.23,7.51,,,0.83,6.23,7.51,,,,124.0,,,,,,,,,,,,,,,,False,True,False,False,False,False
"Aug 8, 2017, 7:16:12 PM",Lunch Run,4.59,37.17,8.1,,,4.59,37.17,8.1,,,19.0,684.0,,,,,,,,,,,,,,,,False,False,False,False,False,False
"Aug 2, 2017, 7:55:44 PM",Lunch Run,0.82,6.53,7.96,,,0.82,6.53,7.96,,,3.2,123.0,,,,,,,,,,,,,,,,False,True,False,False,False,False
"Aug 2, 2017, 7:13:57 PM",Lunch Run,0.82,5.97,7.28,,,0.82,5.97,7.28,,,,122.0,,,,,,,,,,,,,,,,False,True,False,False,False,False
"Jul 31, 2017, 7:16:16 PM",Lunch Run,6.1,50.4,8.26,,,6.1,50.4,8.26,,,32.5,910.0,,,,,,,,,,,,,,,,False,False,False,False,False,False
"Jul 25, 2017, 7:17:42 PM",Lunch Run,4.73,37.28,7.88,,,4.73,37.28,7.88,,,19.0,705.0,,,,,,,,,,,,,,,,False,True,False,False,False,False
"Jul 23, 2017, 3:33:04 PM",Morning Run,6.05,50.85,8.4,,,6.05,50.85,8.4,,,29.3,903.0,,,,,,,,,,,,,,,,False,False,False,False,False,False
"Jul 21, 2017, 7:17:38 PM",Lunch Run,4.65,35.45,7.62,,,4.65,35.45,7.62,,,57.7,709.0,,,,,,,,,,,,,,,,False,True,False,False,False,False
"Jul 18, 2017, 7:21:04 PM",Lunch Run,4.55,38.62,8.49,,,4.55,38.62,8.49,,,19.5,678.0,,,,,,,,,,,,,,,,False,False,False,False,False,False
"Jul 17, 2017, 7:17:20 PM",Lunch Run,4.2,33.87,8.06,,,4.2,33.87,8.06,,,23.6,628.0,,,,,,,,,,,,,,,,False,False,False,False,False,False
"Jul 14, 2017, 4:10:38 AM",Night Run,3.19,25.65,8.04,,,3.19,25.65,8.04,,,33.9,478.0,,,,,,,,,,,,,,,,False,False,False,False,False,False
"Jul 12, 2017, 7:19:11 PM",Lunch Run,4.53,37.65,8.31,,,4.53,37.65,8.31,,,19.9,675.0,,,,,,,,,,,,,,,,False,False,False,False,False,False
"Jul 7, 2017, 7:23:19 PM",Lunch Run,4.6,37.72,8.2,,,4.6,37.72,8.2,,,29.9,689.0,,,,,,,,,,,,,,,,False,False,False,False,False,False
"Jul 6, 2017, 7:15:19 PM",Lunch Run,4.59,37.13,8.09,,,4.59,37.13,8.09,,,39.3,693.0,,,,,,,,,,,,,,,,False,False,False,False,False,False
"Jul 5, 2017, 7:18:53 PM",Lunch Run,4.52,36.72,8.12,,,4.52,36.72,8.12,,,20.5,674.0,,,,,,,,,,,,,,,,False,False,False,False,False,False
"Jul 3, 2017, 7:18:14 PM",Lunch Run,4.58,38.7,8.45,,,4.58,38.7,8.45,,,19.3,683.0,,,,,,,,,,,,,,,,False,False,False,False,False,False
"Jul 3, 2017, 12:52:40 AM",Afternoon Run,2.27,18.83,8.3,,,2.27,18.83,8.3,,,27.5,341.0,,,,,,,,,,,,,,,,False,False,False,False,False,False
"Jun 30, 2017, 7:16:16 PM",Lunch Run,4.52,36.32,8.04,,,4.52,36.32,8.04,,,20.2,673.0,,,,,,,,,,,,,,,,False,False,False,False,False,False
"Jun 30, 2017, 4:11:55 AM",Night Run,3.14,26.45,8.42,,,3.14,26.45,8.42,,,31.6,469.0,,,,,,,,,,,,,,,,False,False,False,False,False,False
"Jun 28, 2017, 7:19:37 PM",Lunch Run,4.54,37.3,8.22,,,4.54,37.3,8.22,,,19.8,676.0,,,,,,,,,,,,,,,,False,False,False,False,False,False
"Jun 27, 2017, 7:15:00 PM",Lunch Run,4.17,33.0,7.91,,,4.17,33.0,7.91,,,0.0,625.0,,,,,,,,,,,,,,,,False,True,False,False,False,False
"Jun 23, 2017, 7:16:39 PM",Lunch Run,4.54,38.92,8.57,,,4.54,38.92,8.57,,,19.2,677.0,,,,,,,,,,,,,,,,False,False,False,False,False,False
"Jun 22, 2017, 7:10:06 PM",Lunch Run,2.76,51.32,18.59,,,2.76,51.32,18.59,,,7.5,410.0,,,,,,,,,,,,,,,,False,False,False,True,False,False
"Jun 20, 2017, 7:13:04 PM",Lunch Run,2.33,42.7,18.33,,,2.33,42.7,18.33,,,6.7,347.0,,,,,,,,,,,,,,,,False,False,False,True,False,False
"Jun 16, 2017, 7:09:43 PM",Lunch Run,3.03,55.42,18.29,,,3.03,55.42,18.29,,,7.1,451.0,,,,,,,,,,,,,,,,False,False,False,True,False,False
"Jun 15, 2017, 7:12:00 PM",Lunch Run,2.82,54.73,19.41,,,2.82,54.73,19.41,,,6.0,420.0,,,,,,,,,,,,,,,,False,False,False,True,False,False
"Jun 14, 2017, 7:10:05 PM",Lunch Run,2.71,51.55,19.02,,,2.71,51.55,19.02,,,6.9,404.0,,,,,,,,,,,,,,,,False,False,False,True,False,False
"Jun 4, 2017, 12:00:32 AM",Afternoon Run,1.71,14.03,8.2,,,1.71,14.03,8.2,,,22.6,257.0,,,,,,,,,,,,,,,,False,False,False,False,False,False
"May 25, 2017, 7:17:46 PM",Lunch Run,4.15,34.52,8.32,,,4.15,34.52,8.32,,,21.0,618.0,,,,,,,,,,,,,,,,False,False,False,False,False,False
"May 24, 2017, 7:07:03 PM",Lunch Run,6.21,51.27,8.26,,,6.21,51.27,8.26,,,29.4,924.0,,,,,,,,,,,,,,,,False,False,False,False,False,False
"May 23, 2017, 7:16:22 PM",Lunch Run,4.72,37.3,7.9,,,4.72,37.3,7.9,,,18.6,702.0,,,,,,,,,,,,,,,,False,True,False,False,False,False
"May 22, 2017, 7:16:49 PM",Lunch Run,6.24,48.75,7.81,,,6.24,48.75,7.81,,,25.3,929.0,,,,,,,,,,,,,,,,False,True,False,False,False,False
"May 19, 2017, 7:18:12 PM",Lunch Run,4.17,33.33,7.99,,,4.17,33.33,7.99,,,21.1,622.0,,,,,,,,,,,,,,,,False,True,False,False,False,False
"May 18, 2017, 7:19:27 PM",Lunch Run,4.17,31.62,7.58,,,4.17,31.62,7.58,,,22.9,621.0,,,,,,,,,,,,,,,,False,True,False,False,False,False
"May 17, 2017, 7:21:14 PM",Lunch Run,4.13,32.12,7.78,,,4.13,32.12,7.78,,,21.0,615.0,,,,,,,,,,,,,,,,False,True,False,False,False,False
"May 16, 2017, 7:15:56 PM",Lunch Run,4.11,32.88,8.0,,,4.11,32.88,8.0,,,21.0,613.0,,,,,,,,,,,,,,,,False,False,False,False,False,False
"May 15, 2017, 7:15:07 PM",Lunch Run,4.57,36.68,8.03,,,4.57,36.68,8.03,,,18.4,680.0,,,,,,,,,,,,,,,,False,False,False,False,False,False
"May 12, 2017, 7:15:02 PM",Lunch Run,4.59,35.2,7.67,,,4.59,35.2,7.67,,,18.5,684.0,,,,,,,,,,,,,,,,False,True,False,False,False,False
"May 10, 2017, 7:23:30 PM",Lunch Run,4.15,31.93,7.69,,,4.15,31.93,7.69,,,25.7,622.0,,,,,,,,,,,,,,,,False,True,False,False,False,False
"May 9, 2017, 7:14:47 PM",Lunch Run,4.14,34.17,8.25,,,4.14,34.17,8.25,,,20.7,617.0,,,,,,,,,,,,,,,,False,False,False,False,False,False
"May 8, 2017, 7:16:45 PM",Lunch Run,4.13,31.93,7.73,,,4.13,31.93,7.73,,,20.6,615.0,,,,,,,,,,,,,,,,False,True,False,False,False,False
"May 7, 2017, 7:30:00 PM",Lunch Run,3.5,27.0,7.71,,,3.5,27.0,7.71,,,,524.0,,,,,,,,,,,,,,,,False,True,False,False,False,False
"May 3, 2017, 7:15:02 PM",Lunch Run,4.56,36.13,7.92,,,4.56,36.13,7.92,,,18.5,679.0,,,,,,,,,,,,,,,,False,True,False,False,False,False
"May 2, 2017, 7:19:26 PM",Lunch Run,4.14,32.1,7.75,,,4.14,32.1,7.75,,,20.5,617.0,,,,,,,,,,,,,,,,False,True,False,False,False,False
"Apr 28, 2017, 7:11:08 PM",Lunch Run,7.08,61.47,8.68,,,7.08,61.47,8.68,,,31.8,1054.0,,,,,,,,,,,,,,,,False,False,False,False,False,False
"Apr 27, 2017, 7:15:36 PM",Lunch Run,5.05,42.17,8.35,,,5.05,42.17,8.35,,,27.2,752.0,,,,,,,,,,,,,,,,False,False,False,False,False,False
"Apr 24, 2017, 7:30:00 PM",Lunch Run,3.1,24.02,7.75,,,3.1,24.02,7.75,,,,464.0,,,,,,,,,,,,,,,,False,True,False,False,False,False
"Apr 21, 2017, 7:15:28 PM",Lunch Run,4.16,34.95,8.4,,,4.16,34.95,8.4,,,21.1,619.0,,,,,,,,,,,,,,,,False,False,False,False,False,False
"Apr 20, 2017, 7:09:33 PM",Lunch Run,4.56,37.1,8.14,,,4.56,37.1,8.14,,,18.9,679.0,,,,,,,,,,,,,,,,False,False,False,False,False,False
"Apr 19, 2017, 7:20:16 PM",Lunch Run,4.15,34.92,8.41,,,4.15,34.92,8.41,,,22.6,619.0,,,,,,,,,,,,,,,,False,False,False,False,False,False
"Apr 17, 2017, 7:14:45 PM",Lunch Run,4.59,37.35,8.14,,,4.59,37.35,8.14,,,18.8,684.0,,,,,,,,,,,,,,,,False,False,False,False,False,False
"Apr 16, 2017, 7:30:00 PM",Lunch Run,3.25,25.0,7.69,,,3.25,25.0,7.69,,,,487.0,,,,,,,,,,,,,,,,False,True,False,False,False,False
"Apr 13, 2017, 7:19:23 PM",Lunch Run,4.58,37.03,8.09,,,4.58,37.03,8.09,,,18.4,682.0,,,,,,,,,,,,,,,,False,False,False,False,False,False
"Apr 10, 2017, 7:18:45 PM",Lunch Run,6.2,51.65,8.33,,,6.2,51.65,8.33,,,29.8,924.0,,,,,,,,,,,,,,,,False,False,False,False,False,False
"Apr 7, 2017, 7:15:43 PM",Lunch Run,4.53,33.73,7.45,,,4.53,33.73,7.45,,,18.8,675.0,,,,,,,,,,,,,,,,False,True,False,False,False,False
"Apr 5, 2017, 7:24:33 PM",Lunch Run,4.55,38.12,8.38,,,4.55,38.12,8.38,,,18.5,677.0,,,,,,,,,,,,,,,,False,False,False,False,False,False
"Apr 4, 2017, 7:14:25 PM",Lunch Run,4.64,36.33,7.83,,,4.64,36.33,7.83,,,18.3,690.0,,,,,,,,,,,,,,,,False,True,False,False,False,False
"Mar 30, 2017, 7:28:23 PM",Lunch Run,3.15,26.27,8.34,,,3.15,26.27,8.34,,,19.3,470.0,,,,,,,,,,,,,,,,False,False,False,False,False,False
"Mar 28, 2017, 7:24:17 PM",Lunch Run,4.54,37.47,8.25,,,4.54,37.47,8.25,,,18.9,677.0,,,,,,,,,,,,,,,,False,False,False,False,False,False
"Mar 23, 2017, 7:09:55 PM",Lunch Run,5.12,41.3,8.07,,,5.12,41.3,8.07,,,28.0,764.0,,,,,,,,,,,,,,,,False,False,False,False,False,False
"Mar 20, 2017, 7:21:48 PM",Lunch Run,3.18,25.75,8.1,,,3.18,25.75,8.1,,,21.2,475.0,,,,,,,,,,,,,,,,False,False,False,False,False,False
"Mar 19, 2017, 8:46:56 PM",Afternoon Run,2.52,23.02,9.13,,,2.52,23.02,9.13,,,33.1,379.0,,,,,,,,,,,,,,,,False,False,False,True,False,False
"Mar 17, 2017, 7:20:34 PM",Lunch Run,4.54,35.88,7.9,,,4.54,35.88,7.9,,,18.4,676.0,,,,,,,,,,,,,,,,False,True,False,False,False,False
"Mar 16, 2017, 7:17:54 PM",Lunch Run,4.14,33.03,7.98,,,4.14,33.03,7.98,,,19.9,618.0,,,,,,,,,,,,,,,,False,True,False,False,False,False
"Mar 7, 2017, 8:14:29 PM",Lunch Run,3.21,26.07,8.12,,,3.21,26.07,8.12,,,23.8,480.0,,,,,,,,,,,,,,,,False,False,False,False,False,False
"Mar 2, 2017, 8:18:43 PM",Lunch Run,3.22,26.97,8.38,,,3.22,26.97,8.38,,,22.9,481.0,,,,,,,,,,,,,,,,False,False,False,False,False,False
"Mar 1, 2017, 3:51:08 PM",Morning Run,3.58,30.05,8.39,,,3.58,30.05,8.39,,,30.0,535.0,,,,,,,,,,,,,,,,False,False,False,False,False,False
"Feb 28, 2017, 8:19:36 PM",Lunch Run,4.16,34.18,8.22,,,4.16,34.18,8.22,,,21.3,621.0,,,,,,,,,,,,,,,,False,False,False,False,False,False
"Feb 24, 2017, 8:20:55 PM",Lunch Run,3.19,26.87,8.42,,,3.19,26.87,8.42,,,20.8,475.0,,,,,,,,,,,,,,,,False,False,False,False,False,False
"Feb 22, 2017, 4:33:45 PM",Morning Run,2.06,18.82,9.14,,,2.06,18.82,9.14,,,24.8,310.0,,,,,,,,,,,,,,,,False,False,False,True,False,False
"Feb 21, 2017, 8:15:37 PM",Lunch Run,4.07,35.58,8.74,,,4.07,35.58,8.74,,,22.8,607.0,,,,,,,,,,,,,,,,False,False,False,False,False,False
"Feb 17, 2017, 8:30:00 PM",Lunch Run,3.5,30.03,8.58,,,3.5,30.03,8.58,,,,524.0,,,,,,,,,,,,,,,,False,False,False,False,False,False
"Feb 17, 2017, 12:18:32 AM",Afternoon Run,2.09,17.12,8.19,,,2.09,17.12,8.19,,,25.7,313.0,,,,,,,,,,,,,,,,False,False,False,False,False,False
"Feb 9, 2017, 8:13:16 PM",Lunch Run,3.18,26.48,8.33,,,3.18,26.48,8.33,,,23.5,475.0,,,,,,,,,,,,,,,,False,False,False,False,False,False
"Jan 24, 2017, 8:14:04 PM",Lunch Run,3.61,30.1,8.34,,,3.61,30.1,8.34,,,23.5,539.0,,,,,,,,,,,,,,,,False,False,False,False,False,False
"Jan 17, 2017, 12:33:06 AM",Afternoon Run,1.46,13.18,9.03,,,1.46,13.18,9.03,,,15.3,218.0,,,,,,,,,,,,,,,,False,False,False,True,False,False
"Jan 10, 2017, 8:23:24 PM",Lunch Run,2.73,21.15,7.75,,,2.73,21.15,7.75,,,17.1,409.0,,,,,,,,,,,,,,,,False,True,False,False,False,False
"Jan 6, 2017, 8:10:41 PM",Lunch Run,3.2,27.57,8.62,,,3.2,27.57,8.62,,,23.7,478.0,,,,,,,,,,,,,,,,False,False,False,False,False,False
"Jan 5, 2017, 8:30:00 PM",Lunch Run,2.45,20.0,8.16,,,2.45,20.0,8.16,,,,367.0,,,,,,,,,,,,,,,,False,False,False,False,False,False
"Jan 3, 2017, 8:32:25 PM",Lunch Run,2.57,20.53,7.99,,,2.57,20.53,7.99,,,17.1,384.0,,,,,,,,,,,,,,,,False,True,False,False,False,False
"Dec 6, 2016, 8:15:30 PM",Lunch Run,3.06,25.9,8.46,,,3.06,25.9,8.46,,,21.8,457.0,,,,,,,,,,,,,,,,False,False,False,False,False,False
"Oct 14, 2016, 7:20:00 PM",Lunch Run,4.11,33.17,8.07,,,4.11,33.17,8.07,,,23.7,614.0,,,,,,,,,,,,,,,,False,False,False,False,False,False
"Oct 7, 2016, 7:30:00 PM",Lunch Run,3.12,25.0,8.01,,,3.12,25.0,8.01,,,,467.0,,,,,,,,,,,,,,,,False,False,False,False,False,False
"Oct 4, 2016, 7:20:51 PM",Lunch Run,3.28,25.52,7.78,,,3.28,25.52,7.78,,,23.6,490.0,,,,,,,,,,,,,,,,False,True,False,False,False,False
"Sep 28, 2016, 5:07:55 PM",Evening Run,3.48,28.6,8.22,,,3.48,28.6,8.22,,,27.8,519.0,,,,,,,,,,,,,,,,False,False,False,False,False,False
"Sep 20, 2016, 12:15:55 PM",Morning Run,4.11,32.82,7.99,,,4.11,32.82,7.99,,,21.1,612.0,,,,,,,,,,,,,,,,False,True,False,False,False,False
"Sep 19, 2016, 7:18:11 PM",Lunch Run,4.16,34.22,8.23,,,4.16,34.22,8.23,,,23.4,621.0,,,,,,,,,,,,,,,,False,False,False,False,False,False
"Sep 2, 2016, 7:30:00 PM",Lunch Run,2.2,20.52,9.33,,,2.2,20.52,9.33,,,,330.0,,,,,,,,,,,,,,,,False,False,False,True,False,False
"Sep 1, 2016, 3:50:00 AM",Evening Run,4.02,33.0,8.21,,,4.02,33.0,8.21,,,,602.0,,,,,,,,,,,,,,,,False,False,False,False,False,False
"Aug 30, 2016, 3:50:00 AM",Evening Run,3.69,30.0,8.13,,,3.69,30.0,8.13,,,,553.0,,,,,,,,,,,,,,,,False,False,False,False,False,False
"Aug 29, 2016, 3:50:00 AM",Evening Run,3.11,21.2,6.82,,,3.11,21.2,6.82,,,,466.0,,,,,,,,,,,,,,,,False,False,True,False,False,False
"Aug 26, 2016, 12:18:46 PM",Morning Run,3.1,22.9,7.39,,,3.1,22.9,7.39,,,18.6,462.0,,,,,,,,,,,,,,,,False,True,False,False,False,False
"Aug 25, 2016, 12:20:04 PM",Morning Run,4.61,34.53,7.49,,,4.61,34.53,7.49,,,18.6,687.0,,,,,,,,,,,,,,,,False,True,False,False,False,False
"Aug 24, 2016, 3:50:00 AM",Evening Run,2.54,21.0,8.27,,,2.54,21.0,8.27,,,,380.0,,,,,,,,,,,,,,,,False,False,False,False,False,False
"Aug 23, 2016, 3:50:00 AM",Evening Run,3.15,26.0,8.25,,,3.15,26.0,8.25,,,,472.0,,,,,,,,,,,,,,,,False,False,False,False,False,False
"Aug 19, 2016, 12:19:14 PM",Morning Run,4.7,33.8,7.19,,,4.7,33.8,7.19,,,20.3,701.0,,,,,,,,,,,,,,,,False,True,False,False,False,False
"Aug 16, 2016, 12:15:51 PM",Morning Run,3.11,22.47,7.23,,,3.11,22.47,7.23,,,20.8,464.0,,,,,,,,,,,,,,,,False,True,False,False,False,False
"Aug 15, 2016, 7:18:00 PM",Lunch Run,3.12,23.13,7.41,,,3.12,23.13,7.41,,,23.7,466.0,,,,,,,,,,,,,,,,False,True,False,False,False,False
"Aug 14, 2016, 3:50:00 AM",Evening Run,2.16,15.0,6.94,,,2.16,15.0,6.94,,,,324.0,,,,,,,,,,,,,,,,False,False,True,False,False,False
"Aug 13, 2016, 3:50:00 AM",Evening Run,3.17,26.0,8.2,,,3.17,26.0,8.2,,,,475.0,,,,,,,,,,,,,,,,False,False,False,False,False,False
"Aug 12, 2016, 3:40:00 AM",Evening Run,3.15,26.0,8.25,,,3.15,26.0,8.25,,,,472.0,,,,,,,,,,,,,,,,False,False,False,False,False,False
"Aug 9, 2016, 12:21:26 PM",Morning Run,4.11,31.98,7.78,,,4.11,31.98,7.78,,,21.1,612.0,,,,,,,,,,,,,,,,False,True,False,False,False,False
"Aug 9, 2016, 3:40:00 AM",Evening Run,2.0,16.0,8.0,,,2.0,16.0,8.0,,,,300.0,,,,,,,,,,,,,,,,False,False,False,False,False,False
"Aug 8, 2016, 12:20:34 PM",Morning Run,4.17,32.42,7.77,,,4.17,32.42,7.77,,,21.2,621.0,,,,,,,,,,,,,,,,False,True,False,False,False,False
"Aug 7, 2016, 7:30:00 PM",Lunch Run,4.1,33.0,8.05,,,4.1,33.0,8.05,,,,614.0,,,,,,,,,,,,,,,,False,False,False,False,False,False
"Aug 6, 2016, 7:30:00 PM",Lunch Run,5.1,40.0,7.84,,,5.1,40.0,7.84,,,,764.0,,,,,,,,,,,,,,,,False,True,False,False,False,False
"Aug 5, 2016, 12:21:00 PM",Morning Run,4.53,30.73,6.78,,,4.53,30.73,6.78,,,18.7,673.0,,,,,,,,,,,,,,,,False,False,True,False,False,False
"Aug 4, 2016, 7:30:00 PM",Lunch Run,3.25,25.0,7.69,,,3.25,25.0,7.69,,,,487.0,,,,,,,,,,,,,,,,False,True,False,False,False,False
"Aug 3, 2016, 7:30:00 PM",Lunch Run,3.11,24.0,7.72,,,3.11,24.0,7.72,,,,466.0,,,,,,,,,,,,,,,,False,True,False,False,False,False
"Aug 2, 2016, 12:20:11 PM",Morning Run,4.18,32.75,7.83,,,4.18,32.75,7.83,,,22.8,625.0,,,,,,,,,,,,,,,,False,True,False,False,False,False
"Aug 1, 2016, 7:30:00 PM",Lunch Run,4.02,32.0,7.96,,,4.02,32.0,7.96,,,,602.0,,,,,,,,,,,,,,,,False,True,False,False,False,False
"Aug 1, 2016, 4:00:00 AM",Night Run,4.75,36.5,7.68,,,4.75,36.5,7.68,,,,711.0,,,,,,,,,,,,,,,,False,True,False,False,False,False
"Jul 30, 2016, 7:27:44 AM",Night Run,6.07,55.62,9.16,,168.0,6.07,55.62,9.16,,168.0,35.6,907.0,,,,,,,,,,,,,,,,False,False,False,True,False,False
"Jul 28, 2016, 4:00:00 AM",Night Run,4.14,31.0,7.49,,,4.14,31.0,7.49,,,,620.0,,,,,,,,,,,,,,,,False,True,False,False,False,False
"Jul 27, 2016, 4:00:00 AM",Night Run,3.2,25.0,7.81,,,3.2,25.0,7.81,,,,479.0,,,,,,,,,,,,,,,,False,True,False,False,False,False
"Jul 26, 2016, 4:00:00 AM",Night Run,3.1,25.0,8.06,,,3.1,25.0,8.06,,,,464.0,,,,,,,,,,,,,,,,False,False,False,False,False,False
"Jul 25, 2016, 4:00:00 AM",Night Run,3.15,25.0,7.94,,,3.15,25.0,7.94,,,,472.0,,,,,,,,,,,,,,,,False,True,False,False,False,False
"Jul 23, 2016, 10:09:07 AM",Night Run,6.02,50.32,8.36,,,6.02,50.32,8.36,,,30.2,902.0,,,,,,,,,,,,,,,,False,False,False,False,False,False
"Jul 23, 2016, 4:00:00 AM",Night Run,3.34,26.0,7.78,,,3.34,26.0,7.78,,,,500.0,,,,,,,,,,,,,,,,False,True,False,False,False,False
"Jul 22, 2016, 4:00:00 AM",Night Run,3.1,25.0,8.06,,,3.1,25.0,8.06,,,,464.0,,,,,,,,,,,,,,,,False,False,False,False,False,False
"Jul 19, 2016, 12:18:33 PM",Morning Run,3.18,26.22,8.25,,,3.18,26.22,8.25,,,21.6,474.0,,,,,,,,,,,,,,,,False,False,False,False,False,False
"Jul 19, 2016, 4:00:00 AM",Night Run,2.57,20.0,7.78,,,2.57,20.0,7.78,,,,385.0,,,,,,,,,,,,,,,,False,True,False,False,False,False
"Jul 18, 2016, 3:50:00 AM",Evening Run,3.69,29.0,7.86,,,3.69,29.0,7.86,,,,553.0,,,,,,,,,,,,,,,,False,True,False,False,False,False
"Jul 17, 2016, 3:50:00 AM",Evening Run,5.05,41.0,8.12,,,5.05,41.0,8.12,,,,756.0,,,,,,,,,,,,,,,,False,False,False,False,False,False
"Jul 15, 2016, 12:13:07 PM",Morning Run,4.08,32.93,8.07,,,4.08,32.93,8.07,,,20.8,608.0,,,,,,,,,,,,,,,,False,False,False,False,False,False
"Jul 15, 2016, 3:50:00 AM",Evening Run,3.1,25.17,8.12,,,3.1,25.17,8.12,,,,464.0,,,,,,,,,,,,,,,,False,False,False,False,False,False
"Jul 12, 2016, 12:16:16 PM",Morning Run,3.13,25.8,8.24,,,3.13,25.8,8.24,,,18.7,466.0,,,,,,,,,,,,,,,,False,False,False,False,False,False
"Jul 12, 2016, 3:50:00 AM",Evening Run,3.77,30.0,7.96,,,3.77,30.0,7.96,,,,565.0,,,,,,,,,,,,,,,,False,True,False,False,False,False
"Jul 10, 2016, 12:05:48 PM",Morning Run,4.12,34.9,8.47,,,4.12,34.9,8.47,,,18.0,614.0,,,,,,,,,,,,,,,,False,False,False,False,False,False
"Jul 10, 2016, 3:50:00 AM",Evening Run,3.6,29.55,8.21,,,3.6,29.55,8.21,,,,539.0,,,,,,,,,,,,,,,,False,False,False,False,False,False
"Jul 8, 2016, 7:07:55 AM",Night Run,3.18,28.37,8.92,,,3.18,28.37,8.92,,,57.9,481.0,,,,,,,,,,,,,,,,False,False,False,False,False,False
"Jul 7, 2016, 7:20:00 PM",Lunch Run,3.07,27.22,8.87,,,3.07,27.22,8.87,,,12.1,457.0,,,,,,,,,,,,,,,,False,False,False,False,False,False
"Jun 3, 2016, 6:28:33 AM",Night Run,3.05,26.72,8.76,,,3.05,26.72,8.76,,,49.2,461.0,,,,,,,,,,,,,,,,False,False,False,False,False,False
"Jun 2, 2016, 12:12:14 PM",Morning Run,4.56,34.8,7.63,,,4.56,34.8,7.63,,,18.5,679.0,,,,,,,,,,,,,,,,False,True,False,False,False,False
"May 23, 2016, 6:21:07 AM",Night Run,3.05,25.72,8.43,,,3.05,25.72,8.43,,,53.3,461.0,,,,,,,,,,,,,,,,False,False,False,False,False,False
"May 20, 2016, 7:15:50 PM",Lunch Run,4.14,34.0,8.21,,,4.14,34.0,8.21,,,23.6,617.0,,,,,,,,,,,,,,,,False,False,False,False,False,False
"May 14, 2016, 4:00:00 AM",Night Run,3.75,30.0,8.0,,,3.75,30.0,8.0,,,,562.0,,,,,,,,,,,,,,,,False,False,False,False,False,False
"May 9, 2016, 12:18:21 PM",Morning Run,4.02,32.62,8.11,,,4.02,32.62,8.11,,,20.9,599.0,,,,,,,,,,,,,,,,False,False,False,False,False,False
"May 5, 2016, 12:19:59 PM",Morning Run,4.63,37.3,8.06,,,4.63,37.3,8.06,,,18.7,690.0,,,,,,,,,,,,,,,,False,False,False,False,False,False
"May 2, 2016, 4:00:00 AM",Night Run,4.45,35.0,7.87,,,4.45,35.0,7.87,,,,667.0,,,,,,,,,,,,,,,,False,True,False,False,False,False
"Apr 28, 2016, 4:10:00 AM",Night Run,3.3,27.0,8.18,,,3.3,27.0,8.18,,,,494.0,,,,,,,,,,,,,,,,False,False,False,False,False,False
"Apr 26, 2016, 4:10:00 AM",Night Run,3.15,26.0,8.25,,,3.15,26.0,8.25,,,,472.0,,,,,,,,,,,,,,,,False,False,False,False,False,False
"Apr 21, 2016, 12:42:10 PM",Morning Run,3.25,24.2,7.45,,,3.25,24.2,7.45,,,26.5,488.0,,,,,,,,,,,,,,,,False,True,False,False,False,False
"Apr 17, 2016, 4:10:00 AM",Night Run,4.05,32.0,7.9,,,4.05,32.0,7.9,,,,607.0,,,,,,,,,,,,,,,,False,True,False,False,False,False
"Apr 15, 2016, 4:10:00 AM",Night Run,3.32,27.0,8.13,,,3.32,27.0,8.13,,,,497.0,,,,,,,,,,,,,,,,False,False,False,False,False,False
"Apr 12, 2016, 12:12:28 PM",Morning Run,4.67,36.98,7.92,,,4.67,36.98,7.92,,,18.9,695.0,,,,,,,,,,,,,,,,False,True,False,False,False,False
"Apr 10, 2016, 4:10:00 AM",Night Run,3.15,26.0,8.25,,,3.15,26.0,8.25,,,,472.0,,,,,,,,,,,,,,,,False,False,False,False,False,False
"Apr 7, 2016, 4:00:00 AM",Night Run,0.56,4.5,8.04,,,0.56,4.5,8.04,,,,84.0,,,,,,,,,,,,,,,,False,False,False,False,False,False
"Apr 5, 2016, 12:18:05 PM",Morning Run,3.25,25.12,7.73,,,3.25,25.12,7.73,,,18.7,484.0,,,,,,,,,,,,,,,,False,True,False,False,False,False
"Apr 4, 2016, 4:00:00 AM",Night Run,3.17,27.0,8.52,,,3.17,27.0,8.52,,,,475.0,,,,,,,,,,,,,,,,False,False,False,False,False,False
"Apr 3, 2016, 4:00:00 AM",Night Run,4.05,34.0,8.4,,,4.05,34.0,8.4,,,,607.0,,,,,,,,,,,,,,,,False,False,False,False,False,False
"Apr 2, 2016, 4:00:00 AM",Night Run,3.2,26.0,8.12,,,3.2,26.0,8.12,,,,479.0,,,,,,,,,,,,,,,,False,False,False,False,False,False
"Mar 28, 2016, 12:16:05 PM",Morning Run,3.18,26.33,8.28,,,3.18,26.33,8.28,,,17.4,475.0,,,,,,,,,,,,,,,,False,False,False,False,False,False
"Mar 23, 2016, 12:28:24 PM",Morning Run,3.2,25.88,8.09,,,3.2,25.88,8.09,,,17.3,477.0,,,,,,,,,,,,,,,,False,False,False,False,False,False
"Mar 14, 2016, 12:18:33 PM",Morning Run,3.17,24.93,7.86,,,3.17,24.93,7.86,,,18.9,473.0,,,,,,,,,,,,,,,,False,True,False,False,False,False
"Mar 1, 2016, 12:22:37 PM",Morning Run,3.15,27.33,8.68,,,3.15,27.33,8.68,,,17.9,469.0,,,,,,,,,,,,,,,,False,False,False,False,False,False
"Feb 23, 2016, 12:22:04 PM",Morning Run,3.16,28.03,8.87,,,3.16,28.03,8.87,,,10.6,472.0,,,,,,,,,,,,,,,,False,False,False,False,False,False
"Feb 14, 2016, 7:12:03 AM",LA Marathon,26.94,230.67,8.56,,177.0,26.94,230.67,8.56,,177.0,308.1,4011.0,,,,,,,,,,,,,,,,True,False,False,False,True,False
"Feb 14, 2016, 5:10:00 AM",Night Run,2.05,15.5,7.56,,,2.05,15.5,7.56,,,,307.0,,,,,,,,,,,,,,,,False,True,False,False,False,False
"Feb 12, 2016, 5:10:00 AM",Night Run,4.5,33.0,7.33,,,4.5,33.0,7.33,,,,674.0,,,,,,,,,,,,,,,,False,True,False,False,False,False
"Feb 9, 2016, 5:42:19 AM",Night Run,7.41,62.1,8.38,,,7.41,62.1,8.38,,,170.7,1127.0,,,,,,,,,,,,,,,,False,False,False,False,False,False
"Feb 7, 2016, 8:05:31 AM",Night Run,7.05,61.47,8.72,,,7.05,61.47,8.72,,,40.6,1051.0,,,,,,,,,,,,,,,,False,False,False,False,False,False
"Feb 5, 2016, 5:10:00 AM",Night Run,4.05,31.0,7.65,,,4.05,31.0,7.65,,,,607.0,,,,,,,,,,,,,,,,False,True,False,False,False,False
"Feb 3, 2016, 5:10:00 AM",Night Run,5.2,40.0,7.69,,,5.2,40.0,7.69,,,,779.0,,,,,,,,,,,,,,,,False,True,False,False,False,False
"Feb 1, 2016, 5:10:00 AM",Night Run,10.15,80.0,7.88,,,10.15,80.0,7.88,,,,1520.0,,,,,,,,,,,,,,,,False,True,False,False,False,False
"Jan 31, 2016, 5:10:00 AM",Night Run,4.65,36.0,7.74,,,4.65,36.0,7.74,,,,697.0,,,,,,,,,,,,,,,,False,True,False,False,False,False
"Jan 30, 2016, 5:10:00 AM",Night Run,5.15,40.0,7.77,,,5.15,40.0,7.77,,,,771.0,,,,,,,,,,,,,,,,False,True,False,False,False,False
"Jan 29, 2016, 5:10:00 AM",Night Run,6.3,50.0,7.94,,,6.3,50.0,7.94,,,,944.0,,,,,,,,,,,,,,,,False,True,False,False,False,False
"Jan 28, 2016, 5:10:00 AM",Night Run,3.11,23.5,7.56,,,3.11,23.5,7.56,,,,466.0,,,,,,,,,,,,,,,,False,True,False,False,False,False
"Jan 24, 2016, 10:31:18 AM",Night Run,20.21,168.7,8.35,159.0,173.0,20.21,168.7,8.35,159.0,173.0,87.5,3017.0,,,,,,,,,,,,,,,,True,False,False,False,False,False
"Jan 22, 2016, 8:16:14 PM",Lunch Run,4.52,32.15,7.11,,,4.52,32.15,7.11,,,17.1,673.0,,,,,,,,,,,,,,,,False,True,False,False,False,False
"Jan 20, 2016, 5:52:11 AM",Night Run,5.2,45.45,8.74,,,5.2,45.45,8.74,,,120.0,792.0,,,,,,,,,,,,,,,,False,False,False,False,False,False
"Jan 17, 2016, 10:25:13 AM",Night Run,16.21,129.5,7.99,,168.0,16.21,129.5,7.99,,168.0,87.2,2422.0,,,,,,,,,,,,,,,,True,True,False,False,False,False
"Jan 14, 2016, 5:45:14 AM",Night Run,6.07,51.7,8.52,,,6.07,51.7,8.52,,,142.4,923.0,,,,,,,,,,,,,,,,False,False,False,False,False,False
"Jan 12, 2016, 5:40:26 AM",Night Run,6.08,51.57,8.48,,,6.08,51.57,8.48,,,142.3,924.0,,,,,,,,,,,,,,,,False,False,False,False,False,False
"Jan 10, 2016, 9:38:20 AM",Night Run,13.2,103.5,7.84,161.0,170.0,13.2,103.5,7.84,161.0,170.0,85.3,1974.0,,,,,,,,,,,,,,,,False,True,False,False,False,False
"Jan 7, 2016, 12:17:00 PM",Morning Run,3.13,20.58,6.58,,,3.13,20.58,6.58,,,31.5,473.0,,,,,,,,,,,,,,,,False,False,True,False,False,False
"Jan 6, 2016, 1:56:23 PM",Morning Run,5.03,40.65,8.08,,,5.03,40.65,8.08,,,123.3,768.0,,,,,,,,,,,,,,,,False,False,False,False,False,False
"Jan 5, 2016, 1:43:46 PM",Morning Run,7.18,60.85,8.47,,,7.18,60.85,8.47,,,162.9,1093.0,,,,,,,,,,,,,,,,False,False,False,False,False,False
"Jan 3, 2016, 3:29:05 PM",Morning Run,10.36,88.37,8.53,,,10.36,88.37,8.53,,,236.0,1575.0,,,,,,,,,,,,,,,,False,False,False,False,False,False
"Jan 2, 2016, 7:10:03 PM",Lunch Run,7.2,58.58,8.14,,,7.2,58.58,8.14,,,162.7,1096.0,,,,,,,,,,,,,,,,False,False,False,False,False,False
"Dec 31, 2015, 1:42:27 PM",Morning Run,7.06,57.65,8.17,,,7.06,57.65,8.17,,,168.1,1075.0,,,,,,,,,,,,,,,,False,False,False,False,False,False
"Dec 28, 2015, 10:49:33 AM",Afternoon Run,5.26,41.83,7.95,,,5.26,41.83,7.95,,,39.6,786.0,,,,,,,,,,,,,,,,False,True,False,False,False,False
"Dec 26, 2015, 10:53:11 AM",Afternoon Run,5.26,41.78,7.94,,,5.26,41.78,7.94,,,39.1,786.0,,,,,,,,,,,,,,,,False,True,False,False,False,False
"Dec 25, 2015, 10:29:08 AM",Afternoon Run,6.08,49.02,8.06,,,6.08,49.02,8.06,,,55.7,910.0,,,,,,,,,,,,,,,,False,False,False,False,False,False
"Dec 23, 2015, 8:00:55 AM",Afternoon Run,5.92,47.57,8.04,,,5.92,47.57,8.04,,,43.4,884.0,,,,,,,,,,,,,,,,False,False,False,False,False,False
"Dec 22, 2015, 10:41:52 AM",Afternoon Run,5.99,48.37,8.08,,,5.99,48.37,8.08,,,42.8,894.0,,,,,,,,,,,,,,,,False,False,False,False,False,False
"Dec 21, 2015, 10:03:59 AM",Afternoon Run,6.94,55.63,8.02,,198.0,6.94,55.63,8.02,,198.0,80.6,1049.0,,,,,,,,,,,,,,,,False,False,False,False,False,False
"Dec 19, 2015, 10:24:27 AM",Afternoon Run,7.06,55.75,7.9,,179.0,7.06,55.75,7.9,,179.0,62.2,1061.0,,,,,,,,,,,,,,,,False,True,False,False,False,False
"Dec 16, 2015, 10:02:18 AM",Afternoon Run,6.09,48.32,7.93,,,6.09,48.32,7.93,,,44.3,910.0,,,,,,,,,,,,,,,,False,True,False,False,False,False
"Dec 15, 2015, 10:36:05 AM",Afternoon Run,6.0,47.23,7.87,,,6.0,47.23,7.87,,,45.4,896.0,,,,,,,,,,,,,,,,False,True,False,False,False,False
"Dec 13, 2015, 5:20:00 AM",Night Run,8.01,60.0,7.49,,,8.01,60.0,7.49,,,,1200.0,,,,,,,,,,,,,,,,False,True,False,False,False,False
"Dec 12, 2015, 5:20:00 AM",Night Run,6.09,45.0,7.39,,,6.09,45.0,7.39,,,,912.0,,,,,,,,,,,,,,,,False,True,False,False,False,False
"Dec 8, 2015, 9:18:27 AM",Afternoon Run,6.02,46.52,7.73,,,6.02,46.52,7.73,,,48.4,899.0,,,,,,,,,,,,,,,,False,True,False,False,False,False
"Dec 7, 2015, 5:10:00 AM",Night Run,4.0,30.87,7.72,,,4.0,30.87,7.72,,,,599.0,,,,,,,,,,,,,,,,False,True,False,False,False,False
"Dec 1, 2015, 2:12:44 PM",Morning Run,5.85,46.2,7.9,,,5.85,46.2,7.9,,,141.7,892.0,,,,,,,,,,,,,,,,False,True,False,False,False,False
"Nov 30, 2015, 5:46:13 AM",Night Run,3.04,26.13,8.6,,,3.04,26.13,8.6,,,51.0,459.0,,,,,,,,,,,,,,,,False,False,False,False,False,False
"Nov 28, 2015, 6:15:21 AM",Night Run,13.16,104.82,7.97,156.0,171.0,13.16,104.82,7.97,156.0,171.0,86.3,1969.0,,,,,,,,,,,,,,,,False,True,False,False,False,False
"Nov 26, 2015, 8:24:10 AM",Night Run,3.11,24.25,7.8,,,3.11,24.25,7.8,,,54.0,471.0,,,,,,,,,,,,,,,,False,True,False,False,False,False
"Nov 25, 2015, 6:09:04 AM",Night Run,4.04,34.3,8.49,,,4.04,34.3,8.49,,,93.3,616.0,,,,,,,,,,,,,,,,False,False,False,False,False,False
"Nov 24, 2015, 5:37:07 AM",Night Run,6.55,55.9,8.53,,163.0,6.55,55.9,8.53,,163.0,159.2,1003.0,,,,,,,,,,,,,,,,False,False,False,False,False,False
"Nov 22, 2015, 6:52:25 AM",Night Run,12.26,97.03,7.91,,178.0,12.26,97.03,7.91,,178.0,80.1,1835.0,,,,,,,,,,,,,,,,False,True,False,False,False,False
"Nov 19, 2015, 5:30:33 AM",Night Run,8.11,67.22,8.29,,170.0,8.11,67.22,8.29,,170.0,195.8,1240.0,,,,,,,,,,,,,,,,False,False,False,False,False,False
"Nov 18, 2015, 1:30:59 PM",Morning Run,2.66,21.87,8.22,,,2.66,21.87,8.22,,,69.6,411.0,,,,,,,,,,,,,,,,False,False,False,False,False,False
"Nov 17, 2015, 5:44:52 AM",Night Run,7.36,62.68,8.52,,167.0,7.36,62.68,8.52,,167.0,177.1,1125.0,,,,,,,,,,,,,,,,False,False,False,False,False,False
"Nov 15, 2015, 6:47:12 AM",Night Run,11.15,88.72,7.96,156.0,177.0,11.15,88.72,7.96,156.0,177.0,86.1,1674.0,,,,,,,,,,,,,,,,False,True,False,False,False,False
"Nov 12, 2015, 5:32:34 AM",Night Run,8.11,68.78,8.48,,,8.11,68.78,8.48,,,187.2,1234.0,,,,,,,,,,,,,,,,False,False,False,False,False,False
"Nov 11, 2015, 11:31:01 AM",Night Run,4.07,35.7,8.77,,,4.07,35.7,8.77,,,18.5,608.0,,,,,,,,,,,,,,,,False,False,False,False,False,False
"Nov 10, 2015, 5:32:16 AM",Night Run,7.38,61.07,8.28,,,7.38,61.07,8.28,,,170.3,1123.0,,,,,,,,,,,,,,,,False,False,False,False,False,False
"Nov 8, 2015, 5:51:37 AM",Night Run,10.04,81.45,8.11,,,10.04,81.45,8.11,,,52.6,1497.0,,,,,,,,,,,,,,,,False,False,False,False,False,False
"Nov 8, 2015, 5:20:00 AM",Night Run,5.0,42.42,8.48,,,5.0,42.42,8.48,,,,749.0,,,,,,,,,,,,,,,,False,False,False,False,False,False
"Nov 6, 2015, 5:20:00 AM",Night Run,6.0,46.0,7.67,,,6.0,46.0,7.67,,,,899.0,,,,,,,,,,,,,,,,False,True,False,False,False,False
"Nov 3, 2015, 12:08:46 PM",Morning Run,6.02,46.88,7.79,,185.0,6.02,46.88,7.79,,185.0,32.9,902.0,,,,,,,,,,,,,,,,False,True,False,False,False,False
"Nov 2, 2015, 5:20:00 AM",Night Run,4.5,36.33,8.07,,,4.5,36.33,8.07,,,,674.0,,,,,,,,,,,,,,,,False,False,False,False,False,False
"Oct 31, 2015, 3:05:15 PM",Morning Run,4.33,38.9,8.98,,,4.33,38.9,8.98,,,24.2,648.0,,,,,,,,,,,,,,,,False,False,False,False,False,False
"Oct 30, 2015, 11:53:05 AM",Morning Run,5.57,42.15,7.57,,188.0,5.57,42.15,7.57,,188.0,64.6,851.0,,,,,,,,,,,,,,,,False,True,False,False,False,False
"Oct 16, 2015, 12:12:56 PM",Morning Run,4.21,31.8,7.55,,181.0,4.21,31.8,7.55,,181.0,24.4,631.0,,,,,,,,,,,,,,,,False,True,False,False,False,False
"Oct 12, 2015, 12:15:12 PM",Morning Run,3.31,23.83,7.2,,181.0,3.31,23.83,7.2,,181.0,21.6,503.0,,,,,,,,,,,,,,,,False,True,False,False,False,False
"Oct 9, 2015, 12:17:40 PM",Morning Run,3.27,25.7,7.86,,184.0,3.27,25.7,7.86,,184.0,24.5,492.0,,,,,,,,,,,,,,,,False,True,False,False,False,False
"Oct 7, 2015, 12:15:35 PM",Morning Run,6.05,49.08,8.11,,180.0,6.05,49.08,8.11,,180.0,33.8,905.0,,,,,,,,,,,,,,,,False,False,False,False,False,False
"Oct 1, 2015, 4:20:00 AM",Night Run,3.55,28.43,8.01,,,3.55,28.43,8.01,,,,532.0,,,,,,,,,,,,,,,,False,False,False,False,False,False
"Sep 29, 2015, 12:18:10 PM",Morning Run,4.22,32.2,7.63,,183.0,4.22,32.2,7.63,,183.0,28.9,636.0,,,,,,,,,,,,,,,,False,True,False,False,False,False
"Sep 27, 2015, 8:26:11 AM",Night Run,4.11,32.92,8.01,,,4.11,32.92,8.01,,,75.1,624.0,,,,,,,,,,,,,,,,False,False,False,False,False,False
"Sep 26, 2015, 4:20:00 AM",Night Run,4.1,34.0,8.29,,,4.1,34.0,8.29,,,,614.0,,,,,,,,,,,,,,,,False,False,False,False,False,False
"Sep 21, 2015, 12:16:02 PM",Morning Run,4.17,34.12,8.18,,169.0,4.17,34.12,8.18,,169.0,24.3,626.0,,,,,,,,,,,,,,,,False,False,False,False,False,False
"Sep 19, 2015, 3:04:21 PM",Morning Run,4.41,33.15,7.52,,,4.41,33.15,7.52,,,35.9,649.0,,,,,,,,,,,,,,,,False,True,False,False,False,False
"Sep 18, 2015, 12:13:44 PM",Morning Run,4.15,31.65,7.63,,181.0,4.15,31.65,7.63,,181.0,24.7,623.0,,,,,,,,,,,,,,,,False,True,False,False,False,False
"Sep 17, 2015, 12:15:08 PM",Morning Run,4.15,32.05,7.72,,182.0,4.15,32.05,7.72,,182.0,30.7,624.0,,,,,,,,,,,,,,,,False,True,False,False,False,False
"Sep 14, 2015, 4:20:00 AM",Night Run,4.1,33.0,8.05,,,4.1,33.0,8.05,,,,614.0,,,,,,,,,,,,,,,,False,False,False,False,False,False
"Sep 10, 2015, 12:18:23 PM",Morning Run,2.74,20.2,7.37,,177.0,2.74,20.2,7.37,,177.0,19.6,412.0,,,,,,,,,,,,,,,,False,True,False,False,False,False
"Sep 8, 2015, 12:12:21 PM",Morning Run,4.21,33.1,7.86,,177.0,4.21,33.1,7.86,,177.0,24.6,631.0,,,,,,,,,,,,,,,,False,True,False,False,False,False
"Sep 8, 2015, 4:20:00 AM",Night Run,3.5,29.0,8.29,,,3.5,29.0,8.29,,,,524.0,,,,,,,,,,,,,,,,False,False,False,False,False,False
"Sep 6, 2015, 4:20:00 AM",Night Run,3.1,22.27,7.18,,,3.1,22.27,7.18,,,,464.0,,,,,,,,,,,,,,,,False,True,False,False,False,False
"Sep 4, 2015, 12:07:39 PM",Morning Run,5.51,45.42,8.24,,,5.51,45.42,8.24,,,28.6,822.0,,,,,,,,,,,,,,,,False,False,False,False,False,False
"Sep 2, 2015, 12:14:41 PM",Morning Run,4.99,40.22,8.06,,,4.99,40.22,8.06,,,28.1,746.0,,,,,,,,,,,,,,,,False,False,False,False,False,False
"Aug 27, 2015, 11:16:07 AM",Morning Run,0.76,11.55,15.2,,,0.76,11.55,15.2,,,6.4,114.0,,,,,,,,,,,,,,,,False,False,False,True,False,False
"Aug 20, 2015, 7:19:06 PM",Lunch Run,3.11,24.22,7.79,,,3.11,24.22,7.79,,,22.5,465.0,,,,,,,,,,,,,,,,False,True,False,False,False,False
"Aug 19, 2015, 7:12:58 PM",Lunch Run,4.15,33.33,8.03,,,4.15,33.33,8.03,,,23.4,619.0,,,,,,,,,,,,,,,,False,False,False,False,False,False
"Aug 14, 2015, 7:15:12 PM",Lunch Run,4.14,32.13,7.76,,,4.14,32.13,7.76,,,23.5,618.0,,,,,,,,,,,,,,,,False,True,False,False,False,False
"Aug 13, 2015, 12:13:25 PM",Morning Run,3.14,23.58,7.51,,179.0,3.14,23.58,7.51,,179.0,23.4,472.0,,,,,,,,,,,,,,,,False,True,False,False,False,False
"Aug 12, 2015, 12:15:21 PM",Morning Run,1.55,21.02,13.56,179.0,182.0,1.55,21.02,13.56,179.0,182.0,10.9,241.0,,,,,,,,,,,,,,,,False,False,False,True,False,False
"Aug 9, 2015, 4:20:00 AM",Night Run,3.1,23.13,7.46,,,3.1,23.13,7.46,,,,464.0,,,,,,,,,,,,,,,,False,True,False,False,False,False
"Aug 7, 2015, 7:13:44 PM",Lunch Run,3.11,22.95,7.38,,,3.11,22.95,7.38,,,22.7,464.0,,,,,,,,,,,,,,,,False,True,False,False,False,False
"Aug 4, 2015, 12:22:35 PM",Morning Run,3.12,22.3,7.15,,181.0,3.12,22.3,7.15,,181.0,28.4,470.0,,,,,,,,,,,,,,,,False,True,False,False,False,False
"Aug 1, 2015, 4:20:00 AM",Night Run,3.2,25.0,7.81,,,3.2,25.0,7.81,,,,479.0,,,,,,,,,,,,,,,,False,True,False,False,False,False
"Jul 28, 2015, 7:19:58 PM",Lunch Run,3.11,23.75,7.64,,,3.11,23.75,7.64,,,22.0,464.0,,,,,,,,,,,,,,,,False,True,False,False,False,False
"Jul 24, 2015, 7:19:07 PM",Lunch Run,3.09,24.23,7.84,,,3.09,24.23,7.84,,,22.7,462.0,,,,,,,,,,,,,,,,False,True,False,False,False,False
"Jul 21, 2015, 7:10:55 PM",Lunch Run,2.75,20.9,7.6,,,2.75,20.9,7.6,,,17.0,411.0,,,,,,,,,,,,,,,,False,True,False,False,False,False
"Jul 20, 2015, 12:21:36 PM",Morning Run,3.15,24.57,7.8,,188.0,3.15,24.57,7.8,,188.0,28.2,484.0,,,,,,,,,,,,,,,,False,True,False,False,False,False
"Jun 30, 2015, 6:15:06 PM",Afternoon Run,1.09,11.48,10.53,,,1.09,11.48,10.53,,,18.5,168.0,,,,,,,,,,,,,,,,False,False,False,True,False,False
"Jun 30, 2015, 6:00:21 PM",Afternoon Run,1.3,10.77,8.28,,,1.3,10.77,8.28,,,36.9,203.0,,,,,,,,,,,,,,,,False,False,False,False,False,False
"Jun 30, 2015, 5:33:33 PM",Afternoon Run,1.85,13.95,7.54,,,1.85,13.95,7.54,,,15.7,271.0,,,,,,,,,,,,,,,,False,True,False,False,False,False
"Jun 24, 2015, 4:20:00 AM",Night Run,2.55,21.0,8.24,,,2.55,21.0,8.24,,,,382.0,,,,,,,,,,,,,,,,False,False,False,False,False,False
"Jun 12, 2015, 12:11:06 PM",Morning Run,4.07,30.33,7.45,,169.0,4.07,30.33,7.45,,169.0,25.4,610.0,,,,,,,,,,,,,,,,False,True,False,False,False,False
"Jun 11, 2015, 7:11:45 PM",Lunch Run,4.51,33.95,7.53,,,4.51,33.95,7.53,,,16.8,673.0,,,,,,,,,,,,,,,,False,True,False,False,False,False
"Jun 9, 2015, 12:23:00 PM",Morning Run,4.54,36.92,8.13,,175.0,4.54,36.92,8.13,,175.0,18.8,677.0,,,,,,,,,,,,,,,,False,False,False,False,False,False
"Jun 7, 2015, 11:27:56 AM",Morning Run,2.96,60.0,20.27,,,2.96,60.0,20.27,,,10.1,440.0,,,,,,,,,,,,,,,,False,False,False,True,False,False
"Jun 6, 2015, 3:52:47 PM",Morning Run,5.58,46.28,8.29,,171.0,5.58,46.28,8.29,,171.0,139.5,854.0,,,,,,,,,,,,,,,,False,False,False,False,False,False
"Jun 4, 2015, 4:40:00 AM",Night Run,1.05,10.0,9.52,,,1.05,10.0,9.52,,,,157.0,,,,,,,,,,,,,,,,False,False,False,True,False,False
"Jun 3, 2015, 12:13:36 PM",Morning Run,4.84,34.73,7.18,161.0,179.0,4.84,34.73,7.18,161.0,179.0,17.7,721.0,,,,,,,,,,,,,,,,False,True,False,False,False,False
"Jun 2, 2015, 12:14:44 PM",Morning Run,4.02,30.17,7.5,,180.0,4.02,30.17,7.5,,180.0,44.9,614.0,,,,,,,,,,,,,,,,False,True,False,False,False,False
"Jun 1, 2015, 12:20:44 PM",Morning Run,4.73,33.62,7.11,166.0,178.0,4.73,33.62,7.11,166.0,178.0,17.2,705.0,,,,,,,,,,,,,,,,False,True,False,False,False,False
"May 31, 2015, 3:02:11 PM",Morning Run,4.05,37.4,9.23,,,4.05,37.4,9.23,,,17.6,605.0,,,,,,,,,,,,,,,,False,False,False,True,False,False
"May 29, 2015, 4:30:00 AM",Night Run,3.65,30.0,8.22,,,3.65,30.0,8.22,,,,547.0,,,,,,,,,,,,,,,,False,False,False,False,False,False
"May 28, 2015, 4:30:00 AM",Night Run,2.37,19.95,8.42,,,2.37,19.95,8.42,,,,355.0,,,,,,,,,,,,,,,,False,False,False,False,False,False
"May 25, 2015, 12:30:39 PM",Morning Run,2.97,60.12,20.24,,,2.97,60.12,20.24,,,82.9,458.0,,,,,,,,,,,,,,,,False,False,False,True,False,False
"May 23, 2015, 4:30:00 AM",Night Run,2.3,20.0,8.7,,,2.3,20.0,8.7,,,,345.0,,,,,,,,,,,,,,,,False,False,False,False,False,False
"May 20, 2015, 12:09:31 PM",Morning Run,6.01,50.62,8.42,,168.0,6.01,50.62,8.42,,168.0,33.8,900.0,,,,,,,,,,,,,,,,False,False,False,False,False,False
"May 20, 2015, 4:30:00 AM",Night Run,7.1,60.0,8.45,,,7.1,60.0,8.45,,,,1063.0,,,,,,,,,,,,,,,,False,False,False,False,False,False
"May 17, 2015, 12:22:38 PM",Morning Run,10.04,87.45,8.71,,,10.04,87.45,8.71,,,228.3,1523.0,,,,,,,,,,,,,,,,False,False,False,False,False,False
"May 15, 2015, 6:26:29 PM",Lunch Run,4.51,54.7,12.13,,,4.51,54.7,12.13,,,62.2,685.0,,,,,,,,,,,,,,,,False,False,False,True,False,False
"May 15, 2015, 4:20:00 AM",Night Run,7.1,57.62,8.12,,,7.1,57.62,8.12,,,,1063.0,,,,,,,,,,,,,,,,False,False,False,False,False,False
"May 14, 2015, 2:10:35 AM",Evening Run,0.89,20.32,22.83,,,0.89,20.32,22.83,,,31.5,142.0,,,,,,,,,,,,,,,,False,False,False,True,False,False
"May 13, 2015, 12:03:20 PM",Morning Run,6.99,59.15,8.46,,169.0,6.99,59.15,8.46,,169.0,35.3,1046.0,,,,,,,,,,,,,,,,False,False,False,False,False,False
"May 12, 2015, 7:05:20 PM",Lunch Run,1.9,40.0,21.05,,121.0,1.9,40.0,21.05,,121.0,51.4,297.0,,,,,,,,,,,,,,,,False,False,False,True,False,False
"May 12, 2015, 12:11:02 PM",Morning Run,4.52,37.05,8.2,,167.0,4.52,37.05,8.2,,167.0,17.5,675.0,,,,,,,,,,,,,,,,False,False,False,False,False,False
"May 12, 2015, 4:20:00 AM",Night Run,4.15,33.0,7.95,,,4.15,33.0,7.95,,,,622.0,,,,,,,,,,,,,,,,False,True,False,False,False,False
"May 6, 2015, 7:25:01 PM",Lunch Run,1.02,19.12,18.75,,125.0,1.02,19.12,18.75,,125.0,24.8,159.0,,,,,,,,,,,,,,,,False,False,False,True,False,False
"May 6, 2015, 12:15:14 PM",Morning Run,4.56,38.35,8.41,,167.0,4.56,38.35,8.41,,167.0,17.7,681.0,,,,,,,,,,,,,,,,False,False,False,False,False,False
"May 5, 2015, 12:18:14 PM",Morning Run,4.76,35.02,7.36,158.0,180.0,4.76,35.02,7.36,158.0,180.0,90.4,752.0,,,,,,,,,,,,,,,,False,True,False,False,False,False
"May 2, 2015, 10:07:09 AM",Morning Run,3.11,26.15,8.41,,,3.11,26.15,8.41,,,5.3,463.0,,,,,,,,,,,,,,,,False,False,False,False,False,False
"May 1, 2015, 11:25:16 AM",Morning Run,4.03,34.23,8.49,,,4.03,34.23,8.49,,,7.4,600.0,,,,,,,,,,,,,,,,False,False,False,False,False,False
"Apr 30, 2015, 10:16:13 AM",Morning Run,3.45,27.12,7.86,,,3.45,27.12,7.86,,,9.6,514.0,,,,,,,,,,,,,,,,False,True,False,False,False,False
"Apr 26, 2015, 4:33:58 PM",Morning Run,4.1,36.37,8.87,160.0,173.0,4.1,36.37,8.87,160.0,173.0,20.6,613.0,,,,,,,,,,,,,,,,False,False,False,False,False,False
"Apr 25, 2015, 7:20:42 AM",Night Run,3.06,25.68,8.39,,182.0,3.06,25.68,8.39,,182.0,69.7,471.0,,,,,,,,,,,,,,,,False,False,False,False,False,False
"Apr 23, 2015, 12:16:13 PM",Morning Run,3.21,22.32,6.95,,,3.21,22.32,6.95,,,19.7,479.0,,,,,,,,,,,,,,,,False,False,True,False,False,False
"Apr 23, 2015, 4:30:00 AM",Night Run,2.5,20.0,8.0,,,2.5,20.0,8.0,,,,374.0,,,,,,,,,,,,,,,,False,False,False,False,False,False
"Apr 13, 2015, 12:21:36 PM",Morning Run,3.2,24.23,7.57,,176.0,3.2,24.23,7.57,,176.0,24.2,485.0,,,,,,,,,,,,,,,,False,True,False,False,False,False
"Apr 8, 2015, 5:25:14 PM",Lunch Run,3.37,29.1,8.64,,167.0,3.37,29.1,8.64,,167.0,36.9,510.0,,,,,,,,,,,,,,,,False,False,False,False,False,False
"Apr 7, 2015, 4:30:29 PM",Lunch Run,3.23,26.22,8.12,,177.0,3.23,26.22,8.12,,177.0,21.2,484.0,,,,,,,,,,,,,,,,False,False,False,False,False,False
"Mar 31, 2015, 12:19:21 PM",Morning Run,4.54,36.38,8.01,156.0,167.0,4.54,36.38,8.01,156.0,167.0,18.8,678.0,,,,,,,,,,,,,,,,False,False,False,False,False,False
"Mar 30, 2015, 12:17:08 PM",Morning Run,4.52,36.83,8.15,,175.0,4.52,36.83,8.15,,175.0,17.2,675.0,,,,,,,,,,,,,,,,False,False,False,False,False,False
"Mar 29, 2015, 7:11:07 PM",Lunch Run,4.07,32.83,8.07,,173.0,4.07,32.83,8.07,,173.0,102.3,624.0,,,,,,,,,,,,,,,,False,False,False,False,False,False
"Mar 29, 2015, 1:09:50 PM",Morning Run,1.52,35.5,23.36,,,1.52,35.5,23.36,,,20.3,228.0,,,,,,,,,,,,,,,,False,False,False,True,False,False
"Mar 28, 2015, 6:05:01 PM",Lunch Run,4.46,38.85,8.71,,163.0,4.46,38.85,8.71,,163.0,103.1,682.0,,,,,,,,,,,,,,,,False,False,False,False,False,False
"Mar 27, 2015, 12:10:10 PM",Morning Run,0.85,16.57,19.49,,,0.85,16.57,19.49,,,,127.0,,,,,,,,,,,,,,,,False,False,False,True,False,False
"Mar 20, 2015, 12:18:02 PM",Morning Run,4.02,31.02,7.72,,176.0,4.02,31.02,7.72,,176.0,24.4,603.0,,,,,,,,,,,,,,,,False,True,False,False,False,False
"Mar 18, 2015, 7:18:06 PM",Lunch Run,1.74,30.4,17.47,,,1.74,30.4,17.47,,,12.4,262.0,,,,,,,,,,,,,,,,False,False,False,True,False,False
"Mar 14, 2015, 12:05:36 PM",Morning Run,4.49,34.38,7.66,167.0,187.0,4.49,34.38,7.66,167.0,187.0,39.6,663.0,,,,,,,,,,,,,,,,False,True,False,False,False,False
"Mar 12, 2015, 7:15:16 PM",Lunch Run,3.14,25.78,8.21,,,3.14,25.78,8.21,,,23.7,469.0,,,,,,,,,,,,,,,,False,False,False,False,False,False
"Mar 6, 2015, 8:30:00 PM",Lunch Run,4.52,35.37,7.83,,,4.52,35.37,7.83,,,0.0,677.0,,,,,,,,,,,,,,,,False,True,False,False,False,False
"Mar 6, 2015, 5:30:00 AM",Night Run,1.6,12.0,7.5,,,1.6,12.0,7.5,,,,240.0,,,,,,,,,,,,,,,,False,True,False,False,False,False
"Mar 5, 2015, 5:30:00 AM",Night Run,2.45,20.0,8.16,,,2.45,20.0,8.16,,,,367.0,,,,,,,,,,,,,,,,False,False,False,False,False,False
"Mar 4, 2015, 5:30:00 AM",Night Run,3.14,24.23,7.72,,,3.14,24.23,7.72,,,,470.0,,,,,,,,,,,,,,,,False,True,False,False,False,False
"Mar 2, 2015, 12:14:41 PM",Morning Run,3.1,24.3,7.84,,173.0,3.1,24.3,7.84,,173.0,24.4,466.0,,,,,,,,,,,,,,,,False,True,False,False,False,False
"Feb 28, 2015, 5:30:00 AM",Night Run,3.04,25.0,8.22,,,3.04,25.0,8.22,,,,455.0,,,,,,,,,,,,,,,,False,False,False,False,False,False
"Feb 27, 2015, 5:30:00 AM",Night Run,3.05,25.0,8.2,,,3.05,25.0,8.2,,,,457.0,,,,,,,,,,,,,,,,False,False,False,False,False,False
"Feb 26, 2015, 5:30:00 AM",Night Run,2.55,21.67,8.5,,,2.55,21.67,8.5,,,,382.0,,,,,,,,,,,,,,,,False,False,False,False,False,False
"Feb 24, 2015, 12:13:14 PM",Morning Run,3.12,23.57,7.55,,186.0,3.12,23.57,7.55,,186.0,24.4,469.0,,,,,,,,,,,,,,,,False,True,False,False,False,False
"Feb 24, 2015, 5:30:00 AM",Night Run,2.65,21.0,7.92,,,2.65,21.0,7.92,,,,397.0,,,,,,,,,,,,,,,,False,True,False,False,False,False
"Feb 3, 2015, 12:15:10 PM",Morning Run,4.52,37.0,8.19,159.0,173.0,4.52,37.0,8.19,159.0,173.0,18.9,676.0,,,,,,,,,,,,,,,,False,False,False,False,False,False
"Feb 2, 2015, 12:22:42 PM",Morning Run,4.73,36.05,7.62,163.0,179.0,4.73,36.05,7.62,163.0,179.0,57.9,732.0,,,,,,,,,,,,,,,,False,True,False,False,False,False
"Jan 31, 2015, 11:38:58 AM",Night Run,5.06,43.18,8.53,,179.0,5.06,43.18,8.53,,179.0,28.5,754.0,,,,,,,,,,,,,,,,False,False,False,False,False,False
"Jan 27, 2015, 4:23:03 AM",Evening Run,1.11,22.4,20.18,,,1.11,22.4,20.18,,,,165.0,,,,,,,,,,,,,,,,False,False,False,True,False,False
"Jan 26, 2015, 12:17:53 PM",Morning Run,4.62,34.0,7.36,164.0,187.0,4.62,34.0,7.36,164.0,187.0,17.0,689.0,,,,,,,,,,,,,,,,False,True,False,False,False,False
"Jan 22, 2015, 12:21:10 PM",Morning Run,4.53,35.9,7.92,167.0,181.0,4.53,35.9,7.92,167.0,181.0,17.0,676.0,,,,,,,,,,,,,,,,False,True,False,False,False,False
"Jan 20, 2015, 12:20:25 PM",Morning Run,4.59,36.17,7.88,150.0,170.0,4.59,36.17,7.88,150.0,170.0,17.4,685.0,,,,,,,,,,,,,,,,False,True,False,False,False,False
"Jan 6, 2015, 12:12:41 PM",Morning Run,4.52,36.17,8.0,,176.0,4.52,36.17,8.0,,176.0,16.8,674.0,,,,,,,,,,,,,,,,False,False,False,False,False,False
"Jan 5, 2015, 12:11:18 PM",Morning Run,4.7,37.5,7.98,156.0,175.0,4.7,37.5,7.98,156.0,175.0,19.3,703.0,,,,,,,,,,,,,,,,False,True,False,False,False,False
"Dec 30, 2014, 11:53:16 AM",Night Run,8.52,67.9,7.97,,181.0,8.52,67.9,7.97,,181.0,41.1,1275.0,,,,,,,,,,,,,,,,False,True,False,False,False,False
"Dec 27, 2014, 4:38:31 PM",Morning Run,10.01,83.67,8.36,,187.0,10.01,83.67,8.36,,187.0,111.7,1497.0,,,,,,,,,,,,,,,,False,False,False,False,False,False
"Dec 24, 2014, 8:26:05 AM",Night Run,4.22,38.18,9.05,160.0,179.0,4.22,38.18,9.05,160.0,179.0,27.3,635.0,,,,,,,,,,,,,,,,False,False,False,True,False,False
"Dec 23, 2014, 12:11:21 PM",Morning Run,4.55,34.57,7.6,165.0,186.0,4.55,34.57,7.6,165.0,186.0,17.3,679.0,,,,,,,,,,,,,,,,False,True,False,False,False,False
"Dec 15, 2014, 12:17:21 PM",Morning Run,4.6,33.02,7.18,157.0,180.0,4.6,33.02,7.18,157.0,180.0,18.6,686.0,,,,,,,,,,,,,,,,False,True,False,False,False,False
"Dec 12, 2014, 4:09:05 AM",Evening Run,4.53,35.33,7.8,160.0,173.0,4.53,35.33,7.8,160.0,173.0,18.4,676.0,,,,,,,,,,,,,,,,False,True,False,False,False,False
"Dec 11, 2014, 4:15:28 AM",Evening Run,4.55,34.73,7.63,160.0,179.0,4.55,34.73,7.63,160.0,179.0,18.7,678.0,,,,,,,,,,,,,,,,False,True,False,False,False,False
"Dec 10, 2014, 4:19:50 AM",Evening Run,4.55,34.48,7.58,162.0,184.0,4.55,34.48,7.58,162.0,184.0,17.0,679.0,,,,,,,,,,,,,,,,False,True,False,False,False,False
"Dec 8, 2014, 4:13:06 AM",Evening Run,4.56,34.8,7.63,163.0,184.0,4.56,34.8,7.63,163.0,184.0,17.4,680.0,,,,,,,,,,,,,,,,False,True,False,False,False,False
"Nov 26, 2014, 12:18:54 PM",Morning Run,5.28,40.5,7.67,,175.0,5.28,40.5,7.67,,175.0,31.4,791.0,,,,,,,,,,,,,,,,False,True,False,False,False,False
"Nov 24, 2014, 12:14:04 PM",Morning Run,5.06,39.08,7.72,,179.0,5.06,39.08,7.72,,179.0,30.8,758.0,,,,,,,,,,,,,,,,False,True,False,False,False,False
"Nov 22, 2014, 10:34:18 AM",Night Run,7.07,56.47,7.99,164.0,177.0,7.07,56.47,7.99,164.0,177.0,83.8,1068.0,,,,,,,,,,,,,,,,False,True,False,False,False,False
"Nov 21, 2014, 12:44:18 PM",Morning Run,0.72,15.52,21.56,,,0.72,15.52,21.56,,,,108.0,,,,,,,,,,,,,,,,False,False,False,True,False,False
"Nov 20, 2014, 12:08:44 PM",Morning Run,5.51,42.5,7.71,,175.0,5.51,42.5,7.71,,175.0,31.0,825.0,,,,,,,,,,,,,,,,False,True,False,False,False,False
"Nov 18, 2014, 12:37:07 PM",Morning Run,1.24,26.73,21.56,,,1.24,26.73,21.56,,,,184.0,,,,,,,,,,,,,,,,False,False,False,True,False,False
"Nov 17, 2014, 12:27:19 PM",Morning Run,3.12,23.1,7.4,,171.0,3.12,23.1,7.4,,171.0,24.4,469.0,,,,,,,,,,,,,,,,False,True,False,False,False,False
"Nov 16, 2014, 4:32:05 PM",Morning Run,2.14,46.68,21.81,,,2.14,46.68,21.81,,,39.1,330.0,,,,,,,,,,,,,,,,False,False,False,True,False,False
"Nov 15, 2014, 10:04:52 AM",Night Run,9.21,78.22,8.49,,175.0,9.21,78.22,8.49,,175.0,215.5,1406.0,,,,,,,,,,,,,,,,False,False,False,False,False,False
"Nov 14, 2014, 12:04:15 PM",Morning Run,2.45,47.23,19.28,,,2.45,47.23,19.28,,,2.7,364.0,,,,,,,,,,,,,,,,False,False,False,True,False,False
"Nov 12, 2014, 12:17:26 PM",Morning Run,4.76,35.9,7.54,167.0,177.0,4.76,35.9,7.54,167.0,177.0,17.3,710.0,,,,,,,,,,,,,,,,False,True,False,False,False,False
"Nov 12, 2014, 5:30:00 AM",Night Run,1.51,11.03,7.3,,,1.51,11.03,7.3,,,,226.0,,,,,,,,,,,,,,,,False,True,False,False,False,False
"Nov 10, 2014, 12:18:39 PM",Morning Run,4.02,29.03,7.22,,181.0,4.02,29.03,7.22,,181.0,24.3,603.0,,,,,,,,,,,,,,,,False,True,False,False,False,False
"Nov 9, 2014, 12:59:34 PM",Morning Run,2.81,54.32,19.33,,135.0,2.81,54.32,19.33,,135.0,15.9,419.0,,,,,,,,,,,,,,,,False,False,False,True,False,False
"Nov 9, 2014, 12:15:08 PM",Morning Run,5.04,40.05,7.95,,177.0,5.04,40.05,7.95,,177.0,34.6,752.0,,,,,,,,,,,,,,,,False,True,False,False,False,False
"Nov 5, 2014, 12:08:33 PM",Morning Run,4.52,34.63,7.66,159.0,177.0,4.52,34.63,7.66,159.0,177.0,17.3,675.0,,,,,,,,,,,,,,,,False,True,False,False,False,False
"Nov 5, 2014, 5:30:00 AM",Night Run,1.5,11.52,7.68,,,1.5,11.52,7.68,,,,225.0,,,,,,,,,,,,,,,,False,True,False,False,False,False
"Nov 3, 2014, 12:17:35 PM",Morning Run,4.9,37.13,7.58,155.0,173.0,4.9,37.13,7.58,155.0,173.0,101.7,790.0,,,,,,,,,,,,,,,,False,True,False,False,False,False
"Nov 1, 2014, 4:30:00 AM",Night Run,3.1,23.5,7.58,,,3.1,23.5,7.58,,,,464.0,,,,,,,,,,,,,,,,False,True,False,False,False,False
"Oct 30, 2014, 4:30:00 AM",Night Run,3.1,24.0,7.74,,,3.1,24.0,7.74,,,,464.0,,,,,,,,,,,,,,,,False,True,False,False,False,False
"Oct 27, 2014, 12:26:43 PM",Morning Run,4.03,31.95,7.93,,170.0,4.03,31.95,7.93,,170.0,24.6,605.0,,,,,,,,,,,,,,,,False,True,False,False,False,False
"Oct 26, 2014, 12:43:48 PM",Morning Run,8.21,69.73,8.49,,172.0,8.21,69.73,8.49,,172.0,195.6,1255.0,,,,,,,,,,,,,,,,False,False,False,False,False,False
"Oct 24, 2014, 12:17:16 PM",Morning Run,4.62,34.53,7.47,163.0,181.0,4.62,34.53,7.47,163.0,181.0,16.8,689.0,,,,,,,,,,,,,,,,False,True,False,False,False,False
"Oct 24, 2014, 4:30:00 AM",Night Run,3.1,24.0,7.74,,,3.1,24.0,7.74,,,,464.0,,,,,,,,,,,,,,,,False,True,False,False,False,False
"Oct 20, 2014, 12:06:20 PM",Morning Run,5.02,41.25,8.22,,171.0,5.02,41.25,8.22,,171.0,31.0,751.0,,,,,,,,,,,,,,,,False,False,False,False,False,False
"Oct 18, 2014, 8:29:52 AM",Night Run,5.05,44.65,8.84,,171.0,5.05,44.65,8.84,,171.0,28.5,753.0,,,,,,,,,,,,,,,,False,False,False,False,False,False
"Oct 15, 2014, 12:18:34 PM",Morning Run,4.56,36.85,8.08,,165.0,4.56,36.85,8.08,,165.0,17.0,680.0,,,,,,,,,,,,,,,,False,False,False,False,False,False
"Oct 13, 2014, 12:16:41 PM",Morning Run,4.56,35.77,7.84,159.0,171.0,4.56,35.77,7.84,159.0,171.0,17.3,680.0,,,,,,,,,,,,,,,,False,True,False,False,False,False
"Oct 12, 2014, 5:29:06 PM",Morning Run,2.66,47.43,17.83,,132.0,2.66,47.43,17.83,,132.0,13.8,397.0,,,,,,,,,,,,,,,,False,False,False,True,False,False
"Oct 12, 2014, 4:43:51 PM",Morning Run,5.23,40.77,7.8,,176.0,5.23,40.77,7.8,,176.0,35.1,781.0,,,,,,,,,,,,,,,,False,True,False,False,False,False
"Oct 10, 2014, 7:16:00 PM",Lunch Run,4.46,36.9,8.27,,,4.46,36.9,8.27,,,16.8,665.0,,,,,,,,,,,,,,,,False,False,False,False,False,False
"Oct 9, 2014, 12:13:20 PM",Morning Run,3.13,23.03,7.36,,179.0,3.13,23.03,7.36,,179.0,24.4,471.0,,,,,,,,,,,,,,,,False,True,False,False,False,False
"Oct 8, 2014, 11:44:57 AM",Morning Run,4.55,35.05,7.7,,,4.55,35.05,7.7,,,17.1,679.0,,,,,,,,,,,,,,,,False,True,False,False,False,False
"Oct 6, 2014, 8:05:26 AM",Night Run,4.15,34.77,8.38,,176.0,4.15,34.77,8.38,,176.0,48.7,627.0,,,,,,,,,,,,,,,,False,False,False,False,False,False
"Oct 5, 2014, 8:18:43 AM",Night Run,5.06,43.65,8.63,,170.0,5.06,43.65,8.63,,170.0,47.8,759.0,,,,,,,,,,,,,,,,False,False,False,False,False,False
"Oct 3, 2014, 8:26:27 AM",Night Run,5.27,45.27,8.59,,171.0,5.27,45.27,8.59,,171.0,138.8,815.0,,,,,,,,,,,,,,,,False,False,False,False,False,False
"Oct 2, 2014, 7:58:58 AM",Night Run,4.49,39.67,8.84,,164.0,4.49,39.67,8.84,,164.0,83.4,683.0,,,,,,,,,,,,,,,,False,False,False,False,False,False
"Sep 29, 2014, 12:06:14 PM",Morning Run,7.05,56.7,8.04,,,7.05,56.7,8.04,,,37.0,1060.0,,,,,,,,,,,,,,,,False,False,False,False,False,False
"Sep 28, 2014, 6:27:19 AM",Night Run,3.53,29.93,8.48,,167.0,3.53,29.93,8.48,,167.0,33.1,527.0,,,,,,,,,,,,,,,,False,False,False,False,False,False
"Sep 24, 2014, 12:20:53 PM",Morning Run,4.54,35.73,7.87,167.0,180.0,4.54,35.73,7.87,167.0,180.0,18.5,678.0,,,,,,,,,,,,,,,,False,True,False,False,False,False
"Sep 23, 2014, 9:05:36 PM",Afternoon Run,2.34,17.85,7.63,,181.0,2.34,17.85,7.63,,181.0,47.8,359.0,,,,,,,,,,,,,,,,False,True,False,False,False,False
"Sep 22, 2014, 12:22:34 PM",Morning Run,3.1,23.77,7.67,,,3.1,23.77,7.67,,,32.7,474.0,,,,,,,,,,,,,,,,False,True,False,False,False,False
"Sep 17, 2014, 12:15:26 PM",Morning Run,5.46,45.77,8.38,,177.0,5.46,45.77,8.38,,177.0,38.7,828.0,,,,,,,,,,,,,,,,False,False,False,False,False,False
"Sep 13, 2014, 6:32:09 AM",Night Run,4.04,37.35,9.25,,168.0,4.04,37.35,9.25,,168.0,116.7,651.0,,,,,,,,,,,,,,,,False,False,False,True,False,False
"Sep 12, 2014, 3:10:30 PM",Morning Run,3.01,23.8,7.91,163.0,173.0,3.01,23.8,7.91,163.0,173.0,30.0,451.0,,,,,,,,,,,,,,,,False,True,False,False,False,False
"Sep 12, 2014, 6:23:17 AM",Night Run,3.6,31.45,8.74,,166.0,3.6,31.45,8.74,,166.0,16.0,535.0,,,,,,,,,,,,,,,,False,False,False,False,False,False
"Sep 9, 2014, 12:19:53 PM",Morning Run,4.59,38.55,8.4,,174.0,4.59,38.55,8.4,,174.0,17.2,684.0,,,,,,,,,,,,,,,,False,False,False,False,False,False
"Sep 7, 2014, 6:48:58 PM",Lunch Run,1.43,31.67,22.15,,116.0,1.43,31.67,22.15,,116.0,2.7,213.0,,,,,,,,,,,,,,,,False,False,False,True,False,False
"Sep 7, 2014, 6:11:14 PM",Lunch Run,3.4,26.97,7.93,,176.0,3.4,26.97,7.93,,176.0,18.4,507.0,,,,,,,,,,,,,,,,False,True,False,False,False,False
"Sep 4, 2014, 12:22:11 PM",Morning Run,4.55,38.3,8.42,,177.0,4.55,38.3,8.42,,177.0,17.0,678.0,,,,,,,,,,,,,,,,False,False,False,False,False,False
"Sep 2, 2014, 3:49:07 PM",Morning Run,3.2,33.32,10.41,,173.0,3.2,33.32,10.41,,173.0,71.7,487.0,,,,,,,,,,,,,,,,False,False,False,True,False,False
"Sep 1, 2014, 10:05:38 AM",Night Run,4.42,36.7,8.3,,174.0,4.42,36.7,8.3,,174.0,38.0,653.0,,,,,,,,,,,,,,,,False,False,False,False,False,False
"Aug 31, 2014, 5:38:50 PM",Morning Run,2.52,54.68,21.7,,152.0,2.52,54.68,21.7,,152.0,108.8,417.0,,,,,,,,,,,,,,,,False,False,False,True,False,False
"Aug 31, 2014, 2:00:00 AM",Evening Run,2.91,4.37,1.5,,,2.91,4.37,1.5,,,3.9,441.0,,,,,,,,,,,,,,,,False,False,True,False,False,False
"Aug 29, 2014, 7:09:00 PM",Lunch Run,5.05,45.23,8.96,,,5.05,45.23,8.96,,,3.3,751.0,,,,,,,,,,,,,,,,False,False,False,False,False,False
"Aug 27, 2014, 7:14:55 PM",Lunch Run,4.49,40.52,9.02,,,4.49,40.52,9.02,,,17.1,669.0,,,,,,,,,,,,,,,,False,False,False,True,False,False
"Aug 27, 2014, 1:42:36 AM",Evening Run,3.76,32.57,8.66,,,3.76,32.57,8.66,,,92.7,575.0,,,,,,,,,,,,,,,,False,False,False,False,False,False
"Aug 18, 2014, 7:23:14 PM",Lunch Run,3.56,30.33,8.52,,,3.56,30.33,8.52,,,23.4,531.0,,,,,,,,,,,,,,,,False,False,False,False,False,False
"Aug 13, 2014, 7:14:57 PM",Lunch Run,4.51,40.03,8.88,,,4.51,40.03,8.88,,,18.4,673.0,,,,,,,,,,,,,,,,False,False,False,False,False,False
"Aug 12, 2014, 7:15:15 PM",Lunch Run,4.57,35.3,7.72,,,4.57,35.3,7.72,,,17.2,681.0,,,,,,,,,,,,,,,,False,True,False,False,False,False
"Aug 11, 2014, 7:22:48 PM",Lunch Run,3.4,30.5,8.97,,,3.4,30.5,8.97,,,23.7,508.0,,,,,,,,,,,,,,,,False,False,False,False,False,False
"Aug 8, 2014, 7:21:34 PM",Lunch Run,4.52,42.52,9.41,,,4.52,42.52,9.41,,,16.8,674.0,,,,,,,,,,,,,,,,False,False,False,True,False,False
"Aug 7, 2014, 7:07:37 PM",Lunch Run,3.56,32.52,9.13,,,3.56,32.52,9.13,,,23.8,532.0,,,,,,,,,,,,,,,,False,False,False,True,False,False
"Aug 6, 2014, 7:17:41 PM",Lunch Run,4.48,43.35,9.68,,,4.48,43.35,9.68,,,17.5,668.0,,,,,,,,,,,,,,,,False,False,False,True,False,False
"Jul 30, 2014, 7:20:57 PM",Lunch Run,2.77,23.57,8.51,,,2.77,23.57,8.51,,,17.0,414.0,,,,,,,,,,,,,,,,False,False,False,False,False,False
"Jun 28, 2014, 4:40:00 AM",Night Run,2.25,20.0,8.89,,,2.25,20.0,8.89,,,,337.0,,,,,,,,,,,,,,,,False,False,False,False,False,False
"Jun 26, 2014, 4:40:00 AM",Night Run,2.2,20.0,9.09,,,2.2,20.0,9.09,,,,330.0,,,,,,,,,,,,,,,,False,False,False,True,False,False
"Jun 24, 2014, 7:19:28 PM",Lunch Run,3.05,25.7,8.43,,,3.05,25.7,8.43,,,22.0,456.0,,,,,,,,,,,,,,,,False,False,False,False,False,False
"Jun 23, 2014, 7:26:16 PM",Lunch Run,3.07,25.75,8.39,,,3.07,25.75,8.39,,,22.4,458.0,,,,,,,,,,,,,,,,False,False,False,False,False,False
"Jun 2, 2014, 7:12:11 PM",Lunch Run,4.57,39.68,8.68,,,4.57,39.68,8.68,,,18.2,682.0,,,,,,,,,,,,,,,,False,False,False,False,False,False
"May 29, 2014, 4:40:00 AM",Night Run,2.15,20.0,9.3,,,2.15,20.0,9.3,,,,322.0,,,,,,,,,,,,,,,,False,False,False,True,False,False
"May 20, 2014, 7:16:49 PM",Lunch Run,4.56,43.6,9.56,,,4.56,43.6,9.56,,,18.5,679.0,,,,,,,,,,,,,,,,False,False,False,True,False,False
"May 10, 2014, 4:40:00 AM",Night Run,1.2,10.0,8.33,,,1.2,10.0,8.33,,,,180.0,,,,,,,,,,,,,,,,False,False,False,False,False,False
"Apr 21, 2014, 7:17:38 PM",Lunch Run,4.06,33.25,8.19,,,4.06,33.25,8.19,,,23.5,605.0,,,,,,,,,,,,,,,,False,False,False,False,False,False
"Apr 11, 2014, 1:01:48 AM",Evening Run,4.51,39.3,8.71,,,4.51,39.3,8.71,,,110.1,700.0,,,,,,,,,,,,,,,,False,False,False,False,False,False
"Apr 9, 2014, 1:00:47 AM",Evening Run,4.62,38.2,8.27,,,4.62,38.2,8.27,,,110.7,716.0,,,,,,,,,,,,,,,,False,False,False,False,False,False
"Apr 6, 2014, 12:35:09 AM",Afternoon Run,10.2,90.73,8.9,,,10.2,90.73,8.9,,,62.8,1523.0,,,,,,,,,,,,,,,,False,False,False,False,False,False
"Apr 3, 2014, 2:23:54 PM",Morning Run,4.52,38.22,8.46,,,4.52,38.22,8.46,,,37.4,666.0,,,,,,,,,,,,,,,,False,False,False,False,False,False
"Apr 2, 2014, 12:47:00 AM",Afternoon Run,4.91,54.83,11.17,,,4.91,54.83,11.17,,,80.7,752.0,,,,,,,,,,,,,,,,False,False,False,True,False,False
"Mar 28, 2014, 7:18:22 PM",Lunch Run,4.56,38.67,8.48,,,4.56,38.67,8.48,,,16.8,679.0,,,,,,,,,,,,,,,,False,False,False,False,False,False
"Mar 20, 2014, 7:18:00 PM",Lunch Run,4.62,38.78,8.39,,,4.62,38.78,8.39,,,16.9,688.0,,,,,,,,,,,,,,,,False,False,False,False,False,False
"Mar 13, 2014, 7:18:43 PM",Lunch Run,1.3,21.52,16.55,,,1.3,21.52,16.55,,,,193.0,,,,,,,,,,,,,,,,False,False,False,True,False,False
"Mar 13, 2014, 1:16:00 AM",Evening Run,4.74,36.53,7.71,,160.0,4.74,36.53,7.71,,160.0,110.4,734.0,,,,,,,,,,,,,,,,False,True,False,False,False,False
"Mar 12, 2014, 7:08:33 PM",Lunch Run,1.68,32.23,19.18,,,1.68,32.23,19.18,,,,249.0,,,,,,,,,,,,,,,,False,False,False,True,False,False
"Mar 11, 2014, 7:13:57 PM",Lunch Run,4.64,37.4,8.06,,183.0,4.64,37.4,8.06,,183.0,17.4,691.0,,,,,,,,,,,,,,,,False,False,False,False,False,False
"Mar 8, 2014, 11:48:19 PM",Afternoon Run,5.16,61.6,11.94,,,5.16,61.6,11.94,,,112.3,781.0,,,,,,,,,,,,,,,,False,False,False,True,False,False
"Mar 7, 2014, 2:04:47 AM",Evening Run,4.59,37.8,8.24,,,4.59,37.8,8.24,,,109.9,712.0,,,,,,,,,,,,,,,,False,False,False,False,False,False
"Mar 5, 2014, 1:57:42 AM",Afternoon Run,4.54,32.38,7.13,,171.0,4.54,32.38,7.13,,171.0,111.5,705.0,,,,,,,,,,,,,,,,False,True,False,False,False,False
"Mar 4, 2014, 1:53:00 AM",Afternoon Run,4.52,31.33,6.93,,173.0,4.52,31.33,6.93,,173.0,111.3,702.0,,,,,,,,,,,,,,,,False,False,True,False,False,False
"Mar 2, 2014, 5:40:00 AM",Night Run,10.34,99.07,9.58,,,10.34,99.07,9.58,,,,1549.0,,,,,,,,,,,,,,,,False,False,False,True,False,False
"Feb 26, 2014, 2:01:54 AM",Evening Run,4.51,49.18,10.9,,165.0,4.51,49.18,10.9,,165.0,113.5,702.0,,,,,,,,,,,,,,,,False,False,False,True,False,False
"Feb 25, 2014, 2:02:33 AM",Evening Run,4.53,36.07,7.96,,167.0,4.53,36.07,7.96,,167.0,110.1,703.0,,,,,,,,,,,,,,,,False,True,False,False,False,False
"Feb 23, 2014, 1:01:20 AM",Afternoon Run,6.7,57.17,8.53,,163.0,6.7,57.17,8.53,,163.0,159.0,1022.0,,,,,,,,,,,,,,,,False,False,False,False,False,False
"Feb 20, 2014, 1:55:58 AM",Afternoon Run,4.48,32.95,7.35,,170.0,4.48,32.95,7.35,,170.0,109.6,696.0,,,,,,,,,,,,,,,,False,True,False,False,False,False
"Feb 19, 2014, 1:53:49 AM",Afternoon Run,4.46,39.53,8.86,,174.0,4.46,39.53,8.86,,174.0,109.9,694.0,,,,,,,,,,,,,,,,False,False,False,False,False,False
"Feb 12, 2014, 8:15:51 PM",Lunch Run,4.27,38.68,9.06,,,4.27,38.68,9.06,,,26.3,641.0,,,,,,,,,,,,,,,,False,False,False,True,False,False
"Feb 12, 2014, 2:27:58 AM",Evening Run,4.42,29.95,6.78,,172.0,4.42,29.95,6.78,,172.0,111.5,687.0,,,,,,,,,,,,,,,,False,False,True,False,False,False
"Feb 5, 2014, 2:00:32 AM",Evening Run,4.62,41.92,9.07,,,4.62,41.92,9.07,,,112.3,717.0,,,,,,,,,,,,,,,,False,False,False,True,False,False
"Feb 4, 2014, 5:40:00 AM",Night Run,4.41,36.87,8.36,,,4.41,36.87,8.36,,,,661.0,,,,,,,,,,,,,,,,False,False,False,False,False,False
"Jan 31, 2014, 2:01:28 AM",Evening Run,4.4,39.03,8.87,,156.0,4.4,39.03,8.87,,156.0,113.9,685.0,,,,,,,,,,,,,,,,False,False,False,False,False,False
"Jan 30, 2014, 1:41:45 AM",Afternoon Run,4.78,44.17,9.24,,,4.78,44.17,9.24,,,113.1,740.0,,,,,,,,,,,,,,,,False,False,False,True,False,False
"Jan 29, 2014, 3:03:56 PM",Morning Run,4.68,39.67,8.48,,,4.68,39.67,8.48,,,39.2,691.0,,,,,,,,,,,,,,,,False,False,False,False,False,False
"Jan 28, 2014, 8:48:25 PM",Lunch Run,1.81,20.12,11.12,,,1.81,20.12,11.12,,,,269.0,,,,,,,,,,,,,,,,False,False,False,True,False,False
"Jan 28, 2014, 8:01:44 PM",Lunch Run,1.1,17.63,16.03,,,1.1,17.63,16.03,,,,163.0,,,,,,,,,,,,,,,,False,False,False,True,False,False
"Jan 28, 2014, 1:47:46 AM",Afternoon Run,4.66,65.95,14.15,,,4.66,65.95,14.15,,,112.2,724.0,,,,,,,,,,,,,,,,False,False,False,True,False,False
"Jan 23, 2014, 8:06:42 PM",Lunch Run,5.04,48.05,9.53,,173.0,5.04,48.05,9.53,,173.0,28.5,751.0,,,,,,,,,,,,,,,,False,False,False,True,False,False
"Jan 22, 2014, 8:19:09 PM",Lunch Run,4.48,39.88,8.9,,,4.48,39.88,8.9,,,19.0,667.0,,,,,,,,,,,,,,,,False,False,False,False,False,False
"Jan 15, 2014, 7:56:52 PM",Lunch Run,1.53,26.75,17.48,,,1.53,26.75,17.48,,,,226.0,,,,,,,,,,,,,,,,False,False,False,True,False,False
"Jan 4, 2014, 5:57:40 PM",Morning Run,3.31,27.9,8.43,,,3.31,27.9,8.43,,,76.6,506.0,,,,,,,,,,,,,,,,False,False,False,False,False,False
"Jan 3, 2014, 8:06:27 PM",Lunch Run,1.62,26.68,16.47,,,1.62,26.68,16.47,,,,241.0,,,,,,,,,,,,,,,,False,False,False,True,False,False
"Jan 2, 2014, 8:25:58 PM",Lunch Run,3.32,27.67,8.33,,,3.32,27.67,8.33,,,20.9,495.0,,,,,,,,,,,,,,,,False,False,False,False,False,False
"Dec 31, 2013, 8:08:29 PM",Lunch Run,4.54,42.17,9.29,,,4.54,42.17,9.29,,,18.5,677.0,,,,,,,,,,,,,,,,False,False,False,True,False,False
"Dec 27, 2013, 8:18:53 PM",Lunch Run,4.5,43.12,9.58,,,4.5,43.12,9.58,,,17.9,670.0,,,,,,,,,,,,,,,,False,False,False,True,False,False
"Dec 23, 2013, 8:17:15 PM",Lunch Run,4.61,45.05,9.77,,,4.61,45.05,9.77,,,18.7,687.0,,,,,,,,,,,,,,,,False,False,False,True,False,False
"Nov 21, 2013, 5:40:00 AM",Night Run,1.6,15.0,9.38,,,1.6,15.0,9.38,,,,240.0,,,,,,,,,,,,,,,,False,False,False,True,False,False
"Nov 19, 2013, 5:40:00 AM",Night Run,1.63,15.05,9.23,,,1.63,15.05,9.23,,,,244.0,,,,,,,,,,,,,,,,False,False,False,True,False,False
"Nov 15, 2013, 8:15:15 PM",Lunch Run,4.56,42.35,9.29,,,4.56,42.35,9.29,,,17.3,680.0,,,,,,,,,,,,,,,,False,False,False,True,False,False
"Oct 14, 2013, 1:14:42 AM",Evening Run,3.76,30.3,8.06,,,3.76,30.3,8.06,,,17.5,560.0,,,,,,,,,,,,,,,,False,False,False,False,False,False
"Oct 13, 2013, 1:15:14 AM",Evening Run,3.44,29.4,8.55,,,3.44,29.4,8.55,,,19.4,513.0,,,,,,,,,,,,,,,,False,False,False,False,False,False
"Oct 9, 2013, 2:17:27 PM",Morning Run,2.64,21.73,8.23,,,2.64,21.73,8.23,,,16.0,394.0,,,,,,,,,,,,,,,,False,False,False,False,False,False
"Oct 5, 2013, 4:40:00 AM",Night Run,2.24,20.0,8.93,,,2.24,20.0,8.93,,,,336.0,,,,,,,,,,,,,,,,False,False,False,False,False,False
"Oct 2, 2013, 2:02:57 PM",Morning Run,5.08,46.42,9.14,,,5.08,46.42,9.14,,,127.9,778.0,,,,,,,,,,,,,,,,False,False,False,True,False,False
"Sep 30, 2013, 7:20:29 PM",Lunch Run,4.46,39.95,8.96,,,4.46,39.95,8.96,,,18.8,665.0,,,,,,,,,,,,,,,,False,False,False,False,False,False
"Sep 30, 2013, 4:40:00 AM",Night Run,2.52,22.0,8.73,,,2.52,22.0,8.73,,,,377.0,,,,,,,,,,,,,,,,False,False,False,False,False,False
"Sep 27, 2013, 7:25:30 PM",Lunch Run,4.51,38.58,8.55,,,4.51,38.58,8.55,,,18.4,672.0,,,,,,,,,,,,,,,,False,False,False,False,False,False
"Sep 26, 2013, 4:40:00 AM",Night Run,2.19,20.0,9.13,,,2.19,20.0,9.13,,,,328.0,,,,,,,,,,,,,,,,False,False,False,True,False,False
"Sep 22, 2013, 11:59:14 PM",Afternoon Run,5.24,45.5,8.68,,,5.24,45.5,8.68,,,126.5,800.0,,,,,,,,,,,,,,,,False,False,False,False,False,False
"Sep 20, 2013, 2:14:40 PM",Morning Run,3.17,26.38,8.32,,,3.17,26.38,8.32,,,19.6,474.0,,,,,,,,,,,,,,,,False,False,False,False,False,False
"Sep 18, 2013, 2:04:00 PM",Morning Run,3.11,25.98,8.35,,,3.11,25.98,8.35,,,20.0,465.0,,,,,,,,,,,,,,,,False,False,False,False,False,False
"Sep 11, 2013, 7:10:13 PM",Lunch Run,4.49,37.68,8.39,,179.0,4.49,37.68,8.39,,179.0,17.2,669.0,,,,,,,,,,,,,,,,False,False,False,False,False,False
"Sep 10, 2013, 4:40:00 AM",Night Run,2.7,25.0,9.26,,,2.7,25.0,9.26,,,,404.0,,,,,,,,,,,,,,,,False,False,False,True,False,False
"Sep 9, 2013, 2:14:23 AM",Evening Run,2.82,23.18,8.22,,,2.82,23.18,8.22,,,18.7,421.0,,,,,,,,,,,,,,,,False,False,False,False,False,False
"Sep 8, 2013, 1:31:03 AM",Evening Run,3.19,27.08,8.49,,,3.19,27.08,8.49,,,20.1,478.0,,,,,,,,,,,,,,,,False,False,False,False,False,False
"Sep 6, 2013, 1:51:09 PM",Morning Run,2.81,25.3,9.0,,,2.81,25.3,9.0,,,19.9,419.0,,,,,,,,,,,,,,,,False,False,False,True,False,False
"Sep 3, 2013, 2:40:33 AM",Evening Run,2.88,24.78,8.6,,,2.88,24.78,8.6,,,20.0,430.0,,,,,,,,,,,,,,,,False,False,False,False,False,False
"Sep 1, 2013, 7:20:18 PM",Lunch Run,2.9,26.18,9.03,,,2.9,26.18,9.03,,,20.1,435.0,,,,,,,,,,,,,,,,False,False,False,True,False,False
"Aug 30, 2013, 1:24:08 PM",Morning Run,2.79,26.47,9.49,,,2.79,26.47,9.49,,,19.2,416.0,,,,,,,,,,,,,,,,False,False,False,True,False,False
"Aug 15, 2013, 1:33:09 PM",Morning Run,3.15,27.65,8.78,,,3.15,27.65,8.78,,,20.0,470.0,,,,,,,,,,,,,,,,False,False,False,False,False,False
"Aug 9, 2013, 2:10:23 AM",Evening Run,2.62,22.83,8.71,,,2.62,22.83,8.71,,,19.6,392.0,,,,,,,,,,,,,,,,False,False,False,False,False,False
"Jul 9, 2013, 4:50:00 AM",Night Run,2.23,20.0,8.97,,,2.23,20.0,8.97,,,,334.0,,,,,,,,,,,,,,,,False,False,False,False,False,False
"Jul 4, 2013, 4:40:00 AM",Night Run,2.19,20.0,9.13,,,2.19,20.0,9.13,,,,328.0,,,,,,,,,,,,,,,,False,False,False,True,False,False
"Jul 2, 2013, 4:40:00 AM",Night Run,1.6,15.0,9.38,,,1.6,15.0,9.38,,,,240.0,,,,,,,,,,,,,,,,False,False,False,True,False,False
"Jun 28, 2013, 4:50:00 AM",Night Run,2.09,18.0,8.61,,,2.09,18.0,8.61,,,,313.0,,,,,,,,,,,,,,,,False,False,False,False,False,False
"Jun 25, 2013, 6:40:56 AM",Night Run,3.69,30.15,8.17,,,3.69,30.15,8.17,,,19.6,551.0,,,,,,,,,,,,,,,,False,False,False,False,False,False
"Jun 25, 2013, 4:50:00 AM",Night Run,2.05,18.0,8.78,,,2.05,18.0,8.78,,,,307.0,,,,,,,,,,,,,,,,False,False,False,False,False,False
"Jun 22, 2013, 4:55:26 PM",Morning Run,8.07,63.78,7.9,,176.0,8.07,63.78,7.9,,176.0,142.4,1224.0,,,,,,,,,,,,,,,,False,True,False,False,False,False
"Jun 20, 2013, 5:57:47 AM",Night Run,3.8,30.85,8.12,,,3.8,30.85,8.12,,,19.4,566.0,,,,,,,,,,,,,,,,False,False,False,False,False,False
"Jun 20, 2013, 4:50:00 AM",Night Run,2.12,18.0,8.49,,,2.12,18.0,8.49,,,,318.0,,,,,,,,,,,,,,,,False,False,False,False,False,False
"Jun 18, 2013, 7:36:32 AM",Night Run,2.03,18.08,8.91,,,2.03,18.08,8.91,,,16.9,302.0,,,,,,,,,,,,,,,,False,False,False,False,False,False
"Jun 18, 2013, 6:45:01 AM",Night Run,1.93,16.52,8.56,,,1.93,16.52,8.56,,,18.4,288.0,,,,,,,,,,,,,,,,False,False,False,False,False,False
"Jun 16, 2013, 4:44:31 PM",Morning Run,7.15,54.88,7.68,,179.0,7.15,54.88,7.68,,179.0,131.7,1085.0,,,,,,,,,,,,,,,,False,True,False,False,False,False
"Jun 13, 2013, 12:20:12 PM",Morning Run,4.51,39.57,8.77,,,4.51,39.57,8.77,,,17.1,672.0,,,,,,,,,,,,,,,,False,False,False,False,False,False
"Jun 11, 2013, 4:50:00 AM",Night Run,3.1,25.0,8.06,,,3.1,25.0,8.06,,,,464.0,,,,,,,,,,,,,,,,False,False,False,False,False,False
"Jun 6, 2013, 8:38:11 AM",Night Run,6.65,57.32,8.62,,,6.65,57.32,8.62,,,82.3,997.0,,,,,,,,,,,,,,,,False,False,False,False,False,False
"Jun 4, 2013, 8:28:28 AM",Night Run,5.56,62.12,11.17,,,5.56,62.12,11.17,,,307.8,980.0,,,,,,,,,,,,,,,,False,False,False,True,False,False
"Jun 4, 2013, 4:50:00 AM",Night Run,3.4,30.08,8.85,,,3.4,30.08,8.85,,,,509.0,,,,,,,,,,,,,,,,False,False,False,False,False,False
"Jun 1, 2013, 6:19:59 PM",Lunch Run,3.19,27.05,8.48,,,3.19,27.05,8.48,,,20.7,478.0,,,,,,,,,,,,,,,,False,False,False,False,False,False
"May 31, 2013, 12:20:13 PM",Morning Run,4.54,39.67,8.74,,,4.54,39.67,8.74,,,18.4,677.0,,,,,,,,,,,,,,,,False,False,False,False,False,False
"May 31, 2013, 1:50:39 AM",Evening Run,3.08,26.28,8.53,,,3.08,26.28,8.53,,,20.1,460.0,,,,,,,,,,,,,,,,False,False,False,False,False,False
"May 29, 2013, 6:27:51 PM",Lunch Run,2.63,21.57,8.2,,,2.63,21.57,8.2,,,20.0,394.0,,,,,,,,,,,,,,,,False,False,False,False,False,False
"Apr 22, 2013, 7:19:23 AM",Night Run,3.15,27.13,8.61,,,3.15,27.13,8.61,,,19.6,470.0,,,,,,,,,,,,,,,,False,False,False,False,False,False
"Apr 19, 2013, 12:17:28 PM",Morning Run,4.59,37.45,8.16,,,4.59,37.45,8.16,,,18.1,684.0,,,,,,,,,,,,,,,,False,False,False,False,False,False
"Apr 18, 2013, 7:02:40 AM",Night Run,3.61,29.57,8.19,,,3.61,29.57,8.19,,,19.5,539.0,,,,,,,,,,,,,,,,False,False,False,False,False,False
"Apr 16, 2013, 6:36:53 PM",Lunch Run,3.61,29.95,8.3,,,3.61,29.95,8.3,,,19.5,539.0,,,,,,,,,,,,,,,,False,False,False,False,False,False
"Apr 14, 2013, 5:36:10 PM",Morning Run,3.6,30.08,8.36,,,3.6,30.08,8.36,,,19.6,537.0,,,,,,,,,,,,,,,,False,False,False,False,False,False
"Apr 13, 2013, 5:25:53 PM",Morning Run,3.09,26.1,8.45,,,3.09,26.1,8.45,,,20.3,461.0,,,,,,,,,,,,,,,,False,False,False,False,False,False
"Apr 5, 2013, 6:48:21 AM",Night Run,3.73,29.65,7.95,,,3.73,29.65,7.95,,,21.0,557.0,,,,,,,,,,,,,,,,False,True,False,False,False,False
"Apr 3, 2013, 2:13:01 PM",Morning Run,3.89,32.17,8.27,,,3.89,32.17,8.27,,,19.5,581.0,,,,,,,,,,,,,,,,False,False,False,False,False,False
"Apr 1, 2013, 1:48:10 PM",Morning Run,3.63,29.05,8.0,,,3.63,29.05,8.0,,,13.3,540.0,,,,,,,,,,,,,,,,False,False,False,False,False,False
"Mar 27, 2013, 4:50:00 AM",Night Run,3.22,30.0,9.32,,,3.22,30.0,9.32,,,,482.0,,,,,,,,,,,,,,,,False,False,False,True,False,False
"Mar 24, 2013, 1:50:09 AM",Evening Run,3.61,27.48,7.61,,184.0,3.61,27.48,7.61,,184.0,19.9,539.0,,,,,,,,,,,,,,,,False,True,False,False,False,False
"Mar 14, 2013, 1:21:10 PM",Morning Run,6.25,47.37,7.58,,171.0,6.25,47.37,7.58,,171.0,129.7,950.0,,,,,,,,,,,,,,,,False,True,False,False,False,False
"Mar 11, 2013, 1:52:39 AM",Evening Run,3.53,29.22,8.28,,183.0,3.53,29.22,8.28,,183.0,19.5,527.0,,,,,,,,,,,,,,,,False,False,False,False,False,False
"Mar 8, 2013, 5:50:00 AM",Night Run,2.78,25.0,8.99,,,2.78,25.0,8.99,,,,416.0,,,,,,,,,,,,,,,,False,False,False,False,False,False
"Mar 6, 2013, 5:50:00 AM",Night Run,3.15,28.0,8.89,,,3.15,28.0,8.89,,,,472.0,,,,,,,,,,,,,,,,False,False,False,False,False,False
"Mar 5, 2013, 5:50:00 AM",Night Run,2.63,25.0,9.51,,,2.63,25.0,9.51,,,,394.0,,,,,,,,,,,,,,,,False,False,False,True,False,False
"Mar 2, 2013, 5:50:00 AM",Night Run,2.8,25.0,8.93,,,2.8,25.0,8.93,,,,419.0,,,,,,,,,,,,,,,,False,False,False,False,False,False
"Feb 28, 2013, 5:50:00 AM",Night Run,2.7,25.0,9.26,,,2.7,25.0,9.26,,,,404.0,,,,,,,,,,,,,,,,False,False,False,True,False,False
"Feb 25, 2013, 8:14:42 PM",Lunch Run,3.25,26.02,8.01,,181.0,3.25,26.02,8.01,,181.0,23.4,486.0,,,,,,,,,,,,,,,,False,False,False,False,False,False
"Feb 19, 2013, 8:14:34 PM",Lunch Run,3.14,26.37,8.4,,176.0,3.14,26.37,8.4,,176.0,21.8,469.0,,,,,,,,,,,,,,,,False,False,False,False,False,False
"Feb 8, 2013, 8:16:01 PM",Lunch Run,4.07,31.42,7.72,,180.0,4.07,31.42,7.72,,180.0,24.1,608.0,,,,,,,,,,,,,,,,False,True,False,False,False,False
"Feb 7, 2013, 5:50:00 AM",Night Run,1.6,15.0,9.38,,,1.6,15.0,9.38,,,,240.0,,,,,,,,,,,,,,,,False,False,False,True,False,False
"Feb 5, 2013, 2:34:13 PM",Morning Run,7.12,53.63,7.53,,179.0,7.12,53.63,7.53,,179.0,131.3,1080.0,,,,,,,,,,,,,,,,False,True,False,False,False,False
"Feb 1, 2013, 2:49:11 PM",Morning Run,6.58,46.75,7.1,,174.0,6.58,46.75,7.1,,174.0,130.0,1000.0,,,,,,,,,,,,,,,,False,True,False,False,False,False
"Jan 30, 2013, 8:19:00 PM",Lunch Run,3.25,26.18,8.06,,177.0,3.25,26.18,8.06,,177.0,22.7,485.0,,,,,,,,,,,,,,,,False,False,False,False,False,False
"Jan 26, 2013, 11:35:52 PM",Afternoon Run,6.26,45.32,7.24,,179.0,6.26,45.32,7.24,,179.0,130.2,953.0,,,,,,,,,,,,,,,,False,True,False,False,False,False
"Jan 25, 2013, 5:50:00 AM",Night Run,3.05,26.5,8.69,,,3.05,26.5,8.69,,,,457.0,,,,,,,,,,,,,,,,False,False,False,False,False,False
"Jan 22, 2013, 8:11:14 PM",Lunch Run,3.25,24.82,7.64,,178.0,3.25,24.82,7.64,,178.0,23.0,485.0,,,,,,,,,,,,,,,,False,True,False,False,False,False
"Jan 19, 2013, 10:21:03 PM",Afternoon Run,7.17,51.65,7.2,,178.0,7.17,51.65,7.2,,178.0,128.4,1089.0,,,,,,,,,,,,,,,,False,True,False,False,False,False
"Jan 17, 2013, 8:21:31 PM",Lunch Run,3.14,24.58,7.83,,175.0,3.14,24.58,7.83,,175.0,21.9,469.0,,,,,,,,,,,,,,,,False,True,False,False,False,False
"Jan 15, 2013, 8:13:14 PM",Lunch Run,3.26,25.25,7.75,,177.0,3.26,25.25,7.75,,177.0,23.9,487.0,,,,,,,,,,,,,,,,False,True,False,False,False,False
"Jan 13, 2013, 12:08:21 AM",Afternoon Run,3.11,24.75,7.96,,,3.11,24.75,7.96,,,19.5,464.0,,,,,,,,,,,,,,,,False,True,False,False,False,False
"Jan 9, 2013, 8:12:41 PM",Lunch Run,5.12,43.22,8.44,,179.0,5.12,43.22,8.44,,179.0,18.5,763.0,,,,,,,,,,,,,,,,False,False,False,False,False,False
"Jan 7, 2013, 8:15:39 PM",Lunch Run,3.55,28.92,8.15,,181.0,3.55,28.92,8.15,,181.0,22.3,530.0,,,,,,,,,,,,,,,,False,False,False,False,False,False
"Jan 7, 2013, 5:50:00 AM",Night Run,3.1,27.0,8.71,,,3.1,27.0,8.71,,,,464.0,,,,,,,,,,,,,,,,False,False,False,False,False,False
"Jan 6, 2013, 5:50:00 AM",Night Run,1.51,15.17,10.05,,,1.51,15.17,10.05,,,,226.0,,,,,,,,,,,,,,,,False,False,False,True,False,False
"Jan 3, 2013, 8:18:43 PM",Lunch Run,3.31,27.47,8.3,,,3.31,27.47,8.3,,,24.0,495.0,,,,,,,,,,,,,,,,False,False,False,False,False,False
"Dec 23, 2012, 10:50:07 AM",Night Run,6.55,58.67,8.96,,,6.55,58.67,8.96,,,138.2,995.0,,,,,,,,,,,,,,,,False,False,False,False,False,False
"Dec 22, 2012, 10:46:17 AM",Night Run,8.13,69.88,8.6,,,8.13,69.88,8.6,,,133.8,1231.0,,,,,,,,,,,,,,,,False,False,False,False,False,False
"Dec 20, 2012, 8:19:28 PM",Lunch Run,3.6,29.62,8.23,,,3.6,29.62,8.23,,,22.9,537.0,,,,,,,,,,,,,,,,False,False,False,False,False,False
"Dec 18, 2012, 8:18:43 PM",Lunch Run,3.54,29.35,8.29,,172.0,3.54,29.35,8.29,,172.0,23.4,528.0,,,,,,,,,,,,,,,,False,False,False,False,False,False
"Dec 14, 2012, 8:24:00 PM",Lunch Run,3.21,25.62,7.98,,177.0,3.21,25.62,7.98,,177.0,22.4,479.0,,,,,,,,,,,,,,,,False,True,False,False,False,False
"Dec 13, 2012, 12:18:49 PM",Morning Run,4.03,32.2,7.99,,,4.03,32.2,7.99,,,23.8,601.0,,,,,,,,,,,,,,,,False,True,False,False,False,False
"Dec 11, 2012, 8:19:31 PM",Lunch Run,3.56,29.03,8.15,,175.0,3.56,29.03,8.15,,175.0,24.1,532.0,,,,,,,,,,,,,,,,False,False,False,False,False,False
"Dec 7, 2012, 12:21:44 PM",Morning Run,3.83,31.02,8.1,,,3.83,31.02,8.1,,,23.8,571.0,,,,,,,,,,,,,,,,False,False,False,False,False,False
"Dec 5, 2012, 8:14:19 PM",Lunch Run,3.68,29.97,8.14,,178.0,3.68,29.97,8.14,,178.0,23.1,549.0,,,,,,,,,,,,,,,,False,False,False,False,False,False
"Dec 1, 2012, 3:40:00 PM",Morning Run,1.09,10.0,9.17,,,1.09,10.0,9.17,,,,163.0,,,,,,,,,,,,,,,,False,False,False,True,False,False
"Nov 26, 2012, 3:50:00 PM",Morning Run,2.57,25.0,9.73,,,2.57,25.0,9.73,,,,385.0,,,,,,,,,,,,,,,,False,False,False,True,False,False
"Nov 25, 2012, 3:50:00 PM",Morning Run,2.71,25.0,9.23,,,2.71,25.0,9.23,,,,406.0,,,,,,,,,,,,,,,,False,False,False,True,False,False
"Nov 24, 2012, 3:50:00 PM",Morning Run,2.68,25.0,9.33,,,2.68,25.0,9.33,,,,401.0,,,,,,,,,,,,,,,,False,False,False,True,False,False
"Nov 23, 2012, 3:50:00 PM",Morning Run,2.61,25.0,9.58,,,2.61,25.0,9.58,,,,391.0,,,,,,,,,,,,,,,,False,False,False,True,False,False
"Nov 22, 2012, 3:40:00 PM",Morning Run,2.73,23.0,8.42,,,2.73,23.0,8.42,,,,409.0,,,,,,,,,,,,,,,,False,False,False,False,False,False
"Nov 21, 2012, 6:49:15 AM",Night Run,4.02,33.8,8.41,,,4.02,33.8,8.41,,,35.0,600.0,,,,,,,,,,,,,,,,False,False,False,False,False,False
"Nov 20, 2012, 6:45:13 AM",Night Run,4.0,33.22,8.3,,,4.0,33.22,8.3,,,37.1,598.0,,,,,,,,,,,,,,,,False,False,False,False,False,False
"Nov 19, 2012, 6:41:39 AM",Night Run,3.95,32.08,8.12,,,3.95,32.08,8.12,,,34.9,591.0,,,,,,,,,,,,,,,,False,False,False,False,False,False
"Nov 16, 2012, 6:36:43 AM",Night Run,3.89,32.75,8.42,,,3.89,32.75,8.42,,,34.1,581.0,,,,,,,,,,,,,,,,False,False,False,False,False,False
"Nov 14, 2012, 6:55:07 AM",Night Run,3.44,28.12,8.17,,,3.44,28.12,8.17,,,19.5,514.0,,,,,,,,,,,,,,,,False,False,False,False,False,False
"Nov 13, 2012, 8:21:48 PM",Lunch Run,3.37,27.23,8.08,,178.0,3.37,27.23,8.08,,178.0,22.5,503.0,,,,,,,,,,,,,,,,False,False,False,False,False,False
"Nov 12, 2012, 8:17:57 PM",Lunch Run,4.47,36.92,8.26,,180.0,4.47,36.92,8.26,,180.0,17.1,666.0,,,,,,,,,,,,,,,,False,False,False,False,False,False
"Nov 8, 2012, 8:21:11 PM",Lunch Run,3.41,28.43,8.34,,182.0,3.41,28.43,8.34,,182.0,23.1,508.0,,,,,,,,,,,,,,,,False,False,False,False,False,False
"Nov 2, 2012, 8:13:06 PM",Afternoon Run,4.44,37.52,8.45,,178.0,4.44,37.52,8.45,,178.0,18.7,662.0,,,,,,,,,,,,,,,,False,False,False,False,False,False
"Oct 28, 2012, 12:35:05 AM",Afternoon Run,7.17,62.08,8.66,,173.0,7.17,62.08,8.66,,173.0,132.0,1087.0,,,,,,,,,,,,,,,,False,False,False,False,False,False
"Oct 25, 2012, 1:57:38 AM",Evening Run,3.72,31.37,8.43,,183.0,3.72,31.37,8.43,,183.0,16.6,554.0,,,,,,,,,,,,,,,,False,False,False,False,False,False
"Oct 19, 2012, 12:08:18 PM",Morning Run,6.0,53.5,8.92,,,6.0,53.5,8.92,,,29.7,894.0,,,,,,,,,,,,,,,,False,False,False,False,False,False
"Oct 17, 2012, 12:08:25 PM",Morning Run,4.51,40.9,9.07,,,4.51,40.9,9.07,,,18.8,673.0,,,,,,,,,,,,,,,,False,False,False,True,False,False
"Oct 16, 2012, 4:53:04 PM",Morning Run,2.36,19.92,8.44,,,2.36,19.92,8.44,,,20.4,354.0,,,,,,,,,,,,,,,,False,False,False,False,False,False
"Oct 12, 2012, 7:25:05 PM",Lunch Run,4.43,41.08,9.27,,168.0,4.43,41.08,9.27,,168.0,17.1,660.0,,,,,,,,,,,,,,,,False,False,False,True,False,False
"Oct 9, 2012, 12:18:22 PM",Morning Run,4.51,41.4,9.18,,,4.51,41.4,9.18,,,18.9,673.0,,,,,,,,,,,,,,,,False,False,False,True,False,False
"Oct 5, 2012, 7:19:00 PM",Lunch Run,3.35,30.05,8.97,,179.0,3.35,30.05,8.97,,179.0,22.7,500.0,,,,,,,,,,,,,,,,False,False,False,False,False,False
"Oct 2, 2012, 12:22:18 PM",Morning Run,3.31,30.55,9.23,,,3.31,30.55,9.23,,,21.2,495.0,,,,,,,,,,,,,,,,False,False,False,True,False,False
"Sep 13, 2012, 12:16:09 PM",Morning Run,4.57,38.23,8.37,,,4.57,38.23,8.37,,,17.6,682.0,,,,,,,,,,,,,,,,False,False,False,False,False,False
"Sep 12, 2012, 2:50:00 PM",Morning Run,1.82,16.0,8.79,,,1.82,16.0,8.79,,,,273.0,,,,,,,,,,,,,,,,False,False,False,False,False,False
"Sep 10, 2012, 2:50:00 PM",Morning Run,1.56,15.0,9.62,,,1.56,15.0,9.62,,,,234.0,,,,,,,,,,,,,,,,False,False,False,True,False,False
"Sep 8, 2012, 6:51:28 PM",Lunch Run,4.37,71.28,16.31,,,4.37,71.28,16.31,,,76.2,661.0,,,,,,,,,,,,,,,,False,False,False,True,False,False
"Sep 6, 2012, 12:26:40 PM",Morning Run,3.32,28.65,8.63,,,3.32,28.65,8.63,,,22.2,495.0,,,,,,,,,,,,,,,,False,False,False,False,False,False
"Sep 4, 2012, 12:19:02 PM",Morning Run,4.53,43.67,9.64,,,4.53,43.67,9.64,,,17.7,676.0,,,,,,,,,,,,,,,,False,False,False,True,False,False
"Sep 1, 2012, 2:50:00 PM",Morning Run,3.0,26.47,8.82,,,3.0,26.47,8.82,,,,449.0,,,,,,,,,,,,,,,,False,False,False,False,False,False
"Aug 24, 2012, 12:20:35 PM",Morning Run,3.8,31.82,8.37,,,3.8,31.82,8.37,,,23.4,567.0,,,,,,,,,,,,,,,,False,False,False,False,False,False
"Aug 22, 2012, 2:50:00 PM",Morning Run,1.82,16.0,8.79,,,1.82,16.0,8.79,,,,273.0,,,,,,,,,,,,,,,,False,False,False,False,False,False
"Aug 18, 2012, 4:47:59 PM",Morning Run,2.41,20.15,8.36,,,2.41,20.15,8.36,,,20.0,360.0,,,,,,,,,,,,,,,,False,False,False,False,False,False
"Aug 6, 2012, 1:10:00 AM",Evening Run,3.65,35.13,9.62,,,3.65,35.13,9.62,,,13.3,545.0,,,,,,,,,,,,,,,,False,False,False,True,False,False
"Jul 25, 2012, 2:50:00 PM",Morning Run,2.7,24.3,9.0,,,2.7,24.3,9.0,,,,404.0,,,,,,,,,,,,,,,,False,False,False,True,False,False
"Jul 23, 2012, 1:45:11 AM",Evening Run,2.31,21.47,9.29,,166.0,2.31,21.47,9.29,,166.0,20.1,345.0,,,,,,,,,,,,,,,,False,False,False,True,False,False
"Jul 1, 2012, 3:22:16 PM",Morning Run,5.8,90.53,15.61,,,5.8,90.53,15.61,,,119.9,881.0,,,,,,,,,,,,,,,,False,False,False,True,False,False
"Jun 10, 2012, 10:50:26 AM",Night Run,5.48,77.87,14.21,,,5.48,77.87,14.21,,,18.9,816.0,,,,,,,,,,,,,,,,False,False,False,True,False,False
"Jun 8, 2012, 12:25:35 PM",Morning Run,2.37,20.73,8.75,,177.0,2.37,20.73,8.75,,177.0,3.9,354.0,,,,,,,,,,,,,,,,False,False,False,False,False,False
"May 22, 2012, 12:16:14 PM",Morning Run,4.12,38.55,9.36,,172.0,4.12,38.55,9.36,,172.0,23.4,615.0,,,,,,,,,,,,,,,,False,False,False,True,False,False
"May 19, 2012, 3:40:00 AM",Evening Run,2.63,25.0,9.51,,,2.63,25.0,9.51,,,,394.0,,,,,,,,,,,,,,,,False,False,False,True,False,False
"May 15, 2012, 2:50:00 PM",Morning Run,3.01,28.0,9.3,,,3.01,28.0,9.3,,,,451.0,,,,,,,,,,,,,,,,False,False,False,True,False,False
"May 15, 2012, 2:50:00 PM",Morning Run,2.36,22.98,9.74,,,2.36,22.98,9.74,,,,353.0,,,,,,,,,,,,,,,,False,False,False,True,False,False
"May 14, 2012, 2:50:00 PM",Morning Run,2.21,21.0,9.5,,,2.21,21.0,9.5,,,,331.0,,,,,,,,,,,,,,,,False,False,False,True,False,False
"May 13, 2012, 2:50:00 PM",Morning Run,2.05,20.0,9.76,,,2.05,20.0,9.76,,,,307.0,,,,,,,,,,,,,,,,False,False,False,True,False,False
"May 11, 2012, 12:21:44 PM",Morning Run,2.03,17.98,8.86,,168.0,2.03,17.98,8.86,,168.0,,302.0,,,,,,,,,,,,,,,,False,False,False,False,False,False
"May 9, 2012, 2:50:00 PM",Morning Run,1.29,13.0,10.08,,,1.29,13.0,10.08,,,,193.0,,,,,,,,,,,,,,,,False,False,False,True,False,False
"Apr 30, 2012, 12:16:44 PM",Morning Run,4.64,42.55,9.17,,180.0,4.64,42.55,9.17,,180.0,18.4,691.0,,,,,,,,,,,,,,,,False,False,False,True,False,False
"Apr 12, 2012, 12:21:17 PM",Morning Run,4.59,38.72,8.44,,173.0,4.59,38.72,8.44,,173.0,18.2,685.0,,,,,,,,,,,,,,,,False,False,False,False,False,False
"Apr 11, 2012, 12:20:35 PM",Morning Run,4.7,37.92,8.07,,,4.7,37.92,8.07,,,17.9,701.0,,,,,,,,,,,,,,,,False,False,False,False,False,False
"Apr 9, 2012, 12:13:34 PM",Morning Run,4.57,36.95,8.09,,180.0,4.57,36.95,8.09,,180.0,24.7,680.0,,,,,,,,,,,,,,,,False,False,False,False,False,False
"Apr 7, 2012, 4:08:39 PM",Morning Run,2.28,36.68,16.09,,123.0,2.28,36.68,16.09,,123.0,31.6,342.0,,,,,,,,,,,,,,,,False,False,False,True,False,False
"Apr 6, 2012, 3:40:00 AM",Evening Run,3.11,25.0,8.04,,,3.11,25.0,8.04,,,,466.0,,,,,,,,,,,,,,,,False,False,False,False,False,False
"Apr 4, 2012, 7:25:46 PM",Lunch Run,3.29,25.07,7.62,,186.0,3.29,25.07,7.62,,186.0,19.5,491.0,,,,,,,,,,,,,,,,False,True,False,False,False,False
"Apr 3, 2012, 12:16:32 PM",Morning Run,4.64,37.6,8.1,,179.0,4.64,37.6,8.1,,179.0,18.2,691.0,,,,,,,,,,,,,,,,False,False,False,False,False,False
"Apr 1, 2012, 3:59:48 PM",Morning Run,4.42,81.25,18.38,,140.0,4.42,81.25,18.38,,140.0,209.9,713.0,,,,,,,,,,,,,,,,False,False,False,True,False,False
"Mar 30, 2012, 12:21:46 PM",Morning Run,3.26,26.15,8.02,,181.0,3.26,26.15,8.02,,181.0,19.8,486.0,,,,,,,,,,,,,,,,False,False,False,False,False,False
"Mar 26, 2012, 12:16:21 PM",Morning Run,4.62,38.88,8.42,,181.0,4.62,38.88,8.42,,181.0,18.3,688.0,,,,,,,,,,,,,,,,False,False,False,False,False,False
"Mar 18, 2012, 7:34:51 AM",LA Marathon,26.55,252.07,9.49,,177.0,26.55,252.07,9.49,,177.0,297.4,3957.0,,,,,,,,,,,,,,,,True,False,False,True,True,False
"Mar 16, 2012, 6:51:53 PM",Lunch Run,5.17,75.92,14.68,,,5.17,75.92,14.68,,,38.1,772.0,,,,,,,,,,,,,,,,False,False,False,True,False,False
"Mar 14, 2012, 3:40:00 AM",Evening Run,3.54,30.0,8.47,,,3.54,30.0,8.47,,,,530.0,,,,,,,,,,,,,,,,False,False,False,False,False,False
"Mar 12, 2012, 7:01:21 PM",Lunch Run,3.31,26.52,8.01,,178.0,3.31,26.52,8.01,,178.0,17.9,493.0,,,,,,,,,,,,,,,,False,False,False,False,False,False
"Mar 5, 2012, 6:33:04 AM",Night Run,7.13,63.23,8.87,,163.0,7.13,63.23,8.87,,163.0,130.8,1081.0,,,,,,,,,,,,,,,,False,False,False,False,False,False
"Mar 3, 2012, 6:19:21 AM",Night Run,16.31,150.15,9.21,,164.0,16.31,150.15,9.21,,164.0,190.7,2450.0,,,,,,,,,,,,,,,,True,False,False,True,False,False
"Mar 1, 2012, 6:29:59 AM",Night Run,10.09,90.45,8.96,,172.0,10.09,90.45,8.96,,172.0,153.5,1523.0,,,,,,,,,,,,,,,,False,False,False,False,False,False
"Feb 29, 2012, 6:57:59 AM",Night Run,7.11,60.85,8.56,,172.0,7.11,60.85,8.56,,172.0,130.1,1078.0,,,,,,,,,,,,,,,,False,False,False,False,False,False
"Feb 28, 2012, 12:27:13 PM",Morning Run,3.71,30.15,8.13,,175.0,3.71,30.15,8.13,,175.0,22.5,554.0,,,,,,,,,,,,,,,,False,False,False,False,False,False
"Feb 23, 2012, 12:07:40 PM",Morning Run,4.65,37.72,8.11,,184.0,4.65,37.72,8.11,,184.0,18.4,692.0,,,,,,,,,,,,,,,,False,False,False,False,False,False
"Feb 21, 2012, 11:54:30 AM",Night Run,4.6,41.5,9.02,,169.0,4.6,41.5,9.02,,169.0,18.4,685.0,,,,,,,,,,,,,,,,False,False,False,True,False,False
"Feb 17, 2012, 12:13:42 PM",Morning Run,4.58,37.98,8.29,,175.0,4.58,37.98,8.29,,175.0,18.3,683.0,,,,,,,,,,,,,,,,False,False,False,False,False,False
"Feb 15, 2012, 12:04:52 PM",Morning Run,7.0,56.27,8.04,,178.0,7.0,56.27,8.04,,178.0,33.9,1043.0,,,,,,,,,,,,,,,,False,False,False,False,False,False
"Feb 12, 2012, 10:00:47 AM",Night Run,6.17,50.85,8.24,,178.0,6.17,50.85,8.24,,178.0,125.5,937.0,,,,,,,,,,,,,,,,False,False,False,False,False,False
"Feb 10, 2012, 12:21:30 PM",Morning Run,3.01,23.15,7.69,,,3.01,23.15,7.69,,,16.7,450.0,,,,,,,,,,,,,,,,False,True,False,False,False,False
"Feb 9, 2012, 12:18:24 PM",Morning Run,4.67,37.67,8.07,,,4.67,37.67,8.07,,,18.4,697.0,,,,,,,,,,,,,,,,False,False,False,False,False,False
"Feb 8, 2012, 11:37:00 AM",Night Run,4.02,31.23,7.77,,,4.02,31.23,7.77,,,6.7,597.0,,,,,,,,,,,,,,,,False,True,False,False,False,False
"Jan 31, 2012, 12:11:59 PM",Morning Run,4.03,29.73,7.38,,,4.03,29.73,7.38,,,23.4,601.0,,,,,,,,,,,,,,,,False,True,False,False,False,False
"Jan 31, 2012, 4:40:00 AM",Evening Run,2.54,21.0,8.27,,,2.54,21.0,8.27,,,,380.0,,,,,,,,,,,,,,,,False,False,False,False,False,False
"Jan 29, 2012, 12:27:11 PM",Morning Run,8.09,68.3,8.44,,,8.09,68.3,8.44,,,140.8,1225.0,,,,,,,,,,,,,,,,False,False,False,False,False,False
"Jan 26, 2012, 12:17:42 PM",Morning Run,4.7,37.7,8.02,,,4.7,37.7,8.02,,,18.5,701.0,,,,,,,,,,,,,,,,False,False,False,False,False,False
"Jan 22, 2012, 4:40:00 AM",Evening Run,3.4,28.0,8.24,,,3.4,28.0,8.24,,,,509.0,,,,,,,,,,,,,,,,False,False,False,False,False,False
"Jan 19, 2012, 12:18:51 PM",Morning Run,5.2,40.02,7.7,,,5.2,40.02,7.7,,,18.3,775.0,,,,,,,,,,,,,,,,False,True,False,False,False,False
"Jan 17, 2012, 12:08:06 PM",Morning Run,4.68,38.62,8.25,,,4.68,38.62,8.25,,,18.1,698.0,,,,,,,,,,,,,,,,False,False,False,False,False,False
"Jan 15, 2012, 9:18:48 AM",Night Run,4.16,33.25,7.99,,,4.16,33.25,7.99,,,78.7,633.0,,,,,,,,,,,,,,,,False,True,False,False,False,False
"Jan 14, 2012, 10:22:22 AM",Night Run,3.22,24.58,7.63,,,3.22,24.58,7.63,,,20.7,482.0,,,,,,,,,,,,,,,,False,True,False,False,False,False
"Jan 13, 2012, 7:04:21 AM",Night Run,3.3,25.03,7.58,,,3.3,25.03,7.58,,,20.2,494.0,,,,,,,,,,,,,,,,False,True,False,False,False,False
"Jan 8, 2012, 3:50:44 PM",Morning Run,6.37,50.42,7.92,,,6.37,50.42,7.92,,,134.4,968.0,,,,,,,,,,,,,,,,False,True,False,False,False,False
"Jan 4, 2012, 12:14:14 PM",Morning Run,3.78,30.22,7.99,,,3.78,30.22,7.99,,,23.4,564.0,,,,,,,,,,,,,,,,False,True,False,False,False,False
"Jan 4, 2012, 4:40:00 AM",Evening Run,2.66,22.0,8.27,,,2.66,22.0,8.27,,,,398.0,,,,,,,,,,,,,,,,False,False,False,False,False,False
"Dec 24, 2011, 1:37:44 PM",Morning Run,7.14,58.22,8.15,,,7.14,58.22,8.15,,,130.1,1083.0,,,,,,,,,,,,,,,,False,False,False,False,False,False
"Dec 24, 2011, 4:40:00 AM",Evening Run,3.26,25.5,7.82,,,3.26,25.5,7.82,,,,488.0,,,,,,,,,,,,,,,,False,True,False,False,False,False
"Dec 23, 2011, 4:40:00 AM",Evening Run,2.92,23.0,7.88,,,2.92,23.0,7.88,,,,437.0,,,,,,,,,,,,,,,,False,True,False,False,False,False
"Dec 22, 2011, 4:40:00 AM",Evening Run,2.71,22.0,8.12,,,2.71,22.0,8.12,,,,406.0,,,,,,,,,,,,,,,,False,False,False,False,False,False
"Dec 21, 2011, 4:40:00 AM",Evening Run,2.56,21.0,8.2,,,2.56,21.0,8.2,,,,383.0,,,,,,,,,,,,,,,,False,False,False,False,False,False
"Dec 20, 2011, 4:40:00 AM",Evening Run,2.54,21.0,8.27,,,2.54,21.0,8.27,,,,380.0,,,,,,,,,,,,,,,,False,False,False,False,False,False
"Dec 15, 2011, 5:10:00 AM",Night Run,4.6,45.0,9.78,,,4.6,45.0,9.78,,,,689.0,,,,,,,,,,,,,,,,False,False,False,True,False,False
"Dec 10, 2011, 4:40:00 AM",Evening Run,2.79,22.0,7.89,,,2.79,22.0,7.89,,,,418.0,,,,,,,,,,,,,,,,False,True,False,False,False,False
"Dec 8, 2011, 12:20:00 PM",Morning Run,4.39,35.37,8.06,,,4.39,35.37,8.06,,,26.8,654.0,,,,,,,,,,,,,,,,False,False,False,False,False,False
"Dec 3, 2011, 5:44:19 PM",Morning Run,2.67,19.83,7.43,,,2.67,19.83,7.43,,,20.6,400.0,,,,,,,,,,,,,,,,False,True,False,False,False,False
"Dec 2, 2011, 12:15:40 PM",Morning Run,4.93,37.05,7.52,,,4.93,37.05,7.52,,,18.5,734.0,,,,,,,,,,,,,,,,False,True,False,False,False,False
"Dec 1, 2011, 12:16:05 PM",Morning Run,4.09,31.73,7.76,,,4.09,31.73,7.76,,,23.1,610.0,,,,,,,,,,,,,,,,False,True,False,False,False,False
"Nov 29, 2011, 12:20:13 PM",Morning Run,4.71,38.07,8.08,,,4.71,38.07,8.08,,,18.5,703.0,,,,,,,,,,,,,,,,False,False,False,False,False,False
"Nov 22, 2011, 12:18:18 PM",Morning Run,4.74,37.22,7.85,,,4.74,37.22,7.85,,,18.4,707.0,,,,,,,,,,,,,,,,False,True,False,False,False,False
"Nov 17, 2011, 12:15:22 PM",Morning Run,4.64,38.8,8.36,,,4.64,38.8,8.36,,,18.0,692.0,,,,,,,,,,,,,,,,False,False,False,False,False,False
"Nov 9, 2011, 12:15:39 PM",Morning Run,4.7,37.17,7.91,,,4.7,37.17,7.91,,,18.1,701.0,,,,,,,,,,,,,,,,False,True,False,False,False,False
"Nov 6, 2011, 5:30:00 PM",Morning Run,5.32,43.38,8.15,,,5.32,43.38,8.15,,,99.3,804.0,,,,,,,,,,,,,,,,False,False,False,False,False,False
"Nov 3, 2011, 8:30:00 PM",Afternoon Run,1.47,11.6,7.89,,,1.47,11.6,7.89,,,12.6,220.0,,,,,,,,,,,,,,,,False,True,False,False,False,False
"Nov 3, 2011, 3:50:00 AM",Evening Run,3.09,25.0,8.09,,,3.09,25.0,8.09,,,,463.0,,,,,,,,,,,,,,,,False,False,False,False,False,False
"Nov 1, 2011, 12:06:31 PM",Morning Run,4.03,31.37,7.78,,,4.03,31.37,7.78,,,23.6,601.0,,,,,,,,,,,,,,,,False,True,False,False,False,False
"Oct 21, 2011, 4:41:11 PM",Morning Run,3.47,25.63,7.39,,,3.47,25.63,7.39,,,20.3,519.0,,,,,,,,,,,,,,,,False,True,False,False,False,False
"Oct 20, 2011, 4:03:52 PM",Morning Run,3.16,23.85,7.55,,,3.16,23.85,7.55,,,20.7,474.0,,,,,,,,,,,,,,,,False,True,False,False,False,False
"Oct 19, 2011, 9:44:14 AM",Night Run,3.18,24.25,7.63,,,3.18,24.25,7.63,,,18.9,476.0,,,,,,,,,,,,,,,,False,True,False,False,False,False
"Oct 18, 2011, 4:55:48 PM",Morning Run,3.67,28.18,7.68,,,3.67,28.18,7.68,,,20.3,550.0,,,,,,,,,,,,,,,,False,True,False,False,False,False
"Oct 13, 2011, 8:18:47 PM",Afternoon Run,1.38,11.48,8.32,,,1.38,11.48,8.32,,,17.6,206.0,,,,,,,,,,,,,,,,False,False,False,False,False,False
"Oct 9, 2011, 7:16:47 PM",Lunch Run,3.06,27.15,8.87,,,3.06,27.15,8.87,,,11.3,456.0,,,,,,,,,,,,,,,,False,False,False,False,False,False
"Oct 6, 2011, 12:17:59 PM",Morning Run,4.42,38.12,8.62,,,4.42,38.12,8.62,,,16.6,657.0,,,,,,,,,,,,,,,,False,False,False,False,False,False
"Oct 5, 2011, 3:50:00 AM",Evening Run,3.11,26.0,8.36,,,3.11,26.0,8.36,,,,466.0,,,,,,,,,,,,,,,,False,False,False,False,False,False
"Sep 29, 2011, 8:41:38 PM",Afternoon Run,1.36,11.02,8.1,,,1.36,11.02,8.1,,,18.0,204.0,,,,,,,,,,,,,,,,False,False,False,False,False,False
"Sep 29, 2011, 12:22:14 PM",Morning Run,4.54,37.8,8.33,,,4.54,37.8,8.33,,,17.8,677.0,,,,,,,,,,,,,,,,False,False,False,False,False,False
"Sep 28, 2011, 3:50:00 AM",Evening Run,3.28,26.5,8.08,,,3.28,26.5,8.08,,,,491.0,,,,,,,,,,,,,,,,False,False,False,False,False,False
"Sep 27, 2011, 3:50:00 AM",Evening Run,3.07,25.0,8.14,,,3.07,25.0,8.14,,,,460.0,,,,,,,,,,,,,,,,False,False,False,False,False,False
"Sep 23, 2011, 3:50:00 AM",Evening Run,3.14,26.0,8.28,,,3.14,26.0,8.28,,,,470.0,,,,,,,,,,,,,,,,False,False,False,False,False,False
"Sep 22, 2011, 8:29:08 PM",Afternoon Run,1.44,11.48,7.97,,,1.44,11.48,7.97,,,18.1,215.0,,,,,,,,,,,,,,,,False,True,False,False,False,False
"Sep 21, 2011, 3:50:00 AM",Evening Run,3.08,26.03,8.45,,,3.08,26.03,8.45,,,,461.0,,,,,,,,,,,,,,,,False,False,False,False,False,False
"Sep 18, 2011, 6:37:36 PM",Lunch Run,11.47,104.1,9.08,,,11.47,104.1,9.08,,,144.3,1725.0,,,,,,,,,,,,,,,,False,False,False,True,False,False
"Sep 17, 2011, 3:50:00 AM",Evening Run,3.23,26.0,8.05,,,3.23,26.0,8.05,,,,484.0,,,,,,,,,,,,,,,,False,False,False,False,False,False
"Sep 15, 2011, 12:09:45 PM",Morning Run,3.67,30.38,8.28,,,3.67,30.38,8.28,,,18.4,547.0,,,,,,,,,,,,,,,,False,False,False,False,False,False
"Sep 15, 2011, 3:50:00 AM",Evening Run,2.65,21.5,8.11,,,2.65,21.5,8.11,,,,397.0,,,,,,,,,,,,,,,,False,False,False,False,False,False
"Sep 14, 2011, 3:50:00 AM",Evening Run,3.7,30.2,8.16,,,3.7,30.2,8.16,,,,554.0,,,,,,,,,,,,,,,,False,False,False,False,False,False
"Sep 10, 2011, 3:50:00 AM",Evening Run,3.09,25.0,8.09,,,3.09,25.0,8.09,,,,463.0,,,,,,,,,,,,,,,,False,False,False,False,False,False
"Sep 9, 2011, 3:50:00 AM",Evening Run,2.82,22.0,7.8,,,2.82,22.0,7.8,,,,422.0,,,,,,,,,,,,,,,,False,True,False,False,False,False
"Sep 8, 2011, 7:22:25 PM",Lunch Run,1.49,12.03,8.07,,,1.49,12.03,8.07,,,21.0,223.0,,,,,,,,,,,,,,,,False,False,False,False,False,False
"Sep 8, 2011, 3:50:00 AM",Evening Run,3.26,26.0,7.98,,,3.26,26.0,7.98,,,,488.0,,,,,,,,,,,,,,,,False,True,False,False,False,False
"Sep 4, 2011, 7:14:46 PM",Lunch Run,7.24,61.52,8.5,,,7.24,61.52,8.5,,,123.1,1096.0,,,,,,,,,,,,,,,,False,False,False,False,False,False
"Sep 3, 2011, 3:50:00 AM",Evening Run,3.22,26.5,8.23,,,3.22,26.5,8.23,,,,482.0,,,,,,,,,,,,,,,,False,False,False,False,False,False
"Sep 1, 2011, 12:17:24 PM",Morning Run,4.5,39.32,8.74,,,4.5,39.32,8.74,,,32.3,675.0,,,,,,,,,,,,,,,,False,False,False,False,False,False
"Aug 27, 2011, 5:52:50 PM",Morning Run,2.83,24.88,8.79,,,2.83,24.88,8.79,,,9.8,420.0,,,,,,,,,,,,,,,,False,False,False,False,False,False
"Aug 23, 2011, 6:34:42 PM",Lunch Run,3.88,30.83,7.95,,,3.88,30.83,7.95,,,13.4,579.0,,,,,,,,,,,,,,,,False,True,False,False,False,False
"Aug 20, 2011, 3:50:00 AM",Evening Run,3.29,27.0,8.21,,,3.29,27.0,8.21,,,,493.0,,,,,,,,,,,,,,,,False,False,False,False,False,False
"Aug 19, 2011, 3:50:00 AM",Evening Run,3.24,27.57,8.51,,,3.24,27.57,8.51,,,,485.0,,,,,,,,,,,,,,,,False,False,False,False,False,False
"Aug 18, 2011, 3:50:00 AM",Evening Run,3.03,26.0,8.58,,,3.03,26.0,8.58,,,,454.0,,,,,,,,,,,,,,,,False,False,False,False,False,False
"Aug 13, 2011, 5:34:37 PM",Morning Run,2.98,25.75,8.64,,,2.98,25.75,8.64,,,11.3,443.0,,,,,,,,,,,,,,,,False,False,False,False,False,False
"Aug 5, 2011, 7:16:39 PM",Lunch Run,2.64,22.9,8.67,,,2.64,22.9,8.67,,,11.2,393.0,,,,,,,,,,,,,,,,False,False,False,False,False,False
"Aug 2, 2011, 7:09:33 PM",Lunch Run,2.52,21.92,8.7,,,2.52,21.92,8.7,,,11.0,375.0,,,,,,,,,,,,,,,,False,False,False,False,False,False
"Jul 27, 2011, 4:00:00 AM",Night Run,3.22,26.0,8.07,,,3.22,26.0,8.07,,,,482.0,,,,,,,,,,,,,,,,False,False,False,False,False,False
"Jul 25, 2011, 12:23:44 PM",Morning Run,3.89,31.17,8.01,,,3.89,31.17,8.01,,,18.0,580.0,,,,,,,,,,,,,,,,False,False,False,False,False,False
"Jul 23, 2011, 4:00:00 AM",Night Run,3.26,27.0,8.28,,,3.26,27.0,8.28,,,,488.0,,,,,,,,,,,,,,,,False,False,False,False,False,False
"Jul 21, 2011, 3:50:00 AM",Evening Run,2.52,21.0,8.33,,,2.52,21.0,8.33,,,,377.0,,,,,,,,,,,,,,,,False,False,False,False,False,False
"Jul 15, 2011, 12:17:58 PM",Morning Run,5.1,41.45,8.13,,,5.1,41.45,8.13,,,22.3,759.0,,,,,,,,,,,,,,,,False,False,False,False,False,False
"Jul 14, 2011, 3:50:00 AM",Evening Run,3.45,28.0,8.12,,,3.45,28.0,8.12,,,,517.0,,,,,,,,,,,,,,,,False,False,False,False,False,False
"Jul 11, 2011, 12:12:00 PM",Morning Run,4.39,37.33,8.5,,,4.39,37.33,8.5,,,26.8,654.0,,,,,,,,,,,,,,,,False,False,False,False,False,False
"Jul 7, 2011, 6:53:17 AM",Night Run,3.25,26.95,8.29,,,3.25,26.95,8.29,,,12.5,485.0,,,,,,,,,,,,,,,,False,False,False,False,False,False
"Jul 5, 2011, 6:57:50 AM",Night Run,3.17,26.33,8.31,,,3.17,26.33,8.31,,,16.1,472.0,,,,,,,,,,,,,,,,False,False,False,False,False,False
"Jul 4, 2011, 3:50:00 AM",Evening Run,3.7,30.0,8.11,,,3.7,30.0,8.11,,,,554.0,,,,,,,,,,,,,,,,False,False,False,False,False,False
"Jul 1, 2011, 12:22:51 PM",Morning Run,4.51,37.75,8.37,,,4.51,37.75,8.37,,,17.1,671.0,,,,,,,,,,,,,,,,False,False,False,False,False,False
"Jul 1, 2011, 4:00:00 AM",Night Run,3.65,30.0,8.22,,,3.65,30.0,8.22,,,,547.0,,,,,,,,,,,,,,,,False,False,False,False,False,False
"Jun 26, 2011, 4:00:00 AM",Night Run,3.78,30.0,7.94,,,3.78,30.0,7.94,,,,566.0,,,,,,,,,,,,,,,,False,True,False,False,False,False
"Jun 25, 2011, 4:00:00 AM",Night Run,3.77,30.0,7.96,,,3.77,30.0,7.96,,,,565.0,,,,,,,,,,,,,,,,False,True,False,False,False,False
"Jun 22, 2011, 6:55:28 AM",Night Run,3.73,30.32,8.13,,,3.73,30.32,8.13,,,13.7,557.0,,,,,,,,,,,,,,,,False,False,False,False,False,False
"Jun 20, 2011, 7:09:07 AM",Night Run,3.27,25.68,7.85,,,3.27,25.68,7.85,,,13.2,488.0,,,,,,,,,,,,,,,,False,True,False,False,False,False
"Jun 18, 2011, 7:37:42 PM",Lunch Run,3.75,30.25,8.07,,,3.75,30.25,8.07,,,15.0,560.0,,,,,,,,,,,,,,,,False,False,False,False,False,False
"Jun 17, 2011, 12:12:52 PM",Morning Run,4.49,36.12,8.04,,,4.49,36.12,8.04,,,17.1,669.0,,,,,,,,,,,,,,,,False,False,False,False,False,False
"Jun 16, 2011, 6:53:09 AM",Night Run,3.76,30.63,8.15,,,3.76,30.63,8.15,,,13.1,560.0,,,,,,,,,,,,,,,,False,False,False,False,False,False
"Jun 15, 2011, 6:49:40 AM",Night Run,3.76,30.55,8.12,,,3.76,30.55,8.12,,,16.0,560.0,,,,,,,,,,,,,,,,False,False,False,False,False,False
"Jun 14, 2011, 4:00:00 AM",Night Run,3.85,30.98,8.05,,,3.85,30.98,8.05,,,,577.0,,,,,,,,,,,,,,,,False,False,False,False,False,False
"Jun 12, 2011, 4:14:37 PM",Morning Run,4.15,32.32,7.79,,,4.15,32.32,7.79,,,15.0,618.0,,,,,,,,,,,,,,,,False,True,False,False,False,False
"Jun 11, 2011, 4:00:00 AM",Night Run,3.65,30.0,8.22,,,3.65,30.0,8.22,,,,547.0,,,,,,,,,,,,,,,,False,False,False,False,False,False
"Jun 10, 2011, 4:00:00 AM",Night Run,3.62,30.0,8.29,,,3.62,30.0,8.29,,,,542.0,,,,,,,,,,,,,,,,False,False,False,False,False,False
"Jun 9, 2011, 4:00:00 AM",Night Run,3.57,30.0,8.4,,,3.57,30.0,8.4,,,,535.0,,,,,,,,,,,,,,,,False,False,False,False,False,False
"Jun 7, 2011, 12:13:17 PM",Morning Run,4.42,38.87,8.79,,,4.42,38.87,8.79,,,17.2,657.0,,,,,,,,,,,,,,,,False,False,False,False,False,False
"Jun 5, 2011, 2:28:00 PM",Morning Run,4.72,50.0,10.59,,,4.72,50.0,10.59,,,39.5,713.0,,,,,,,,,,,,,,,,False,False,False,True,False,False
"Jun 4, 2011, 7:57:59 PM",Lunch Run,4.0,30.02,7.5,,,4.0,30.02,7.5,,,14.4,596.0,,,,,,,,,,,,,,,,False,True,False,False,False,False
"Jun 4, 2011, 4:00:00 AM",Night Run,4.04,33.5,8.29,,,4.04,33.5,8.29,,,,605.0,,,,,,,,,,,,,,,,False,False,False,False,False,False
"Jun 1, 2011, 4:00:00 AM",Night Run,3.63,31.0,8.54,,,3.63,31.0,8.54,,,,544.0,,,,,,,,,,,,,,,,False,False,False,False,False,False
"May 28, 2011, 1:10:00 PM",Morning Run,5.14,41.97,8.17,,,5.14,41.97,8.17,,,53.8,770.0,,,,,,,,,,,,,,,,False,False,False,False,False,False
"May 28, 2011, 4:00:00 AM",Night Run,4.0,33.03,8.26,,,4.0,33.03,8.26,,,,599.0,,,,,,,,,,,,,,,,False,False,False,False,False,False
"May 27, 2011, 4:00:00 AM",Night Run,3.3,27.0,8.18,,,3.3,27.0,8.18,,,,494.0,,,,,,,,,,,,,,,,False,False,False,False,False,False
"May 26, 2011, 4:00:00 AM",Night Run,3.55,30.0,8.45,,,3.55,30.0,8.45,,,,532.0,,,,,,,,,,,,,,,,False,False,False,False,False,False
"May 21, 2011, 8:07:23 PM",Afternoon Run,3.51,28.82,8.21,,,3.51,28.82,8.21,,,16.0,523.0,,,,,,,,,,,,,,,,False,False,False,False,False,False
"May 20, 2011, 12:16:32 PM",Morning Run,4.38,38.5,8.79,,,4.38,38.5,8.79,,,28.0,654.0,,,,,,,,,,,,,,,,False,False,False,False,False,False
"May 19, 2011, 4:00:00 AM",Night Run,4.0,33.15,8.29,,,4.0,33.15,8.29,,,,599.0,,,,,,,,,,,,,,,,False,False,False,False,False,False
"May 14, 2011, 11:44:37 AM",Morning Run,3.49,29.97,8.59,,,3.49,29.97,8.59,,,13.0,520.0,,,,,,,,,,,,,,,,False,False,False,False,False,False
"May 14, 2011, 4:00:00 AM",Night Run,3.29,27.0,8.21,,,3.29,27.0,8.21,,,,493.0,,,,,,,,,,,,,,,,False,False,False,False,False,False
"May 12, 2011, 4:00:00 AM",Night Run,3.26,27.0,8.28,,,3.26,27.0,8.28,,,,488.0,,,,,,,,,,,,,,,,False,False,False,False,False,False
"May 10, 2011, 6:48:48 AM",Night Run,3.49,27.98,8.02,,,3.49,27.98,8.02,,,18.4,521.0,,,,,,,,,,,,,,,,False,False,False,False,False,False
"May 5, 2011, 6:50:24 AM",Night Run,3.24,27.15,8.38,,,3.24,27.15,8.38,,,13.0,483.0,,,,,,,,,,,,,,,,False,False,False,False,False,False
"May 5, 2011, 4:00:00 AM",Night Run,3.37,30.0,8.9,,,3.37,30.0,8.9,,,,505.0,,,,,,,,,,,,,,,,False,False,False,False,False,False
"May 3, 2011, 6:37:17 PM",Lunch Run,3.49,30.12,8.63,,,3.49,30.12,8.63,,,10.7,521.0,,,,,,,,,,,,,,,,False,False,False,False,False,False
"May 1, 2011, 6:41:08 PM",Lunch Run,4.39,38.35,8.74,,,4.39,38.35,8.74,,,16.4,655.0,,,,,,,,,,,,,,,,False,False,False,False,False,False
"Apr 29, 2011, 12:12:32 PM",Morning Run,4.53,40.05,8.84,,,4.53,40.05,8.84,,,17.1,674.0,,,,,,,,,,,,,,,,False,False,False,False,False,False
"Apr 21, 2011, 7:09:40 PM",Lunch Run,3.5,29.03,8.29,,,3.5,29.03,8.29,,,12.5,521.0,,,,,,,,,,,,,,,,False,False,False,False,False,False
"Apr 15, 2011, 7:17:38 AM",Night Run,3.07,26.43,8.61,,,3.07,26.43,8.61,,,11.2,457.0,,,,,,,,,,,,,,,,False,False,False,False,False,False
"Apr 14, 2011, 6:57:25 AM",Night Run,2.91,22.42,7.7,,,2.91,22.42,7.7,,,17.9,436.0,,,,,,,,,,,,,,,,False,True,False,False,False,False
"Apr 10, 2011, 9:58:44 AM",Night Run,6.23,54.82,8.8,,,6.23,54.82,8.8,,,116.2,944.0,,,,,,,,,,,,,,,,False,False,False,False,False,False
"Apr 7, 2011, 7:29:40 AM",Night Run,2.82,22.55,8.0,,,2.82,22.55,8.0,,,16.7,423.0,,,,,,,,,,,,,,,,False,False,False,False,False,False
"Apr 5, 2011, 6:59:31 AM",Night Run,3.65,29.25,8.01,,,3.65,29.25,8.01,,,13.3,545.0,,,,,,,,,,,,,,,,False,False,False,False,False,False
"Apr 3, 2011, 8:58:48 AM",Night Run,4.05,36.08,8.91,,,4.05,36.08,8.91,,,73.3,615.0,,,,,,,,,,,,,,,,False,False,False,False,False,False
"Mar 27, 2011, 10:33:34 AM",Night Run,7.15,66.28,9.27,,,7.15,66.28,9.27,,,120.7,1083.0,,,,,,,,,,,,,,,,False,False,False,True,False,False
"Mar 19, 2011, 10:41:54 AM",Night Run,5.35,51.2,9.57,,,5.35,51.2,9.57,,,119.9,816.0,,,,,,,,,,,,,,,,False,False,False,True,False,False
"Mar 17, 2011, 4:10:00 AM",Night Run,3.26,30.0,9.2,,,3.26,30.0,9.2,,,,488.0,,,,,,,,,,,,,,,,False,False,False,True,False,False
"Mar 13, 2011, 10:23:33 AM",Night Run,8.74,83.35,9.54,,,8.74,83.35,9.54,,,134.6,1319.0,,,,,,,,,,,,,,,,False,False,False,True,False,False
"Mar 9, 2011, 12:11:56 PM",Morning Run,4.53,41.58,9.18,,,4.53,41.58,9.18,,,17.6,675.0,,,,,,,,,,,,,,,,False,False,False,True,False,False
"Mar 3, 2011, 12:16:07 PM",Morning Run,4.49,38.93,8.67,,,4.49,38.93,8.67,,,17.8,668.0,,,,,,,,,,,,,,,,False,False,False,False,False,False
"Feb 28, 2011, 12:14:07 PM",Morning Run,4.39,37.03,8.44,,,4.39,37.03,8.44,,,26.8,654.0,,,,,,,,,,,,,,,,False,False,False,False,False,False
"Feb 26, 2011, 5:10:00 AM",Night Run,3.36,30.0,8.93,,,3.36,30.0,8.93,,,,503.0,,,,,,,,,,,,,,,,False,False,False,False,False,False
"Feb 22, 2011, 12:28:57 PM",Morning Run,4.55,38.92,8.55,,,4.55,38.92,8.55,,,17.5,677.0,,,,,,,,,,,,,,,,False,False,False,False,False,False
"Feb 20, 2011, 8:34:00 AM",Night Run,10.66,96.05,9.01,,,10.66,96.05,9.01,,,82.7,1590.0,,,,,,,,,,,,,,,,False,False,False,True,False,False
"Feb 16, 2011, 12:12:51 PM",Morning Run,4.36,39.15,8.98,,,4.36,39.15,8.98,,,16.8,649.0,,,,,,,,,,,,,,,,False,False,False,False,False,False
"Feb 14, 2011, 12:14:04 PM",Morning Run,4.52,40.52,8.96,,,4.52,40.52,8.96,,,18.2,674.0,,,,,,,,,,,,,,,,False,False,False,False,False,False
"Feb 12, 2011, 4:30:38 PM",Morning Run,7.18,67.2,9.36,,,7.18,67.2,9.36,,,110.4,1084.0,,,,,,,,,,,,,,,,False,False,False,True,False,False
"Feb 9, 2011, 12:26:00 PM",Morning Run,7.74,67.72,8.75,,,7.74,67.72,8.75,,,4.7,1150.0,,,,,,,,,,,,,,,,False,False,False,False,False,False
"Feb 6, 2011, 7:56:17 AM",Night Run,7.18,66.92,9.32,,,7.18,66.92,9.32,,,110.7,1084.0,,,,,,,,,,,,,,,,False,False,False,True,False,False
"Feb 4, 2011, 12:27:36 PM",Morning Run,4.42,39.18,8.86,,,4.42,39.18,8.86,,,17.0,658.0,,,,,,,,,,,,,,,,False,False,False,False,False,False
"Feb 2, 2011, 12:16:37 PM",Morning Run,4.45,41.1,9.24,,,4.45,41.1,9.24,,,17.8,663.0,,,,,,,,,,,,,,,,False,False,False,True,False,False
"Jan 31, 2011, 5:10:00 AM",Night Run,3.38,30.5,9.02,,,3.38,30.5,9.02,,,,506.0,,,,,,,,,,,,,,,,False,False,False,True,False,False
"Jan 26, 2011, 12:10:09 PM",Morning Run,4.51,39.6,8.78,,,4.51,39.6,8.78,,,22.8,675.0,,,,,,,,,,,,,,,,False,False,False,False,False,False
"Jan 24, 2011, 12:13:19 PM",Morning Run,4.5,38.68,8.6,,,4.5,38.68,8.6,,,17.6,670.0,,,,,,,,,,,,,,,,False,False,False,False,False,False
"Jan 22, 2011, 11:28:50 AM",Night Run,7.11,69.33,9.75,,,7.11,69.33,9.75,,,116.2,1074.0,,,,,,,,,,,,,,,,False,False,False,True,False,False
"Jan 20, 2011, 12:18:03 PM",Morning Run,4.52,41.42,9.16,,,4.52,41.42,9.16,,,17.2,673.0,,,,,,,,,,,,,,,,False,False,False,True,False,False
"Jan 18, 2011, 12:22:00 PM",Morning Run,4.38,42.62,9.73,,,4.38,42.62,9.73,,,16.7,653.0,,,,,,,,,,,,,,,,False,False,False,True,False,False
"Jan 16, 2011, 4:07:47 PM",Morning Run,4.72,45.15,9.57,,,4.72,45.15,9.57,,,116.7,724.0,,,,,,,,,,,,,,,,False,False,False,True,False,False
"Jan 14, 2011, 12:07:23 PM",Morning Run,4.38,42.37,9.67,,,4.38,42.37,9.67,,,16.7,652.0,,,,,,,,,,,,,,,,False,False,False,True,False,False
"Jan 13, 2011, 12:10:28 PM",Morning Run,4.4,41.87,9.52,,,4.4,41.87,9.52,,,27.6,657.0,,,,,,,,,,,,,,,,False,False,False,True,False,False
"Jan 11, 2011, 12:12:53 PM",Morning Run,4.44,44.45,10.01,,,4.44,44.45,10.01,,,32.9,665.0,,,,,,,,,,,,,,,,False,False,False,True,False,False
"Jan 7, 2011, 12:22:55 PM",Morning Run,4.39,42.28,9.63,,,4.39,42.28,9.63,,,26.8,654.0,,,,,,,,,,,,,,,,False,False,False,True,False,False
"Jan 7, 2011, 5:10:00 AM",Night Run,3.75,35.03,9.34,,,3.75,35.03,9.34,,,,562.0,,,,,,,,,,,,,,,,False,False,False,True,False,False
"Jan 6, 2011, 5:10:00 AM",Night Run,5.0,46.42,9.28,,,5.0,46.42,9.28,,,,749.0,,,,,,,,,,,,,,,,False,False,False,True,False,False
"Jan 4, 2011, 5:10:00 AM",Night Run,3.76,35.0,9.31,,,3.76,35.0,9.31,,,,563.0,,,,,,,,,,,,,,,,False,False,False,True,False,False
"Jan 3, 2011, 5:10:00 AM",Night Run,4.2,40.07,9.54,,,4.2,40.07,9.54,,,,629.0,,,,,,,,,,,,,,,,False,False,False,True,False,False
"Jan 1, 2011, 5:20:00 AM",Night Run,4.52,42.0,9.29,,,4.52,42.0,9.29,,,,677.0,,,,,,,,,,,,,,,,False,False,False,True,False,False
"Dec 31, 2010, 5:20:00 AM",Night Run,4.26,41.0,9.62,,,4.26,41.0,9.62,,,,638.0,,,,,,,,,,,,,,,,False,False,False,True,False,False
"Dec 29, 2010, 5:20:00 AM",Night Run,4.39,41.0,9.34,,,4.39,41.0,9.34,,,,658.0,,,,,,,,,,,,,,,,False,False,False,True,False,False
"Dec 28, 2010, 5:20:00 AM",Night Run,4.35,41.5,9.54,,,4.35,41.5,9.54,,,,652.0,,,,,,,,,,,,,,,,False,False,False,True,False,False
"Dec 27, 2010, 5:10:00 AM",Night Run,4.71,45.0,9.55,,,4.71,45.0,9.55,,,,705.0,,,,,,,,,,,,,,,,False,False,False,True,False,False
"Dec 25, 2010, 5:10:00 AM",Night Run,3.67,36.0,9.81,,,3.67,36.0,9.81,,,,550.0,,,,,,,,,,,,,,,,False,False,False,True,False,False
"Dec 23, 2010, 5:10:00 AM",Night Run,3.63,38.0,10.47,,,3.63,38.0,10.47,,,,544.0,,,,,,,,,,,,,,,,False,False,False,True,False,False
"Dec 22, 2010, 5:10:00 AM",Night Run,3.6,35.0,9.72,,,3.6,35.0,9.72,,,,539.0,,,,,,,,,,,,,,,,False,False,False,True,False,False
"Dec 21, 2010, 5:10:00 AM",Night Run,3.6,35.0,9.72,,,3.6,35.0,9.72,,,,539.0,,,,,,,,,,,,,,,,False,False,False,True,False,False
"Dec 18, 2010, 5:10:00 AM",Night Run,3.31,33.0,9.97,,,3.31,33.0,9.97,,,,496.0,,,,,,,,,,,,,,,,False,False,False,True,False,False
"Dec 14, 2010, 5:10:00 AM",Night Run,3.57,35.05,9.82,,,3.57,35.05,9.82,,,,535.0,,,,,,,,,,,,,,,,False,False,False,True,False,False
"Dec 11, 2010, 5:10:00 AM",Night Run,4.5,45.0,10.0,,,4.5,45.0,10.0,,,,674.0,,,,,,,,,,,,,,,,False,False,False,True,False,False
