Activity Date,Activity Name,distance_miles,duration_min,pace_min_per_mile,avg_hr,max_hr,csv_distance_miles,csv_duration_min,csv_pace,csv_avg_hr,csv_max_hr,csv_elevation_gain,csv_calories,fit_distance_miles,fit_duration_min,fit_pace,fit_avg_hr,fit_max_hr,fit_min_hr,fit_zone1_pct,fit_zone2_pct,fit_zone3_pct,fit_zone4_pct,fit_zone5_pct,fit_elevation_gain_m,fit_elevation_loss_m,fit_avg_cadence,fit_pace_variability,is_long_run,is_tempo,is_speed_work,is_easy,is_marathon,is_bonked
"May 20, 2026, 2:06:05 AM",Morning Run,3.37,34.43,10.2,148.2,167,3.37,31.87,9.46,149.0,167.0,17.0,341.0,3.37,34.43,10.2,148.2,167,80,4.6,12.0,31.0,52.5,0.0,53.4,56.8,168.3,,False,False,False,True,False,False
"May 13, 2026, 1:53:17 AM",Test run,3.48,33.07,9.5,138.7,158,3.48,30.93,8.89,139.0,158.0,2.0,340.0,3.48,33.07,9.5,138.7,158,107,2.1,21.5,64.7,11.7,0.0,29.2,38.8,172.9,,False,False,False,True,False,False
"Apr 26, 2026, 8:48:04 AM",London Marathon 2026,26.48,205.1,7.75,166.2,174,26.48,202.63,7.65,166.0,174.0,141.0,2487.0,26.48,205.1,7.75,166.2,174,134,0.0,0.0,0.7,86.5,12.8,320.6,346.8,180.7,,True,True,False,False,True,False
"Apr 25, 2026, 8:36:46 AM",Morning Run,3.15,32.45,10.29,116.5,142,3.15,32.33,10.26,116.0,142.0,21.0,283.0,3.15,32.45,10.29,116.5,142,75,41.1,51.8,7.2,0.0,0.0,53.4,43.2,172.4,,False,False,False,True,False,False
"Apr 23, 2026, 5:53:29 AM",Morning Run,1.94,18.15,9.33,134.5,149,2.05,18.15,8.85,135.0,149.0,0.0,177.0,1.94,18.15,9.33,134.5,149,88,6.6,17.2,76.1,0.0,0.0,0,0,173.2,,False,False,False,True,False,False
"Apr 20, 2026, 1:11:04 AM",Last sesh,5.42,48.05,8.87,156.8,175,5.42,45.62,8.42,159.0,175.0,14.0,532.0,5.42,48.05,8.87,156.8,175,73,3.0,6.8,18.8,49.1,22.4,56.4,59.0,178.2,,False,False,False,False,False,False
"Apr 18, 2026, 3:17:17 AM",CD,0.5,4.13,,139.8,151,0.5,4.13,,140.0,151.0,0.0,45.0,0.5,4.13,,139.8,151,112,2.0,16.5,81.5,0.0,0.0,0,0,178.8,,False,False,False,False,False,False
"Apr 18, 2026, 2:22:02 AM",Controlled Track,5.71,52.68,9.22,152.4,170,5.71,47.87,8.38,155.0,170.0,0.0,522.0,5.71,52.68,9.22,152.4,170,77,3.9,12.0,16.5,67.7,0.0,10.6,0,181.8,,False,False,False,True,False,False
"Apr 17, 2026, 6:07:20 AM",Morning Run,3.47,28.42,8.19,130.4,142,3.17,28.42,8.97,130.0,142.0,0.0,260.0,3.47,28.42,8.19,130.4,142,63,4.0,39.2,56.9,0.0,0.0,0,0,177.1,,False,False,False,False,False,False
"Apr 15, 2026, 2:25:46 AM",Intervals w Paul,5.34,44.92,8.41,157.9,174,5.34,41.82,7.83,158.0,174.0,10.0,485.0,5.34,44.92,8.41,157.9,174,100,0.6,4.1,27.8,45.9,21.6,53.8,57.0,179.7,,False,False,False,False,False,False
"Apr 14, 2026, 2:21:16 AM",Bday Run 🥳🥳,4.84,53.42,11.04,127.6,158,4.84,47.77,9.87,129.0,158.0,28.0,472.0,4.84,53.42,11.04,127.6,158,72,14.3,47.9,35.4,2.4,0.0,78.8,86.4,172.4,,False,False,False,True,False,False
"Apr 12, 2026, 2:05:26 PM",Evening Run,11.29,105.53,9.35,151.5,169,12.44,96.57,7.76,147.0,169.0,0.0,1042.0,11.29,105.53,9.35,151.5,169,57,1.3,10.3,23.1,65.3,0.0,0,0,180.3,,False,False,False,True,False,False
"Apr 11, 2026, 2:37:23 AM",Morning Run,5.23,47.4,9.07,153.8,177,5.23,37.48,7.17,158.0,177.0,0.0,508.0,5.23,47.4,9.07,153.8,177,67,3.9,10.4,19.2,50.9,15.6,7.0,0,180.2,,False,False,False,True,False,False
"Apr 11, 2026, 2:24:08 AM",Morning Run,0.34,2.95,,138.6,144,0.34,2.9,,139.0,144.0,0.0,31.0,0.34,2.95,,138.6,144,133,0.0,0.0,100.0,0.0,0.0,1.2,0,172.3,,False,False,False,False,False,False
"Apr 9, 2026, 2:18:29 AM",Taper Intervals,5.72,51.02,8.92,156.5,176,5.72,45.03,7.87,157.0,176.0,19.0,522.0,5.72,51.02,8.92,156.5,176,95,0.8,5.3,30.1,43.0,20.8,62.8,60.6,180.0,,False,False,False,False,False,False
"Apr 8, 2026, 2:37:50 AM",Morning Run,7.05,63.9,9.06,146.1,162,7.05,60.83,8.63,146.0,162.0,61.0,652.0,7.05,63.9,9.06,146.1,162,62,1.6,3.1,60.4,34.9,0.0,150.0,151.8,175.4,,False,False,False,True,False,False
"Apr 7, 2026, 2:22:32 AM",Morning Run,5.63,50.98,9.05,149.2,165,5.63,49.08,8.72,149.0,165.0,42.0,535.0,5.63,50.98,9.05,149.2,165,92,0.4,1.9,54.9,42.7,0.0,160.4,157.0,177.2,,False,False,False,True,False,False
"Apr 5, 2026, 1:33:44 AM",Morning Run,20.52,167.12,8.15,163.9,175,20.52,163.22,7.95,164.0,175.0,60.0,1908.0,20.52,167.12,8.15,163.9,175,85,0.2,1.3,6.9,62.9,28.6,256.4,265.4,177.7,,True,False,False,False,False,False
"Apr 4, 2026, 2:20:49 AM",Morning Run,8.11,70.47,8.69,148.2,167,8.1,68.88,8.5,148.0,167.0,25.0,750.0,8.11,70.47,8.69,148.2,167,101,0.5,3.6,70.9,25.0,0.0,92.6,95.6,180.8,,False,False,False,False,False,False
"Apr 4, 2026, 1:48:48 AM",Morning Run,1.32,10.93,8.28,156.4,164,1.32,10.52,7.97,157.0,164.0,9.0,120.0,1.32,10.93,8.28,156.4,164,98,1.6,3.0,10.6,84.8,0.0,17.8,15.2,177.5,,False,False,False,False,False,False
"Apr 2, 2026, 2:33:49 AM",Intervals w Paul,5.63,46.75,8.31,167.2,182,5.63,43.22,7.68,167.0,182.0,15.0,527.0,5.63,46.75,8.31,167.2,182,110,0.3,0.5,9.0,40.0,50.2,93.8,103.4,179.7,,False,False,False,False,False,False
"Apr 2, 2026, 2:28:16 AM",Morning Run,0.35,3.03,,163.2,171,0.35,3.03,,163.0,171.0,0.0,36.0,0.35,3.03,,163.2,171,149,0.0,0.0,9.8,86.9,3.3,3.8,5.0,177.4,,False,False,False,False,False,False
"Mar 31, 2026, 2:47:30 AM",CD,1.88,16.77,8.9,145.4,159,1.88,16.77,8.92,145.0,159.0,10.0,177.0,1.88,16.77,8.9,145.4,159,90,2.0,0.9,72.0,25.1,0.0,24.2,19.8,174.7,,False,False,False,False,False,False
"Mar 31, 2026, 2:11:47 AM",Beautiful drizzle,3.09,25.82,8.35,161.5,178,3.09,24.15,7.82,163.0,178.0,6.0,290.0,3.09,25.82,8.35,161.5,178,70,2.6,4.3,21.1,15.0,56.9,35.2,37.2,177.6,,False,False,False,False,False,False
"Mar 29, 2026, 6:20:03 AM",Morning Run,4.67,42.27,9.05,127.5,136,4.67,42.27,9.05,128.0,136.0,0.0,348.0,4.67,42.27,9.05,127.5,136,84,4.3,81.9,13.8,0.0,0.0,0,0,170.3,,False,False,False,True,False,False
"Mar 29, 2026, 2:50:17 AM",Morning Run,4.43,65.3,14.73,114.1,142,4.43,45.7,10.32,116.0,142.0,35.0,372.0,4.43,65.3,14.73,114.1,142,55,38.0,51.1,11.0,0.0,0.0,69.2,75.6,173.4,,False,False,False,True,False,False
"Mar 28, 2026, 1:19:45 AM",Long Run,21.77,189.1,8.69,157.5,170,21.77,175.22,8.05,158.0,170.0,97.0,1985.0,21.77,189.1,8.69,157.5,170,78,0.3,1.5,26.7,71.4,0.0,427.4,434.2,175.9,,True,False,False,False,False,False
"Mar 27, 2026, 10:09:16 AM",Afternoon Run,8.78,88.05,10.03,127.8,139,9.49,88.05,9.28,128.0,139.0,0.0,662.0,8.78,88.05,10.03,127.8,139,82,6.7,72.9,20.4,0.0,0.0,0,0,169.2,,False,False,False,True,False,False
"Mar 25, 2026, 2:23:30 AM",Intervals Paul,6.05,50.98,8.42,156.0,177,6.05,49.92,8.25,158.0,177.0,11.0,560.0,6.05,50.98,8.42,156.0,177,79,6.2,4.9,21.1,32.1,35.7,81.4,97.4,177.5,,False,False,False,False,False,False
"Mar 24, 2026, 2:32:44 AM",Morning Run,4.98,55.33,11.1,144.1,174,4.98,48.95,9.83,139.0,174.0,77.0,474.0,4.98,55.33,11.1,144.1,174,96,4.3,21.3,40.0,31.1,3.4,105.2,109.0,171.8,,False,False,False,True,False,False
"Mar 24, 2026, 2:13:52 AM",Morning Run,1.5,12.7,8.48,142.6,153,1.5,12.7,8.47,143.0,153.0,6.0,133.0,1.5,12.7,8.48,142.6,153,118,0.0,17.7,80.1,2.2,0.0,15.0,8.8,174.8,,False,False,False,False,False,False
"Mar 23, 2026, 1:33:40 AM",Morning Run,9.45,76.22,8.07,165.7,180,9.44,73.85,7.82,166.0,180.0,29.0,901.0,9.45,76.22,8.07,165.7,180,71,0.6,1.0,2.9,54.8,40.6,159.0,157.4,176.2,,False,False,False,False,False,False
"Mar 21, 2026, 3:43:31 AM",Morning Run,0.67,10.63,15.94,132.8,161,0.67,8.37,12.49,132.0,161.0,1.0,76.0,0.67,10.63,15.94,132.8,161,98,11.1,39.3,41.1,8.5,0.0,5.8,0,163.8,,False,False,False,True,False,False
"Mar 21, 2026, 2:47:57 AM",Morning Run,5.24,52.23,9.96,155.0,180,5.24,50.85,9.7,162.0,180.0,0.0,542.0,5.24,52.23,9.96,155.0,180,87,1.3,15.1,16.9,51.0,15.7,5.0,0,183.1,,False,False,False,True,False,False
"Mar 21, 2026, 2:22:32 AM",Morning Run,1.25,15.53,12.42,132.7,149,1.25,11.13,8.9,133.0,149.0,0.0,112.0,1.25,15.53,12.42,132.7,149,65,8.2,8.3,83.5,0.0,0.0,0.8,0,175.2,,False,False,False,True,False,False
"Mar 20, 2026, 10:43:32 AM",Afternoon Run,3.51,37.05,10.55,115.7,127,3.17,37.05,11.69,116.0,127.0,0.0,247.0,3.51,37.05,10.55,115.7,127,67,27.1,72.9,0.0,0.0,0.0,0,0,169.7,,False,False,False,True,False,False
"Mar 19, 2026, 9:46:42 AM",EZ Treadmill,7.48,67.33,9.0,141.2,152,7.52,65.48,8.71,140.0,152.0,0.0,654.0,7.48,67.33,9.0,141.2,152,91,1.7,12.7,85.4,0.2,0.0,0,0,176.5,,False,False,False,True,False,False
"Mar 15, 2026, 1:47:18 AM",Mount Furjan,15.04,161.52,10.74,145.1,164,15.04,143.88,9.57,140.0,164.0,326.0,1346.0,15.04,161.52,10.74,145.1,164,66,0.9,10.3,57.3,31.6,0.0,365.6,364.4,175.8,,True,False,False,True,False,False
"Mar 14, 2026, 3:33:51 AM",CD,0.95,14.65,15.38,138.7,154,0.95,9.13,9.61,141.0,154.0,0.0,93.0,0.95,14.65,15.38,138.7,154,74,7.8,13.5,73.3,5.4,0.0,3.8,0,176.4,,False,False,False,True,False,False
"Mar 14, 2026, 2:43:53 AM",SubClub DXB,5.61,47.13,8.4,156.5,178,5.61,44.5,7.93,158.0,178.0,1.0,526.0,5.61,47.13,8.4,156.5,178,93,0.4,7.3,30.1,39.5,22.8,9.8,0,179.3,,False,False,False,False,False,False
"Mar 14, 2026, 2:14:17 AM",WU,1.21,13.43,11.11,129.7,149,1.21,12.78,10.56,129.0,149.0,0.0,128.0,1.21,13.43,11.11,129.7,149,73,7.1,61.8,31.1,0.0,0.0,0,0,167.1,,False,False,False,True,False,False
"Mar 13, 2026, 7:50:56 AM",EZ treamill,10.25,86.3,8.42,129.4,140,9.54,86.3,9.05,129.0,140.0,0.0,677.0,10.25,86.3,8.42,129.4,140,72,4.0,61.2,34.8,0.0,0.0,0,0,172.1,,False,False,False,False,False,False
"Mar 12, 2026, 2:24:50 AM",15 with Andrea,9.55,85.18,8.92,146.7,166,9.54,82.58,8.66,147.0,166.0,20.0,876.0,9.55,85.18,8.92,146.7,166,113,0.0,3.2,66.5,30.3,0.0,105.6,117.6,176.3,0.276,False,False,False,False,False,False
"Mar 11, 2026, 1:19:57 AM",Intervals,4.38,36.83,8.4,162.6,176,4.38,36.83,8.41,163.0,176.0,12.0,435.0,4.38,36.83,8.4,162.6,176,108,0.7,0.6,10.8,66.4,21.5,35.4,46.0,175.2,,False,False,False,False,False,False
"Mar 10, 2026, 1:27:25 PM",Afternoon Run,4.55,43.15,9.49,142.6,156,4.55,43.15,9.48,143.0,156.0,24.0,437.0,4.55,43.15,9.49,142.6,156,66,1.3,6.4,86.9,5.4,0.0,108.4,112.6,169.0,,False,False,False,True,False,False
"Mar 8, 2026, 5:05:52 PM",Night Run,5.24,47.85,9.14,161.1,178,5.24,46.52,8.88,166.0,178.0,0.0,525.0,5.24,47.85,9.14,161.1,178,87,0.5,10.1,14.7,25.7,49.0,3.6,0,178.9,,False,False,False,True,False,False
"Mar 8, 2026, 4:47:10 PM",Evening Run,1.27,10.32,8.11,140.8,157,1.27,10.32,8.13,141.0,157.0,2.0,110.0,1.27,10.32,8.11,140.8,157,65,5.8,6.9,62.4,24.8,0.0,13.6,10.4,179.2,,False,False,False,False,False,False
"Mar 7, 2026, 3:18:48 AM",Morning Run,8.28,70.32,8.49,150.3,173,8.28,69.53,8.4,150.0,173.0,29.0,764.0,8.28,70.32,8.49,150.3,173,79,0.8,4.0,46.2,48.0,0.9,81.0,87.0,175.9,,False,False,False,False,False,False
"Mar 6, 2026, 10:04:09 AM",Afternoon Run,5.51,47.32,8.59,156.6,178,5.9,47.32,8.02,157.0,178.0,0.0,534.0,5.51,47.32,8.59,156.6,178,87,1.1,14.1,13.6,42.8,28.4,0,0,173.4,,False,False,False,False,False,False
"Mar 3, 2026, 5:18:24 PM",Night Run,4.38,48.6,11.1,145.0,174,4.38,42.12,9.62,144.0,174.0,87.0,487.0,4.38,48.6,11.1,145.0,174,89,2.2,23.1,37.7,35.4,1.6,126.2,122.8,162.9,,False,False,False,True,False,False
"Mar 3, 2026, 4:45:08 PM",Evening Run,0.93,10.32,11.11,116.6,127,0.93,9.6,10.32,117.0,127.0,4.0,82.0,0.93,10.32,11.11,116.6,127,67,19.1,80.9,0.0,0.0,0.0,12.0,11.2,169.4,,False,False,False,True,False,False
"Mar 2, 2026, 12:35:05 PM",Afternoon Run,6.85,65.57,9.57,136.3,146,7.52,65.57,8.72,136.0,146.0,0.0,608.0,6.85,65.57,9.57,136.3,146,71,4.9,14.6,80.5,0.0,0.0,0,0,175.4,,False,False,False,True,False,False
"Feb 28, 2026, 4:19:55 AM",Morning Run,1.37,11.12,8.12,158.9,167,1.37,11.03,8.05,159.0,167.0,0.0,130.0,1.37,11.12,8.12,158.9,167,112,1.3,1.2,13.8,83.7,0.0,13.8,6.8,178.0,,False,False,False,False,False,False
"Feb 28, 2026, 3:31:01 AM",Morning Run,5.21,45.88,8.81,164.4,181,5.21,45.67,8.77,168.0,181.0,7.0,530.0,5.21,45.88,8.81,164.4,181,111,0.3,6.7,14.5,23.4,55.2,11.2,0,182.5,,False,False,False,False,False,False
"Feb 28, 2026, 3:01:44 AM",Morning Run,1.51,21.32,14.13,150.7,172,1.51,12.08,8.0,151.0,172.0,20.0,135.0,1.51,21.32,14.13,150.7,172,66,4.8,5.1,38.6,41.9,9.6,19.8,5.4,177.8,,False,False,False,True,False,False
"Feb 24, 2026, 7:23:04 PM",Night Run,3.2,32.2,10.07,135.1,154,3.2,29.68,9.27,135.0,154.0,20.0,295.0,3.2,32.2,10.07,135.1,154,69,5.0,33.2,57.4,4.4,0.0,43.2,29.8,170.6,,False,False,False,True,False,False
"Feb 23, 2026, 6:00:04 PM",Night Run,6.33,62.78,9.92,153.8,177,6.33,61.98,9.79,154.0,177.0,79.0,660.0,6.33,62.78,9.92,153.8,177,115,0.0,0.8,44.8,44.2,10.3,136.8,140.6,167.8,,False,False,False,True,False,False
"Feb 23, 2026, 5:33:15 PM",Night Run,1.41,12.27,8.67,144.6,159,1.41,12.27,8.7,145.0,159.0,11.0,130.0,1.41,12.27,8.67,144.6,159,67,3.9,7.5,45.2,43.4,0.0,19.4,9.0,173.0,,False,False,False,False,False,False
"Feb 22, 2026, 2:05:14 PM",Testing Superblast3,7.75,72.6,9.37,157.4,168,7.75,65.27,8.42,158.0,168.0,45.0,731.0,7.75,72.6,9.37,157.4,168,73,0.8,2.4,15.6,81.2,0.0,125.6,123.6,171.8,,False,False,False,True,False,False
"Feb 19, 2026, 6:40:13 PM",Night Run,1.51,12.43,8.23,130.1,141,1.25,12.43,9.94,130.0,141.0,0.0,113.0,1.51,12.43,8.23,130.1,141,83,7.1,33.2,59.7,0.0,0.0,0,0,169.5,,False,False,False,False,False,False
"Feb 16, 2026, 2:05:55 AM",Morning Run,4.76,45.05,9.47,153.3,177,4.75,44.25,9.32,153.0,177.0,87.0,481.0,4.76,45.05,9.47,153.3,177,104,0.5,2.7,48.0,36.3,12.6,185.8,188.2,170.2,,False,False,False,True,False,False
"Feb 16, 2026, 1:44:11 AM",Morning Run,1.13,10.25,9.04,139.6,154,1.13,10.25,9.07,140.0,154.0,11.0,105.0,1.13,10.25,9.04,139.6,154,64,6.2,9.3,72.9,11.7,0.0,31.8,28.4,170.3,,False,False,False,True,False,False
"Feb 11, 2026, 1:41:37 AM",Morning Run,3.38,39.78,11.78,143.9,176,3.38,33.3,9.85,145.0,176.0,2.0,319.0,3.38,39.78,11.78,143.9,176,91,9.8,19.1,33.2,26.4,11.5,41.6,48.8,166.0,,False,False,False,True,False,False
"Feb 10, 2026, 1:43:05 AM",Morning Run,5.4,45.35,8.41,150.3,171,5.39,45.35,8.41,150.0,171.0,29.0,493.0,5.4,45.35,8.41,150.3,171,112,0.2,1.5,61.0,36.9,0.4,79.4,74.4,174.0,,False,False,False,False,False,False
"Feb 8, 2026, 2:31:50 AM",Burj 2 Burj 2026,13.18,94.7,7.18,171.7,175,13.18,94.7,7.19,172.0,175.0,48.0,1191.0,13.18,94.7,7.18,171.7,175,126,0.0,0.2,0.3,13.1,86.3,128.4,130.4,178.8,,False,True,False,False,False,False
"Feb 7, 2026, 3:13:56 AM",Morning Run,3.68,36.9,10.02,138.1,151,3.68,34.42,9.35,138.0,151.0,9.0,344.0,3.68,36.9,10.02,138.1,151,84,3.2,7.1,89.7,0.0,0.0,40.0,44.8,172.4,,False,False,False,True,False,False
"Feb 5, 2026, 7:02:09 AM",Lunch Run,5.42,44.77,8.27,148.2,174,5.42,44.77,8.26,148.0,174.0,0.0,467.0,5.42,44.77,8.27,148.2,174,77,0.8,21.8,22.4,54.1,0.9,0,0,174.7,,False,False,False,False,False,False
"Feb 3, 2026, 7:45:51 AM",Lunch Run,2.03,18.7,9.21,149.7,172,2.03,17.57,8.66,148.0,172.0,0.0,184.0,2.03,18.7,9.21,149.7,172,87,2.2,16.9,32.7,35.9,12.4,0,0,172.9,,False,False,False,True,False,False
"Feb 3, 2026, 2:16:10 AM",Morning Run,2.74,24.58,8.97,158.8,179,2.74,21.8,7.96,161.0,179.0,6.0,275.0,2.74,24.58,8.97,158.8,179,93,0.8,13.8,16.1,23.8,45.5,36.2,34.0,171.4,,False,False,False,False,False,False
"Feb 3, 2026, 2:05:30 AM",Morning Run,0.61,5.87,9.66,135.3,149,0.61,5.87,9.62,135.0,149.0,9.0,58.0,0.61,5.87,9.66,135.3,149,81,7.9,16.7,75.4,0.0,0.0,12.8,2.0,171.0,,False,False,False,True,False,False
"Feb 1, 2026, 4:03:37 AM",Dubai Marathon 10k,6.25,44.28,7.08,173.2,181,6.25,44.28,7.08,173.0,181.0,11.0,563.0,6.25,44.28,7.08,173.2,181,125,0.0,0.5,1.1,17.8,80.6,61.2,73.6,179.9,,False,True,False,False,False,False
"Feb 1, 2026, 3:26:42 AM",Morning Run,0.63,9.35,14.95,111.1,133,0.62,8.77,14.15,112.0,133.0,13.0,59.0,0.63,9.35,14.95,111.1,133,80,54.1,43.4,2.5,0.0,0.0,19.2,9.6,145.4,,False,False,False,True,False,False
"Jan 31, 2026, 3:46:28 AM",ASICS Social Shakeout,2.57,24.25,9.45,140.9,161,2.57,24.25,9.44,141.0,161.0,5.0,247.0,2.57,24.25,9.45,140.9,161,93,1.2,13.2,65.9,19.7,0.0,32.8,36.6,171.4,,False,False,False,True,False,False
"Jan 31, 2026, 2:08:39 AM",Morning Run,9.89,80.48,8.14,158.9,168,9.89,78.63,7.95,159.0,168.0,42.0,890.0,9.89,80.48,8.14,158.9,168,88,0.4,0.8,12.0,86.8,0.0,136.4,140.8,175.8,,False,False,False,False,False,False
"Jan 29, 2026, 7:48:06 AM",Lunch Run,7.46,60.02,8.05,154.6,175,7.58,60.02,7.92,155.0,175.0,0.0,640.0,7.46,60.02,8.05,154.6,175,82,0.4,9.6,14.0,67.3,8.6,0,0,173.5,,False,False,False,False,False,False
"Jan 27, 2026, 7:53:16 AM",Lunch Run,6.45,60.47,9.37,155.8,177,7.15,60.47,8.46,156.0,177.0,0.0,645.0,6.45,60.47,9.37,155.8,177,78,0.7,1.5,35.6,43.6,18.5,0,0,170.3,,False,False,False,True,False,False
"Jan 26, 2026, 8:00:52 AM",EZ 45,5.47,44.82,8.19,139.1,150,4.97,44.82,9.02,139.0,150.0,0.0,427.0,5.47,44.82,8.19,139.1,150,64,1.1,19.1,79.7,0.0,0.0,0,0,174.7,,False,False,False,False,False,False
"Jan 24, 2026, 2:35:54 AM",Med long run +Hills,10.41,96.02,9.22,150.9,170,10.41,90.15,8.66,151.0,170.0,194.0,958.0,10.41,96.02,9.22,150.9,170,92,0.3,2.5,48.9,48.3,0.0,241.2,247.8,175.4,,False,False,False,True,False,False
"Jan 22, 2026, 6:27:19 AM",Morning Run,8.33,63.12,7.58,156.9,172,8.11,63.12,7.78,157.0,172.0,0.0,691.0,8.33,63.12,7.58,156.9,172,79,0.6,12.6,4.7,81.0,1.2,0,0,176.2,,False,True,False,False,False,False
"Jan 20, 2026, 1:39:20 AM",1-2-1-2-1,7.41,70.12,9.47,153.0,179,7.41,67.48,9.11,156.0,179.0,27.0,710.0,7.41,70.12,9.47,153.0,179,92,4.8,8.4,29.7,26.9,30.1,89.0,85.8,177.1,,False,False,False,True,False,False
"Jan 19, 2026, 7:22:04 AM",Lunch Run,0.62,10.45,16.84,134.7,168,0.62,10.45,16.85,134.0,168.0,0.0,91.0,0.62,10.45,16.84,134.7,168,61,20.7,22.2,27.5,29.6,0.0,0,0,161.2,,False,False,False,True,False,False
"Jan 19, 2026, 2:33:29 AM",Morning Run,3.11,27.98,8.99,156.4,176,3.11,27.27,8.77,156.0,176.0,60.0,307.0,3.11,27.98,8.99,156.4,176,109,0.5,0.5,44.0,40.1,14.9,77.2,79.2,172.1,,False,False,False,False,False,False
"Jan 19, 2026, 2:15:04 AM",Morning Run,1.12,10.17,9.1,140.9,155,1.12,10.17,9.08,141.0,155.0,16.0,104.0,1.12,10.17,9.1,140.9,155,69,6.1,7.5,79.2,7.2,0.0,26.6,13.8,172.4,,False,False,False,True,False,False
"Jan 17, 2026, 2:23:43 AM",Morning Run,8.18,75.85,9.27,150.3,159,8.18,70.05,8.56,150.0,159.0,24.0,743.0,8.18,75.85,9.27,150.3,159,97,0.5,4.0,35.3,60.2,0.0,171.8,181.2,176.5,,False,False,False,True,False,False
"Jan 15, 2026, 6:29:03 AM",Morning Run,4.99,50.9,10.21,160.1,177,6.26,50.9,8.13,160.0,177.0,0.0,559.0,4.99,50.9,10.21,160.1,177,92,0.5,5.7,13.0,60.5,20.3,0,0,172.1,,False,False,False,True,False,False
"Jan 14, 2026, 2:19:19 AM",Morning Run,1.23,22.58,18.37,138.5,174,1.23,11.5,9.35,139.0,174.0,7.0,111.0,1.23,22.58,18.37,138.5,174,70,11.7,10.4,52.7,20.3,4.9,20.6,18.8,178.8,,False,False,False,True,False,False
"Jan 13, 2026, 8:21:39 AM",Lunch Run,3.93,35.05,8.93,133.2,146,3.42,35.05,10.25,133.0,146.0,0.0,307.0,3.93,35.05,8.93,133.2,146,93,1.2,44.7,54.1,0.0,0.0,0,0,170.0,,False,False,False,False,False,False
"Jan 11, 2026, 2:25:11 AM",Morning Run,12.98,99.87,7.69,169.3,178,12.98,99.77,7.69,169.0,178.0,63.0,1187.0,12.98,99.87,7.69,169.3,178,134,0.0,0.0,0.3,47.5,52.2,158.0,159.4,178.1,,False,True,False,False,False,False
"Jan 10, 2026, 3:13:26 AM",Morning Run,3.69,36.22,9.82,142.5,179,3.69,35.73,9.68,143.0,179.0,0.0,343.0,3.69,36.22,9.82,142.5,179,97,9.0,46.5,4.3,18.9,21.2,37.6,42.4,170.4,,False,False,False,True,False,False
"Jan 9, 2026, 2:12:21 AM",Morning Run,5.89,49.9,8.47,153.2,175,5.89,49.85,8.46,153.0,175.0,3.0,548.0,5.89,49.9,8.47,153.2,175,117,0.0,5.4,52.3,25.2,17.0,64.6,70.8,180.1,,False,False,False,False,False,False
"Jan 8, 2026, 8:10:26 AM",Lunch Run,1.44,11.85,8.23,136.4,147,1.44,11.85,8.23,136.0,147.0,0.0,114.0,1.44,11.85,8.23,136.4,147,86,4.8,6.6,88.6,0.0,0.0,0,0,172.2,,False,False,False,False,False,False
"Jan 4, 2026, 1:34:29 AM",BYD Karachi Marathon,26.83,213.55,7.96,172.5,185,26.83,213.55,7.96,173.0,185.0,27.0,2632.0,26.83,213.55,7.96,172.5,185,135,0.0,0.0,0.1,16.4,83.5,236.0,233.6,177.9,,True,True,False,False,True,False
"Dec 28, 2025, 2:50:35 AM",Morning Run,1.75,26.8,15.31,123.6,147,1.75,19.28,11.02,126.0,147.0,7.0,216.0,1.75,26.8,15.31,123.6,147,53,22.9,48.2,29.0,0.0,0.0,28.6,29.2,168.2,,False,False,False,True,False,False
"Dec 27, 2025, 5:46:39 AM",Morning Run,6.09,55.17,9.06,140.2,160,6.84,55.17,8.07,140.0,160.0,0.0,543.0,6.09,55.17,9.06,140.2,160,91,6.3,24.8,41.8,27.1,0.0,0,0,175.4,,False,False,False,True,False,False
"Dec 26, 2025, 3:26:31 AM",Morning Run,3.82,34.48,9.03,147.5,163,3.82,34.48,9.03,148.0,163.0,7.0,369.0,3.82,34.48,9.03,147.5,163,72,1.5,2.1,72.2,24.3,0.0,41.2,43.8,177.4,,False,False,False,True,False,False
"Dec 25, 2025, 3:40:41 AM",Morning Run,4.28,37.17,8.68,160.8,184,4.28,36.43,8.51,161.0,184.0,5.0,433.0,4.28,37.17,8.68,160.8,184,83,2.3,3.3,31.7,18.1,44.5,47.8,57.0,172.2,,False,False,False,False,False,False
"Dec 23, 2025, 3:16:06 AM",Morning Run,5.29,43.23,8.18,158.2,182,5.29,43.15,8.16,158.0,182.0,8.0,505.0,5.29,43.23,8.18,158.2,182,75,1.0,3.8,36.1,24.7,34.4,49.2,57.2,177.8,,False,False,False,False,False,False
"Dec 21, 2025, 2:36:54 AM",Morning Trail Run,14.64,248.13,16.95,133.3,163,14.64,229.55,15.68,138.0,163.0,583.0,1681.0,14.64,248.13,16.95,133.3,163,70,13.1,26.4,49.5,11.0,0.0,785.2,779.0,154.3,,False,False,False,True,False,False
"Dec 20, 2025, 2:54:25 AM",Morning Run,11.25,92.78,8.25,161.6,179,11.25,87.4,7.77,162.0,179.0,21.0,1038.0,11.25,92.78,8.25,161.6,179,75,0.6,1.0,9.7,72.7,16.1,174.0,181.2,175.8,,False,False,False,False,False,False
"Dec 19, 2025, 5:30:25 AM",Morning Run,5.89,46.17,7.84,131.1,145,5.04,46.17,9.16,131.0,145.0,0.0,409.0,5.89,46.17,7.84,131.1,145,72,7.2,34.9,58.0,0.0,0.0,0,0,172.3,,False,True,False,False,False,False
"Dec 18, 2025, 2:36:57 AM",Morning Run,2.65,25.05,9.44,168.9,182,2.65,18.82,7.1,169.0,182.0,50.0,239.0,2.65,25.05,9.44,168.9,182,101,1.0,4.3,5.6,17.4,71.7,70.4,69.4,177.6,,False,False,False,True,False,False
"Dec 16, 2025, 10:13:57 AM",Afternoon Run,6.11,53.75,8.8,150.9,171,6.96,53.75,7.72,151.0,171.0,0.0,594.0,6.11,53.75,8.8,150.9,171,88,1.6,13.2,22.6,62.5,0.1,0,0,174.3,,False,False,False,False,False,False
"Dec 15, 2025, 5:13:11 AM",Morning Run,5.6,58.77,10.5,132.6,142,5.6,56.92,10.16,133.0,142.0,7.0,537.0,5.6,58.77,10.5,132.6,142,95,1.0,43.5,55.5,0.0,0.0,78.0,82.2,172.4,,False,False,False,True,False,False
"Dec 14, 2025, 3:10:02 AM",Morning Run,8.14,80.38,9.88,136.3,160,8.13,77.88,9.58,136.0,160.0,44.0,790.0,8.14,80.38,9.88,136.3,160,61,1.6,35.8,47.6,15.0,0.0,155.0,157.0,173.9,,False,False,False,True,False,False
"Dec 12, 2025, 3:20:22 AM",Morning Run,0.94,7.25,7.69,161.0,172,0.94,7.17,7.63,161.0,172.0,20.0,83.0,0.94,7.25,7.69,161.0,172,77,4.1,2.1,1.4,86.2,6.2,25.2,5.2,174.1,,False,True,False,False,False,False
"Dec 11, 2025, 5:10:05 AM",Morning Run,2.49,27.2,10.92,151.1,162,2.49,23.17,9.31,151.0,162.0,9.0,253.0,2.49,27.2,10.92,151.1,162,118,0.0,2.4,44.6,53.0,0.0,55.2,52.2,173.8,,False,False,False,True,False,False
"Dec 11, 2025, 4:26:19 AM",Morning Run,3.97,38.42,9.69,163.3,182,3.97,34.47,8.68,163.0,182.0,14.0,412.0,3.97,38.42,9.69,163.3,182,114,0.0,1.4,17.5,40.5,40.6,83.2,87.8,173.5,,False,False,False,True,False,False
"Dec 11, 2025, 3:40:27 AM",Morning Run,3.62,42.97,11.88,143.9,164,3.62,32.23,8.9,144.0,164.0,6.0,345.0,3.62,42.97,11.88,143.9,164,79,3.1,13.8,56.9,26.2,0.0,66.4,63.6,174.3,,False,False,False,True,False,False
"Dec 8, 2025, 2:32:59 AM",Blitz run club W9,5.45,48.25,8.86,160.3,185,5.44,45.38,8.34,160.0,185.0,4.0,535.0,5.45,48.25,8.86,160.3,185,119,0.0,5.3,21.8,42.3,30.6,58.8,67.4,170.0,,False,False,False,False,False,False
"Dec 6, 2025, 1:41:38 AM",90’,11.27,98.85,8.77,160.7,171,11.27,90.28,8.01,161.0,171.0,9.0,1068.0,11.27,98.85,8.77,160.7,171,70,0.9,0.9,6.3,91.7,0.1,115.6,123.0,176.0,,False,False,False,False,False,False
"Dec 4, 2025, 2:19:06 AM",Morning Run,4.87,39.97,8.21,166.1,183,4.87,39.33,8.08,166.0,183.0,6.0,493.0,4.87,39.97,8.21,166.1,183,115,0.0,0.6,15.8,36.0,47.5,56.4,55.4,172.5,,False,False,False,False,False,False
"Dec 4, 2025, 2:03:12 AM",Morning Run,1.23,9.98,8.11,153.9,167,1.23,9.93,8.07,154.0,167.0,5.0,116.0,1.23,9.98,8.11,153.9,167,103,1.0,4.3,31.5,63.2,0.0,14.2,11.0,175.5,,False,False,False,False,False,False
"Dec 3, 2025, 2:01:49 AM",Tempo,5.72,45.4,7.93,164.7,181,5.72,43.53,7.61,165.0,181.0,15.0,543.0,5.72,45.4,7.93,164.7,181,91,0.8,0.9,9.4,51.0,37.9,58.2,63.8,176.3,,False,True,False,False,False,False
"Dec 1, 2025, 2:45:49 AM",Morning Run,4.08,47.97,11.77,133.8,155,4.08,36.5,8.95,134.0,155.0,15.0,371.0,4.08,47.97,11.77,133.8,155,77,5.2,24.3,69.3,1.2,0.0,53.0,54.4,175.8,,False,False,False,True,False,False
"Nov 30, 2025, 2:13:21 AM",Morning Run,8.88,92.25,10.39,143.7,163,8.88,75.05,8.45,144.0,163.0,9.0,818.0,8.88,92.25,10.39,143.7,163,66,2.5,14.4,44.9,38.2,0.0,85.0,90.2,175.8,,False,False,False,True,False,False
"Nov 28, 2025, 6:25:39 AM",Morning Run,3.81,34.5,9.04,138.4,165,3.83,34.5,9.01,138.0,165.0,0.0,350.0,3.81,34.5,9.04,138.4,165,72,2.4,29.4,53.9,14.3,0.0,0,0,172.9,,False,False,False,True,False,False
"Nov 26, 2025, 2:08:10 AM",Bit of Everything Intervals,5.71,45.07,7.89,165.5,181,5.71,45.0,7.88,166.0,181.0,4.0,556.0,5.71,45.07,7.89,165.5,181,115,0.0,0.6,7.3,52.5,39.6,61.6,60.4,174.0,,False,True,False,False,False,False
"Nov 26, 2025, 1:56:07 AM",Morning Run,1.24,10.62,8.58,144.4,157,1.24,10.62,8.56,145.0,157.0,4.0,116.0,1.24,10.62,8.58,144.4,157,73,4.4,5.0,58.8,31.8,0.0,14.6,12.0,173.1,,False,False,False,False,False,False
"Nov 24, 2025, 2:15:03 AM",Morning Run,4.82,38.23,7.92,156.4,173,4.82,37.82,7.85,157.0,173.0,6.0,450.0,4.82,38.23,7.92,156.4,173,71,1.3,1.4,32.6,52.5,12.2,49.2,51.2,176.6,,False,True,False,False,False,False
"Nov 23, 2025, 6:39:37 AM",RunClub W13,3.82,45.1,11.8,145.8,176,4.87,41.38,8.5,142.0,176.0,0.0,429.0,3.82,45.1,11.8,145.8,176,75,9.7,17.0,27.3,41.6,4.4,0,0,165.8,,False,False,False,True,False,False
"Nov 22, 2025, 1:17:37 AM",Morning Run,8.36,72.0,8.61,153.1,175,8.36,70.15,8.39,153.0,175.0,9.0,802.0,8.36,72.0,8.61,153.1,175,65,1.2,1.4,41.6,54.4,1.3,92.2,99.2,173.1,,False,False,False,False,False,False
"Nov 20, 2025, 7:28:14 AM",Lunch Run,3.61,30.23,8.37,130.2,142,3.12,30.23,9.69,130.0,142.0,0.0,278.0,3.61,30.23,8.37,130.2,142,77,2.6,68.9,28.5,0.0,0.0,0,0,170.0,,False,False,False,False,False,False
"Nov 19, 2025, 2:10:21 AM",Morning Run,5.79,45.52,7.86,163.6,184,5.79,45.52,7.86,164.0,184.0,6.0,564.0,5.79,45.52,7.86,163.6,184,84,0.8,1.3,17.6,40.6,39.7,65.8,69.6,177.1,,False,True,False,False,False,False
"Nov 18, 2025, 2:33:50 AM",Morning Run,2.55,20.82,8.15,165.1,178,2.55,19.23,7.54,165.0,178.0,9.0,243.0,2.55,20.82,8.15,165.1,178,87,2.0,1.6,7.3,49.1,40.0,33.6,31.8,177.4,,False,False,False,False,False,False
"Nov 14, 2025, 6:36:55 AM",Morning Run,1.32,14.03,10.66,134.2,144,1.32,14.03,10.63,134.0,144.0,0.0,141.0,1.32,14.03,10.66,134.2,144,93,5.2,18.8,76.0,0.0,0.0,0,0,155.2,,False,False,False,True,False,False
"Nov 12, 2025, 3:13:10 PM",Evening Run,2.09,20.22,9.67,146.9,175,2.09,15.93,7.62,154.0,175.0,0.0,219.0,2.09,20.22,9.67,146.9,175,70,12.4,11.6,18.5,53.4,4.2,0.8,0,181.3,,False,False,False,True,False,False
"Nov 11, 2025, 2:05:43 AM",Morning Run,4.38,40.83,9.33,130.6,141,4.37,40.83,9.34,131.0,141.0,1.0,402.0,4.38,40.83,9.33,130.6,141,113,0.0,58.7,41.3,0.0,0.0,42.2,48.2,175.9,,False,False,False,True,False,False
"Nov 9, 2025, 3:07:07 AM",Morning Run,2.58,27.8,10.79,121.7,129,2.58,27.8,10.78,122.0,129.0,10.0,242.0,2.58,27.8,10.79,121.7,129,81,2.6,97.4,0.0,0.0,0.0,26.0,29.2,172.2,,False,False,False,True,False,False
"Nov 2, 2025, 2:47:18 PM",New York Marathon,26.58,214.3,8.06,155.8,166,26.58,212.95,8.01,156.0,166.0,298.0,2425.0,26.58,214.3,8.06,155.8,166,111,0.0,0.1,19.5,80.3,0.0,417.6,421.0,180.4,,True,False,False,False,True,False
"Nov 1, 2025, 1:36:51 PM",Tracksmith Shakeout,3.13,41.53,13.28,132.1,164,3.13,38.92,12.43,133.0,164.0,28.0,358.0,3.13,41.53,13.28,132.1,164,70,10.2,39.8,37.4,12.6,0.0,79.8,72.8,172.9,,False,False,False,True,False,False
"Oct 28, 2025, 1:29:09 AM",Morning Run,6.27,62.35,9.95,150.8,169,6.27,51.15,8.16,151.0,169.0,9.0,578.0,6.27,62.35,9.95,150.8,169,99,1.4,1.0,51.0,46.6,0.0,67.0,70.2,178.3,,False,False,False,True,False,False
"Oct 25, 2025, 1:16:09 AM",Taper 🥳,12.93,102.32,7.91,155.3,175,12.93,99.2,7.67,155.0,175.0,35.0,1165.0,12.93,102.32,7.91,155.3,175,87,0.5,0.7,37.3,59.6,1.9,141.8,144.4,180.1,,False,True,False,False,False,False
"Oct 23, 2025, 1:05:55 AM",Morning Run,4.52,44.33,9.81,143.3,161,4.52,40.4,8.94,144.0,161.0,20.0,429.0,4.52,44.33,9.81,143.3,161,87,3.5,9.1,75.0,12.4,0.0,63.6,59.6,172.3,,False,False,False,True,False,False
"Oct 21, 2025, 1:23:01 PM",Afternoon Run,0.67,17.57,26.16,79.2,118,0.67,10.42,15.55,86.0,118.0,3.0,68.0,0.67,17.57,26.16,79.2,118,54,89.2,10.8,0.0,0.0,0.0,27.2,27.2,143.9,,False,False,False,True,False,False
"Oct 21, 2025, 1:24:04 AM",Trax,7.4,66.0,8.92,148.7,170,7.4,60.07,8.12,149.0,170.0,13.0,671.0,7.4,66.0,8.92,148.7,170,65,2.6,22.0,23.6,51.8,0.0,69.0,73.0,178.2,,False,False,False,False,False,False
"Oct 20, 2025, 1:19:11 PM",Afternoon Run,0.75,14.48,19.38,92.9,110,0.75,11.28,15.04,93.0,110.0,2.0,74.0,0.75,14.48,19.38,92.9,110,54,100.0,0.0,0.0,0.0,0.0,21.2,21.2,146.1,,False,False,False,True,False,False
"Oct 19, 2025, 12:25:38 AM",Last one,22.01,183.45,8.33,159.1,172,22.01,173.8,7.9,159.0,172.0,62.0,2047.0,22.01,183.45,8.33,159.1,172,80,0.5,1.5,20.5,75.2,2.3,246.0,246.2,179.6,,True,False,False,False,False,False
"Oct 17, 2025, 2:05:11 AM",Morning Run,4.39,38.2,8.69,141.6,158,4.39,38.2,8.7,142.0,158.0,3.0,409.0,4.39,38.2,8.69,141.6,158,68,1.7,2.4,90.5,5.5,0.0,52.8,55.0,175.9,,False,False,False,False,False,False
"Oct 16, 2025, 2:44:42 AM",Morning Run,5.14,43.7,8.51,154.9,177,5.14,42.35,8.24,155.0,177.0,10.0,490.0,5.14,43.7,8.51,154.9,177,77,0.9,3.1,37.1,37.3,21.7,80.8,87.6,175.8,,False,False,False,False,False,False
"Oct 14, 2025, 1:15:43 PM",Kids Academy,0.82,12.75,15.48,109.7,125,0.82,10.82,13.2,110.0,125.0,3.0,83.0,0.82,12.75,15.48,109.7,125,68,55.6,44.4,0.0,0.0,0.0,20.4,17.6,162.7,,False,False,False,True,False,False
"Oct 14, 2025, 3:19:38 AM",Morning Run,0.1,48.75,,113.0,152,0.1,1.07,,122.0,125.0,0.0,10.0,0.1,48.75,,113.0,152,73,53.8,34.4,11.7,0.1,0.0,0,0,158.8,,False,False,False,False,False,False
"Oct 14, 2025, 1:41:47 AM",EZ Social,6.22,62.77,10.09,129.1,150,6.22,57.27,9.21,129.0,150.0,15.0,553.0,6.22,62.77,10.09,129.1,150,88,4.9,65.6,29.6,0.0,0.0,73.8,78.8,174.0,,False,False,False,True,False,False
"Oct 13, 2025, 1:59:39 AM",Morning Run,5.12,46.68,9.12,139.6,155,5.12,46.23,9.03,140.0,155.0,3.0,480.0,5.12,46.68,9.12,139.6,155,83,1.2,7.9,89.2,1.8,0.0,61.2,66.0,176.2,,False,False,False,True,False,False
"Oct 11, 2025, 1:27:38 AM",LR,20.0,169.78,8.49,156.5,172,20.0,161.08,8.05,157.0,172.0,139.0,1855.0,20.0,169.78,8.49,156.5,172,65,0.7,7.3,16.8,73.5,1.8,289.4,294.0,178.6,,True,False,False,False,False,False
"Oct 9, 2025, 7:08:25 AM",EZ,6.49,60.17,9.28,124.6,150,6.43,60.17,9.36,125.0,150.0,0.0,471.0,6.49,60.17,9.28,124.6,150,87,11.5,69.3,19.2,0.0,0.0,0,0,177.3,,False,False,False,True,False,False
"Oct 8, 2025, 3:38:28 PM",Evening Run,0.74,6.52,8.81,158.9,167,0.74,6.52,8.81,159.0,167.0,0.0,77.0,0.74,6.52,8.81,158.9,167,128,0.0,2.0,8.9,89.0,0.0,0,0,177.3,,False,False,False,False,False,False
"Oct 8, 2025, 3:06:13 PM",Evening Run,3.28,29.23,8.9,165.2,181,3.29,22.48,6.83,166.0,181.0,0.0,366.0,3.28,29.23,8.9,165.2,181,88,1.2,0.7,7.5,51.3,39.3,0,6.2,179.2,,False,False,False,False,False,False
"Oct 8, 2025, 2:41:12 PM",Evening Run,0.26,2.25,,131.9,146,0.26,2.2,,132.0,146.0,6.0,23.0,0.26,2.25,,131.9,146,85,16.2,19.9,64.0,0.0,0.0,6.2,0,175.3,,False,False,False,False,False,False
"Oct 7, 2025, 1:30:57 PM",Afternoon Run,1.09,23.92,22.02,101.3,122,1.09,17.55,16.1,106.0,122.0,2.0,117.0,1.09,23.92,22.02,101.3,122,57,81.8,18.2,0.0,0.0,0.0,39.2,40.8,142.6,,False,False,False,True,False,False
"Oct 7, 2025, 1:18:07 AM",Fly over SZR,7.75,75.8,9.79,143.1,175,7.75,68.6,8.85,143.0,175.0,94.0,725.0,7.75,75.8,9.79,143.1,175,64,3.6,16.9,53.4,21.9,4.1,150.0,156.2,175.4,,False,False,False,True,False,False
"Oct 6, 2025, 6:37:57 AM",EZ,4.81,40.13,8.35,126.2,133,4.35,40.13,9.23,126.0,133.0,0.0,329.0,4.81,40.13,8.35,126.2,133,73,1.7,96.9,1.4,0.0,0.0,0,0,178.2,,False,False,False,False,False,False
"Oct 5, 2025, 5:17:58 AM",Hyrox run,1.35,12.18,9.03,147.0,161,1.4,12.18,8.7,147.0,161.0,0.0,134.0,1.35,12.18,9.03,147.0,161,108,0.4,3.3,77.9,18.4,0.0,0,0,170.2,,False,False,False,True,False,False
"Oct 5, 2025, 4:32:44 AM",Morning Run,0.22,41.87,,116.0,151,0.22,2.32,,113.0,129.0,0.0,19.0,0.22,41.87,,116.0,151,70,43.9,38.5,17.6,0.0,0.0,0,0,164.0,,False,False,False,False,False,False
"Oct 5, 2025, 1:47:22 AM",Recovery,4.65,45.65,9.81,128.1,138,4.65,44.58,9.59,128.0,138.0,0.0,417.0,4.65,45.65,9.81,128.1,138,65,3.0,74.3,22.7,0.0,0.0,49.8,49.8,175.9,,False,False,False,True,False,False
"Oct 4, 2025, 1:11:36 AM",Alp Furjan + Flat Pickups,18.71,158.8,8.49,151.8,171,18.71,155.02,8.29,152.0,171.0,199.0,1729.0,18.71,158.8,8.49,151.8,171,68,0.6,5.9,36.3,57.2,0.1,308.6,311.8,177.7,,True,False,False,False,False,False
"Oct 2, 2025, 2:19:29 PM",Academy,0.35,6.35,,101.1,134,0.35,3.85,,101.0,134.0,0.0,26.0,0.35,6.35,,101.1,134,66,61.7,29.4,8.9,0.0,0.0,4.2,5.2,168.2,,False,False,False,False,False,False
"Oct 2, 2025, 1:31:53 PM",Afternoon Run,1.59,26.22,16.52,100.1,131,1.59,23.8,14.97,102.0,131.0,3.0,145.0,1.59,26.22,16.52,100.1,131,74,77.5,22.5,0.0,0.0,0.0,36.2,33.6,152.6,,False,False,False,True,False,False
"Oct 2, 2025, 7:49:32 AM",Lunch Run,6.59,64.12,9.73,133.1,151,6.71,60.48,9.01,131.0,151.0,0.0,552.0,6.59,64.12,9.73,133.1,151,72,1.9,52.9,45.2,0.0,0.0,0,0,177.2,,False,False,False,True,False,False
"Oct 1, 2025, 3:38:01 PM",Pacing 🐥,1.86,17.4,9.34,137.0,148,1.86,17.15,9.22,137.0,148.0,14.0,178.0,1.86,17.4,9.34,137.0,148,94,4.1,11.2,84.7,0.0,0.0,31.2,29.0,175.0,,False,False,False,True,False,False
"Oct 1, 2025, 4:44:10 AM",Morning Run,5.33,50.3,9.43,119.0,150,5.25,50.3,9.58,119.0,150.0,0.0,357.0,5.33,50.3,9.43,119.0,150,72,21.6,66.9,11.6,0.0,0.0,0,0,176.9,,False,False,False,True,False,False
"Sep 30, 2025, 1:18:54 PM",Afternoon Run,0.96,25.22,26.37,101.6,122,0.96,14.68,15.29,104.0,122.0,0.0,105.0,0.96,25.22,26.37,101.6,122,67,84.1,15.9,0.0,0.0,0.0,37.6,42.0,142.8,,False,False,False,True,False,False
"Sep 30, 2025, 1:22:30 AM",Morning Run,7.16,69.52,9.71,147.7,173,7.16,60.1,8.39,148.0,173.0,15.0,782.0,7.16,69.52,9.71,147.7,173,88,1.6,26.7,24.0,42.9,4.8,77.0,81.2,177.2,,False,False,False,True,False,False
"Sep 29, 2025, 1:36:10 PM",Mst kids,1.07,20.72,19.4,102.2,127,1.07,18.37,17.17,103.0,127.0,0.0,117.0,1.07,20.72,19.4,102.2,127,74,70.1,29.9,0.0,0.0,0.0,30.0,32.6,155.4,,False,False,False,True,False,False
"Sep 29, 2025, 1:31:41 AM",Morning Run,6.02,55.52,9.23,140.5,164,6.01,52.82,8.79,141.0,164.0,25.0,660.0,6.02,55.52,9.23,140.5,164,93,1.7,14.0,74.0,10.4,0.0,77.6,81.8,181.9,,False,False,False,True,False,False
"Sep 28, 2025, 2:15:03 AM",Desert Melia Cross Country,9.32,70.48,7.56,168.7,176,9.32,70.48,7.56,169.0,176.0,84.0,1024.0,9.32,70.48,7.56,168.7,176,125,0.0,0.3,1.2,56.6,41.8,134.4,137.0,182.3,,False,True,False,False,False,False
"Sep 28, 2025, 1:56:45 AM",Morning Run,0.78,7.37,9.46,140.2,160,0.78,7.37,9.45,140.0,160.0,7.0,86.0,0.78,7.37,9.46,140.2,160,97,5.0,8.6,64.3,22.1,0.0,13.0,9.6,172.4,,False,False,False,True,False,False
"Sep 27, 2025, 7:59:41 AM",Lunch Run,4.61,45.95,9.96,122.7,169,4.61,45.95,9.97,123.0,169.0,0.0,347.0,4.61,45.95,9.96,122.7,169,71,20.2,67.3,2.9,9.6,0.0,0,0,174.0,,False,False,False,True,False,False
"Sep 25, 2025, 1:32:46 PM",MST Academy,1.97,53.55,27.22,97.8,126,1.97,37.3,18.93,100.0,126.0,2.0,178.0,1.97,53.55,27.22,97.8,126,61,84.2,15.8,0.0,0.0,0.0,55.2,62.4,150.1,,False,False,False,True,False,False
"Sep 25, 2025, 1:29:00 AM",Morning Run,7.8,65.72,8.43,151.9,173,7.8,63.23,8.11,152.0,173.0,14.0,850.0,7.8,65.72,8.43,151.9,173,64,1.4,12.5,28.4,46.8,11.0,76.8,82.2,179.0,,False,False,False,False,False,False
"Sep 23, 2025, 1:14:09 PM",MST Academy,2.49,78.75,31.64,95.5,121,2.49,42.3,16.99,96.0,121.0,4.0,273.0,2.49,78.75,31.64,95.5,121,67,95.6,4.4,0.0,0.0,0.0,54.0,51.2,156.7,,False,False,False,True,False,False
"Sep 23, 2025, 1:20:34 AM",Drenched,6.6,64.53,9.77,145.5,173,6.6,58.15,8.81,146.0,173.0,6.0,720.0,6.6,64.53,9.77,145.5,173,78,2.6,26.9,28.2,31.8,10.5,65.2,71.4,176.1,,False,False,False,True,False,False
"Sep 22, 2025, 2:28:40 PM",Academy kids,0.33,3.88,,121.0,140,0.33,3.32,,122.0,140.0,0.0,36.0,0.33,3.88,,121.0,140,78,21.3,58.4,20.3,0.0,0.0,4.2,2.6,171.9,,False,False,False,False,False,False
"Sep 22, 2025, 1:34:40 PM",Academy,1.77,25.47,14.37,116.7,135,1.77,21.62,12.21,116.0,135.0,1.0,194.0,1.77,25.47,14.37,116.7,135,66,32.7,65.8,1.5,0.0,0.0,32.8,33.2,164.6,,False,False,False,True,False,False
"Sep 22, 2025, 1:09:29 PM",Afternoon Run,0.28,4.32,,97.9,118,0.28,2.83,,98.0,118.0,0.0,21.0,0.28,4.32,,97.9,118,66,69.2,30.8,0.0,0.0,0.0,3.4,7.0,173.9,,False,False,False,False,False,False
"Sep 22, 2025, 2:14:30 AM",Morning Run,4.57,40.43,8.85,146.3,162,4.57,40.27,8.81,146.0,162.0,32.0,501.0,4.57,40.43,8.85,146.3,162,61,2.1,5.3,65.4,27.2,0.0,69.8,71.0,176.3,,False,False,False,False,False,False
"Sep 20, 2025, 1:26:41 AM",Morning Run,17.47,146.43,8.38,154.8,173,17.47,141.12,8.08,155.0,173.0,34.0,1908.0,17.47,146.43,8.38,154.8,173,91,0.7,2.7,27.8,63.8,5.0,214.6,222.2,179.2,,True,False,False,False,False,False
"Sep 18, 2025, 1:43:30 PM",Afternoon Run,1.82,40.27,22.1,91.9,118,1.82,35.47,19.49,92.0,118.0,0.0,199.0,1.82,40.27,22.1,91.9,118,68,90.7,9.3,0.0,0.0,0.0,35.6,42.0,142.9,,False,False,False,True,False,False
"Sep 18, 2025, 6:46:57 AM",Morning Run,3.2,42.27,13.21,114.8,128,3.2,41.78,13.06,115.0,128.0,0.0,262.0,3.2,42.27,13.21,114.8,128,75,33.4,66.6,0.0,0.0,0.0,0,0,171.0,,False,False,False,True,False,False
"Sep 17, 2025, 3:07:19 PM",DCS Track,2.88,26.47,9.18,156.5,176,2.88,20.27,7.04,162.0,176.0,0.0,305.0,2.88,26.47,9.18,156.5,176,87,5.6,6.3,17.7,39.1,31.3,0,2.6,182.1,,False,False,False,True,False,False
"Sep 17, 2025, 2:35:42 PM",Evening Run,0.57,5.92,10.44,126.6,137,0.57,5.83,10.23,127.0,137.0,0.0,55.0,0.57,5.92,10.44,126.6,137,79,9.3,62.9,27.8,0.0,0.0,0,0,170.5,,False,False,False,True,False,False
"Sep 17, 2025, 4:32:50 AM",Morning Run,1.29,49.35,38.16,127.4,172,1.29,17.33,13.43,138.0,172.0,0.0,163.0,1.29,49.35,38.16,127.4,172,78,29.8,26.4,27.7,15.1,1.0,0,0,155.5,,False,False,False,True,False,False
"Sep 16, 2025, 1:34:17 PM",Academy kids,2.56,30.58,11.94,129.1,154,2.56,26.53,10.36,129.0,154.0,7.0,241.0,2.56,30.58,11.94,129.1,154,73,13.4,46.0,35.8,4.8,0.0,48.4,51.4,173.0,,False,False,False,True,False,False
"Sep 16, 2025, 5:20:36 AM",Morning Run,0.27,3.12,,152.9,172,0.27,3.12,,153.0,172.0,0.0,34.0,0.27,3.12,,152.9,172,100,5.9,5.9,22.9,59.0,6.4,0,0,164.5,,False,False,False,False,False,False
"Sep 16, 2025, 1:36:38 AM",Trax Intervals,6.34,64.62,10.2,144.3,174,6.34,57.17,9.02,144.0,174.0,17.0,595.0,6.34,64.62,10.2,144.3,174,77,2.1,26.7,33.0,35.1,3.1,68.2,68.4,176.1,,False,False,False,True,False,False
"Sep 15, 2025, 1:38:45 PM",Academy Kids,1.87,26.4,14.14,118.8,151,1.87,21.78,11.65,120.0,151.0,4.0,194.0,1.87,26.4,14.14,118.8,151,67,35.1,49.7,15.2,0.0,0.0,41.0,39.0,166.8,,False,False,False,True,False,False
"Sep 15, 2025, 1:42:40 AM",Morning Run,4.42,44.18,10.01,133.2,165,4.41,41.13,9.33,133.0,165.0,31.0,395.0,4.42,44.18,10.01,133.2,165,69,3.3,41.9,50.7,4.1,0.0,87.4,87.2,176.4,,False,False,False,True,False,False
"Sep 13, 2025, 1:19:05 AM",Alp Furjan,16.31,148.45,9.1,151.3,168,16.31,142.05,8.71,151.0,168.0,316.0,1511.0,16.31,148.45,9.1,151.3,168,74,0.3,4.0,44.7,50.9,0.0,384.4,389.4,177.6,,True,False,False,True,False,False
"Sep 11, 2025, 6:15:14 AM",EZ,8.19,71.47,8.73,123.8,140,7.77,70.9,9.12,124.0,140.0,0.0,501.0,8.19,71.47,8.73,123.8,140,60,7.6,85.4,7.0,0.0,0.0,0,0,180.4,,False,False,False,False,False,False
"Sep 10, 2025, 3:01:26 PM",Evening Run,3.32,34.82,10.5,153.3,179,3.32,22.73,6.85,160.0,179.0,0.0,357.0,3.32,34.82,10.5,153.3,179,84,5.1,11.4,18.5,49.4,15.6,6.2,3.4,182.7,,False,False,False,True,False,False
"Sep 10, 2025, 2:37:06 PM",Evening Run,0.29,2.97,,122.2,133,0.29,2.9,,122.0,133.0,0.0,26.0,0.29,2.97,,122.2,133,87,16.8,79.9,3.4,0.0,0.0,0,0,172.7,,False,False,False,False,False,False
"Sep 10, 2025, 8:25:09 AM",EZ,4.6,40.33,8.76,122.1,140,4.41,40.33,9.15,122.0,140.0,0.0,302.0,4.6,40.33,8.76,122.1,140,67,14.2,71.4,14.5,0.0,0.0,0,0,179.1,,False,False,False,False,False,False
"Sep 9, 2025, 1:34:23 AM",Trax Tuesday,7.77,72.6,9.34,151.5,177,7.77,68.78,8.85,151.0,177.0,23.0,747.0,7.77,72.6,9.34,151.5,177,82,1.1,16.6,24.8,45.0,12.4,87.4,92.4,176.8,,False,False,False,True,False,False
"Sep 8, 2025, 8:51:02 AM",Lunch Run,7.05,66.88,9.49,130.7,141,7.52,66.48,8.84,131.0,141.0,0.0,522.0,7.05,66.88,9.49,130.7,141,75,0.5,68.7,30.8,0.0,0.0,0,0,182.6,,False,False,False,True,False,False
"Sep 6, 2025, 1:36:38 AM",LR,15.11,130.45,8.63,150.8,168,15.11,123.35,8.16,151.0,168.0,80.0,1340.0,15.11,130.45,8.63,150.8,168,83,0.5,6.6,33.6,59.4,0.0,162.6,160.6,181.2,,True,False,False,False,False,False
"Sep 5, 2025, 1:41:57 AM",EZ,7.07,70.9,10.03,137.4,159,7.07,66.25,9.37,138.0,159.0,30.0,644.0,7.07,70.9,10.03,137.4,159,72,4.8,24.5,62.6,8.1,0.0,108.8,112.0,178.5,,False,False,False,True,False,False
"Sep 4, 2025, 6:35:59 AM",Morning Run,4.83,45.12,9.34,124.0,132,4.78,45.12,9.44,124.0,132.0,0.0,335.0,4.83,45.12,9.34,124.0,132,60,3.8,96.2,0.0,0.0,0.0,0,0,178.7,,False,False,False,True,False,False
"Sep 3, 2025, 2:45:28 PM",DCS Track,3.97,55.28,13.93,158.8,180,3.97,36.77,9.26,159.0,180.0,6.0,416.0,3.97,55.28,13.93,158.8,180,80,1.5,4.5,19.3,50.7,24.0,6.2,7.0,180.7,,False,False,False,True,False,False
"Sep 2, 2025, 1:56:24 AM",15’ X2 Repeat,5.6,46.87,8.38,159.4,182,5.59,45.38,8.12,160.0,182.0,4.0,524.0,5.6,46.87,8.38,159.4,182,72,2.1,3.1,26.2,33.5,35.1,45.0,57.2,180.8,,False,False,False,False,False,False
"Sep 2, 2025, 1:35:08 AM",Morning Run,0.11,1.12,,,,0.11,1.12,,,,0.0,6.0,0.11,1.12,,,,,,,,,,1.2,1.6,165.7,,False,False,False,False,False,False
"Aug 31, 2025, 1:06:47 AM",Morning Run,13.19,143.45,10.88,134.6,166,13.19,126.93,9.62,135.0,166.0,15.0,1213.0,13.19,143.45,10.88,134.6,166,65,2.2,50.4,31.8,15.6,0.0,145.2,149.2,176.7,,False,False,False,True,False,False
"Aug 30, 2025, 1:39:46 AM",Hot Hilly Half,13.55,124.82,9.21,151.4,167,13.55,121.17,8.94,151.0,167.0,254.0,1285.0,13.55,124.82,9.21,151.4,167,72,0.4,2.4,41.7,55.5,0.0,320.4,324.4,176.9,,False,False,False,True,False,False
"Aug 29, 2025, 6:03:56 AM",Morning Run,5.41,50.08,9.25,123.5,135,5.42,50.08,9.24,123.0,135.0,0.0,371.0,5.41,50.08,9.25,123.5,135,63,6.3,91.9,1.8,0.0,0.0,0,0,180.9,,False,False,False,True,False,False
"Aug 28, 2025, 1:48:32 AM",Uncommon Club run,2.01,20.17,10.05,122.9,132,2.01,20.17,10.03,123.0,132.0,1.0,184.0,2.01,20.17,10.05,122.9,132,62,5.0,95.0,0.0,0.0,0.0,19.8,19.0,175.2,,False,False,False,True,False,False
"Aug 27, 2025, 2:56:13 PM",Uncommon Club,3.48,34.57,9.92,153.8,175,3.48,32.82,9.43,157.0,175.0,6.0,362.0,3.48,34.57,9.92,153.8,175,95,0.9,10.1,27.0,53.3,8.8,6.4,0.2,180.4,,False,False,False,True,False,False
"Aug 27, 2025, 7:30:17 AM",EZ 30’,3.89,30.6,7.87,128.1,135,3.29,30.6,9.3,128.0,135.0,0.0,254.0,3.89,30.6,7.87,128.1,135,89,1.7,96.3,2.0,0.0,0.0,0,0,179.6,,False,True,False,False,False,False
"Aug 26, 2025, 1:08:01 AM",Morning Run,5.13,58.62,11.43,137.7,165,5.13,47.15,9.19,138.0,165.0,21.0,472.0,5.13,58.62,11.43,137.7,165,63,2.6,22.2,66.5,8.7,0.0,70.4,77.8,178.3,,False,False,False,True,False,False
"Aug 25, 2025, 2:50:48 AM",Morning Run,2.07,19.22,9.3,146.0,157,2.07,18.37,8.87,146.0,157.0,13.0,198.0,2.07,19.22,9.3,146.0,157,108,0.9,3.1,87.7,8.3,0.0,32.2,33.2,179.5,,False,False,False,True,False,False
"Aug 25, 2025, 2:11:37 AM",Hill Set,3.74,35.45,9.49,151.2,177,3.73,34.68,9.3,151.0,177.0,111.0,378.0,3.74,35.45,9.49,151.2,177,105,0.5,2.3,52.1,37.4,7.8,125.4,121.8,172.4,,False,False,False,True,False,False
"Aug 25, 2025, 1:52:17 AM",Morning Run,1.17,11.02,9.45,135.6,152,1.17,11.02,9.42,136.0,152.0,13.0,109.0,1.17,11.02,9.45,135.6,152,77,5.0,22.1,72.2,0.8,0.0,22.2,15.0,173.9,,False,False,False,True,False,False
"Aug 23, 2025, 1:44:26 AM",Morning Run,13.25,123.75,9.34,153.7,170,13.25,110.6,8.35,154.0,170.0,53.0,1228.0,13.25,123.75,9.34,153.7,170,69,1.0,4.3,31.6,63.1,0.0,166.2,161.2,181.6,,False,False,False,True,False,False
"Aug 22, 2025, 1:42:52 AM",EZ,7.49,79.95,10.67,136.6,146,7.49,70.92,9.47,137.0,146.0,8.0,690.0,7.49,79.95,10.67,136.6,146,90,1.8,13.0,85.1,0.0,0.0,93.8,98.2,180.3,,False,False,False,True,False,False
"Aug 21, 2025, 1:47:00 AM",Uncommon Club Run,6.36,56.52,8.88,145.7,155,6.36,55.98,8.8,146.0,155.0,7.0,596.0,6.36,56.52,8.88,145.7,155,70,1.1,2.5,78.7,17.8,0.0,69.4,72.0,183.7,,False,False,False,False,False,False
"Aug 20, 2025, 2:47:34 PM",DCS Track,3.69,45.37,12.31,146.4,176,3.69,36.72,9.95,147.0,176.0,0.0,358.0,3.69,45.37,12.31,146.4,176,73,3.6,14.6,40.6,39.6,1.5,3.6,10.6,181.5,,False,False,False,True,False,False
"Aug 19, 2025, 2:05:37 AM",Morning Run,6.63,62.87,9.49,141.6,168,6.63,60.02,9.05,142.0,168.0,38.0,529.0,6.63,62.87,9.49,141.6,168,66,4.6,14.0,67.1,14.3,0.0,109.6,109.6,181.5,,False,False,False,True,False,False
"Aug 18, 2025, 1:50:01 AM",Tempo,7.66,63.57,8.3,162.3,179,7.66,60.1,7.85,162.0,179.0,0.0,685.0,7.66,63.57,8.3,162.3,179,82,0.6,1.6,17.7,46.3,33.7,0,0,184.2,,False,False,False,False,False,False
"Aug 17, 2025, 1:50:14 AM",Morning Run,6.24,63.98,10.26,141.2,158,6.24,60.45,9.69,141.0,158.0,0.0,588.0,6.24,63.98,10.26,141.2,158,66,1.6,8.6,85.1,4.7,0.0,0,0,178.3,,False,False,False,True,False,False
"Aug 16, 2025, 1:28:50 AM",Morning Run,12.0,151.77,12.65,147.6,174,12.0,111.92,9.33,148.0,174.0,0.0,1141.0,12.0,151.77,12.65,147.6,174,79,1.8,15.8,35.4,45.9,1.0,0,0,180.0,,False,False,False,True,False,False
"Aug 15, 2025, 8:39:13 AM",Lunch Run,6.35,56.72,8.93,155.3,177,6.84,56.72,8.29,155.0,177.0,0.0,583.0,6.35,56.72,8.93,155.3,177,96,0.5,0.5,41.2,39.7,18.0,0,0,181.9,,False,False,False,False,False,False
"Aug 14, 2025, 3:16:36 AM",Run for Pakistan 🇵🇰,4.38,40.05,9.14,130.6,144,4.38,40.05,9.14,131.0,144.0,0.0,317.0,4.38,40.05,9.14,130.6,144,66,1.8,55.2,43.1,0.0,0.0,0,0,182.6,,False,False,False,True,False,False
"Aug 13, 2025, 3:03:16 PM",DCS Track,3.25,29.98,9.23,164.0,181,3.25,23.68,7.29,164.0,181.0,0.0,338.0,3.25,29.98,9.23,164.0,181,94,0.9,0.7,11.4,49.9,37.1,6.0,0,183.0,,False,False,False,True,False,False
"Aug 13, 2025, 3:07:20 AM",Dubai Mall Run,4.98,43.65,8.77,142.4,150,4.98,43.65,8.77,142.0,150.0,0.0,408.0,4.98,43.65,8.77,142.4,150,75,1.1,2.1,96.8,0.0,0.0,0,0,180.9,,False,False,False,False,False,False
"Aug 12, 2025, 3:07:54 AM",Dubai Hills Mallathon,6.22,53.9,8.66,157.0,176,6.22,53.9,8.67,157.0,176.0,0.0,572.0,6.22,53.9,8.66,157.0,176,85,0.7,0.8,16.4,75.2,7.0,0,0,183.0,,False,False,False,False,False,False
"Aug 10, 2025, 1:33:29 AM",Solo Medium Run,12.47,115.87,9.29,166.2,181,12.47,109.68,8.8,166.0,181.0,57.0,1217.0,12.47,115.87,9.29,166.2,181,83,0.5,0.7,5.6,62.2,31.1,187.0,191.6,180.0,,False,False,False,True,False,False
"Aug 8, 2025, 1:51:57 AM",Failed Tempo,2.44,22.48,9.21,163.9,181,2.44,20.23,8.29,164.0,181.0,8.0,222.0,2.44,22.48,9.21,163.9,181,107,0.7,4.4,9.0,38.0,47.8,38.8,41.6,174.4,,False,False,False,True,False,False
"Aug 8, 2025, 1:39:12 AM",Morning Run,1.05,10.13,9.69,136.3,148,1.04,10.13,9.74,136.0,148.0,2.0,98.0,1.05,10.13,9.69,136.3,148,81,4.4,15.3,80.3,0.0,0.0,15.4,15.8,175.7,,False,False,False,True,False,False
"Aug 6, 2025, 3:16:02 PM",Run with ASICS,3.11,30.27,9.73,139.7,150,3.11,29.53,9.5,140.0,150.0,3.0,291.0,3.11,30.27,9.73,139.7,150,78,2.3,8.2,89.5,0.0,0.0,38.4,43.0,175.1,,False,False,False,True,False,False
"Aug 5, 2025, 7:09:03 AM",Lunch Run,5.19,45.25,8.72,139.4,165,5.01,45.25,9.03,139.0,165.0,0.0,406.0,5.19,45.25,8.72,139.4,165,76,1.5,18.5,68.5,11.5,0.0,0,0,180.1,,False,False,False,False,False,False
"Aug 4, 2025, 10:35:42 AM",TM,10.02,112.13,11.19,145.8,158,12.33,105.12,8.53,144.0,158.0,0.0,961.0,10.02,112.13,11.19,145.8,158,71,0.6,7.0,69.6,22.9,0.0,0,0,182.3,,False,False,False,True,False,False
"Aug 4, 2025, 6:52:13 AM",🍋,1.28,10.93,8.51,106.9,115,0.93,10.93,11.75,107.0,115.0,0.0,58.0,1.28,10.93,8.51,106.9,115,66,97.7,2.3,0.0,0.0,0.0,0,0,171.1,,False,False,False,False,False,False
"Aug 3, 2025, 5:08:24 AM",Blitz Run club,3.11,44.85,14.44,144.7,180,3.11,44.85,14.42,145.0,180.0,0.0,388.0,3.11,44.85,14.44,144.7,180,82,16.3,15.3,20.0,30.7,17.6,0,0,158.4,,False,False,False,True,False,False
"Aug 2, 2025, 1:45:50 AM",Morning Run,6.37,58.8,9.24,156.3,171,6.37,55.87,8.77,156.0,171.0,73.0,601.0,6.37,58.8,9.24,156.3,171,94,0.8,2.1,21.5,75.2,0.4,126.0,130.4,181.3,,False,False,False,True,False,False
"Aug 1, 2025, 4:16:43 AM",Hurry up,5.3,46.88,8.85,156.3,175,5.87,46.88,7.99,156.0,175.0,0.0,480.0,5.3,46.88,8.85,156.3,175,78,1.3,13.0,18.1,45.4,22.3,0,0,178.4,,False,False,False,False,False,False
"Jul 31, 2025, 2:56:42 AM",Morning Run,7.06,61.38,8.69,140.4,152,6.84,61.38,8.97,140.0,152.0,0.0,547.0,7.06,61.38,8.69,140.4,152,65,1.2,15.0,83.3,0.4,0.0,0,0,180.1,,False,False,False,False,False,False
"Jul 29, 2025, 8:14:20 AM",Lunch Run,6.19,44.83,7.25,144.1,170,5.1,44.83,8.79,144.0,170.0,0.0,425.0,6.19,44.83,7.25,144.1,170,81,1.3,2.5,85.2,11.0,0.0,0,0,180.2,,False,True,False,False,False,False
"Jul 27, 2025, 1:08:33 AM",Dubai Long Run crew,12.44,121.55,9.77,161.7,178,12.44,108.0,8.68,162.0,178.0,15.0,1170.0,12.44,121.55,9.77,161.7,178,70,0.6,1.0,9.3,77.8,11.4,157.6,164.0,180.5,,False,False,False,True,False,False
"Jul 26, 2025, 2:14:30 AM",Morning Run,5.98,58.92,9.86,141.3,155,5.98,58.92,9.85,141.0,155.0,11.0,526.0,5.98,58.92,9.86,141.3,155,63,1.6,2.9,90.8,4.7,0.0,45.0,36.6,176.7,,False,False,False,True,False,False
"Jul 25, 2025, 7:36:30 AM",600m repeats,4.66,43.02,9.22,155.5,172,5.38,43.02,8.0,156.0,172.0,0.0,437.0,4.66,43.02,9.22,155.5,172,109,0.2,2.8,29.2,63.4,4.5,0,0,176.6,,False,False,False,True,False,False
"Jul 25, 2025, 7:17:29 AM",Lunch Run,1.18,18.35,15.54,120.9,132,1.18,10.27,8.7,107.0,132.0,0.0,128.0,1.18,18.35,15.54,120.9,132,76,11.8,88.2,0.0,0.0,0.0,0,0,173.7,,False,False,False,True,False,False
"Jul 24, 2025, 2:22:17 AM",Hills pays bills,3.04,35.83,11.8,168.2,189,3.04,26.0,8.55,168.0,189.0,87.0,310.0,3.04,35.83,11.8,168.2,189,103,0.4,3.8,11.8,28.4,55.6,104.0,107.6,180.0,,False,False,False,True,False,False
"Jul 22, 2025, 7:40:39 AM",Lunch Run,5.73,49.98,8.72,147.9,176,5.23,46.28,8.85,146.0,176.0,0.0,477.0,5.73,49.98,8.72,147.9,176,66,1.3,10.3,46.1,40.0,2.3,0,0,180.7,,False,False,False,False,False,False
"Jul 17, 2025, 7:27:59 AM",Lunch Run,4.45,42.53,9.57,148.9,175,5.04,42.07,8.35,149.0,175.0,0.0,428.0,4.45,42.53,9.57,148.9,175,71,1.9,22.4,26.5,35.0,14.3,0,0,176.6,,False,False,False,True,False,False
"Jul 16, 2025, 3:03:31 PM",Dcs Pacing,3.3,34.37,10.41,158.7,179,3.3,31.3,9.48,162.0,179.0,0.0,328.0,3.3,34.37,10.41,158.7,179,102,0.8,11.1,17.0,37.6,33.6,4.8,0,176.9,,False,False,False,True,False,False
"Jul 16, 2025, 2:34:55 PM",Evening Run,0.2,1.87,,127.0,137,0.2,1.87,,127.0,137.0,0.0,18.0,0.2,1.87,,127.0,137,101,13.3,45.1,41.6,0.0,0.0,0,0.8,175.9,,False,False,False,False,False,False
"Jul 15, 2025, 9:31:15 AM",Afternoon Run,6.01,60.07,9.99,146.6,154,7.15,60.07,8.4,147.0,154.0,0.0,603.0,6.01,60.07,9.99,146.6,154,78,0.7,4.0,88.3,7.0,0.0,0,0,183.7,,False,False,False,True,False,False
"Jul 14, 2025, 11:33:11 AM",Afternoon Run,0.63,9.08,14.43,97.1,116,0.63,9.08,14.41,97.0,116.0,0.0,43.0,0.63,9.08,14.43,97.1,116,66,88.5,11.5,0.0,0.0,0.0,0,0,153.6,,False,False,False,True,False,False
"Jul 13, 2025, 1:07:52 AM",Dubai Long Run fighting the 🤢,11.19,106.2,9.49,157.4,173,11.19,96.02,8.58,157.0,173.0,14.0,1045.0,11.19,106.2,9.49,157.4,173,88,0.6,1.8,15.3,81.1,1.2,131.4,137.2,182.0,,False,False,False,True,False,False
"Jul 11, 2025, 2:11:42 AM",🤢,4.54,39.95,8.8,165.9,181,4.54,39.52,8.7,166.0,181.0,11.0,457.0,4.54,39.95,8.8,165.9,181,112,0.1,0.5,14.4,38.7,46.4,55.2,51.2,176.4,,False,False,False,False,False,False
"Jul 11, 2025, 1:59:19 AM",Morning Run,1.09,10.28,9.45,136.7,151,1.09,10.28,9.43,137.0,151.0,2.0,101.0,1.09,10.28,9.45,136.7,151,84,7.4,15.0,77.5,0.0,0.0,10.6,9.4,176.4,,False,False,False,True,False,False
"Jul 10, 2025, 3:16:31 PM",40’ hood,4.77,40.12,8.4,153.0,167,4.77,40.07,8.4,153.0,167.0,9.0,436.0,4.77,40.12,8.4,153.0,167,66,2.0,7.6,17.4,72.9,0.0,52.6,60.2,180.4,,False,False,False,False,False,False
"Jul 9, 2025, 2:36:57 PM",DCS track Pacing ✌️,3.27,56.05,17.15,157.0,178,3.27,29.35,8.98,159.0,178.0,0.0,321.0,3.27,56.05,17.15,157.0,178,90,3.2,3.3,18.1,69.2,6.1,7.4,1.0,181.0,,False,False,False,True,False,False
"Jul 8, 2025, 1:39:48 AM",Morning Run,5.35,48.68,9.09,164.0,188,5.35,45.57,8.52,164.0,188.0,6.0,521.0,5.35,48.68,9.09,164.0,188,89,0.9,2.0,18.2,36.5,42.4,53.4,65.6,178.6,,False,False,False,True,False,False
"Jul 6, 2025, 1:12:08 AM",Morning Run,11.41,110.47,9.69,155.1,184,11.41,102.48,8.98,155.0,184.0,12.0,1098.0,11.41,110.47,9.69,155.1,184,110,0.1,1.8,34.0,53.3,10.9,151.0,156.2,178.5,,False,False,False,True,False,False
"Jul 5, 2025, 3:52:08 PM",Evening Run,3.09,27.58,8.92,120.6,129,2.61,27.58,10.57,121.0,129.0,0.0,196.0,3.09,27.58,8.92,120.6,129,92,12.4,87.6,0.0,0.0,0.0,0,0,173.6,,False,False,False,False,False,False
"Jul 4, 2025, 2:06:31 AM",Morning Run,5.08,43.33,8.53,166.6,184,5.08,41.03,8.08,167.0,184.0,10.0,480.0,5.08,43.33,8.53,166.6,184,106,0.2,3.6,7.6,42.5,46.1,63.6,68.4,179.8,,False,False,False,False,False,False
"Jul 4, 2025, 1:53:26 AM",Morning Run,1.16,10.75,9.24,140.5,152,1.16,10.42,8.98,141.0,152.0,3.0,107.0,1.16,10.75,9.24,140.5,152,90,4.6,15.4,68.0,11.9,0.0,14.8,14.0,176.9,,False,False,False,True,False,False
"Jul 3, 2025, 3:47:26 AM",Morning Run,5.06,40.07,7.91,145.4,159,4.75,40.07,8.44,145.0,159.0,0.0,402.0,5.06,40.07,7.91,145.4,159,65,2.4,7.2,49.4,41.0,0.0,0,0,182.7,,False,True,False,False,False,False
"Jul 1, 2025, 7:14:44 AM",Lunch Run,5.52,58.93,10.68,150.5,175,6.34,54.48,8.59,149.0,175.0,0.0,547.0,5.52,58.93,10.68,150.5,175,68,2.7,8.8,33.1,46.7,8.7,0,0,172.2,,False,False,False,True,False,False
"Jun 29, 2025, 1:16:32 AM",DLR,12.43,123.87,9.96,147.6,169,12.43,110.12,8.86,148.0,169.0,17.0,1131.0,12.43,123.87,9.96,147.6,169,76,1.2,7.2,54.6,37.1,0.0,135.0,139.8,182.0,,False,False,False,True,False,False
"Jun 25, 2025, 3:04:10 PM",DCS Track,3.07,28.05,9.13,166.3,181,3.07,23.77,7.74,167.0,181.0,0.0,330.0,3.07,28.05,9.13,166.3,181,132,0.0,0.1,8.0,46.4,45.6,10.0,0,180.8,,False,False,False,True,False,False
"Jun 24, 2025, 3:20:37 PM",EZ w Leena,2.92,38.35,13.12,141.9,157,2.92,26.2,8.97,142.0,157.0,1.0,263.0,2.92,38.35,13.12,141.9,157,82,9.2,14.1,43.1,33.7,0.0,46.0,55.2,175.6,,False,False,False,True,False,False
"Jun 24, 2025, 7:00:13 AM",Lunch Run,1.6,11.75,7.32,126.6,132,1.25,11.75,9.4,127.0,132.0,0.0,96.0,1.6,11.75,7.32,126.6,132,108,3.1,96.9,0.0,0.0,0.0,0,0,178.2,,False,True,False,False,False,False
"Jun 22, 2025, 1:12:57 AM",DLR,9.18,96.18,10.47,153.5,170,9.18,82.65,9.0,154.0,170.0,21.0,867.0,9.18,96.18,10.47,153.5,170,78,0.8,3.1,33.5,62.6,0.0,111.0,111.4,178.0,,False,False,False,True,False,False
"Jun 19, 2025, 6:55:04 AM",Morning Run,8.48,60.02,7.08,158.9,175,7.46,60.02,8.05,159.0,175.0,0.0,651.0,8.48,60.02,7.08,158.9,175,81,0.8,1.3,21.2,60.5,16.2,0,0,179.8,,False,True,False,False,False,False
"Jun 17, 2025, 7:55:38 AM",Lunch Run,4.2,41.17,9.8,150.9,179,4.69,41.17,8.78,151.0,179.0,0.0,415.0,4.2,41.17,9.8,150.9,179,65,1.7,13.2,35.3,35.2,14.6,0,0,168.0,,False,False,False,True,False,False
"Jun 16, 2025, 1:40:03 AM",Morning Run,5.02,63.62,12.66,135.9,154,5.02,48.6,9.68,137.0,154.0,8.0,452.0,5.02,63.62,12.66,135.9,154,78,5.7,19.2,74.2,0.9,0.0,61.8,68.0,175.3,,False,False,False,True,False,False
"Jun 15, 2025, 1:15:31 AM",Dubai Long Run,11.42,121.73,10.66,144.7,170,11.42,103.08,9.03,145.0,170.0,29.0,1015.0,11.42,121.73,10.66,144.7,170,49,2.2,23.9,25.2,48.6,0.0,137.2,142.8,176.8,,False,False,False,True,False,False
"Jun 12, 2025, 8:57:25 AM",Lunch Run,7.62,60.08,7.89,157.3,176,7.71,60.08,7.79,157.0,176.0,0.0,632.0,7.62,60.08,7.89,157.3,176,69,1.2,0.7,14.6,81.0,2.5,0,0,179.0,,False,True,False,False,False,False
"Jun 11, 2025, 2:08:58 AM",🚲 🏃🏽‍♀️,5.28,44.57,8.44,170.1,185,5.28,40.98,7.76,170.0,185.0,11.0,487.0,5.28,44.57,8.44,170.1,185,100,0.4,1.0,3.7,36.2,58.6,57.2,62.6,176.4,,False,False,False,False,False,False
"Jun 9, 2025, 11:56:26 AM",TM intervale,5.09,50.1,9.84,157.6,181,6.09,50.1,8.23,158.0,181.0,0.0,538.0,5.09,50.1,9.84,157.6,181,65,0.9,9.7,17.6,49.2,22.6,0,0,172.0,,False,False,False,True,False,False
"Jun 8, 2025, 6:56:36 AM",Morning Run,10.39,91.25,8.78,139.3,161,10.26,90.03,8.77,139.0,161.0,0.0,789.0,10.39,91.25,8.78,139.3,161,85,3.8,17.1,65.0,14.1,0.0,0,0,177.5,,False,False,False,False,False,False
"Jun 5, 2025, 1:30:18 AM",Morning Run,4.05,51.42,12.69,151.0,181,4.05,45.05,11.12,151.0,181.0,72.0,424.0,4.05,51.42,12.69,151.0,181,120,0.0,14.4,38.3,35.2,12.1,110.6,117.0,162.0,,False,False,False,True,False,False
"Jun 5, 2025, 1:21:58 AM",Morning Run,0.57,5.75,10.13,137.0,153,0.57,5.75,10.09,137.0,153.0,10.0,54.0,0.57,5.75,10.13,137.0,153,102,5.8,29.2,48.3,16.8,0.0,12.2,11.6,172.5,,False,False,False,True,False,False
"Jun 4, 2025, 5:01:21 AM",Easy 40min,4.71,41.2,8.76,154.1,169,4.6,40.03,8.7,154.0,169.0,0.0,413.0,4.71,41.2,8.76,154.1,169,81,1.6,3.5,26.3,68.6,0.0,0,0,177.3,,False,False,False,False,False,False
"Jun 2, 2025, 2:40:06 AM",Morning Run,1.53,16.33,10.71,161.4,169,1.52,14.37,9.45,161.0,169.0,3.0,155.0,1.53,16.33,10.71,161.4,169,146,0.0,0.0,8.3,91.7,0.0,18.4,16.4,173.7,,False,False,False,True,False,False
"Jun 2, 2025, 2:15:36 AM",Mona,2.49,20.3,8.14,171.3,183,2.49,19.88,7.98,172.0,183.0,3.0,237.0,2.49,20.3,8.14,171.3,183,114,0.0,1.3,1.5,33.7,63.5,29.0,30.8,177.2,,False,False,False,False,False,False
"Jun 2, 2025, 1:54:43 AM",Morning Run,1.81,15.12,8.37,154.8,169,1.8,15.12,8.4,155.0,169.0,3.0,164.0,1.81,15.12,8.37,154.8,169,73,3.9,2.2,26.0,68.0,0.0,14.4,15.8,173.3,,False,False,False,False,False,False
"May 31, 2025, 12:14:02 PM",Afternoon Run,4.49,41.15,9.17,135.0,149,4.38,36.43,8.32,129.0,149.0,0.0,321.0,4.49,41.15,9.17,135.0,149,78,5.6,27.4,67.1,0.0,0.0,0,0,179.3,,False,False,False,True,False,False
"May 28, 2025, 1:54:49 AM",Morning Run,4.16,37.15,8.93,155.6,180,4.16,35.02,8.42,156.0,180.0,6.0,379.0,4.16,37.15,8.93,155.6,180,76,2.0,5.6,28.4,40.2,23.8,39.2,48.4,176.6,,False,False,False,False,False,False
"May 24, 2025, 1:33:23 AM",Morning Run,10.06,92.58,9.2,150.5,178,10.06,85.27,8.48,151.0,178.0,20.0,896.0,10.06,92.58,9.2,150.5,178,71,1.7,13.3,41.8,25.7,17.5,117.0,125.2,177.1,,False,False,False,True,False,False
"May 22, 2025, 6:13:07 AM",Morning Run,4.79,40.25,8.41,143.8,175,4.99,40.25,8.07,144.0,175.0,0.0,379.0,4.79,40.25,8.41,143.8,175,69,17.3,10.8,25.3,42.6,4.0,0,0,178.1,,False,False,False,False,False,False
"May 20, 2025, 6:57:50 AM",Morning Run,3.94,30.78,7.81,143.1,164,3.76,30.78,8.19,143.0,164.0,0.0,292.0,3.94,30.78,7.81,143.1,164,65,5.0,17.1,34.4,43.6,0.0,0,0,180.2,,False,True,False,False,False,False
"May 19, 2025, 2:02:46 AM",Morning Run,3.34,32.58,9.76,133.8,146,3.34,32.58,9.75,134.0,146.0,2.0,300.0,3.34,32.58,9.76,133.8,146,69,3.0,30.5,66.6,0.0,0.0,29.2,36.2,176.0,,False,False,False,True,False,False
"May 18, 2025, 4:59:16 AM",Morning Run,4.31,34.98,8.12,145.0,166,4.36,34.62,7.94,145.0,166.0,0.0,333.0,4.31,34.98,8.12,145.0,166,68,3.6,16.2,41.4,38.8,0.0,0,0,177.1,,False,False,False,False,False,False
"May 16, 2025, 6:22:25 AM",Morning Run,3.39,25.02,7.38,143.3,167,3.11,25.02,8.05,143.0,167.0,0.0,237.0,3.39,25.02,7.38,143.3,167,62,5.6,19.6,39.1,35.7,0.0,0,0,176.1,,False,True,False,False,False,False
"May 12, 2025, 2:02:59 AM",Run on Hyrox legs,5.07,40.02,7.89,167.1,187,5.07,40.02,7.89,167.0,187.0,5.0,483.0,5.07,40.02,7.89,167.1,187,76,1.5,1.4,12.5,28.6,56.1,35.0,42.4,177.6,,False,True,False,False,False,False
"May 10, 2025, 1:34:17 AM",Birthday Miles for Jose,12.43,129.33,10.4,157.0,169,12.43,111.68,8.98,157.0,169.0,22.0,1217.0,12.43,129.33,10.4,157.0,169,75,0.7,2.9,14.2,82.2,0.0,86.4,94.6,178.6,,False,False,False,True,False,False
"May 5, 2025, 2:10:10 AM",Morning Run,4.52,41.58,9.21,149.2,167,4.51,40.17,8.91,149.0,167.0,9.0,436.0,4.52,41.58,9.21,149.2,167,99,1.5,7.8,43.0,47.7,0.0,40.8,40.8,177.7,,False,False,False,True,False,False
"Apr 21, 2025, 2:57:11 PM",Boston Marathon 🦄,26.44,204.78,7.74,162.7,172,26.44,204.63,7.74,163.0,172.0,288.0,2394.0,26.44,204.78,7.74,162.7,172,135,0.0,0.0,2.3,96.7,1.0,406.2,540.6,182.3,,True,True,False,False,True,False
"Apr 20, 2025, 1:16:46 PM",Morning Run,1.11,12.17,11.0,131.9,148,1.11,11.02,9.93,133.0,148.0,23.0,119.0,1.11,12.17,11.0,131.9,148,106,3.6,41.7,54.7,0.0,0.0,59.6,50.6,174.8,,False,False,False,True,False,False
"Apr 20, 2025, 12:23:38 PM",Morning Run,2.44,30.87,12.64,132.7,150,2.44,25.05,10.27,133.0,150.0,31.0,240.0,2.44,30.87,12.64,132.7,150,56,7.1,40.6,52.3,0.0,0.0,70.6,68.0,174.8,,False,False,False,True,False,False
"Apr 19, 2025, 1:09:45 PM",Tracksmith Shakeout,4.83,43.9,9.09,140.0,159,4.83,43.68,9.04,140.0,159.0,33.0,452.0,4.83,43.9,9.09,140.0,159,88,2.1,10.1,83.1,4.7,0.0,75.0,70.0,179.6,,False,False,False,True,False,False
"Apr 16, 2025, 2:16:24 AM",Morning Run,4.59,38.0,8.28,159.5,178,4.59,37.83,8.24,160.0,178.0,12.0,442.0,4.59,38.0,8.28,159.5,178,66,1.6,4.0,16.6,48.9,28.9,42.2,47.8,178.3,,False,False,False,False,False,False
"Apr 14, 2025, 2:06:58 AM",Birthday Run Easy,5.14,46.42,9.03,140.5,158,5.14,46.42,9.03,140.0,158.0,7.0,482.0,5.14,46.42,9.03,140.5,158,104,0.2,4.7,91.2,3.9,0.0,38.8,42.0,175.3,,False,False,False,True,False,False
"Apr 12, 2025, 1:49:43 AM",Medium Run,11.95,96.32,8.06,158.8,175,11.95,95.8,8.02,159.0,175.0,99.0,1123.0,11.95,96.32,8.06,158.8,175,96,0.3,1.3,24.5,57.1,16.8,139.4,146.2,179.4,,False,False,False,False,False,False
"Apr 11, 2025, 2:10:58 AM",Finally back,3.31,30.48,9.21,133.1,143,3.31,30.43,9.19,133.0,143.0,11.0,304.0,3.31,30.48,9.21,133.1,143,105,1.4,34.3,64.3,0.0,0.0,27.0,27.4,176.1,,False,False,False,True,False,False
"Apr 9, 2025, 4:44:32 AM",Track on TM,6.15,52.07,8.47,147.1,174,6.21,51.32,8.26,146.0,174.0,0.0,524.0,6.15,52.07,8.47,147.1,174,62,3.0,22.8,26.8,43.6,3.8,0,0,172.6,,False,False,False,False,False,False
"Apr 8, 2025, 6:40:14 AM",Morning Run,2.62,21.33,8.15,147.7,171,2.62,21.33,8.14,148.0,171.0,0.0,227.0,2.62,21.33,8.15,147.7,171,60,3.1,13.5,38.9,41.1,3.4,0,0,175.0,,False,False,False,False,False,False
"Apr 5, 2025, 1:21:03 AM",Last One,21.24,187.27,8.82,160.6,170,21.24,170.17,8.01,161.0,170.0,102.0,1976.0,21.24,187.27,8.82,160.6,170,78,0.3,0.9,7.9,91.0,0.0,212.2,224.8,180.4,,True,False,False,False,False,False
"Apr 3, 2025, 6:45:05 AM",Morning Run,4.75,36.02,7.59,155.7,179,4.51,36.02,7.99,156.0,179.0,0.0,410.0,4.75,36.02,7.59,155.7,179,92,1.1,0.8,29.2,50.5,18.4,0,0,179.1,,False,True,False,False,False,False
"Apr 3, 2025, 6:27:00 AM",Morning Run,1.87,14.88,7.95,153.0,175,2.02,14.88,7.37,153.0,175.0,0.0,165.0,1.87,14.88,7.95,153.0,175,113,0.1,16.4,24.3,45.9,13.3,0,0,176.3,,False,True,False,False,False,False
"Apr 3, 2025, 6:12:29 AM",Morning Run,1.29,10.05,7.82,131.4,140,1.29,10.05,7.79,131.0,140.0,0.0,96.0,1.29,10.05,7.82,131.4,140,79,4.1,34.9,60.9,0.0,0.0,0,0,176.5,,False,True,False,False,False,False
"Apr 2, 2025, 5:18:01 AM",Missed Track on TM,6.9,58.87,8.53,156.7,178,7.71,58.87,7.64,157.0,178.0,0.0,676.0,6.9,58.87,8.53,156.7,178,104,0.4,13.0,11.8,59.7,15.1,0,0,181.4,,False,False,False,False,False,False
"Apr 1, 2025, 3:05:25 AM",Morning Run,6.22,51.6,8.3,153.2,173,6.22,51.45,8.27,153.0,173.0,73.0,588.0,6.22,51.6,8.3,153.2,173,62,1.9,10.0,25.3,60.7,2.0,102.0,118.6,178.7,,False,False,False,False,False,False
"Mar 29, 2025, 6:06:44 AM",Morning Run,19.21,176.67,9.2,151.6,163,21.28,170.0,7.99,150.0,163.0,0.0,1786.0,19.21,176.67,9.2,151.6,163,65,0.5,6.0,25.2,68.4,0.0,0,0,183.9,,True,False,False,True,False,False
"Mar 28, 2025, 6:39:16 AM",Morning Run,5.08,40.05,7.89,127.6,138,4.44,40.05,9.02,128.0,138.0,0.0,351.0,5.08,40.05,7.89,127.6,138,66,6.3,57.3,36.4,0.0,0.0,0,0,179.7,,False,True,False,False,False,False
"Mar 27, 2025, 12:41:58 PM",Proggy,7.07,60.15,8.51,153.5,168,7.61,60.15,7.9,154.0,168.0,0.0,687.0,7.07,60.15,8.51,153.5,168,96,0.4,3.0,32.2,64.3,0.0,0,0,181.9,,False,False,False,False,False,False
"Mar 25, 2025, 2:50:52 PM",🥴 energy,5.0,61.77,12.35,144.2,174,5.0,50.95,10.19,149.0,174.0,19.0,501.0,5.0,61.77,12.35,144.2,174,63,10.9,18.0,25.9,36.8,8.4,95.0,96.4,178.4,,False,False,False,True,False,False
"Mar 24, 2025, 4:04:32 AM",Morning Run,5.66,50.72,8.96,149.2,159,5.66,50.72,8.96,149.0,159.0,54.0,554.0,5.66,50.72,8.96,149.2,159,75,1.1,2.4,51.4,45.0,0.0,89.2,99.6,175.1,,False,False,False,False,False,False
"Mar 22, 2025, 1:05:29 AM",Morning Run,19.68,180.98,9.2,155.3,166,19.68,161.78,8.22,155.0,166.0,90.0,1857.0,19.68,180.98,9.2,155.3,166,73,0.6,1.2,31.7,66.5,0.0,186.6,187.6,181.6,,True,False,False,True,False,False
"Mar 21, 2025, 4:14:47 AM",Morning Run,5.33,50.53,9.48,145.7,161,5.78,50.53,8.74,146.0,161.0,0.0,549.0,5.33,50.53,9.48,145.7,161,73,1.2,13.0,57.2,28.6,0.0,0,0,177.3,,False,False,False,True,False,False
"Mar 20, 2025, 7:29:59 AM",Lunch Run,4.56,41.78,9.16,127.7,142,4.36,41.78,9.58,128.0,142.0,0.0,371.0,4.56,41.78,9.16,127.7,142,88,13.1,46.9,40.0,0.0,0.0,0,0,176.0,,False,False,False,True,False,False
"Mar 20, 2025, 4:19:51 AM",Morning Run,4.81,40.27,8.38,144.0,153,4.47,40.27,9.01,144.0,153.0,0.0,434.0,4.81,40.27,8.38,144.0,153,79,1.4,9.1,84.2,5.4,0.0,0,0,178.0,,False,False,False,False,False,False
"Mar 18, 2025, 2:40:01 PM",Evening Run,6.26,83.62,13.36,151.5,176,6.26,59.3,9.47,153.0,176.0,36.0,650.0,6.26,83.62,13.36,151.5,176,105,1.6,13.4,37.4,25.8,21.8,88.4,77.0,179.9,,False,False,False,True,False,False
"Mar 17, 2025, 6:30:54 PM",Night Run,6.37,61.68,9.69,135.3,151,6.36,57.5,9.04,135.0,151.0,38.0,586.0,6.37,61.68,9.69,135.3,151,58,3.2,26.6,70.2,0.0,0.0,76.0,68.8,174.4,,False,False,False,True,False,False
"Mar 15, 2025, 1:05:32 AM",Morning Run,21.82,200.48,9.19,149.8,166,21.82,184.05,8.43,150.0,166.0,237.0,2018.0,21.82,200.48,9.19,149.8,166,77,0.4,2.0,52.4,45.3,0.0,337.2,335.0,179.1,,True,False,False,True,False,False
"Mar 14, 2025, 6:37:17 AM",Morning Run,5.12,40.05,7.83,140.1,159,4.78,40.05,8.38,140.0,159.0,0.0,411.0,5.12,40.05,7.83,140.1,159,58,2.2,14.6,75.9,7.4,0.0,0,0,178.6,,False,True,False,False,False,False
"Mar 13, 2025, 7:11:31 PM",Attempt 2,5.51,44.65,8.1,156.0,171,5.9,44.65,7.57,156.0,171.0,0.0,516.0,5.51,44.65,8.1,156.0,171,88,1.0,6.3,15.9,71.5,5.3,0,0,182.0,,False,False,False,False,False,False
"Mar 13, 2025, 7:37:15 AM",Failed Session 😔,0.88,7.58,8.66,161.0,166,0.88,6.93,7.88,159.0,166.0,0.0,84.0,0.88,7.58,8.66,161.0,166,136,0.0,0.0,6.9,93.1,0.0,0,0,185.9,,False,False,False,False,False,False
"Mar 13, 2025, 7:26:06 AM",Lunch Run,1.2,10.1,8.42,126.8,136,1.2,10.1,8.42,127.0,136.0,0.0,92.0,1.2,10.1,8.42,126.8,136,63,8.7,60.3,31.0,0.0,0.0,0,0,176.5,,False,False,False,False,False,False
"Mar 11, 2025, 2:38:17 PM",Evening Run,7.65,82.73,10.82,151.7,176,7.65,72.07,9.42,152.0,176.0,20.0,766.0,7.65,82.73,10.82,151.7,176,73,2.1,9.9,37.4,36.3,14.3,76.6,69.2,167.4,,False,False,False,True,False,False
"Mar 8, 2025, 5:43:06 PM",Mission Aborted 🤢,17.4,170.15,9.78,148.5,166,17.4,151.17,8.69,149.0,166.0,87.0,1629.0,17.4,170.15,9.78,148.5,166,96,0.4,3.8,62.1,33.7,0.0,182.0,188.2,177.3,,True,False,False,True,False,False
"Mar 7, 2025, 2:09:40 AM",Morning Run,6.47,54.05,8.36,153.2,170,6.47,53.05,8.2,153.0,170.0,14.0,599.0,6.47,54.05,8.36,153.2,170,74,1.4,10.2,23.5,64.9,0.0,50.0,50.8,179.5,,False,False,False,False,False,False
"Mar 5, 2025, 7:04:17 PM",Night Run,4.92,44.38,9.02,141.2,163,5.22,44.38,8.5,141.0,163.0,0.0,458.0,4.92,44.38,9.02,141.2,163,71,1.2,9.8,83.7,5.3,0.0,0,0,179.2,,False,False,False,True,False,False
"Mar 4, 2025, 2:38:13 PM",Track Abras,6.35,74.83,11.78,151.2,177,6.35,60.03,9.45,155.0,177.0,33.0,635.0,6.35,74.83,11.78,151.2,177,83,4.4,13.8,36.0,23.4,22.5,107.8,105.2,179.9,,False,False,False,True,False,False
"Mar 3, 2025, 4:25:19 AM",Morning Run,6.24,53.08,8.51,146.9,164,6.24,53.08,8.51,147.0,164.0,68.0,581.0,6.24,53.08,8.51,146.9,164,59,1.3,1.3,65.3,32.1,0.0,101.0,86.0,178.0,,False,False,False,False,False,False
"Mar 1, 2025, 1:26:35 AM",LR,20.32,177.92,8.76,156.4,170,20.32,161.67,7.96,156.0,170.0,108.0,1858.0,20.32,177.92,8.76,156.4,170,68,0.5,1.1,27.9,70.6,0.0,239.6,239.8,180.8,,True,False,False,False,False,False
"Feb 28, 2025, 3:03:12 AM",Morning Run,4.33,40.03,9.25,134.3,146,4.33,40.03,9.24,134.0,146.0,14.0,399.0,4.33,40.03,9.25,134.3,146,79,1.0,32.9,66.1,0.0,0.0,47.6,52.0,177.1,,False,False,False,True,False,False
"Feb 25, 2025, 2:49:26 PM",Evening Run,4.99,64.83,12.99,152.1,176,4.99,49.45,9.91,155.0,176.0,82.0,527.0,4.99,64.83,12.99,152.1,176,73,6.8,7.0,29.1,35.8,21.2,92.4,90.8,182.5,,False,False,False,True,False,False
"Feb 24, 2025, 2:23:39 PM",Shuffle,5.97,55.25,9.26,144.2,159,5.97,53.67,8.99,144.0,159.0,23.0,565.0,5.97,55.25,9.26,144.2,159,62,1.7,3.7,65.6,29.1,0.0,67.6,84.4,175.1,,False,False,False,True,False,False
"Feb 23, 2025, 1:45:31 PM",Afternoon Run,6.3,56.03,8.89,148.2,163,6.3,55.45,8.8,148.0,163.0,36.0,602.0,6.3,56.03,8.89,148.2,163,67,1.9,13.0,29.3,55.8,0.0,91.0,99.8,175.5,,False,False,False,False,False,False
"Feb 22, 2025, 2:08:42 AM",Undulating,18.66,164.95,8.84,143.2,164,18.65,163.97,8.79,143.0,164.0,196.0,1737.0,18.66,164.95,8.84,143.2,164,92,0.3,4.9,82.7,12.1,0.0,301.2,303.4,175.4,,True,False,False,False,False,False
"Feb 21, 2025, 2:11:47 AM",Morning Run,7.44,59.37,7.98,165.5,176,7.44,59.15,7.95,166.0,176.0,16.0,717.0,7.44,59.37,7.98,165.5,176,82,0.5,0.9,9.7,43.3,45.6,57.4,61.4,178.6,,False,True,False,False,False,False
"Feb 21, 2025, 1:45:18 AM",Morning Run,1.0,9.52,9.54,136.4,153,1.0,9.12,9.12,136.0,153.0,5.0,93.0,1.0,9.52,9.54,136.4,153,78,5.1,24.7,60.4,9.8,0.0,11.6,4.4,174.8,,False,False,False,True,False,False
"Feb 20, 2025, 8:25:34 AM",Warmup,0.67,6.18,9.25,118.2,131,0.67,6.18,9.22,118.0,131.0,0.0,49.0,0.67,6.18,9.25,118.2,131,78,22.6,77.4,0.0,0.0,0.0,0,0,172.8,,False,False,False,True,False,False
"Feb 19, 2025, 5:32:58 AM",Morning Run,4.52,40.87,9.04,131.9,145,4.6,40.87,8.88,132.0,145.0,0.0,374.0,4.52,40.87,9.04,131.9,145,73,2.4,41.9,55.7,0.0,0.0,0,0,181.4,,False,False,False,True,False,False
"Feb 18, 2025, 2:44:42 PM",Evening Run,5.98,69.38,11.6,151.7,177,5.98,56.92,9.52,155.0,177.0,10.0,608.0,5.98,69.38,11.6,151.7,177,97,1.0,16.1,27.0,44.2,11.7,54.0,62.0,180.7,,False,False,False,True,False,False
"Feb 16, 2025, 1:50:07 AM",Morning Run,16.78,138.85,8.27,153.5,168,16.78,138.5,8.25,154.0,168.0,73.0,1545.0,16.78,138.85,8.27,153.5,168,76,0.3,1.2,35.2,63.3,0.0,173.8,184.6,178.4,,True,False,False,False,False,False
"Feb 15, 2025, 2:08:34 AM",Social,8.58,113.78,13.26,130.5,148,8.58,84.18,9.81,131.0,148.0,35.0,792.0,8.58,113.78,13.26,130.5,148,66,4.8,48.7,46.5,0.0,0.0,85.2,82.8,175.4,,False,False,False,True,False,False
"Feb 14, 2025, 6:11:10 AM",Morning Run,5.68,45.52,8.01,127.6,139,4.98,45.52,9.14,128.0,139.0,0.0,372.0,5.68,45.52,8.01,127.6,139,87,1.4,89.2,9.4,0.0,0.0,0,0,179.1,,False,False,False,False,False,False
"Feb 13, 2025, 5:23:09 AM",Morning Run,7.14,59.98,8.4,152.9,170,7.69,59.98,7.8,153.0,170.0,0.0,661.0,7.14,59.98,8.4,152.9,170,65,1.1,11.9,16.9,70.1,0.0,0,0,182.8,,False,False,False,False,False,False
"Feb 13, 2025, 2:13:44 AM",Social run,3.11,34.0,10.93,129.9,145,3.11,30.22,9.72,130.0,145.0,10.0,287.0,3.11,34.0,10.93,129.9,145,69,8.6,41.4,50.0,0.0,0.0,33.0,33.6,175.4,,False,False,False,True,False,False
"Feb 12, 2025, 2:02:36 AM",Easy Social,6.27,56.42,8.99,145.3,157,6.27,55.95,8.92,145.0,157.0,11.0,593.0,6.27,56.42,8.99,145.3,157,92,0.5,5.0,82.0,12.5,0.0,49.6,50.8,178.3,,False,False,False,False,False,False
"Feb 9, 2025, 2:06:28 AM",Burj to burj 2025,13.17,97.28,7.39,168.2,175,13.17,97.28,7.39,168.0,175.0,30.0,1196.0,13.17,97.28,7.39,168.2,175,122,0.0,0.2,0.7,75.4,23.7,93.0,101.2,183.4,,False,True,False,False,False,False
"Feb 8, 2025, 2:52:47 AM",Morning Run,2.0,21.3,10.66,127.9,138,2.0,21.02,10.51,128.0,138.0,3.0,194.0,2.0,21.3,10.66,127.9,138,99,2.9,68.4,28.7,0.0,0.0,23.8,23.2,171.9,,False,False,False,True,False,False
"Feb 7, 2025, 3:15:07 AM",Morning Run,3.13,25.92,8.27,151.9,165,3.13,25.92,8.28,152.0,165.0,21.0,287.0,3.13,25.92,8.27,151.9,165,84,1.5,4.9,38.7,54.8,0.0,34.0,31.8,180.4,,False,False,False,False,False,False
"Feb 4, 2025, 2:35:31 PM",Evening Run,1.07,10.07,9.45,139.3,150,1.07,10.07,9.41,139.0,150.0,8.0,106.0,1.07,10.07,9.45,139.3,150,119,0.0,4.3,95.7,0.0,0.0,13.8,7.0,175.0,,False,False,False,True,False,False
"Feb 4, 2025, 2:01:54 PM",Mona,4.11,32.08,7.81,161.5,172,4.11,32.08,7.81,162.0,172.0,16.0,384.0,4.11,32.08,7.81,161.5,172,106,0.5,0.5,4.0,94.1,0.9,46.4,55.2,180.4,,False,True,False,False,False,False
"Feb 4, 2025, 1:48:02 PM",Afternoon Run,1.21,10.33,8.52,145.0,157,1.21,10.33,8.54,145.0,157.0,11.0,113.0,1.21,10.33,8.52,145.0,157,82,3.4,6.1,41.1,49.4,0.0,18.8,9.4,177.4,,False,False,False,False,False,False
"Feb 3, 2025, 8:29:50 AM",Lunch Run,4.48,40.05,8.94,143.6,158,4.78,40.05,8.38,144.0,158.0,0.0,417.0,4.48,40.05,8.94,143.6,158,110,0.2,16.0,60.1,23.7,0.0,0,0,183.9,,False,False,False,False,False,False
"Feb 2, 2025, 11:54:18 AM",Afternoon Run,3.66,34.23,9.36,140.7,145,3.73,34.23,9.18,141.0,145.0,0.0,345.0,3.66,34.23,9.36,140.7,145,106,0.2,1.5,98.3,0.0,0.0,0,0,181.5,,False,False,False,True,False,False
"Feb 2, 2025, 11:12:32 AM",Afternoon Run,3.95,35.23,8.91,133.9,146,3.73,35.23,9.45,134.0,146.0,0.0,329.0,3.95,35.23,8.91,133.9,146,78,1.3,41.6,57.1,0.0,0.0,0,0,178.5,,False,False,False,False,False,False
"Feb 1, 2025, 2:07:34 AM",Morning Run,14.31,120.5,8.42,151.7,172,14.31,120.5,8.42,152.0,172.0,38.0,1314.0,14.31,120.5,8.42,151.7,172,76,0.3,2.2,43.5,52.5,1.5,107.2,104.6,177.8,,False,False,False,False,False,False
"Jan 30, 2025, 1:41:31 PM",Afternoon Run,5.14,50.4,9.8,151.3,170,5.14,43.15,8.39,151.0,170.0,114.0,473.0,5.14,50.4,9.8,151.3,170,84,2.5,11.4,21.9,64.2,0.0,138.4,136.4,177.9,,False,False,False,True,False,False
"Jan 30, 2025, 1:35:57 AM",Morning Run,1.18,15.9,13.49,133.3,143,1.18,11.2,9.49,132.0,143.0,12.0,108.0,1.18,15.9,13.49,133.3,143,76,3.9,32.1,64.0,0.0,0.0,23.2,8.8,170.6,,False,False,False,True,False,False
"Jan 29, 2025, 7:46:48 AM",Lunch Run,3.63,38.8,10.69,134.0,146,3.12,27.43,8.79,115.0,146.0,0.0,252.0,3.63,38.8,10.69,134.0,146,66,5.6,28.5,65.8,0.0,0.0,0,0,178.5,,False,False,False,True,False,False
"Jan 28, 2025, 8:17:25 AM",Lunch Run,1.74,15.55,8.93,152.4,172,1.96,15.55,7.93,153.0,172.0,0.0,168.0,1.74,15.55,8.93,152.4,172,77,2.4,4.9,30.0,60.8,1.9,0,0,176.8,,False,False,False,False,False,False
"Jan 28, 2025, 2:08:57 AM",Morning Run,5.55,47.9,8.62,165.6,176,5.55,43.62,7.86,166.0,176.0,9.0,518.0,5.55,47.9,8.62,165.6,176,111,0.3,1.0,10.6,40.2,47.8,42.2,44.0,180.0,,False,False,False,False,False,False
"Jan 27, 2025, 9:50:14 AM",Afternoon Run,5.03,40.05,7.96,152.5,165,4.92,40.05,8.14,153.0,165.0,0.0,438.0,5.03,40.05,7.96,152.5,165,93,1.1,4.4,27.4,67.1,0.0,0,0,181.2,,False,True,False,False,False,False
"Jan 25, 2025, 5:14:31 AM",Morning Run,0.62,6.42,10.35,143.3,146,0.62,6.42,10.35,143.0,146.0,9.0,64.0,0.62,6.42,10.35,143.3,146,137,0.0,0.0,100.0,0.0,0.0,13.2,3.4,172.6,,False,False,False,True,False,False
"Jan 25, 2025, 3:25:31 AM",Morning Run,12.45,107.27,8.62,160.7,173,12.44,104.02,8.36,161.0,173.0,79.0,1184.0,12.45,107.27,8.62,160.7,173,74,0.6,1.3,7.7,85.7,4.7,148.4,139.6,178.1,,False,False,False,False,False,False
"Jan 24, 2025, 3:10:27 AM",Morning Run,3.74,30.55,8.17,160.1,176,3.74,30.55,8.17,160.0,176.0,12.0,353.0,3.74,30.55,8.17,160.1,176,79,1.4,1.5,13.1,64.5,19.5,31.4,39.2,179.1,,False,False,False,False,False,False
"Jan 23, 2025, 12:43:12 PM",Afternoon Run,6.22,54.35,8.74,157.7,171,6.22,51.88,8.34,158.0,171.0,61.0,592.0,6.22,54.35,8.74,157.7,171,67,1.2,1.7,19.3,77.3,0.5,140.6,126.6,177.1,,False,False,False,False,False,False
"Jan 22, 2025, 5:31:28 AM",Morning Run,0.84,7.13,8.48,134.8,147,0.84,7.13,8.49,135.0,147.0,0.0,70.0,0.84,7.13,8.48,134.8,147,115,0.0,25.2,74.8,0.0,0.0,0,0,176.6,,False,False,False,False,False,False
"Jan 20, 2025, 5:35:55 AM",Dreadmill,4.48,46.75,10.43,157.6,173,5.9,46.75,7.92,158.0,173.0,0.0,527.0,4.48,46.75,10.43,157.6,173,71,1.9,8.8,12.6,69.1,7.7,0,0,182.3,,False,False,False,True,False,False
"Jan 18, 2025, 3:31:27 AM",60,7.48,61.35,8.2,161.2,174,7.48,61.35,8.2,161.0,174.0,14.0,709.0,7.48,61.35,8.2,161.2,174,72,0.8,0.9,12.7,76.7,8.9,54.0,70.0,178.8,,False,False,False,False,False,False
"Jan 16, 2025, 4:04:10 AM",Fasted Pyramid,6.22,51.07,8.21,143.3,156,6.22,51.07,8.21,143.0,156.0,20.0,541.0,6.22,51.07,8.21,143.3,156,96,0.8,3.6,88.5,7.1,0.0,51.0,54.2,179.1,,False,False,False,False,False,False
"Jan 15, 2025, 4:12:40 AM",Legs be workin,6.24,52.27,8.37,158.9,171,6.24,52.27,8.38,159.0,171.0,15.0,601.0,6.24,52.27,8.37,158.9,171,74,0.8,1.3,11.2,86.0,0.7,47.8,54.0,179.9,,False,False,False,False,False,False
"Jan 12, 2025, 5:01:31 AM",Morning Run,3.74,34.58,9.26,138.3,150,3.11,34.58,11.12,138.0,150.0,0.0,338.0,3.74,34.58,9.26,138.3,150,120,0.0,10.5,89.5,0.0,0.0,0,0,173.6,,False,False,False,True,False,False
"Jan 10, 2025, 4:05:03 AM",Test jog,3.24,35.67,10.99,118.3,133,3.24,35.02,10.81,118.0,133.0,7.0,293.0,3.24,35.67,10.99,118.3,133,70,23.3,76.5,0.2,0.0,0.0,28.4,33.0,174.2,,False,False,False,True,False,False
"Jan 1, 2025, 2:42:17 AM",Proggy Pyramid,7.37,60.2,8.17,156.1,168,7.37,60.2,8.17,156.0,168.0,13.0,683.0,7.37,60.2,8.17,156.1,168,91,0.4,0.8,27.3,71.4,0.0,57.8,65.2,181.0,,False,False,False,False,False,False
"Dec 30, 2024, 4:06:43 AM",Morning Run,1.45,12.82,8.85,155.1,166,1.45,11.82,8.15,155.0,166.0,1.0,135.0,1.45,12.82,8.85,155.1,166,106,1.5,2.5,19.7,76.2,0.0,7.6,9.6,179.7,,False,False,False,False,False,False
"Dec 30, 2024, 3:19:28 AM",Track,5.11,43.12,8.44,159.9,177,5.11,40.98,8.02,161.0,177.0,2.0,495.0,5.11,43.12,8.44,159.9,177,119,0.0,2.2,26.0,43.4,28.4,31.4,37.0,177.9,,False,False,False,False,False,False
"Dec 30, 2024, 3:03:53 AM",Morning Run,1.25,10.33,8.29,144.6,155,1.25,10.33,8.26,145.0,155.0,1.0,112.0,1.25,10.33,8.29,144.6,155,96,1.4,8.5,62.8,27.2,0.0,7.4,10.6,176.1,,False,False,False,False,False,False
"Dec 28, 2024, 2:24:37 AM",Time on Feet w Sneaky Intervals,14.94,120.38,8.06,156.5,174,14.94,120.03,8.03,157.0,174.0,29.0,1351.0,14.94,120.38,8.06,156.5,174,82,0.3,0.1,20.8,74.6,4.1,97.8,108.0,182.3,,False,False,False,False,False,False
"Dec 27, 2024, 2:20:26 AM",Morning Run,4.98,40.38,8.11,157.1,165,4.98,40.38,8.11,157.0,165.0,3.0,461.0,4.98,40.38,8.11,157.1,165,74,1.7,1.6,6.4,90.4,0.0,25.4,38.2,181.2,,False,False,False,False,False,False
"Dec 25, 2024, 4:28:07 AM",Morning Run,1.75,13.93,7.97,160.2,167,1.75,13.93,7.96,160.0,167.0,2.0,163.0,1.75,13.93,7.97,160.2,167,146,0.0,0.0,1.6,98.4,0.0,11.6,14.0,180.1,,False,True,False,False,False,False
"Dec 25, 2024, 3:47:48 AM",Intervals,3.83,35.97,9.39,162.5,180,3.83,30.75,8.03,163.0,180.0,2.0,365.0,3.83,35.97,9.39,162.5,180,110,0.4,2.4,14.3,48.9,34.0,27.6,35.2,180.8,,False,False,False,True,False,False
"Dec 25, 2024, 3:33:59 AM",Morning Run,1.29,10.02,7.76,154.3,163,1.29,10.02,7.77,154.0,163.0,0.0,115.0,1.29,10.02,7.76,154.3,163,96,2.2,1.8,17.6,78.4,0.0,7.4,8.6,179.0,,False,True,False,False,False,False
"Dec 24, 2024, 6:43:33 AM",Easy 35’,4.37,35.48,8.12,130.6,144,3.91,35.48,9.07,131.0,144.0,0.0,318.0,4.37,35.48,8.12,130.6,144,81,3.3,43.4,53.3,0.0,0.0,0,0,178.1,,False,False,False,False,False,False
"Dec 24, 2024, 2:02:49 AM",Drills LK,1.12,61.47,54.64,88.5,120,1.12,15.3,13.66,91.0,120.0,3.0,182.0,1.12,61.47,54.64,88.5,120,55,97.3,2.7,0.0,0.0,0.0,33.2,41.2,150.2,,False,False,False,True,False,False
"Dec 23, 2024, 3:21:35 AM",Morning Run,2.74,23.58,8.62,150.1,157,2.74,23.58,8.61,150.0,157.0,7.0,260.0,2.74,23.58,8.62,150.1,157,117,0.0,1.3,65.5,33.2,0.0,25.2,21.8,177.8,,False,False,False,False,False,False
"Dec 23, 2024, 2:55:56 AM",Morning Run,3.11,23.48,7.55,168.8,176,3.11,21.97,7.06,169.0,176.0,2.0,275.0,3.11,23.48,7.55,168.8,176,107,0.3,1.5,2.9,31.8,63.5,20.2,26.2,182.6,,False,True,False,False,False,False
"Dec 23, 2024, 2:42:07 AM",Morning Run,1.08,10.02,9.29,138.3,149,1.08,10.02,9.28,138.0,149.0,2.0,103.0,1.08,10.02,9.29,138.3,149,91,2.7,12.6,84.7,0.0,0.0,10.4,8.2,175.7,,False,False,False,True,False,False
"Dec 22, 2024, 9:35:40 AM",Afternoon Run,1.3,10.95,8.43,120.1,130,1.3,10.95,8.42,120.0,130.0,0.0,87.0,1.3,10.95,8.43,120.1,130,63,7.6,92.4,0.0,0.0,0.0,0,0,173.7,,False,False,False,False,False,False
"Dec 21, 2024, 2:47:12 AM",Social Yapping Away,9.35,89.25,9.54,133.7,148,9.35,86.07,9.21,134.0,148.0,4.0,851.0,9.35,89.25,9.54,133.7,148,67,1.4,32.0,66.5,0.0,0.0,61.8,71.4,176.7,,False,False,False,True,False,False
"Dec 20, 2024, 6:25:13 AM",Proggy Pyramid,6.41,60.1,9.38,157.0,171,7.67,60.1,7.84,157.0,171.0,0.0,687.0,6.41,60.1,9.38,157.0,171,77,0.5,9.9,18.7,69.9,1.0,0,0,183.5,,False,False,False,True,False,False
"Dec 17, 2024, 2:46:39 AM",Intervals locale,5.2,43.72,8.4,154.3,175,5.2,43.65,8.39,154.0,175.0,8.0,490.0,5.2,43.72,8.4,154.3,175,90,0.7,2.7,40.6,47.5,8.5,36.4,42.0,177.8,,False,False,False,False,False,False
"Dec 17, 2024, 2:37:16 AM",Morning Run,0.76,6.53,8.54,138.0,146,0.76,6.53,8.59,138.0,146.0,2.0,68.0,0.76,6.53,8.54,138.0,146,103,2.0,10.7,87.3,0.0,0.0,6.4,3.8,177.3,,False,False,False,False,False,False
"Dec 17, 2024, 2:25:58 AM",Morning Run,1.15,10.03,8.74,138.4,151,1.15,10.03,8.72,139.0,151.0,6.0,104.0,1.15,10.03,8.74,138.4,151,65,6.1,8.1,85.7,0.0,0.0,10.8,6.8,177.2,,False,False,False,False,False,False
"Dec 15, 2024, 3:04:06 AM",Morning Run,5.03,46.47,9.24,132.5,155,5.03,42.95,8.54,133.0,155.0,29.0,440.0,5.03,46.47,9.24,132.5,155,70,7.1,44.1,45.1,3.7,0.0,63.0,64.0,178.1,,False,False,False,True,False,False
"Dec 14, 2024, 1:42:52 AM",Time on feet,13.12,110.83,8.45,159.5,176,13.12,106.58,8.12,160.0,176.0,22.0,1215.0,13.12,110.83,8.45,159.5,176,71,0.5,0.8,18.9,70.5,9.4,87.6,92.0,180.4,,False,False,False,False,False,False
"Dec 12, 2024, 2:44:03 AM",Tempo,6.33,51.47,8.12,157.0,173,6.33,51.47,8.13,157.0,173.0,11.0,584.0,6.33,51.47,8.12,157.0,173,67,0.9,0.8,21.2,72.2,4.9,52.2,60.6,181.1,,False,False,False,False,False,False
"Dec 11, 2024, 2:06:51 AM",Morning Run,5.91,54.0,9.14,139.4,152,5.91,54.0,9.14,139.0,152.0,9.0,544.0,5.91,54.0,9.14,139.4,152,64,1.4,10.3,88.2,0.2,0.0,40.8,43.8,178.0,,False,False,False,True,False,False
"Dec 10, 2024, 2:00:28 AM",Morning Run,5.78,51.12,8.85,152.2,178,5.78,50.07,8.66,152.0,178.0,8.0,544.0,5.78,51.12,8.85,152.2,178,69,1.4,6.8,37.9,40.7,13.3,44.0,42.6,176.2,,False,False,False,False,False,False
"Dec 7, 2024, 2:28:20 AM",Morning Run,7.62,60.78,7.98,164.4,178,7.62,60.05,7.88,164.0,178.0,4.0,714.0,7.62,60.78,7.98,164.4,178,76,0.4,0.7,14.4,49.3,35.2,56.8,63.0,177.2,,False,True,False,False,False,False
"Dec 4, 2024, 2:04:19 AM",Morning Run,3.55,51.52,14.51,152.4,181,3.55,33.05,9.31,154.0,181.0,4.0,353.0,3.55,51.52,14.51,152.4,181,95,1.9,15.6,28.8,29.2,24.5,25.2,22.2,171.5,,False,False,False,True,False,False
"Dec 2, 2024, 2:26:48 AM",Morning Run,4.44,33.28,7.5,166.5,177,4.44,33.15,7.47,167.0,177.0,1.0,405.0,4.44,33.28,7.5,166.5,177,98,0.7,0.8,2.4,66.1,30.1,22.2,29.0,179.2,,False,True,False,False,False,False
"Dec 1, 2024, 3:03:26 AM",Pacing HM,12.64,105.75,8.37,154.3,174,12.64,104.93,8.3,154.0,174.0,18.0,1164.0,12.64,105.75,8.37,154.3,174,115,0.0,0.7,31.6,64.9,2.8,98.6,105.6,182.4,,False,False,False,False,False,False
"Dec 1, 2024, 2:59:32 AM",Morning Run,0.33,3.15,,127.3,139,0.33,3.15,,127.0,139.0,1.0,30.0,0.33,3.15,,127.3,139,112,2.6,79.5,17.9,0.0,0.0,2.6,1.8,176.5,,False,False,False,False,False,False
"Nov 30, 2024, 2:46:40 AM",Pacing 10k,6.03,50.63,8.39,150.5,162,6.03,50.63,8.4,151.0,162.0,24.0,557.0,6.03,50.63,8.39,150.5,162,61,1.7,0.6,47.3,50.4,0.0,50.6,51.2,177.9,,False,False,False,False,False,False
"Nov 28, 2024, 8:58:00 AM",Lunch Run,7.08,61.13,8.63,134.7,146,6.21,61.03,9.83,135.0,146.0,0.0,546.0,7.08,61.13,8.63,134.7,146,71,2.7,24.7,72.7,0.0,0.0,0,0,175.6,,False,False,False,False,False,False
"Nov 27, 2024, 2:10:04 AM",Morning Run,5.67,50.03,8.82,144.1,152,5.67,49.98,8.81,144.0,152.0,3.0,522.0,5.67,50.03,8.82,144.1,152,65,1.4,2.2,96.0,0.4,0.0,32.2,32.6,176.0,,False,False,False,False,False,False
"Nov 26, 2024, 1:10:50 AM",Hills,6.32,60.72,9.61,155.0,180,6.32,60.25,9.53,157.0,180.0,168.0,647.0,6.32,60.72,9.61,155.0,180,72,1.1,6.8,27.0,50.4,14.7,194.6,195.4,176.9,,False,False,False,True,False,False
"Nov 25, 2024, 3:14:21 PM",Evening Run,0.46,11.9,,85.9,118,0.45,8.32,,91.0,118.0,10.0,40.0,0.46,11.9,,85.9,118,60,96.1,3.9,0.0,0.0,0.0,16.2,16.0,121.0,,False,False,False,False,False,False
"Nov 23, 2024, 2:38:17 AM",Camels Social,8.16,102.72,12.59,142.7,161,8.16,75.43,9.24,143.0,161.0,45.0,765.0,8.16,102.72,12.59,142.7,161,91,1.9,10.5,66.6,21.1,0.0,93.0,94.8,175.3,,False,False,False,True,False,False
"Nov 21, 2024, 4:02:33 AM",Morning Run,8.71,73.58,8.45,160.2,181,8.71,73.55,8.44,160.0,181.0,17.0,837.0,8.71,73.58,8.45,160.2,181,73,0.6,2.2,22.2,45.4,29.6,75.4,78.8,172.6,,False,False,False,False,False,False
"Nov 19, 2024, 7:32:02 AM",Proggy 8k,7.27,63.22,8.7,152.6,166,7.77,63.22,8.14,153.0,166.0,0.0,700.0,7.27,63.22,8.7,152.6,166,77,0.4,3.3,31.6,64.6,0.0,0,0,185.2,,False,False,False,False,False,False
"Nov 18, 2024, 7:56:52 AM",Lunch Run,4.38,40.25,9.18,134.4,149,4.38,40.25,9.19,134.0,149.0,0.0,371.0,4.38,40.25,9.18,134.4,149,74,1.4,35.9,62.7,0.0,0.0,0,0,179.0,,False,False,False,True,False,False
"Nov 17, 2024, 2:16:42 AM",Morning Run,9.32,78.17,8.39,144.7,165,9.32,77.17,8.28,145.0,165.0,9.0,821.0,9.32,78.17,8.39,144.7,165,64,1.1,11.8,58.4,28.8,0.0,80.4,79.6,180.1,,False,False,False,False,False,False
"Nov 16, 2024, 2:08:30 AM",EZ run yapping away,8.08,86.2,10.66,146.3,164,8.08,73.9,9.15,146.0,164.0,7.0,773.0,8.08,86.2,10.66,146.3,164,65,2.0,11.9,48.2,37.9,0.0,68.2,73.6,176.7,,False,False,False,True,False,False
"Nov 14, 2024, 1:15:17 AM",Morning Run,4.58,51.85,11.31,128.7,144,4.58,45.57,9.95,129.0,144.0,4.0,422.0,4.58,51.85,11.31,128.7,144,83,6.8,59.6,33.6,0.0,0.0,33.6,36.4,175.1,,False,False,False,True,False,False
"Nov 13, 2024, 1:18:17 AM",Morning Run,6.51,72.65,11.16,137.3,169,6.51,71.45,10.98,139.0,169.0,134.0,645.0,6.51,72.65,11.16,137.3,169,73,7.4,34.8,33.7,24.1,0.0,167.6,170.4,163.2,,False,False,False,True,False,False
"Nov 11, 2024, 8:19:56 AM",Lunch Run,3.16,31.58,9.99,137.5,148,3.16,31.58,9.99,137.0,148.0,0.0,309.0,3.16,31.58,9.99,137.5,148,79,5.5,6.1,88.3,0.0,0.0,0,0,174.6,,False,False,False,True,False,False
"Nov 11, 2024, 5:04:17 AM",Morning Run,1.9,25.97,13.65,146.2,177,1.9,25.97,13.67,146.0,177.0,0.0,274.0,1.9,25.97,13.65,146.2,177,98,4.3,12.4,42.1,38.7,2.4,0,0,151.9,,False,False,False,True,False,False
"Nov 10, 2024, 2:50:10 AM",Morning Run,3.12,21.87,7.0,148.8,157,3.12,21.87,7.01,149.0,157.0,15.0,246.0,3.12,21.87,7.0,148.8,157,97,2.4,4.3,45.6,47.7,0.0,26.0,25.2,180.7,,False,True,False,False,False,False
"Nov 9, 2024, 2:55:26 AM",Morning Run,2.74,28.57,10.43,138.8,152,2.74,25.05,9.14,140.0,152.0,3.0,251.0,2.74,28.57,10.43,138.8,152,96,2.4,13.3,79.9,4.4,0.0,23.2,25.6,176.1,,False,False,False,True,False,False
"Nov 8, 2024, 1:09:47 AM",Progressive,6.87,56.13,8.17,161.0,181,6.87,55.85,8.13,161.0,181.0,7.0,655.0,6.87,56.13,8.17,161.0,181,73,0.7,6.2,13.8,52.9,26.3,50.8,57.0,176.2,,False,False,False,False,False,False
"Nov 6, 2024, 7:53:20 AM",Lunch Run,5.54,45.42,8.2,149.9,161,4.98,45.42,9.12,150.0,161.0,0.0,493.0,5.54,45.42,8.2,149.9,161,74,2.6,4.2,43.3,49.9,0.0,0,0,179.7,,False,False,False,False,False,False
"Nov 5, 2024, 2:59:09 PM",😮‍💨,6.0,60.62,10.1,155.8,178,6.0,55.97,9.33,156.0,178.0,7.0,614.0,6.0,60.62,10.1,155.8,178,107,0.7,2.5,29.6,62.8,4.4,43.8,48.2,166.0,,False,False,False,True,False,False
"Nov 4, 2024, 5:44:09 AM",Morning Run,1.87,19.45,10.39,148.2,172,1.87,19.45,10.4,148.0,172.0,0.0,209.0,1.87,19.45,10.39,148.2,172,88,6.2,9.2,26.8,57.3,0.4,0,0,167.1,,False,False,False,True,False,False
"Nov 4, 2024, 4:21:40 AM",Morning Run,3.74,30.57,8.17,143.1,152,3.74,30.48,8.15,143.0,152.0,3.0,324.0,3.74,30.57,8.17,143.1,152,86,1.4,4.9,92.7,1.0,0.0,20.2,22.8,176.5,,False,False,False,False,False,False
"Nov 3, 2024, 3:13:27 AM",Women’s Run,3.17,24.27,7.65,161.3,172,3.17,24.27,7.66,161.0,172.0,16.0,285.0,3.17,24.27,7.65,161.3,172,89,0.8,0.8,6.2,85.8,6.4,28.6,25.8,175.9,,False,True,False,False,False,False
"Oct 26, 2024, 1:00:48 PM",Slippery Escorca Trail,9.65,182.68,18.93,121.2,170,9.65,138.53,14.36,127.0,170.0,480.0,1148.0,9.65,182.68,18.93,121.2,170,56,43.2,19.9,31.0,5.9,0.0,532.6,1012.0,148.4,,False,False,False,True,False,False
"Oct 25, 2024, 3:23:31 PM",Afternoon Trail Run,0.69,6.88,9.97,136.0,150,0.69,6.45,9.35,135.0,150.0,5.0,69.0,0.69,6.88,9.97,136.0,150,105,5.8,22.2,72.0,0.0,0.0,8.2,39.2,176.5,,False,False,False,True,False,False
"Oct 25, 2024, 1:21:29 PM",Trail with Lisa & Christoff,4.61,120.58,26.15,127.7,158,4.61,96.02,20.83,132.0,158.0,357.0,681.0,4.61,120.58,26.15,127.7,158,79,19.6,43.0,28.2,9.2,0.0,400.8,352.2,152.2,,False,False,False,True,False,False
"Oct 25, 2024, 9:10:04 AM",Cool down,1.61,16.08,10.0,141.8,151,1.61,15.7,9.75,142.0,151.0,2.0,162.0,1.61,16.08,10.0,141.8,151,104,1.8,4.3,93.9,0.0,0.0,15.6,12.8,172.2,,False,False,False,True,False,False
"Oct 25, 2024, 7:57:26 AM",Road with triple World Triathlon Champion Mario Mola Diaz 🫠,4.54,58.78,12.95,142.4,162,4.54,38.75,8.54,143.0,162.0,9.0,408.0,4.54,58.78,12.95,142.4,162,72,2.6,13.9,62.8,20.7,0.0,32.2,29.6,177.9,,False,False,False,True,False,False
"Oct 23, 2024, 1:36:05 PM",Afternoon Run,6.23,61.25,9.82,131.0,151,6.23,58.37,9.37,131.0,151.0,19.0,544.0,6.23,61.25,9.82,131.0,151,67,8.4,31.7,59.9,0.0,0.0,68.4,63.6,174.3,,False,False,False,True,False,False
"Oct 23, 2024, 7:40:04 AM",Morning Trail Run,6.22,83.1,13.36,133.9,152,6.22,71.43,11.48,137.0,152.0,142.0,637.0,6.22,83.1,13.36,133.9,152,72,8.7,30.5,60.3,0.5,0.0,157.6,578.0,160.5,,False,False,False,True,False,False
"Oct 22, 2024, 7:53:36 AM",Track with Sarah Lahti 🇸🇪,2.89,53.67,18.58,141.8,162,2.89,26.7,9.24,143.0,162.0,12.0,258.0,2.89,53.67,18.58,141.8,162,108,2.2,21.5,51.8,24.5,0.0,26.6,23.8,167.6,,False,False,False,True,False,False
"Oct 21, 2024, 3:20:38 PM",Afternoon Run,4.36,46.65,10.71,129.4,144,4.35,45.67,10.5,130.0,144.0,40.0,410.0,4.36,46.65,10.71,129.4,144,84,1.5,64.8,33.7,0.0,0.0,56.8,55.6,169.3,,False,False,False,True,False,False
"Oct 13, 2024, 12:46:08 PM",Chicago Marathon,26.7,225.93,8.46,140.7,164,26.7,221.57,8.3,141.0,164.0,68.0,2333.0,26.7,225.93,8.46,140.7,164,67,0.9,14.1,74.6,10.4,0.0,246.2,244.0,177.8,0.298,True,False,False,False,True,False
"Oct 12, 2024, 12:32:07 PM",Morning Run,3.34,32.75,9.8,137.3,147,3.34,31.67,9.48,137.0,147.0,16.0,312.0,3.34,32.75,9.8,137.3,147,98,0.9,7.8,91.3,0.0,0.0,51.2,47.0,173.4,,False,False,False,True,False,False
"Oct 9, 2024, 2:00:41 AM",Morning Run,0.68,21.58,31.55,87.6,150,0.68,6.87,10.1,115.0,150.0,1.0,88.0,0.68,21.58,31.55,87.6,150,44,75.0,4.5,20.5,0.0,0.0,16.4,18.0,168.7,,False,False,False,True,False,False
"Oct 8, 2024, 1:37:36 AM",Morning Run,0.47,32.35,,89.9,116,0.47,6.73,,97.0,116.0,0.0,106.0,0.47,32.35,,89.9,116,64,98.7,1.3,0.0,0.0,0.0,19.4,25.0,165.7,,False,False,False,False,False,False
"Oct 7, 2024, 1:08:26 AM",Morning Run,1.26,40.95,32.57,109.9,165,1.26,15.35,12.18,119.0,165.0,3.0,203.0,1.26,40.95,32.57,109.9,165,72,67.7,18.5,11.9,1.9,0.0,26.8,31.4,154.6,,False,False,False,True,False,False
"Oct 2, 2024, 2:19:35 AM",Morning Run,3.83,43.27,11.31,143.5,176,3.82,33.97,8.89,148.0,176.0,22.0,397.0,3.83,43.27,11.31,143.5,176,94,12.6,20.1,17.4,42.9,7.0,50.4,52.0,170.2,,False,False,False,True,False,False
"Oct 1, 2024, 8:15:41 AM",Lunch Run,3.81,29.52,7.75,151.2,172,3.74,29.52,7.89,151.0,172.0,0.0,308.0,3.81,29.52,7.75,151.2,172,88,1.0,9.9,33.6,51.7,3.8,0,0,182.3,,False,True,False,False,False,False
"Sep 30, 2024, 9:01:15 AM",Afternoon Run,1.83,18.52,10.13,126.4,139,1.87,14.48,7.74,117.0,139.0,0.0,117.0,1.83,18.52,10.13,126.4,139,83,12.0,49.4,38.5,0.0,0.0,0,0,180.3,,False,False,False,True,False,False
"Sep 29, 2024, 2:04:06 AM",Morning Run,5.13,42.38,8.26,162.6,179,5.13,40.05,7.81,163.0,179.0,1.0,459.0,5.13,42.38,8.26,162.6,179,98,1.0,2.2,13.6,58.4,24.8,30.2,37.8,178.4,,False,False,False,False,False,False
"Sep 28, 2024, 1:27:22 AM",Morning Run,14.92,131.05,8.78,169.1,184,14.92,120.0,8.04,169.0,184.0,22.0,1399.0,14.92,131.05,8.78,169.1,184,82,0.5,1.1,3.1,39.4,55.9,116.4,122.2,178.1,,False,False,False,False,False,False
"Sep 26, 2024, 1:53:46 AM",Morning Run,4.15,50.25,12.1,152.4,179,4.15,32.88,7.92,153.0,179.0,123.0,353.0,4.15,50.25,12.1,152.4,179,75,5.2,11.7,17.4,50.5,15.2,137.0,134.4,178.7,,False,False,False,True,False,False
"Sep 25, 2024, 2:16:57 AM",Morning Run,3.64,42.38,11.63,129.9,160,3.64,36.57,10.05,135.0,160.0,16.0,319.0,3.64,42.38,11.63,129.9,160,68,21.4,24.9,46.2,7.6,0.0,46.8,49.6,173.7,,False,False,False,True,False,False
"Sep 24, 2024, 7:57:01 AM",Lunch Run,3.27,26.8,8.2,153.3,170,3.11,26.8,8.62,153.0,170.0,0.0,268.0,3.27,26.8,8.2,153.3,170,103,2.9,6.0,32.0,59.1,0.0,0,0,175.3,,False,False,False,False,False,False
"Sep 23, 2024, 7:31:42 AM",Lunch Run,7.65,56.6,7.4,142.9,160,7.47,56.6,7.58,143.0,160.0,0.0,521.0,7.65,56.6,7.4,142.9,160,94,0.6,6.8,83.3,9.3,0.0,0,0,183.2,,False,True,False,False,False,False
"Sep 22, 2024, 2:04:19 AM",Morning Run,6.23,50.22,8.06,175.1,183,6.23,48.18,7.73,175.0,183.0,7.0,587.0,6.23,50.22,8.06,175.1,183,123,0.0,0.7,1.0,12.8,85.4,40.6,44.6,177.7,,False,False,False,False,False,False
"Sep 22, 2024, 1:31:10 AM",Morning Run,3.14,23.42,7.46,163.6,181,3.14,23.42,7.46,164.0,181.0,0.0,274.0,3.14,23.42,7.46,163.6,181,82,1.2,6.3,21.6,5.3,65.6,15.2,19.6,177.8,,False,True,False,False,False,False
"Sep 19, 2024, 1:21:52 AM",Morning Run,3.64,35.73,9.81,151.7,178,3.64,28.57,7.85,152.0,178.0,106.0,309.0,3.64,35.73,9.81,151.7,178,55,9.7,3.3,19.5,46.4,21.1,118.0,119.8,178.9,,False,False,False,True,False,False
"Sep 18, 2024, 2:12:49 AM",Morning Run,3.77,44.73,11.87,144.5,175,3.77,34.98,9.28,148.0,175.0,19.0,346.0,3.77,44.73,11.87,144.5,175,86,10.5,9.5,29.3,47.5,3.1,49.0,48.8,174.2,,False,False,False,True,False,False
"Sep 17, 2024, 8:22:44 AM",Lunch Run,4.32,33.3,7.7,149.0,161,4.36,33.3,7.64,149.0,161.0,0.0,343.0,4.32,33.3,7.7,149.0,161,85,1.5,2.3,56.6,39.7,0.0,0,0,180.5,,False,True,False,False,False,False
"Sep 16, 2024, 2:25:16 AM",Morning Run,3.12,23.38,7.5,142.1,151,3.12,23.38,7.49,142.0,151.0,0.0,242.0,3.12,23.38,7.5,142.1,151,89,2.2,5.0,92.8,0.0,0.0,17.0,29.6,178.9,,False,True,False,False,False,False
"Sep 15, 2024, 1:45:46 AM",Morning Run,3.62,30.02,8.29,159.9,178,3.62,29.32,8.1,160.0,178.0,0.0,327.0,3.62,30.02,8.29,159.9,178,123,0.0,1.5,12.1,66.8,19.7,23.8,25.6,179.6,,False,False,False,False,False,False
"Sep 14, 2024, 11:52:33 AM",Afternoon Run,4.4,32.6,7.42,157.1,168,4.36,32.6,7.48,157.0,168.0,0.0,349.0,4.4,32.6,7.42,157.1,168,80,2.5,0.9,6.7,89.8,0.0,0,0,185.1,,False,True,False,False,False,False
"Sep 14, 2024, 11:02:38 AM",Afternoon Run,5.73,43.27,7.56,136.6,146,5.6,43.27,7.73,137.0,146.0,0.0,368.0,5.73,43.27,7.56,136.6,146,82,1.4,18.2,80.4,0.0,0.0,0,0,179.7,,False,True,False,False,False,False
"Sep 14, 2024, 1:27:29 AM",Morning Run,6.23,49.33,7.92,177.0,184,6.23,49.0,7.87,177.0,184.0,5.0,599.0,6.23,49.33,7.92,177.0,184,131,0.0,0.3,0.7,6.5,92.6,41.2,48.4,178.4,,False,True,False,False,False,False
"Sep 14, 2024, 12:55:20 AM",Morning Run,3.12,23.6,7.57,140.3,153,3.12,23.6,7.56,140.0,153.0,0.0,239.0,3.12,23.6,7.57,140.3,153,83,2.8,14.3,76.4,6.4,0.0,14.8,19.4,176.8,,False,True,False,False,False,False
"Sep 12, 2024, 1:14:20 AM",Morning Run,4.79,47.85,10.0,158.8,184,4.79,38.68,8.08,159.0,184.0,121.0,425.0,4.79,47.85,10.0,158.8,184,81,2.2,8.2,26.7,19.9,43.0,138.2,141.4,177.9,,False,False,False,True,False,False
"Sep 11, 2024, 2:15:00 AM",Morning Run,3.32,39.43,11.88,144.1,176,3.32,31.38,9.45,147.0,176.0,14.0,305.0,3.32,39.43,11.88,144.1,176,101,8.3,10.8,44.6,35.1,1.1,38.2,37.4,175.3,,False,False,False,True,False,False
"Sep 10, 2024, 8:51:15 AM",Lunch Run,0.68,5.4,7.89,122.5,133,0.68,5.4,7.94,123.0,133.0,0.0,41.0,0.68,5.4,7.89,122.5,133,83,17.2,67.7,15.1,0.0,0.0,0,0,172.4,,False,True,False,False,False,False
"Sep 9, 2024, 6:46:36 AM",Morning Run,2.99,39.55,13.22,151.6,171,3.21,24.33,7.58,126.0,171.0,0.0,248.0,2.99,39.55,13.22,151.6,171,82,5.2,8.3,17.3,67.9,1.4,0,0,179.3,,False,False,False,True,False,False
"Sep 8, 2024, 10:01:31 AM",Afternoon Run,3.12,26.92,8.64,144.2,153,3.11,26.92,8.66,144.0,153.0,0.0,259.0,3.12,26.92,8.64,144.2,153,88,1.1,4.4,84.3,10.1,0.0,0,0,176.6,,False,False,False,False,False,False
"Sep 8, 2024, 9:11:14 AM",Afternoon Run,3.1,25.47,8.22,161.1,167,3.11,25.47,8.19,161.0,167.0,0.0,279.0,3.1,25.47,8.22,161.1,167,100,0.9,0.9,4.4,93.8,0.0,0,0,176.0,,False,False,False,False,False,False
"Sep 8, 2024, 5:59:29 AM",Morning Run,8.34,101.62,12.19,144.7,160,9.35,85.3,9.12,138.0,160.0,0.0,790.0,8.34,101.62,12.19,144.7,160,81,2.6,11.8,44.9,40.7,0.0,0,0,179.6,,False,False,False,True,False,False
"Sep 5, 2024, 7:22:01 AM",Lunch Run,6.62,49.4,7.46,141.3,167,6.26,49.4,7.89,141.0,167.0,0.0,450.0,6.62,49.4,7.46,141.3,167,56,3.1,33.1,21.4,42.4,0.0,0,0,183.7,,False,True,False,False,False,False
"Sep 4, 2024, 6:13:43 AM",Morning Run,4.84,33.53,6.93,148.7,162,4.41,33.53,7.6,149.0,162.0,0.0,338.0,4.84,33.53,6.93,148.7,162,103,2.1,3.5,38.1,56.3,0.0,0,0,184.3,,False,False,True,False,False,False
"Sep 4, 2024, 2:09:14 AM",Morning Run,4.45,52.9,11.9,141.6,172,4.44,37.13,8.36,143.0,172.0,21.0,359.0,4.45,52.9,11.9,141.6,172,72,7.7,13.0,46.2,32.5,0.7,53.2,56.0,175.1,,False,False,False,True,False,False
"Sep 3, 2024, 7:06:16 AM",Lunch Run,2.55,21.43,8.42,161.8,201,2.61,21.43,8.21,162.0,201.0,0.0,227.0,2.55,21.43,8.42,161.8,201,117,0.0,9.9,31.4,20.7,38.0,0,0,182.6,,False,False,False,False,False,False
"Sep 3, 2024, 6:18:26 AM",Morning Run,5.12,41.42,8.08,146.8,161,5.0,39.07,7.81,143.0,161.0,0.0,380.0,5.12,41.42,8.08,146.8,161,85,2.1,4.0,65.4,28.4,0.0,0,0,184.4,,False,False,False,False,False,False
"Sep 3, 2024, 1:57:51 AM",Drills,1.3,53.82,41.5,99.1,137,1.3,52.92,40.71,106.0,137.0,1.0,216.0,1.3,53.82,41.5,99.1,137,65,78.2,21.1,0.8,0.0,0.0,33.6,42.4,158.1,,False,False,False,True,False,False
"Sep 2, 2024, 6:12:03 AM",Morning Run,7.38,58.33,7.9,156.9,170,7.47,58.33,7.81,157.0,170.0,0.0,615.0,7.38,58.33,7.9,156.9,170,110,0.3,5.2,12.8,81.6,0.0,0,0,185.4,,False,True,False,False,False,False
"Aug 31, 2024, 1:26:47 AM",Morning Run,9.34,86.9,9.31,167.3,184,9.33,72.75,7.8,167.0,184.0,32.0,834.0,9.34,86.9,9.31,167.3,184,117,0.0,0.6,9.5,39.6,50.3,68.4,71.6,179.0,,False,False,False,True,False,False
"Aug 29, 2024, 7:08:34 AM",Lunch Run,6.25,61.6,9.86,151.3,175,6.25,60.07,9.61,151.0,175.0,0.0,568.0,6.25,61.6,9.86,151.3,175,63,2.4,7.2,34.9,53.6,1.9,0,0,183.0,,False,False,False,True,False,False
"Aug 28, 2024, 2:17:58 AM",Morning Run,3.19,43.0,13.48,148.8,170,3.19,28.07,8.8,149.0,170.0,15.0,286.0,3.19,43.0,13.48,148.8,170,99,2.2,17.0,24.9,55.8,0.0,37.0,38.6,173.9,,False,False,False,True,False,False
"Aug 27, 2024, 7:14:32 AM",Lunch Run,9.3,76.35,8.21,152.7,176,9.43,75.13,7.97,152.0,176.0,0.0,695.0,9.3,76.35,8.21,152.7,176,101,0.2,6.7,32.7,58.6,1.8,0,0,177.1,,False,False,False,False,False,False
"Aug 26, 2024, 7:10:08 AM",Lunch Run,6.32,49.22,7.79,138.4,167,6.32,48.72,7.71,138.0,167.0,0.0,417.0,6.32,49.22,7.79,138.4,167,43,14.2,36.0,2.7,47.0,0.0,0,0,182.0,,False,True,False,False,False,False
"Aug 25, 2024, 12:23:29 PM",Afternoon Run,4.45,38.53,8.66,130.7,164,4.45,37.48,8.42,131.0,164.0,0.0,290.0,4.45,38.53,8.66,130.7,164,65,6.3,57.2,28.4,8.1,0.0,0,0,171.3,,False,False,False,False,False,False
"Aug 24, 2024, 2:21:48 PM",Evening Run,3.29,26.82,8.16,129.9,138,3.2,25.13,7.85,128.0,138.0,0.0,198.0,3.29,26.82,8.16,129.9,138,73,6.8,34.0,59.2,0.0,0.0,0,0,178.5,,False,False,False,False,False,False
"Aug 24, 2024, 2:39:05 AM",Morning Run,3.11,26.45,8.49,164.9,174,3.11,26.45,8.5,165.0,174.0,2.0,294.0,3.11,26.45,8.49,164.9,174,128,0.0,0.4,2.3,87.7,9.6,15.0,20.8,174.9,,False,False,False,False,False,False
"Aug 24, 2024, 2:07:25 AM",Morning Run,3.08,25.32,8.22,167.7,176,3.08,25.32,8.22,168.0,176.0,2.0,289.0,3.08,25.32,8.22,167.7,176,126,0.0,0.5,2.2,70.3,27.0,16.8,19.0,176.0,,False,False,False,False,False,False
"Aug 24, 2024, 1:32:53 AM",Morning Run,3.12,23.68,7.6,166.5,178,3.12,23.68,7.59,166.0,178.0,0.0,272.0,3.12,23.68,7.6,166.5,178,73,1.3,0.5,2.5,54.9,40.9,15.8,18.8,178.0,,False,True,False,False,False,False
"Aug 21, 2024, 2:15:52 AM",Morning Run,5.13,54.7,10.67,156.2,179,5.13,43.18,8.42,156.0,179.0,27.0,457.0,5.13,54.7,10.67,156.2,179,102,2.2,2.1,15.8,75.7,4.1,65.0,66.6,171.7,,False,False,False,True,False,False
"Aug 19, 2024, 3:53:22 AM",Morning Run,6.3,60.2,9.55,150.2,176,6.3,60.12,9.54,150.0,176.0,0.0,549.0,6.3,60.2,9.55,150.2,176,65,1.0,11.1,42.7,34.5,10.7,0,0,167.8,,False,False,False,True,False,False
"Aug 18, 2024, 2:38:01 AM",Morning Run,6.52,53.23,8.17,161.0,179,6.29,48.55,7.72,159.0,179.0,0.0,519.0,6.52,53.23,8.17,161.0,179,69,6.1,6.2,5.1,39.6,43.0,0,0,181.9,,False,False,False,False,False,False
"Aug 16, 2024, 2:34:14 AM",Morning Run,3.12,24.48,7.84,175.9,187,3.12,24.48,7.85,176.0,187.0,13.0,289.0,3.12,24.48,7.84,175.9,187,137,0.0,0.0,1.0,8.6,90.5,15.6,23.0,177.2,,False,True,False,False,False,False
"Aug 16, 2024, 2:03:33 AM",Morning Run,3.11,23.58,7.58,174.1,182,3.11,23.58,7.58,174.0,182.0,10.0,281.0,3.11,23.58,7.58,174.1,182,131,0.0,0.5,0.9,15.3,83.3,17.2,14.4,177.3,,False,True,False,False,False,False
"Aug 16, 2024, 1:33:27 AM",Morning Run,3.12,23.62,7.57,164.3,174,3.12,23.62,7.57,165.0,174.0,1.0,266.0,3.12,23.62,7.57,164.3,174,75,4.7,0.2,0.4,62.3,32.4,15.4,14.0,177.2,,False,True,False,False,False,False
"Aug 14, 2024, 3:09:18 AM",Morning Run,0.28,2.35,,144.5,168,0.28,2.35,,144.0,168.0,1.0,23.0,0.28,2.35,,144.5,168,117,0.0,17.6,48.6,33.8,0.0,3.4,2.6,177.3,,False,False,False,False,False,False
"Aug 14, 2024, 2:22:43 AM",Morning Run,4.28,44.72,10.45,151.4,178,4.28,42.95,10.04,152.0,178.0,24.0,426.0,4.28,44.72,10.45,151.4,178,113,0.0,8.3,30.3,60.1,1.2,58.2,58.4,166.8,,False,False,False,True,False,False
"Aug 13, 2024, 2:03:24 AM",Drills Strides,1.76,67.97,38.62,131.0,181,1.76,24.67,14.02,136.0,181.0,2.0,445.0,1.76,67.97,38.62,131.0,181,88,21.6,32.6,26.9,17.4,1.5,49.4,63.2,162.4,,False,False,False,True,False,False
"Aug 12, 2024, 2:16:48 AM",Morning Run,3.12,24.08,7.72,170.6,180,3.12,24.08,7.72,171.0,180.0,0.0,280.0,3.12,24.08,7.72,170.6,180,109,0.2,2.0,1.6,27.8,68.4,14.4,29.6,179.2,,False,True,False,False,False,False
"Aug 11, 2024, 2:22:06 AM",Morning Run,1.56,15.57,9.97,171.2,182,1.56,13.43,8.61,171.0,182.0,16.0,152.0,1.56,15.57,9.97,171.2,182,139,0.0,0.0,6.7,14.6,78.7,14.0,16.0,174.1,,False,False,False,True,False,False
"Aug 11, 2024, 1:47:32 AM",Morning Run,3.11,26.93,8.65,161.7,180,3.11,24.17,7.77,162.0,180.0,2.0,271.0,3.11,26.93,8.65,161.7,180,100,1.0,3.4,36.1,12.8,46.7,20.0,31.8,174.9,,False,False,False,False,False,False
"Aug 7, 2024, 1:24:09 PM",Last Hoorah,6.85,93.03,13.59,134.4,158,6.85,72.75,10.62,134.0,158.0,300.0,612.0,6.85,93.03,13.59,134.4,158,78,3.2,39.7,49.8,7.4,0.0,328.4,330.4,165.9,,False,False,False,True,False,False
"Aug 5, 2024, 1:47:32 PM",Morning Run,4.99,86.92,17.4,130.0,164,4.99,57.42,11.51,130.0,164.0,239.0,462.0,4.99,86.92,17.4,130.0,164,59,11.1,44.3,40.1,4.5,0.0,264.0,260.2,163.7,,False,False,False,True,False,False
"Aug 3, 2024, 1:44:31 PM",Braving the hills,7.47,104.12,13.94,139.9,161,7.47,84.38,11.3,142.0,161.0,355.0,736.0,7.47,104.12,13.94,139.9,161,75,7.7,14.2,57.5,20.6,0.0,411.0,407.6,167.2,,False,False,False,True,False,False
"Aug 1, 2024, 6:03:59 PM",Lunch Trail Run,1.68,69.57,41.34,86.9,123,1.68,35.23,20.97,89.0,123.0,99.0,225.0,1.68,69.57,41.34,86.9,123,46,92.4,7.6,0.0,0.0,0.0,131.2,150.2,112.9,,False,False,False,True,False,False
"Jul 28, 2024, 1:05:41 PM",Morning Run,26.44,214.63,8.12,145.2,171,26.44,210.68,7.97,145.0,171.0,3.0,2151.0,26.44,214.63,8.12,145.2,171,70,0.8,19.9,48.9,30.0,0.4,39.6,670.8,177.1,,True,False,False,False,True,False
"Jul 24, 2024, 2:05:57 AM",Morning Run,4.71,66.05,14.01,141.3,175,4.71,45.15,9.59,142.0,175.0,3.0,419.0,4.71,66.05,14.01,141.3,175,76,5.6,24.4,36.6,32.3,1.1,45.2,49.4,173.9,,False,False,False,True,False,False
"Jul 22, 2024, 7:35:24 AM",Lunch Run,4.43,33.37,7.54,111.5,121,4.43,33.37,7.53,112.0,121.0,0.0,177.0,4.43,33.37,7.54,111.5,121,74,46.0,54.0,0.0,0.0,0.0,0,0,181.1,,False,True,False,False,False,False
"Jul 20, 2024, 12:33:58 AM",Morning Run,13.12,114.17,8.7,162.0,195,13.12,111.05,8.46,162.0,195.0,59.0,1277.0,13.12,114.17,8.7,162.0,195,86,0.4,6.4,29.2,31.4,32.5,124.8,130.0,176.9,,False,False,False,False,False,False
"Jul 18, 2024, 2:13:24 AM",Morning Run,3.95,47.55,12.05,150.3,179,3.95,30.52,7.73,150.0,179.0,113.0,333.0,3.95,47.55,12.05,150.3,179,99,4.1,13.4,38.2,24.3,19.9,135.8,137.8,178.9,,False,False,False,True,False,False
"Jul 17, 2024, 2:01:42 AM",Morning Run,4.83,65.68,13.59,153.5,186,4.83,42.07,8.71,156.0,186.0,10.0,449.0,4.83,65.68,13.59,153.5,186,99,2.7,17.4,14.1,54.3,11.5,40.4,36.0,174.8,,False,False,False,True,False,False
"Jul 16, 2024, 6:23:12 AM",Morning Run,8.42,71.08,8.44,153.8,172,9.33,68.05,7.29,153.0,172.0,0.0,726.0,8.42,71.08,8.44,153.8,172,56,6.2,15.6,5.9,65.1,7.1,0,0,181.8,,False,False,False,False,False,False
"Jul 13, 2024, 5:59:00 AM",Morning Run,6.57,60.75,9.25,136.7,157,7.49,60.75,8.11,137.0,157.0,0.0,516.0,6.57,60.75,9.25,136.7,157,73,3.0,25.7,69.3,2.0,0.0,0,0,179.9,,False,False,False,True,False,False
"Jul 13, 2024, 1:10:32 AM",Morning Run,11.21,96.88,8.64,149.1,175,11.21,94.28,8.41,149.0,175.0,27.0,1035.0,11.21,96.88,8.64,149.1,175,73,0.7,17.1,37.9,39.2,5.1,87.6,93.2,174.7,,False,False,False,False,False,False
"Jul 11, 2024, 11:49:36 AM",Afternoon Run,7.53,69.27,9.2,150.2,162,7.15,65.73,9.19,148.0,162.0,0.0,687.0,7.53,69.27,9.2,150.2,162,98,0.9,1.2,51.5,46.4,0.0,0,0,174.7,,False,False,False,True,False,False
"Jul 11, 2024, 9:47:10 AM",Afternoon Run,4.29,30.47,7.1,141.1,151,3.23,30.47,9.43,141.0,151.0,0.0,302.0,4.29,30.47,7.1,141.1,151,109,1.7,10.6,87.7,0.0,0.0,0,0,173.7,,False,True,False,False,False,False
"Jul 10, 2024, 2:13:19 AM",Morning Run,5.03,65.28,12.98,144.7,176,5.03,43.02,8.55,145.0,176.0,4.0,453.0,5.03,65.28,12.98,144.7,176,103,5.8,20.6,30.5,35.4,7.7,41.6,46.6,177.0,,False,False,False,True,False,False
"Jul 8, 2024, 5:27:02 AM",Morning Run,4.92,37.82,7.69,133.0,147,5.03,37.82,7.52,133.0,147.0,0.0,335.0,4.92,37.82,7.69,133.0,147,92,8.9,19.7,71.4,0.0,0.0,0,0,180.5,,False,True,False,False,False,False
"Jul 8, 2024, 2:24:53 AM",Morning Run,4.42,34.07,7.71,153.0,163,4.42,33.97,7.69,153.0,163.0,1.0,383.0,4.42,34.07,7.71,153.0,163,89,1.7,1.0,15.4,81.9,0.0,33.2,35.8,179.2,,False,True,False,False,False,False
"Jul 6, 2024, 1:42:47 AM",Morning Run,9.35,77.32,8.27,163.7,176,9.35,77.32,8.27,164.0,176.0,21.0,897.0,9.35,77.32,8.27,163.7,176,94,0.8,1.7,10.3,61.7,25.6,68.6,68.4,177.7,,False,False,False,False,False,False
"Jul 4, 2024, 6:23:54 AM",Morning Run,3.12,25.0,8.02,125.7,143,3.12,24.28,7.78,126.0,143.0,0.0,199.0,3.12,25.0,8.02,125.7,143,53,25.1,22.0,52.9,0.0,0.0,0,0,178.6,,False,False,False,False,False,False
"Jul 4, 2024, 2:15:38 AM",Morning Run,4.73,53.72,11.36,160.4,183,4.73,38.5,8.14,161.0,183.0,132.0,445.0,4.73,53.72,11.36,160.4,183,86,3.0,10.5,15.4,23.8,47.3,147.8,150.4,178.9,,False,False,False,True,False,False
"Jul 3, 2024, 2:07:39 AM",Track with Nat,4.52,63.67,14.1,138.5,180,4.52,56.47,12.49,141.0,180.0,6.0,489.0,4.52,63.67,14.1,138.5,180,96,9.1,28.9,35.4,23.5,3.1,48.0,49.8,161.0,,False,False,False,True,False,False
"Jul 2, 2024, 6:47:39 AM",Morning Run,2.95,22.85,7.75,148.5,158,3.13,22.85,7.3,149.0,158.0,0.0,249.0,2.95,22.85,7.75,148.5,158,94,2.2,3.0,49.3,45.5,0.0,0,0,184.6,,False,True,False,False,False,False
"Jul 2, 2024, 6:16:24 AM",Morning Run,3.17,25.52,8.05,134.4,155,3.17,24.55,7.74,134.0,155.0,0.0,231.0,3.17,25.52,8.05,134.4,155,57,14.1,15.2,60.6,10.2,0.0,0,0,178.6,,False,False,False,False,False,False
"Jul 2, 2024, 2:00:17 AM",Morning Run,1.5,60.75,40.52,97.8,151,1.5,20.85,13.9,105.0,151.0,0.0,280.0,1.5,60.75,40.52,97.8,151,51,72.8,18.3,8.9,0.0,0.0,39.6,44.4,167.7,,False,False,False,True,False,False
"Jul 1, 2024, 5:59:11 AM",Morning Run,7.12,59.78,8.39,139.6,157,7.89,59.78,7.58,140.0,157.0,0.0,571.0,7.12,59.78,8.39,139.6,157,75,2.7,21.3,67.5,8.5,0.0,0,0,179.1,,False,False,False,False,False,False
"Jun 23, 2024, 12:51:55 AM",Morning Run,26.09,283.25,10.86,143.1,161,26.09,270.6,10.37,144.0,161.0,165.0,2469.0,26.09,283.25,10.86,143.1,161,62,7.6,12.7,34.3,45.4,0.0,650.8,658.4,170.2,,True,False,False,True,True,True
"Jun 22, 2024, 10:35:11 AM",Afternoon Run,0.45,22.85,,133.1,159,0.45,6.37,,133.0,159.0,2.0,58.0,0.45,22.85,,133.1,159,100,9.6,40.8,36.6,13.0,0.0,10.8,10.0,161.7,,False,False,False,False,False,False
"Jun 20, 2024, 2:31:24 PM",Evening Run,0.46,8.47,,125.6,148,0.46,4.82,,126.0,148.0,2.0,44.0,0.46,8.47,,125.6,148,96,26.1,33.0,40.9,0.0,0.0,5.8,4.0,169.4,,False,False,False,False,False,False
"Jun 19, 2024, 2:04:28 AM",Morning Run,4.4,65.5,14.9,147.1,179,4.4,52.05,11.83,147.0,179.0,3.0,519.0,4.4,65.5,14.9,147.1,179,110,0.6,12.1,50.5,33.5,3.2,42.2,43.4,162.2,,False,False,False,True,False,False
"Jun 17, 2024, 1:39:50 AM",Morning Run,7.8,90.1,11.56,142.2,154,7.79,69.95,8.98,142.0,154.0,43.0,735.0,7.8,90.1,11.56,142.2,154,85,2.0,14.1,76.0,8.0,0.0,81.8,82.4,173.9,,False,False,False,True,False,False
"Jun 15, 2024, 1:48:06 AM",Morning Run,5.67,44.35,7.82,155.9,176,5.67,42.97,7.58,156.0,176.0,9.0,508.0,5.67,44.35,7.82,155.9,176,98,0.7,1.3,37.6,45.8,14.6,37.0,41.8,178.2,,False,True,False,False,False,False
"Jun 15, 2024, 12:38:29 AM",Morning Run,6.26,53.8,8.6,144.3,166,6.26,50.2,8.02,144.0,166.0,1.0,543.0,6.26,53.8,8.6,144.3,166,81,2.6,14.0,62.5,20.8,0.0,29.6,42.8,173.2,,False,False,False,False,False,False
"Jun 13, 2024, 6:16:30 AM",Morning Run,8.8,69.88,7.94,140.2,155,8.71,68.75,7.89,140.0,155.0,0.0,651.0,8.8,69.88,7.94,140.2,155,82,0.8,4.7,85.9,8.6,0.0,0,0,177.1,,False,True,False,False,False,False
"Jun 13, 2024, 2:13:46 AM",Morning Run,4.23,42.9,10.14,149.7,181,4.23,32.67,7.72,150.0,181.0,117.0,369.0,4.23,42.9,10.14,149.7,181,88,2.6,18.6,27.9,38.2,12.7,133.6,132.4,178.1,,False,False,False,True,False,False
"Jun 12, 2024, 2:01:52 AM",Morning Run,4.12,70.98,17.24,130.7,171,4.12,55.07,13.37,129.0,171.0,2.0,422.0,4.12,70.98,17.24,130.7,171,100,11.0,46.5,33.0,9.5,0.1,45.8,47.0,150.9,,False,False,False,True,False,False
"Jun 10, 2024, 4:50:29 AM",Morning Run,4.47,40.35,9.04,138.8,155,4.98,38.13,7.66,138.0,155.0,0.0,369.0,4.47,40.35,9.04,138.8,155,79,1.7,21.0,74.3,2.9,0.0,0,0,177.1,,False,False,False,True,False,False
"Jun 10, 2024, 2:17:46 AM",Morning Run,3.12,23.67,7.59,162.4,171,3.12,23.58,7.56,163.0,171.0,9.0,285.0,3.12,23.67,7.59,162.4,171,106,1.0,1.3,2.6,91.3,3.7,18.6,25.2,184.6,,False,True,False,False,False,False
"Jun 9, 2024, 3:04:45 AM",Morning Run,2.74,21.65,7.89,142.5,158,2.49,21.65,8.69,143.0,158.0,0.0,226.0,2.74,21.65,7.89,142.5,158,79,3.4,4.8,79.6,12.2,0.0,0,0,174.0,,False,True,False,False,False,False
"Jun 9, 2024, 2:00:52 AM",Morning Run,5.05,45.65,9.04,144.3,161,5.05,42.35,8.39,144.0,161.0,9.0,453.0,5.05,45.65,9.04,144.3,161,104,1.1,4.5,74.1,20.2,0.0,41.4,46.6,172.4,,False,False,False,True,False,False
"Jun 8, 2024, 3:32:15 AM",Morning Run,4.53,34.27,7.56,163.3,174,3.73,34.27,9.19,163.0,174.0,0.0,415.0,4.53,34.27,7.56,163.3,174,103,0.5,0.9,11.8,64.9,21.9,0,0,172.5,,False,True,False,False,False,False
"Jun 8, 2024, 1:51:21 AM",Morning Run,5.3,42.98,8.12,146.9,175,5.3,40.05,7.56,147.0,175.0,11.0,445.0,5.3,42.98,8.12,146.9,175,86,1.2,2.2,71.6,9.2,15.8,42.8,43.6,178.4,,False,False,False,False,False,False
"Jun 8, 2024, 12:43:32 AM",Morning Run,6.34,51.18,8.07,127.7,163,6.34,50.48,7.96,128.0,163.0,0.0,472.0,6.34,51.18,8.07,127.7,163,76,10.4,61.5,19.7,8.4,0.0,33.4,42.6,173.6,,False,False,False,False,False,False
"Jun 5, 2024, 7:01:51 AM",Lunch Run,6.23,48.38,7.77,142.7,159,6.23,46.3,7.43,141.0,159.0,0.0,459.0,6.23,48.38,7.77,142.7,159,108,0.1,8.4,79.3,12.2,0.0,0,0,176.4,,False,True,False,False,False,False
"Jun 4, 2024, 6:21:41 AM",Morning Run,8.39,69.2,8.24,155.0,175,8.39,67.48,8.04,154.0,175.0,0.0,728.0,8.39,69.2,8.24,155.0,175,71,0.7,1.5,31.4,62.5,3.9,0,0,171.7,,False,False,False,False,False,False
"Jun 3, 2024, 5:28:11 AM",Morning Run,9.49,81.97,8.64,142.4,157,9.32,73.97,7.94,140.0,157.0,0.0,696.0,9.49,81.97,8.64,142.4,157,58,5.9,5.3,72.7,16.1,0.0,0,0,178.4,,False,False,False,False,False,False
"Jun 3, 2024, 2:25:36 AM",Morning Run,3.12,23.53,7.55,162.9,174,3.12,23.53,7.54,163.0,174.0,0.0,286.0,3.12,23.53,7.55,162.9,174,109,0.7,2.6,1.4,77.9,17.3,13.0,27.8,179.7,,False,True,False,False,False,False
"Jun 2, 2024, 10:30:46 AM",Afternoon Run,2.92,34.83,11.93,103.1,136,3.73,29.78,7.98,106.0,136.0,0.0,154.0,2.92,34.83,11.93,103.1,136,44,74.7,24.4,1.0,0.0,0.0,0,0,167.7,,False,False,False,True,False,False
"Jun 1, 2024, 1:35:35 AM",Morning Run,8.71,98.63,11.33,149.0,168,8.7,76.32,8.77,149.0,168.0,20.0,823.0,8.71,98.63,11.33,149.0,168,79,1.6,7.8,43.9,46.8,0.0,67.8,79.0,173.5,,False,False,False,True,False,False
"May 31, 2024, 10:45:12 AM",Afternoon Run,4.8,38.92,8.1,143.7,154,4.4,38.92,8.85,144.0,154.0,0.0,404.0,4.8,38.92,8.1,143.7,154,98,0.7,3.0,90.7,5.7,0.0,0,0,174.5,,False,False,False,False,False,False
"May 29, 2024, 4:36:42 AM",Morning Run,8.99,72.33,8.05,154.5,188,8.74,71.88,8.22,154.0,188.0,0.0,786.0,8.99,72.33,8.05,154.5,188,83,0.7,3.2,40.5,37.7,17.9,0,0,175.2,,False,False,False,False,False,False
"May 27, 2024, 5:15:29 AM",Morning Run,8.97,73.67,8.21,146.0,157,8.76,72.67,8.3,146.0,157.0,0.0,747.0,8.97,73.67,8.21,146.0,157,75,0.5,1.1,77.3,21.1,0.0,0,0,177.9,,False,False,False,False,False,False
"May 27, 2024, 2:25:34 AM",Morning Run,4.44,33.4,7.53,136.4,144,4.44,33.4,7.52,136.0,144.0,2.0,351.0,4.44,33.4,7.53,136.4,144,79,2.8,16.9,80.3,0.0,0.0,17.0,28.4,179.3,,False,True,False,False,False,False
"May 26, 2024, 1:54:05 AM",Morning Run,6.81,67.42,9.9,156.8,178,6.81,52.97,7.78,157.0,178.0,6.0,620.0,6.81,67.42,9.9,156.8,178,71,3.8,11.5,17.5,43.0,24.2,35.2,53.2,178.1,,False,False,False,True,False,False
"May 25, 2024, 1:34:51 AM",Morning Run,9.48,84.63,8.92,155.5,185,9.48,73.17,7.72,155.0,185.0,33.0,869.0,9.48,84.63,8.92,155.5,185,78,0.9,8.3,33.3,34.8,22.8,86.4,88.6,176.5,,False,False,False,False,False,False
"May 24, 2024, 6:10:24 AM",Morning Run,4.72,40.72,8.62,144.2,161,4.37,37.67,8.62,143.0,161.0,0.0,388.0,4.72,40.72,8.62,144.2,161,75,1.6,6.9,69.9,21.6,0.0,0,0,174.6,,False,False,False,False,False,False
"May 23, 2024, 6:40:46 AM",Morning Run,8.29,70.53,8.5,156.8,179,8.45,68.55,8.11,157.0,179.0,0.0,791.0,8.29,70.53,8.5,156.8,179,96,0.6,3.1,25.2,68.1,2.9,0,0,174.2,,False,False,False,False,False,False
"May 22, 2024, 6:44:48 AM",Morning Run,1.66,13.93,8.41,127.5,141,1.66,13.93,8.39,128.0,141.0,0.0,124.0,1.66,13.93,8.41,127.5,141,71,6.3,59.0,34.6,0.0,0.0,0,0,165.0,,False,False,False,False,False,False
"May 20, 2024, 7:04:06 AM",Lunch Run,1.55,12.55,8.09,137.0,145,1.55,12.55,8.1,137.0,145.0,0.0,127.0,1.55,12.55,8.09,137.0,145,94,4.2,9.0,86.7,0.0,0.0,0,0,176.4,,False,False,False,False,False,False
"May 20, 2024, 6:34:23 AM",Morning Run,1.51,16.78,11.08,136.7,148,1.55,12.65,8.16,135.0,148.0,0.0,127.0,1.51,16.78,11.08,136.7,148,74,5.6,10.8,83.6,0.0,0.0,0,0,172.8,,False,False,False,True,False,False
"May 19, 2024, 3:23:53 AM",Morning Run,3.28,30.85,9.4,152.4,173,3.28,30.85,9.41,152.0,173.0,0.0,350.0,3.28,30.85,9.4,152.4,173,94,0.9,4.6,33.2,60.7,0.5,0,0,167.7,,False,False,False,True,False,False
"May 19, 2024, 1:53:41 AM",Morning Run,5.44,55.52,10.21,148.6,163,5.44,46.7,8.58,149.0,163.0,11.0,512.0,5.44,55.52,10.21,148.6,163,65,2.1,3.6,53.2,41.1,0.0,35.6,44.0,176.0,,False,False,False,True,False,False
"May 17, 2024, 11:50:51 AM",Afternoon Run,5.11,44.55,8.72,146.3,166,4.98,41.08,8.25,143.0,166.0,0.0,442.0,5.11,44.55,8.72,146.3,166,67,3.8,7.3,51.7,37.2,0.0,0,0,174.2,,False,False,False,False,False,False
"May 15, 2024, 5:45:10 AM",Morning Run,11.17,97.9,8.76,156.8,177,11.18,88.88,7.95,155.0,177.0,0.0,1017.0,11.17,97.9,8.76,156.8,177,53,4.7,14.5,7.7,30.0,43.1,0,0,181.3,,False,False,False,False,False,False
"May 12, 2024, 2:22:02 AM",Morning Run,9.96,96.6,9.7,144.9,166,9.96,90.05,9.04,145.0,166.0,13.0,943.0,9.96,96.6,9.7,144.9,166,81,0.7,10.0,66.6,22.8,0.0,68.0,71.0,174.0,,False,False,False,True,False,False
"May 11, 2024, 1:35:20 AM",Morning Run,8.52,85.92,10.08,145.8,160,8.52,75.7,8.88,146.0,160.0,24.0,807.0,8.52,85.92,10.08,145.8,160,74,1.4,11.0,54.0,33.7,0.0,75.0,76.0,173.9,,False,False,False,True,False,False
"May 10, 2024, 2:08:16 AM",Morning Run,3.14,30.35,9.68,151.0,167,3.14,26.37,8.4,151.0,167.0,1.0,304.0,3.14,30.35,9.68,151.0,167,96,2.3,5.0,28.3,64.4,0.0,27.0,34.2,178.9,,False,False,False,True,False,False
"May 6, 2024, 5:45:47 AM",Morning Run,6.92,60.37,8.73,130.8,143,7.46,60.37,8.09,131.0,143.0,0.0,500.0,6.92,60.37,8.73,130.8,143,63,4.4,33.9,61.7,0.0,0.0,0,0,174.8,,False,False,False,False,False,False
"May 4, 2024, 3:22:00 AM",Morning Run,1.29,26.45,20.51,131.6,153,1.29,13.88,10.76,132.0,153.0,0.0,130.0,1.29,26.45,20.51,131.6,153,66,5.3,39.5,55.0,0.2,0.0,12.2,15.4,171.5,,False,False,False,True,False,False
"May 4, 2024, 1:43:31 AM",Morning Run,6.35,87.15,13.72,134.7,157,6.35,62.72,9.88,135.0,157.0,27.0,607.0,6.35,87.15,13.72,134.7,157,82,6.4,28.0,58.8,6.8,0.0,92.2,77.2,172.9,,False,False,False,True,False,False
"Apr 27, 2024, 2:06:00 AM",Morning Run,7.93,95.77,12.07,143.5,162,7.93,76.38,9.63,144.0,162.0,20.0,776.0,7.93,95.77,12.07,143.5,162,66,2.9,9.0,59.3,28.8,0.0,60.2,59.2,172.6,,False,False,False,True,False,False
"Apr 21, 2024, 9:07:37 AM",London Marathon 🌟🌟🌟,26.46,202.5,7.65,142.4,155,26.46,202.37,7.65,142.0,155.0,147.0,2373.0,26.46,202.5,7.65,142.4,155,86,0.2,9.0,88.5,2.2,0.0,324.2,354.4,178.2,,True,True,False,False,True,False
"Apr 20, 2024, 8:07:37 AM",Morning Run,2.54,28.62,11.26,125.5,145,2.54,25.88,10.19,126.0,145.0,13.0,254.0,2.54,28.62,11.26,125.5,145,62,9.0,66.7,24.3,0.0,0.0,33.4,33.0,171.9,,False,False,False,True,False,False
"Apr 15, 2024, 2:26:59 AM",Morning Run,3.12,23.27,7.47,120.6,129,3.12,23.27,7.46,121.0,129.0,0.0,219.0,3.12,23.27,7.47,120.6,129,71,6.9,93.1,0.0,0.0,0.0,15.2,21.6,179.1,,False,True,False,False,False,False
"Apr 14, 2024, 2:43:10 AM",Morning Run,6.76,50.32,7.44,160.8,173,6.76,50.32,7.44,161.0,173.0,6.0,617.0,6.76,50.32,7.44,160.8,173,82,1.0,2.7,8.8,84.0,3.4,37.8,48.4,177.0,,False,True,False,False,False,False
"Apr 13, 2024, 11:40:48 AM",Afternoon Run,12.01,90.13,7.51,149.4,157,12.75,90.13,7.07,149.0,157.0,0.0,958.0,12.01,90.13,7.51,149.4,157,120,0.0,2.5,56.7,40.8,0.0,0,0,180.0,,False,True,False,False,False,False
"Apr 12, 2024, 2:30:18 AM",Morning Run,7.91,61.15,7.73,151.5,163,7.91,61.15,7.73,151.0,163.0,0.0,696.0,7.91,61.15,7.73,151.5,163,86,1.9,6.0,19.6,72.5,0.0,0,0,176.9,,False,True,False,False,False,False
"Apr 10, 2024, 2:16:12 AM",Morning Run,4.56,63.58,13.95,139.6,175,4.56,39.48,8.66,142.0,175.0,11.0,406.0,4.56,63.58,13.95,139.6,175,73,12.3,36.7,14.2,24.4,12.4,33.4,38.2,176.7,,False,False,False,True,False,False
"Apr 9, 2024, 2:10:56 AM",Morning Run,2.41,59.85,24.86,107.2,161,2.41,57.28,23.77,111.0,161.0,6.0,328.0,2.41,59.85,24.86,107.2,161,69,64.8,22.9,9.4,2.9,0.0,43.8,57.4,168.5,,False,False,False,True,False,False
"Apr 8, 2024, 2:19:48 AM",Morning Run,4.42,32.87,7.43,161.9,176,4.42,32.87,7.44,162.0,176.0,2.0,403.0,4.42,32.87,7.43,161.9,176,86,1.8,4.0,11.4,60.5,22.4,22.8,32.2,179.7,,False,True,False,False,False,False
"Apr 7, 2024, 2:28:15 AM",Morning Run,6.67,50.02,7.5,154.9,169,6.67,50.02,7.5,155.0,169.0,4.0,597.0,6.67,50.02,7.5,154.9,169,67,2.4,4.2,38.9,54.5,0.0,43.6,51.8,177.1,,False,True,False,False,False,False
"Apr 6, 2024, 1:40:01 AM",Morning Run,16.41,125.18,7.63,156.1,171,16.41,120.12,7.32,156.0,171.0,35.0,1422.0,16.41,125.18,7.63,156.1,171,88,0.4,1.0,17.5,81.0,0.1,121.4,115.4,178.8,,True,True,False,False,False,False
"Apr 4, 2024, 2:18:53 AM",Morning Run,4.69,55.55,11.86,143.7,174,4.68,35.18,7.52,144.0,174.0,133.0,384.0,4.69,55.55,11.86,143.7,174,76,4.1,20.5,32.3,39.0,4.1,146.8,148.0,177.7,,False,False,False,True,False,False
"Apr 2, 2024, 2:15:10 PM",Evening Run,4.59,33.48,7.3,146.7,164,4.35,33.48,7.7,147.0,164.0,0.0,359.0,4.59,33.48,7.3,146.7,164,59,4.4,14.5,25.0,56.0,0.0,0,0,179.1,,False,True,False,False,False,False
"Apr 1, 2024, 8:30:54 AM",Lunch Run,6.25,48.4,7.74,140.7,162,6.36,47.35,7.44,140.0,162.0,0.0,464.0,6.25,48.4,7.74,140.7,162,86,7.0,29.4,27.4,36.2,0.0,0,0,178.5,,False,True,False,False,False,False
"Mar 31, 2024, 2:55:00 AM",Morning Run,6.8,50.02,7.36,161.4,174,6.8,50.02,7.36,161.0,174.0,4.0,611.0,6.8,50.02,7.36,161.4,174,86,0.9,1.4,15.8,70.3,11.6,35.2,54.8,181.2,,False,True,False,False,False,False
"Mar 30, 2024, 1:59:37 AM",Morning Run,16.36,123.32,7.54,165.8,174,16.36,120.08,7.34,166.0,174.0,30.0,1480.0,16.36,123.32,7.54,165.8,174,94,0.5,0.8,3.4,62.4,32.9,109.8,113.0,176.5,,True,True,False,False,False,False
"Mar 28, 2024, 9:26:28 AM",Afternoon Run,7.74,64.32,8.31,136.8,148,8.08,61.7,7.64,136.0,148.0,0.0,541.0,7.74,64.32,8.31,136.8,148,113,0.0,23.5,76.4,0.0,0.0,0,0,174.3,,False,False,False,False,False,False
"Mar 26, 2024, 3:49:47 PM",Evening Run,6.23,66.48,10.67,135.6,158,6.23,55.32,8.88,136.0,158.0,60.0,549.0,6.23,66.48,10.67,135.6,158,87,5.5,29.8,50.1,14.5,0.0,61.6,63.6,172.0,,False,False,False,True,False,False
"Mar 25, 2024, 10:39:50 AM",Afternoon Run,6.66,48.83,7.33,138.5,150,6.28,48.83,7.78,138.0,150.0,0.0,451.0,6.66,48.83,7.33,138.5,150,121,0.0,13.3,86.7,0.0,0.0,0,0,178.4,,False,True,False,False,False,False
"Mar 24, 2024, 12:57:33 AM",Morning Run,14.36,113.87,7.93,147.1,165,14.35,106.35,7.41,147.0,165.0,43.0,1226.0,14.36,113.87,7.93,147.1,165,67,1.3,13.3,45.0,40.5,0.0,123.8,134.4,175.4,,False,True,False,False,False,False
"Mar 21, 2024, 4:05:47 PM",Track,5.6,53.8,9.61,155.7,180,5.6,46.17,8.24,157.0,180.0,6.0,509.0,5.6,53.8,9.61,155.7,180,107,0.1,8.0,28.6,44.8,18.4,40.6,38.8,168.5,,False,False,False,True,False,False
"Mar 19, 2024, 11:49:50 PM",Hills,5.01,47.6,9.5,139.7,159,5.01,38.55,7.69,140.0,159.0,130.0,397.0,5.01,47.6,9.5,139.7,159,83,4.5,12.0,76.2,7.3,0.0,147.0,145.8,177.2,,False,False,False,True,False,False
"Mar 17, 2024, 11:30:57 PM",Pre Suhoor Solo,4.42,32.38,7.33,164.3,176,4.42,32.38,7.33,164.0,176.0,4.0,392.0,4.42,32.38,7.33,164.3,176,90,0.9,0.5,2.5,86.8,9.3,25.0,28.2,176.3,,False,True,False,False,False,False
"Mar 16, 2024, 6:32:53 AM",Morning Run,14.9,109.43,7.34,164.5,176,14.48,105.27,7.27,164.0,176.0,0.0,1143.0,14.9,109.43,7.34,164.5,176,132,0.0,0.0,5.9,82.9,11.2,0,0,179.8,,False,True,False,False,False,False
"Mar 15, 2024, 9:40:39 AM",Afternoon Run,3.83,36.2,9.46,141.2,175,3.83,36.2,9.45,141.0,175.0,0.0,313.0,3.83,36.2,9.46,141.2,175,69,9.5,22.7,32.7,33.1,1.9,0,0,166.3,,False,False,False,True,False,False
"Mar 14, 2024, 6:59:05 AM",Morning Run,8.32,60.45,7.26,141.6,154,8.23,60.45,7.35,142.0,154.0,0.0,526.0,8.32,60.45,7.26,141.6,154,113,0.0,3.7,92.1,4.1,0.0,0,0,179.7,,False,True,False,False,False,False
"Mar 13, 2024, 2:04:48 AM",Morning Run,5.24,60.73,11.58,151.8,176,5.24,40.57,7.74,154.0,176.0,1.0,446.0,5.24,60.73,11.58,151.8,176,77,5.3,10.6,26.8,43.1,14.2,29.8,29.8,175.4,,False,False,False,True,False,False
"Mar 12, 2024, 7:05:01 AM",Lunch Run,3.25,25.12,7.72,146.8,165,3.17,24.02,7.58,147.0,165.0,0.0,247.0,3.25,25.12,7.72,146.8,165,128,0.0,5.6,63.5,30.9,0.0,0,0,177.3,,False,True,False,False,False,False
"Mar 11, 2024, 1:44:18 PM",Pre Iftar,0.08,0.67,,113.6,116,0.08,0.67,,114.0,116.0,0.0,4.0,0.08,0.67,,113.6,116,111,56.1,43.9,0.0,0.0,0.0,0,0,174.7,,False,False,False,False,False,False
"Mar 10, 2024, 2:39:10 AM",Morning Run,6.83,51.18,7.49,161.3,172,6.83,51.18,7.49,161.0,172.0,30.0,602.0,6.83,51.18,7.49,161.3,172,103,0.4,1.0,2.8,95.2,0.6,34.2,37.8,177.8,,False,True,False,False,False,False
"Mar 9, 2024, 6:19:11 AM",20.6k 92 min run,12.9,96.22,7.46,165.5,177,13.09,92.0,7.03,164.0,177.0,0.0,1055.0,12.9,96.22,7.46,165.5,177,121,0.0,0.5,4.9,59.6,35.1,0,0,181.6,,False,True,False,False,False,False
"Mar 8, 2024, 3:11:20 AM",Morning Run,3.12,45.23,14.49,141.1,154,3.12,34.35,11.01,141.0,154.0,3.0,299.0,3.12,45.23,14.49,141.1,154,82,2.2,5.6,87.4,4.8,0.0,20.0,19.0,167.9,,False,False,False,True,False,False
"Mar 7, 2024, 11:37:28 AM",Afternoon Run,6.32,47.62,7.53,139.9,151,6.23,47.62,7.64,140.0,151.0,0.0,413.0,6.32,47.62,7.53,139.9,151,70,1.8,3.5,94.7,0.0,0.0,0,0,176.5,,False,True,False,False,False,False
"Mar 6, 2024, 2:24:09 AM",Morning Run,5.65,41.57,7.35,138.9,151,5.65,41.57,7.36,139.0,151.0,2.0,414.0,5.65,41.57,7.35,138.9,151,80,1.6,1.1,97.3,0.0,0.0,27.0,48.0,179.4,,False,True,False,False,False,False
"Mar 5, 2024, 2:05:04 AM",Drills Strides,1.94,55.12,28.48,105.4,161,1.93,28.6,14.82,112.0,161.0,2.0,262.0,1.94,55.12,28.48,105.4,161,52,59.8,27.7,8.8,3.7,0.0,33.4,49.8,163.7,,False,False,False,True,False,False
"Mar 4, 2024, 6:47:04 AM",Morning Run,4.42,32.92,7.45,156.4,166,4.42,32.92,7.45,156.0,166.0,0.0,366.0,4.42,32.92,7.45,156.4,166,126,0.0,1.2,11.2,87.6,0.0,0,0,178.0,,False,True,False,False,False,False
"Mar 4, 2024, 4:04:31 AM",Morning Run,1.81,17.47,9.63,119.6,154,1.81,17.47,9.65,120.0,154.0,0.0,150.0,1.81,17.47,9.63,119.6,154,83,44.6,37.9,8.4,9.2,0.0,9.2,14.8,171.5,,False,False,False,True,False,False
"Mar 3, 2024, 2:53:29 AM",Morning Run,6.69,50.18,7.51,162.3,170,6.68,50.18,7.51,162.0,170.0,14.0,586.0,6.69,50.18,7.51,162.3,170,76,1.4,1.0,0.0,97.5,0.0,32.0,54.4,180.8,,False,True,False,False,False,False
"Mar 2, 2024, 2:15:28 AM",Morning Run,8.32,63.52,7.64,151.8,168,8.31,60.02,7.22,152.0,168.0,17.0,683.0,8.32,63.52,7.64,151.8,168,75,1.3,1.4,47.4,49.9,0.0,51.0,55.2,176.2,,False,True,False,False,False,False
"Feb 29, 2024, 5:55:41 AM",Morning Run,6.21,48.5,7.8,156.2,175,6.21,48.33,7.78,156.0,175.0,0.0,526.0,6.21,48.5,7.8,156.2,175,127,0.0,0.8,37.9,56.0,5.3,0,0,176.1,,False,True,False,False,False,False
"Feb 28, 2024, 4:03:13 AM",Morning Run,8.2,61.1,7.45,155.4,170,8.35,61.1,7.32,155.0,170.0,0.0,646.0,8.2,61.1,7.45,155.4,170,125,0.0,2.5,18.8,78.7,0.0,0,0,179.3,,False,True,False,False,False,False
"Feb 27, 2024, 6:08:53 AM",Morning Run,9.22,62.43,6.77,153.2,166,7.75,60.2,7.77,150.0,166.0,0.0,606.0,9.22,62.43,6.77,153.2,166,69,2.0,3.7,25.1,69.3,0.0,0,0,180.1,,False,False,True,False,False,False
"Feb 26, 2024, 1:32:26 PM",Afternoon Run,1.28,49.48,38.67,116.7,162,1.28,13.35,10.43,134.0,149.0,4.0,121.0,1.28,49.48,38.67,116.7,162,58,40.1,22.3,37.1,0.5,0.0,16.6,15.8,167.2,,False,False,False,True,False,False
"Feb 26, 2024, 2:24:27 AM",Morning Run,4.43,33.32,7.53,154.0,165,4.43,33.32,7.52,154.0,165.0,9.0,376.0,4.43,33.32,7.53,154.0,165,91,1.2,2.9,21.6,74.2,0.0,46.8,67.8,179.1,,False,True,False,False,False,False
"Feb 24, 2024, 3:00:46 AM",RAK Half Marathon,13.24,95.6,7.22,161.3,179,13.24,95.6,7.22,161.0,179.0,8.0,1140.0,13.24,95.6,7.22,161.3,179,95,0.2,0.2,2.1,92.6,4.8,90.2,93.4,178.0,,False,True,False,False,False,False
"Feb 21, 2024, 2:09:26 AM",Morning Run,5.13,63.83,12.44,146.0,169,5.13,42.1,8.21,148.0,169.0,22.0,432.0,5.13,63.83,12.44,146.0,169,53,9.9,12.1,24.0,53.9,0.0,26.2,33.0,176.5,,False,False,False,True,False,False
"Feb 20, 2024, 2:03:04 AM",Drills Strides,2.02,52.03,25.72,121.4,177,2.02,39.97,19.79,126.0,177.0,2.0,246.0,2.02,52.03,25.72,121.4,177,89,43.9,27.5,17.1,10.8,0.8,27.8,32.8,168.2,,False,False,False,True,False,False
"Feb 19, 2024, 2:08:09 PM",Sunset Run with 💨,5.87,45.07,7.68,155.0,166,5.87,45.07,7.68,155.0,166.0,10.0,504.0,5.87,45.07,7.68,155.0,166,86,1.0,5.7,11.2,82.0,0.0,67.0,70.6,179.0,,False,True,False,False,False,False
"Feb 19, 2024, 2:19:49 AM",Morning Run,4.44,32.95,7.42,179.6,203,4.44,32.95,7.42,180.0,203.0,0.0,430.0,4.44,32.95,7.42,179.6,203,93,0.8,1.2,2.9,38.2,56.9,42.0,51.8,179.2,,False,True,False,False,False,False
"Feb 18, 2024, 2:14:06 AM",Solo failed pace,9.95,76.63,7.71,155.9,166,9.94,75.93,7.64,156.0,166.0,35.0,862.0,9.95,76.63,7.71,155.9,166,95,0.2,0.2,17.0,82.6,0.0,73.4,75.0,174.4,,False,True,False,False,False,False
"Feb 17, 2024, 2:48:04 AM",Vitamin Well Social Run,4.18,42.97,10.27,141.5,159,4.18,42.82,10.24,142.0,159.0,1.0,401.0,4.18,42.97,10.27,141.5,159,66,5.4,11.9,67.3,15.5,0.0,41.2,45.4,172.3,,False,False,False,True,False,False
"Feb 16, 2024, 6:58:37 AM",Morning Run,3.95,29.5,7.47,151.4,161,3.91,29.5,7.54,151.0,161.0,0.0,319.0,3.95,29.5,7.47,151.4,161,70,3.2,1.2,30.2,65.4,0.0,0,0,177.6,,False,True,False,False,False,False
"Feb 15, 2024, 1:13:44 PM",Afternoon Run,6.41,57.02,8.89,139.7,157,6.41,57.02,8.9,140.0,157.0,11.0,567.0,6.41,57.02,8.89,139.7,157,73,2.2,20.0,69.7,8.1,0.0,55.8,51.2,171.7,,False,False,False,False,False,False
"Feb 15, 2024, 2:12:31 AM",Morning Run,4.43,50.57,11.42,143.1,166,4.43,34.9,7.88,143.0,166.0,127.0,364.0,4.43,50.57,11.42,143.1,166,65,6.8,23.5,24.0,45.6,0.0,139.0,140.8,177.5,,False,False,False,True,False,False
"Feb 13, 2024, 5:46:46 AM",Morning Run,3.51,30.13,8.58,143.7,161,3.73,30.13,8.08,144.0,161.0,0.0,297.0,3.51,30.13,8.58,143.7,161,67,2.7,14.3,57.4,25.5,0.0,0,0,170.8,,False,False,False,False,False,False
"Feb 13, 2024, 1:55:08 AM",Stomp stomp chomp chomp,1.98,73.28,37.01,103.9,153,1.98,69.0,34.85,111.0,153.0,1.0,299.0,1.98,73.28,37.01,103.9,153,64,74.3,16.3,8.5,0.8,0.0,40.6,50.0,165.3,,False,False,False,True,False,False
"Feb 11, 2024, 3:03:43 AM",10 mile race,9.9,70.82,7.15,160.7,176,9.9,70.82,7.15,161.0,176.0,17.0,834.0,9.9,70.82,7.15,160.7,176,62,1.0,4.1,29.4,20.2,45.3,54.0,59.6,178.1,,False,True,False,False,False,False
"Feb 10, 2024, 3:34:48 AM",Morning Run,3.4,26.63,7.84,149.2,167,3.4,25.02,7.36,149.0,167.0,5.0,281.0,3.4,26.63,7.84,149.2,167,100,1.1,13.0,32.5,53.4,0.0,23.0,26.2,175.9,,False,True,False,False,False,False
"Feb 9, 2024, 1:55:23 PM",Afternoon Run,3.12,28.88,9.25,131.2,152,3.12,28.53,9.14,131.0,152.0,3.0,271.0,3.12,28.88,9.25,131.2,152,74,12.4,37.9,47.7,2.0,0.0,20.4,20.4,171.8,,False,False,False,True,False,False
"Feb 8, 2024, 2:11:38 AM",Morning Run,4.2,48.88,11.64,155.2,205,4.2,31.37,7.47,155.0,205.0,109.0,353.0,4.2,48.88,11.64,155.2,205,67,5.6,12.9,16.8,36.8,27.9,125.4,126.0,179.1,,False,False,False,True,False,False
"Feb 7, 2024, 1:56:59 PM",🐒 run,0.39,5.52,,108.4,133,0.39,5.35,,109.0,133.0,25.0,35.0,0.39,5.52,,108.4,133,63,53.3,43.7,3.0,0.0,0.0,5.2,3.6,155.4,,False,False,False,False,False,False
"Feb 6, 2024, 1:08:36 PM",Afternoon Run,0.63,6.97,11.12,114.7,139,0.63,6.73,10.68,115.0,139.0,0.0,56.0,0.63,6.97,11.12,114.7,139,71,57.0,9.5,33.4,0.0,0.0,9.8,11.0,167.1,,False,False,False,True,False,False
"Feb 6, 2024, 2:00:29 AM",Drills Strides,1.49,57.73,38.74,97.7,146,1.49,18.37,12.33,103.0,146.0,3.0,236.0,1.49,57.73,38.74,97.7,146,61,86.9,10.1,3.0,0.0,0.0,62.0,70.4,166.7,,False,False,False,True,False,False
"Feb 5, 2024, 2:50:40 PM",Evening Run,2.6,22.67,8.71,143.3,154,2.6,22.67,8.72,143.0,154.0,2.0,237.0,2.6,22.67,8.71,143.3,154,62,2.5,6.0,80.4,11.1,0.0,21.2,23.0,172.3,,False,False,False,False,False,False
"Feb 5, 2024, 2:20:47 AM",Morning Run,4.43,33.53,7.56,152.7,167,4.43,33.53,7.57,153.0,167.0,5.0,377.0,4.43,33.53,7.56,152.7,167,81,1.5,0.9,30.0,67.6,0.0,41.6,50.2,179.1,,False,True,False,False,False,False
"Feb 4, 2024, 2:36:36 AM",Morning Run,6.58,50.4,7.66,154.7,164,6.58,50.4,7.66,155.0,164.0,15.0,569.0,6.58,50.4,7.66,154.7,164,105,0.6,0.5,13.6,85.2,0.0,70.4,76.8,179.2,,False,True,False,False,False,False
"Feb 3, 2024, 3:16:50 AM",Morning Run,4.2,40.77,9.71,159.0,188,4.2,39.63,9.44,159.0,188.0,12.0,427.0,4.2,40.77,9.71,159.0,188,106,0.6,1.7,7.9,77.1,12.7,65.4,82.8,170.5,,False,False,False,True,False,False
"Feb 3, 2024, 2:11:06 AM",Tempo,8.16,61.82,7.58,145.5,161,8.16,61.67,7.56,146.0,161.0,35.0,671.0,8.16,61.82,7.58,145.5,161,63,1.2,6.2,67.4,25.3,0.0,130.6,154.8,177.9,,False,True,False,False,False,False
"Feb 1, 2024, 6:11:48 AM","Late Morning Hills with Grace
Strange weather ☀️ ⛅️ 🌧️ 💨",4.71,48.4,10.27,156.5,176,4.71,36.37,7.72,157.0,176.0,123.0,407.0,4.71,48.4,10.27,156.5,176,79,4.3,6.3,18.2,55.9,15.3,151.6,150.8,178.5,,False,False,False,True,False,False
"Jan 31, 2024, 2:23:21 AM",Morning Run,6.11,45.73,7.49,155.9,167,6.11,45.6,7.46,156.0,167.0,4.0,519.0,6.11,45.73,7.49,155.9,167,82,1.7,1.7,4.1,92.5,0.0,25.6,47.0,179.1,,False,True,False,False,False,False
"Jan 30, 2024, 1:54:16 PM",Afternoon Run,1.04,11.12,10.67,117.7,134,1.04,11.12,10.69,118.0,134.0,0.0,92.0,1.04,11.12,10.67,117.7,134,63,43.0,50.7,6.3,0.0,0.0,6.0,5.8,166.8,,False,False,False,True,False,False
"Jan 30, 2024, 5:53:45 AM",Morning Run,2.9,23.05,7.96,146.6,162,3.13,23.05,7.36,147.0,162.0,0.0,236.0,2.9,23.05,7.96,146.6,162,64,3.9,6.5,51.4,38.2,0.0,0,0,177.6,,False,True,False,False,False,False
"Jan 30, 2024, 2:00:12 AM",Morning Run,1.89,63.33,33.56,106.9,147,1.89,26.75,14.15,109.0,147.0,27.0,289.0,1.89,63.33,33.56,106.9,147,74,70.2,25.0,4.8,0.0,0.0,64.2,45.2,171.2,,False,False,False,True,False,False
"Jan 29, 2024, 1:01:05 PM",PT walk jog,2.39,36.5,15.25,122.0,153,2.39,35.15,14.71,123.0,153.0,3.0,230.0,2.39,36.5,15.25,122.0,153,72,34.9,26.4,38.0,0.7,0.0,30.8,31.0,147.3,,False,False,False,True,False,False
"Jan 28, 2024, 2:02:56 AM","Fun, challenging course 🥳 with a topping of course PB",13.16,97.45,7.41,154.9,170,13.16,97.28,7.39,155.0,170.0,63.0,1135.0,13.16,97.45,7.41,154.9,170,97,0.2,0.4,25.8,73.7,0.0,128.0,129.6,178.3,,False,True,False,False,False,False
"Jan 27, 2024, 3:02:19 AM",Morning Run,3.05,21.7,7.11,166.6,175,3.05,21.7,7.11,167.0,175.0,0.0,262.0,3.05,21.7,7.11,166.6,175,90,1.2,0.7,2.5,47.5,48.1,20.6,39.4,179.0,,False,True,False,False,False,False
"Jan 25, 2024, 2:09:21 AM",Morning Run,4.7,48.25,10.28,146.5,164,4.7,36.95,7.86,147.0,164.0,125.0,395.0,4.7,48.25,10.28,146.5,164,99,3.8,12.1,38.9,45.1,0.0,142.8,141.6,178.4,,False,False,False,True,False,False
"Jan 24, 2024, 2:13:34 AM",Morning Run,4.79,60.63,12.67,143.3,175,4.79,44.62,9.32,146.0,175.0,1.0,426.0,4.79,60.63,12.67,143.3,175,78,7.0,18.8,30.9,40.3,3.0,29.2,33.6,173.0,,False,False,False,True,False,False
"Jan 23, 2024, 2:01:32 AM",Drills Strdies,2.02,60.17,29.82,99.8,152,2.02,24.8,12.28,105.0,152.0,22.0,260.0,2.02,60.17,29.82,99.8,152,59,76.5,18.5,4.0,0.9,0.0,36.0,46.4,166.2,,False,False,False,True,False,False
"Jan 22, 2024, 2:06:59 PM",Evening Run,3.75,42.65,11.38,127.0,146,3.75,36.72,9.79,127.0,146.0,5.0,323.0,3.75,42.65,11.38,127.0,146,63,7.6,56.7,35.7,0.0,0.0,28.6,31.8,170.6,,False,False,False,True,False,False
"Jan 22, 2024, 2:20:56 AM",Morning Run,4.44,35.22,7.93,152.3,169,4.44,35.22,7.93,152.0,169.0,1.0,387.0,4.44,35.22,7.93,152.3,169,96,1.2,1.6,43.0,54.3,0.0,24.6,36.2,179.0,,False,True,False,False,False,False
"Jan 21, 2024, 2:05:23 AM",Burj 2 Burj 2024,13.18,96.77,7.34,156.4,169,13.18,96.77,7.34,156.0,169.0,41.0,1097.0,13.18,96.77,7.34,156.4,169,91,0.5,0.5,8.8,90.2,0.0,84.0,86.8,178.8,,False,True,False,False,False,False
"Jan 20, 2024, 3:18:09 AM",Morning Run,2.77,20.07,7.25,157.5,167,2.77,20.07,7.25,158.0,167.0,29.0,232.0,2.77,20.07,7.25,157.5,167,99,1.3,1.3,9.0,88.4,0.0,39.4,18.4,179.5,,False,True,False,False,False,False
"Jan 18, 2024, 2:15:39 AM",Morning Run,4.18,41.35,9.9,156.5,170,4.18,33.7,8.06,157.0,170.0,113.0,370.0,4.18,41.35,9.9,156.5,170,105,1.5,4.1,12.3,82.1,0.0,125.8,130.2,177.8,,False,False,False,True,False,False
"Jan 17, 2024, 1:51:14 PM",Afternoon Run,3.73,35.7,9.56,135.5,152,3.73,35.7,9.57,136.0,152.0,9.0,333.0,3.73,35.7,9.56,135.5,152,77,3.4,25.3,70.8,0.6,0.0,61.4,67.8,172.5,,False,False,False,True,False,False
"Jan 17, 2024, 2:16:17 AM",Morning Run,5.62,64.8,11.53,147.3,183,5.62,52.0,9.25,149.0,183.0,3.0,507.0,5.62,64.8,11.53,147.3,183,95,6.8,18.4,20.5,47.8,6.5,37.0,47.4,169.5,,False,False,False,True,False,False
"Jan 16, 2024, 2:10:47 AM",Drills Strides,1.46,45.28,31.0,111.2,150,1.46,37.77,25.87,119.0,150.0,26.0,198.0,1.46,45.28,31.0,111.2,150,65,65.1,11.4,23.5,0.0,0.0,21.8,40.2,168.1,,False,False,False,True,False,False
"Jan 15, 2024, 1:33:55 PM",PT,3.18,28.73,9.03,132.1,151,3.18,28.73,9.03,132.0,151.0,3.0,270.0,3.18,28.73,9.03,132.1,151,63,5.5,49.9,44.6,0.0,0.0,17.4,16.8,171.8,,False,False,False,True,False,False
"Jan 15, 2024, 2:27:23 AM",Morning Run,4.44,33.12,7.46,127.0,156,4.44,33.12,7.46,127.0,156.0,0.0,303.0,4.44,33.12,7.46,127.0,156,63,3.6,68.7,24.2,3.5,0.0,22.6,42.0,179.1,,False,True,False,False,False,False
"Jan 14, 2024, 2:37:23 AM",Morning Run,6.29,50.05,7.95,154.9,169,6.29,50.05,7.96,155.0,169.0,3.0,552.0,6.29,50.05,7.95,154.9,169,87,1.1,2.8,22.3,73.8,0.0,36.6,47.2,179.1,,False,True,False,False,False,False
"Jan 13, 2024, 2:07:01 AM",Morning Run,7.84,67.22,8.57,165.3,179,7.84,60.7,7.74,165.0,179.0,7.0,698.0,7.84,67.22,8.57,165.3,179,91,0.4,1.0,3.5,65.4,29.7,39.4,61.6,179.3,,False,False,False,False,False,False
"Jan 11, 2024, 2:11:54 AM",Morning Run,3.44,37.88,11.0,160.6,181,3.44,27.13,7.89,161.0,181.0,107.0,304.0,3.44,37.88,11.0,160.6,181,78,2.8,6.1,13.1,44.1,34.0,121.2,117.6,178.3,,False,False,False,True,False,False
"Jan 10, 2024, 5:50:07 AM",Morning Run,1.81,45.18,25.01,136.1,182,1.81,16.57,9.15,143.0,182.0,0.0,149.0,1.81,45.18,25.01,136.1,182,87,12.8,31.3,35.4,15.5,4.9,0,0,163.2,,False,False,False,True,False,False
"Jan 10, 2024, 4:17:50 AM",Morning Run,6.22,55.83,8.98,152.7,181,6.22,54.27,8.73,153.0,181.0,0.0,512.0,6.22,55.83,8.98,152.7,181,89,1.3,17.6,28.1,30.4,22.7,0,0,171.0,,False,False,False,False,False,False
"Jan 9, 2024, 2:03:55 AM",Drills Strides,1.41,55.03,39.15,104.2,150,1.41,50.07,35.51,110.0,150.0,2.0,224.0,1.41,55.03,39.15,104.2,150,71,70.1,20.4,9.5,0.0,0.0,33.8,39.8,157.6,,False,False,False,True,False,False
"Jan 8, 2024, 1:09:14 PM",PT,3.12,30.72,9.84,142.3,153,3.12,30.72,9.85,142.0,153.0,1.0,291.0,3.12,30.72,9.84,142.3,153,79,1.1,8.1,86.7,4.1,0.0,32.4,35.4,173.3,,False,False,False,True,False,False
"Jan 8, 2024, 2:20:22 AM",Morning Run,4.44,33.65,7.59,148.2,166,4.44,33.65,7.58,148.0,166.0,1.0,362.0,4.44,33.65,7.59,148.2,166,72,2.0,6.9,35.7,55.4,0.0,25.0,35.2,179.2,,False,True,False,False,False,False
"Jan 7, 2024, 4:12:43 AM",Morning Run,6.16,45.38,7.37,173.8,185,6.16,43.55,7.07,174.0,185.0,7.0,543.0,6.16,45.38,7.37,173.8,185,125,0.0,2.2,3.1,12.9,81.8,50.2,54.8,177.9,,False,True,False,False,False,False
"Jan 6, 2024, 2:49:16 AM",Morning Run,2.26,31.82,14.08,127.7,153,2.26,29.18,12.91,131.0,153.0,27.0,238.0,2.26,31.82,14.08,127.7,153,71,14.9,45.9,38.4,0.8,0.0,43.8,42.2,163.6,,False,False,False,True,False,False
"Jan 4, 2024, 2:19:03 AM",Hill Repeats,4.5,45.28,10.06,162.6,177,4.5,35.5,7.89,163.0,177.0,121.0,401.0,4.5,45.28,10.06,162.6,177,106,0.8,3.1,10.0,60.7,25.4,144.0,143.8,179.5,,False,False,False,True,False,False
"Jan 3, 2024, 2:11:09 AM",Morning Run,5.26,69.35,13.17,142.6,166,5.26,41.23,7.84,144.0,166.0,27.0,410.0,5.26,69.35,13.17,142.6,166,85,9.7,12.4,41.6,36.4,0.0,52.6,36.6,176.4,,False,False,False,True,False,False
"Jan 2, 2024, 1:58:31 AM",Drills Strides,1.29,58.73,45.37,113.4,163,1.29,52.25,40.5,120.0,163.0,1.0,265.0,1.29,58.73,45.37,113.4,163,84,54.0,31.6,11.1,3.3,0.0,45.4,51.4,164.3,,False,False,False,True,False,False
"Jan 1, 2024, 3:36:46 AM",Morning Run,3.11,30.6,9.85,138.2,154,3.11,27.4,8.81,138.0,154.0,2.0,268.0,3.11,30.6,9.85,138.2,154,76,4.2,17.2,75.5,3.0,0.0,19.0,17.2,176.9,,False,False,False,True,False,False
"Dec 31, 2023, 2:34:56 AM",Morning Run,6.22,52.85,8.49,158.3,170,6.22,49.88,8.02,158.0,170.0,15.0,550.0,6.22,52.85,8.49,158.3,170,101,0.4,0.7,5.7,93.2,0.0,46.2,44.4,179.3,,False,False,False,False,False,False
"Dec 30, 2023, 2:09:23 AM",Fartlek,6.72,55.37,8.23,167.8,183,6.72,50.3,7.49,168.0,183.0,38.0,596.0,6.72,55.37,8.23,167.8,183,92,1.4,1.4,7.2,35.6,54.4,34.4,44.2,179.9,,False,False,False,False,False,False
"Dec 28, 2023, 2:14:33 AM",Hill Repeats,4.46,46.7,10.47,159.4,179,4.46,35.47,7.95,160.0,179.0,124.0,391.0,4.46,46.7,10.47,159.4,179,91,1.3,4.6,14.8,64.4,14.8,140.6,140.8,179.1,,False,False,False,True,False,False
"Dec 27, 2023, 2:06:17 AM",Speed Repeats Final,3.51,71.68,20.45,133.3,174,3.5,46.53,13.29,134.0,174.0,3.0,308.0,3.51,71.68,20.45,133.3,174,72,9.8,45.7,24.8,19.5,0.2,39.4,35.8,143.9,,False,False,False,True,False,False
"Dec 26, 2023, 2:03:23 AM",Morning Run,2.19,64.88,29.68,106.2,159,2.19,62.65,28.61,118.0,159.0,3.0,294.0,2.19,64.88,29.68,106.2,159,78,70.8,16.3,11.3,1.6,0.0,36.0,43.2,164.1,,False,False,False,True,False,False
"Dec 24, 2023, 2:48:44 AM",Morning Trail Run,8.81,190.2,21.59,127.5,171,8.81,153.15,17.38,130.0,171.0,377.0,978.0,8.81,190.2,21.59,127.5,171,79,20.4,36.6,38.1,5.0,0.0,514.8,511.4,154.5,,False,False,False,True,False,False
"Dec 23, 2023, 2:06:42 AM",Morning Run,5.36,41.48,7.73,160.5,175,5.36,41.48,7.74,161.0,175.0,3.0,478.0,5.36,41.48,7.73,160.5,175,71,1.8,2.7,7.4,76.7,11.4,30.0,39.4,180.1,,False,True,False,False,False,False
"Dec 22, 2023, 7:45:07 AM",Lunch Run,5.67,40.15,7.08,163.6,173,5.42,40.15,7.41,164.0,173.0,0.0,455.0,5.67,40.15,7.08,163.6,173,135,0.0,0.0,1.6,94.8,3.6,0,0,182.6,,False,True,False,False,False,False
"Dec 21, 2023, 1:09:48 PM",Afternoon Run,2.26,39.45,17.45,127.4,166,2.26,32.32,14.3,130.0,166.0,5.0,210.0,2.26,39.45,17.45,127.4,166,77,28.9,30.8,25.0,15.3,0.0,37.6,35.4,142.6,,False,False,False,True,False,False
"Dec 19, 2023, 6:24:16 AM",Morning Run,7.11,50.03,7.04,166.8,175,7.04,50.03,7.11,167.0,175.0,0.0,557.0,7.11,50.03,7.04,166.8,175,142,0.0,0.0,5.3,72.0,22.7,0,0,179.3,,False,True,False,False,False,False
"Dec 19, 2023, 2:16:47 AM",Morning Run,1.46,48.58,33.28,117.7,165,1.46,17.92,12.27,121.0,165.0,1.0,269.0,1.46,48.58,33.28,117.7,165,53,45.1,34.9,16.5,3.5,0.0,28.6,46.6,172.0,,False,False,False,True,False,False
"Dec 18, 2023, 6:20:34 AM",Morning Run,1.78,14.0,7.87,154.2,169,1.78,14.0,7.87,154.0,169.0,0.0,149.0,1.78,14.0,7.87,154.2,169,99,1.8,1.7,32.2,64.3,0.0,0,0,172.2,,False,True,False,False,False,False
"Dec 17, 2023, 3:36:20 AM",Morning Run,3.12,27.58,8.84,160.2,178,3.12,27.58,8.84,160.0,178.0,0.0,299.0,3.12,27.58,8.84,160.2,178,112,0.5,1.1,9.1,83.4,5.8,15.2,30.6,177.5,,False,False,False,False,False,False
"Dec 17, 2023, 2:37:16 AM",Morning Run,6.25,54.88,8.79,152.6,171,6.25,50.22,8.04,153.0,171.0,3.0,539.0,6.25,54.88,8.79,152.6,171,96,1.0,1.6,43.1,54.1,0.2,29.8,41.8,182.4,,False,False,False,False,False,False
"Dec 14, 2023, 4:41:51 AM",Morning Run,5.16,37.78,7.32,156.5,176,4.97,37.27,7.5,157.0,176.0,0.0,391.0,5.16,37.78,7.32,156.5,176,98,1.0,1.0,9.2,85.0,3.9,0,0,179.4,,False,True,False,False,False,False
"Dec 9, 2023, 1:17:52 AM",Morning Run,14.94,141.72,9.49,152.7,169,14.94,136.33,9.13,153.0,169.0,18.0,1421.0,14.94,141.72,9.49,152.7,169,83,0.4,1.1,36.6,61.9,0.0,93.8,89.4,174.7,,False,False,False,True,False,False
"Dec 8, 2023, 11:34:43 AM",Afternoon Run,4.65,39.12,8.4,160.3,201,4.65,39.02,8.39,160.0,201.0,0.0,426.0,4.65,39.12,8.4,160.3,201,91,0.9,2.9,21.6,53.6,21.0,0,0,171.1,,False,False,False,False,False,False
"Dec 6, 2023, 5:53:22 AM",Morning Run,0.35,3.12,,131.2,149,0.35,3.12,,131.0,149.0,0.0,26.0,0.35,3.12,,131.2,149,81,11.2,42.6,46.3,0.0,0.0,0,0,166.9,,False,False,False,False,False,False
"Dec 6, 2023, 1:49:23 AM",Morning Run,3.73,80.17,21.5,132.7,166,3.73,48.07,12.89,134.0,166.0,1.0,332.0,3.73,80.17,21.5,132.7,166,82,5.5,46.2,39.5,8.8,0.0,39.0,40.4,154.5,,False,False,False,True,False,False
"Dec 3, 2023, 6:06:50 AM",Morning Run,0.21,3.58,,133.3,148,0.21,2.4,,134.0,148.0,0.0,20.0,0.21,3.58,,133.3,148,103,10.2,30.6,59.2,0.0,0.0,1.8,2.2,165.2,,False,False,False,False,False,False
"Dec 3, 2023, 3:40:12 AM",Morning Run,3.12,21.28,6.83,149.8,160,3.12,21.22,6.8,150.0,160.0,1.0,231.0,3.12,21.28,6.83,149.8,160,84,2.0,2.5,40.6,54.9,0.0,17.4,22.2,173.5,,False,False,True,False,False,False
"Dec 1, 2023, 2:31:20 AM",Morning Run,3.07,27.4,8.92,155.2,183,3.07,26.27,8.56,155.0,183.0,1.0,287.0,3.07,27.4,8.92,155.2,183,94,1.8,3.7,16.7,67.3,10.5,23.2,29.4,173.4,,False,False,False,False,False,False
"Nov 29, 2023, 2:22:34 AM",Morning Run,2.55,46.25,18.12,118.0,162,2.55,32.23,12.64,120.0,162.0,0.0,193.0,2.55,46.25,18.12,118.0,162,82,49.7,31.3,6.8,12.2,0.0,22.6,28.6,147.6,,False,False,False,True,False,False
"Nov 28, 2023, 2:05:57 AM",Morning Run,1.03,50.27,48.69,99.5,139,1.03,43.87,42.59,104.0,139.0,0.0,176.0,1.03,50.27,48.69,99.5,139,57,73.9,23.8,2.3,0.0,0.0,21.2,45.0,173.2,,False,False,False,True,False,False
"Nov 27, 2023, 2:24:54 AM",Morning Run,4.43,34.88,7.88,154.8,170,4.43,34.88,7.87,155.0,170.0,1.0,383.0,4.43,34.88,7.88,154.8,170,74,1.9,0.9,23.4,73.8,0.0,18.2,22.4,179.2,,False,True,False,False,False,False
"Nov 26, 2023, 8:52:38 AM",Lunch Run,2.97,37.88,12.77,145.2,168,2.97,27.87,9.38,145.0,168.0,4.0,273.0,2.97,37.88,12.77,145.2,168,99,1.6,6.2,70.6,21.6,0.0,23.4,23.0,173.8,,False,False,False,True,False,False
"Nov 26, 2023, 2:13:54 AM",Morning Run,6.58,51.83,7.87,141.2,159,6.58,50.05,7.61,141.0,159.0,2.0,500.0,6.58,51.83,7.87,141.2,159,75,1.7,13.4,74.2,10.7,0.0,41.0,48.8,179.9,,False,True,False,False,False,False
"Nov 25, 2023, 2:14:00 AM",Fartlek,6.84,60.03,8.78,151.5,167,6.84,50.82,7.43,152.0,167.0,11.0,548.0,6.84,60.03,8.78,151.5,167,89,2.1,2.9,29.3,65.6,0.0,42.6,47.8,179.8,,False,False,False,False,False,False
"Nov 21, 2023, 3:17:40 PM",Evening Run,3.06,49.92,16.31,130.4,150,3.06,28.1,9.18,131.0,150.0,6.0,252.0,3.06,49.92,16.31,130.4,150,84,14.9,31.2,53.8,0.0,0.0,29.2,24.8,167.6,,False,False,False,True,False,False
"Nov 20, 2023, 5:48:01 AM",Morning Run,1.54,15.7,10.23,136.8,161,1.86,15.7,8.44,137.0,161.0,0.0,137.0,1.54,15.7,10.23,136.8,161,73,4.3,26.8,58.7,10.1,0.0,0,0,163.7,,False,False,False,True,False,False
"Nov 20, 2023, 2:19:50 AM",Morning Run,4.44,34.45,7.76,151.3,165,4.44,34.45,7.76,151.0,165.0,0.0,370.0,4.44,34.45,7.76,151.3,165,76,2.5,3.8,35.4,58.3,0.0,20.2,31.2,179.2,,False,True,False,False,False,False
"Nov 19, 2023, 3:15:00 AM",Morning Run,0.63,6.03,9.6,148.3,160,0.63,5.7,9.05,148.0,160.0,1.0,61.0,0.63,6.03,9.6,148.3,160,100,6.9,3.0,40.8,49.3,0.0,5.0,4.2,166.1,,False,False,False,True,False,False
"Nov 18, 2023, 3:11:22 AM",Morning Run,0.43,3.4,,163.9,173,0.43,3.4,,164.0,173.0,4.0,38.0,0.43,3.4,,163.9,173,146,0.0,0.0,5.4,72.7,22.0,1.6,5.0,172.4,,False,False,False,False,False,False
"Nov 18, 2023, 2:12:43 AM",Rain and Puddle Run,6.68,57.53,8.61,170.1,184,6.68,51.47,7.71,170.0,184.0,1.0,598.0,6.68,57.53,8.61,170.1,184,95,0.3,1.6,2.5,39.8,55.9,48.2,58.6,175.2,,False,False,False,False,False,False
"Nov 16, 2023, 6:13:14 AM",Morning Run,7.92,64.28,8.11,153.5,170,7.64,63.6,8.32,153.0,170.0,0.0,630.0,7.92,64.28,8.11,153.5,170,85,0.8,3.2,29.3,66.6,0.0,0,0,180.3,,False,False,False,False,False,False
"Nov 15, 2023, 2:14:05 AM",Morning Run,4.75,60.03,12.64,137.0,163,4.75,37.62,7.92,137.0,163.0,1.0,346.0,4.75,60.03,12.64,137.0,163,74,9.8,23.5,45.1,21.6,0.0,27.8,32.8,175.7,,False,False,False,True,False,False
"Nov 14, 2023, 6:09:05 AM",5K PB attempt Dreadmill,3.83,32.65,8.53,153.5,167,4.41,32.65,7.4,154.0,167.0,0.0,337.0,3.83,32.65,8.53,153.5,167,88,1.5,2.1,21.8,74.5,0.0,0,0,182.6,,False,False,False,False,False,False
"Nov 14, 2023, 2:01:28 AM",Drills Strides,1.13,53.4,47.17,92.4,163,1.13,40.58,35.91,101.0,163.0,4.0,146.0,1.13,53.4,47.17,92.4,163,58,87.2,6.3,4.3,2.2,0.0,27.6,30.0,165.5,,False,False,False,True,False,False
"Nov 13, 2023, 6:18:28 AM",Morning Run,2.47,49.27,19.94,132.7,179,2.47,48.92,19.81,133.0,179.0,0.0,306.0,2.47,49.27,19.94,132.7,179,69,12.4,47.7,16.5,13.8,9.7,0,0,148.6,,False,False,False,True,False,False
"Nov 13, 2023, 2:18:20 AM",Morning Run,4.42,34.38,7.77,156.7,170,4.42,34.38,7.78,157.0,170.0,0.0,376.0,4.42,34.38,7.77,156.7,170,86,1.7,0.8,6.7,90.7,0.0,25.6,29.2,179.6,,False,True,False,False,False,False
"Nov 12, 2023, 2:08:14 AM",Morning Run,5.36,52.72,9.84,146.2,168,5.36,44.85,8.37,146.0,168.0,8.0,464.0,5.36,52.72,9.84,146.2,168,72,2.8,8.9,50.9,37.3,0.0,36.2,36.6,181.9,,False,False,False,True,False,False
"Nov 11, 2023, 2:31:58 AM",Morning Run,5.21,39.83,7.64,145.7,159,5.21,39.72,7.62,146.0,159.0,5.0,409.0,5.21,39.83,7.64,145.7,159,64,1.7,5.6,64.2,28.5,0.0,32.0,34.6,175.2,,False,True,False,False,False,False
"Nov 9, 2023, 6:11:47 AM",Morning Run,6.62,53.07,8.01,152.3,170,6.28,53.07,8.45,152.0,170.0,0.0,516.0,6.62,53.07,8.01,152.3,170,69,1.5,4.5,31.0,63.0,0.0,0,0,182.0,,False,False,False,False,False,False
"Nov 8, 2023, 2:48:39 PM",Evening Run,1.04,11.58,11.18,121.2,138,1.04,10.12,9.73,121.0,138.0,6.0,86.0,1.04,11.58,11.18,121.2,138,89,20.7,67.5,11.8,0.0,0.0,12.2,7.6,167.8,,False,False,False,True,False,False
"Nov 8, 2023, 1:40:54 PM",Afternoon Run,0.93,9.57,10.24,130.9,149,0.93,8.48,9.12,131.0,149.0,0.0,77.0,0.93,9.57,10.24,130.9,149,86,8.6,46.1,45.3,0.0,0.0,5.0,11.0,170.4,,False,False,False,True,False,False
"Nov 8, 2023, 7:01:47 AM",Lunch Run,6.4,49.38,7.71,144.2,164,6.21,49.38,7.95,144.0,164.0,0.0,436.0,6.4,49.38,7.71,144.2,164,58,2.8,7.4,61.2,28.7,0.0,0,0,183.1,,False,True,False,False,False,False
"Nov 6, 2023, 2:20:40 AM",Morning Run,4.43,33.63,7.6,149.8,163,4.43,33.63,7.59,150.0,163.0,5.0,351.0,4.43,33.63,7.6,149.8,163,100,0.8,3.7,51.9,43.7,0.0,29.6,32.8,179.2,,False,True,False,False,False,False
"Nov 4, 2023, 2:08:50 AM",Morning Run,6.85,56.17,8.2,164.6,202,6.85,53.27,7.78,165.0,202.0,4.0,615.0,6.85,56.17,8.2,164.6,202,50,1.8,8.1,31.6,13.8,44.7,50.0,55.0,177.1,,False,False,False,False,False,False
"Nov 2, 2023, 2:14:37 AM",Morning Run,4.02,44.55,11.09,159.3,179,4.02,31.73,7.89,159.0,179.0,110.0,347.0,4.02,44.55,11.09,159.3,179,92,1.0,3.2,22.2,52.5,21.0,126.2,128.8,178.9,,False,False,False,True,False,False
"Nov 1, 2023, 2:05:29 AM",Morning Run,6.37,85.47,13.41,146.5,177,6.37,59.38,9.32,149.0,177.0,0.0,564.0,6.37,85.47,13.41,146.5,177,90,6.6,23.0,21.6,39.4,9.4,42.0,44.2,169.5,,False,False,False,True,False,False
"Oct 31, 2023, 5:51:43 AM",Morning Run,1.52,43.6,28.64,133.3,182,1.52,17.52,11.53,134.0,162.0,0.0,144.0,1.52,43.6,28.64,133.3,182,57,13.9,27.9,43.5,14.1,0.6,0,0,159.4,,False,False,False,True,False,False
"Oct 30, 2023, 6:13:52 AM",Morning Run,1.67,48.8,29.14,121.8,168,0.82,7.45,9.09,129.0,148.0,0.0,50.0,1.67,48.8,29.14,121.8,168,70,29.6,44.4,24.2,1.9,0.0,0,0,162.4,,False,False,False,True,False,False
"Oct 30, 2023, 5:48:09 AM",Morning Run,1.67,48.8,29.14,121.8,168,0.85,8.82,10.38,118.0,142.0,0.0,58.0,1.67,48.8,29.14,121.8,168,70,29.6,44.4,24.2,1.9,0.0,0,0,162.4,,False,False,False,True,False,False
"Oct 30, 2023, 2:23:53 AM",Morning Run,4.44,34.08,7.68,159.9,169,4.44,34.08,7.68,160.0,169.0,0.0,380.0,4.44,34.08,7.68,159.9,169,96,0.5,0.9,5.2,93.4,0.0,18.4,33.2,179.2,,False,True,False,False,False,False
"Oct 28, 2023, 2:15:03 AM",Morning Run,9.33,78.37,8.4,164.0,173,9.33,71.65,7.68,164.0,173.0,10.0,806.0,9.33,78.37,8.4,164.0,173,99,0.3,0.9,2.1,94.6,2.1,68.6,81.0,179.7,,False,False,False,False,False,False
"Oct 26, 2023, 7:13:21 AM",Incline Play,6.75,44.78,6.63,158.8,173,5.51,44.78,8.13,159.0,173.0,0.0,477.0,6.75,44.78,6.63,158.8,173,123,0.0,2.5,18.6,72.1,6.8,0,0,182.2,,False,False,True,False,False,False
"Oct 25, 2023, 2:07:37 AM",Morning Run,5.6,69.33,12.38,152.6,185,5.6,55.83,9.97,158.0,185.0,7.0,523.0,5.6,69.33,12.38,152.6,185,101,4.3,15.5,22.5,32.7,25.1,40.8,42.8,164.8,,False,False,False,True,False,False
"Oct 24, 2023, 2:05:51 AM",Drills Strides,1.33,53.62,40.36,118.0,166,1.33,46.13,34.68,125.0,166.0,0.0,254.0,1.33,53.62,40.36,118.0,166,75,44.4,28.7,21.8,5.1,0.0,25.2,36.0,163.2,,False,False,False,True,False,False
"Oct 23, 2023, 2:17:57 AM",Morning Run,4.43,33.67,7.6,170.0,187,4.43,33.67,7.6,170.0,187.0,2.0,393.0,4.43,33.67,7.6,170.0,187,125,0.0,0.8,1.4,48.9,48.9,22.6,36.2,182.0,,False,True,False,False,False,False
"Oct 22, 2023, 3:44:38 AM",Morning Run,4.39,35.43,8.07,153.6,168,4.81,35.43,7.37,154.0,168.0,0.0,354.0,4.39,35.43,8.07,153.6,168,99,0.8,1.0,33.8,64.5,0.0,0,0,184.7,,False,False,False,False,False,False
"Oct 20, 2023, 2:12:39 AM",Morning Run,7.9,65.92,8.34,159.8,190,7.9,61.98,7.85,160.0,190.0,25.0,680.0,7.9,65.92,8.34,159.8,190,71,1.1,2.1,10.8,71.9,14.1,73.8,74.4,177.3,,False,False,False,False,False,False
"Oct 18, 2023, 2:17:06 AM",Track,5.32,72.65,13.65,156.0,191,5.32,51.93,9.76,158.0,191.0,10.0,517.0,5.32,72.65,13.65,156.0,191,91,2.2,11.2,19.5,46.2,20.8,43.6,42.2,168.9,,False,False,False,True,False,False
"Oct 17, 2023, 2:00:54 AM",Drills Strides,1.74,62.6,35.99,121.0,161,1.74,20.3,11.67,126.0,161.0,4.0,366.0,1.74,62.6,35.99,121.0,161,72,35.0,37.5,22.7,4.8,0.0,40.4,44.6,158.2,,False,False,False,True,False,False
"Oct 16, 2023, 6:16:41 AM",Morning Run,1.61,52.32,32.5,137.7,181,0.7,6.43,9.19,149.0,161.0,0.0,60.0,1.61,52.32,32.5,137.7,181,65,5.9,33.6,40.1,17.6,2.9,0,0,165.1,,False,False,False,True,False,False
"Oct 16, 2023, 5:50:26 AM",Morning Run,1.61,52.32,32.5,137.7,181,0.91,8.67,9.53,124.0,144.0,0.0,63.0,1.61,52.32,32.5,137.7,181,65,5.9,33.6,40.1,17.6,2.9,0,0,165.1,,False,False,False,True,False,False
"Oct 16, 2023, 2:20:11 AM",Miss Cadence,4.43,34.53,7.79,152.8,166,4.43,34.53,7.79,153.0,166.0,2.0,364.0,4.43,34.53,7.79,152.8,166,80,1.5,0.5,33.9,64.1,0.0,23.4,31.4,179.0,,False,True,False,False,False,False
"Oct 15, 2023, 2:15:42 AM",Morning Run,8.78,93.73,10.67,141.4,167,8.78,88.62,10.09,142.0,167.0,16.0,829.0,8.78,93.73,10.67,141.4,167,110,0.3,7.0,78.3,14.4,0.0,76.4,91.8,171.1,,False,False,False,True,False,False
"Oct 14, 2023, 3:13:13 AM",Morning Run,1.33,111.22,83.76,135.8,182,1.33,21.43,16.11,137.0,182.0,5.0,162.0,1.33,111.22,83.76,135.8,182,89,4.8,39.3,43.8,7.9,4.3,22.4,28.6,167.5,,False,False,False,True,False,False
"Oct 11, 2023, 2:14:56 AM",Track 400,4.54,63.58,14.01,145.9,180,4.54,45.45,10.01,152.0,180.0,7.0,406.0,4.54,63.58,14.01,145.9,180,87,12.9,15.0,29.3,25.6,17.1,38.6,54.4,163.6,,False,False,False,True,False,False
"Oct 10, 2023, 2:03:06 AM",Drills strds,1.41,55.38,39.19,110.6,157,1.41,50.78,36.01,115.0,157.0,0.0,241.0,1.41,55.38,39.19,110.6,157,68,59.3,28.1,12.0,0.6,0.0,31.0,37.8,171.6,,False,False,False,True,False,False
"Oct 9, 2023, 2:20:53 AM",Morning Run,4.43,33.78,7.62,143.6,159,4.43,33.78,7.63,144.0,159.0,3.0,338.0,4.43,33.78,7.62,143.6,159,73,2.3,6.8,69.8,21.2,0.0,20.2,26.8,179.1,,False,True,False,False,False,False
"Oct 8, 2023, 2:11:49 AM",Morning Run,6.23,62.02,9.95,154.7,169,6.23,52.65,8.45,155.0,169.0,3.0,549.0,6.23,62.02,9.95,154.7,169,95,1.8,1.9,25.5,70.9,0.0,43.4,52.2,179.1,,False,False,False,True,False,False
"Oct 3, 2023, 3:19:17 PM",AR,5.16,52.42,10.16,141.2,159,5.16,47.3,9.17,141.0,159.0,10.0,446.0,5.16,52.42,10.16,141.2,159,77,1.3,12.1,75.8,10.7,0.0,52.4,59.2,169.4,,False,False,False,True,False,False
"Oct 2, 2023, 6:15:19 AM",Morning Run,1.58,46.87,29.66,134.8,175,0.74,6.92,9.35,148.0,175.0,0.0,60.0,1.58,46.87,29.66,134.8,175,90,18.4,28.6,27.2,24.4,1.4,0,0,163.6,,False,False,False,True,False,False
"Oct 2, 2023, 5:50:45 AM",Morning Run,1.58,46.87,29.66,134.8,175,0.84,6.8,8.1,145.0,169.0,0.0,63.0,1.58,46.87,29.66,134.8,175,90,18.4,28.6,27.2,24.4,1.4,0,0,163.6,,False,False,False,True,False,False
"Oct 1, 2023, 2:13:09 AM",Morning Run,5.36,53.85,10.06,156.7,167,5.35,45.4,8.49,157.0,167.0,1.0,477.0,5.36,53.85,10.06,156.7,167,89,1.7,1.9,4.7,91.7,0.0,31.4,34.6,180.5,,False,False,False,True,False,False
"Sep 30, 2023, 1:40:45 AM",Morning Run,5.75,61.87,10.75,153.9,170,5.75,50.48,8.78,154.0,170.0,3.0,514.0,5.75,61.87,10.75,153.9,170,90,0.4,1.6,35.3,62.7,0.0,38.6,48.6,176.0,,False,False,False,True,False,False
"Sep 29, 2023, 9:57:44 AM",Afternoon Run,3.56,28.22,7.93,162.8,185,3.73,28.22,7.57,163.0,185.0,0.0,302.0,3.56,28.22,7.93,162.8,185,103,0.7,1.7,15.1,49.7,32.9,0,0,182.1,,False,True,False,False,False,False
"Sep 24, 2023, 7:16:58 AM",Berlin Marathon,26.42,197.78,7.49,144.3,172,26.41,197.67,7.48,144.0,172.0,69.0,2014.0,26.42,197.78,7.49,144.3,172,67,10.7,0.7,46.4,42.0,0.3,186.2,187.2,177.8,,True,True,False,False,True,False
"Sep 23, 2023, 7:42:37 AM",Morning Run,3.42,36.65,10.72,144.7,158,3.42,36.6,10.7,145.0,158.0,47.0,329.0,3.42,36.65,10.72,144.7,158,88,1.0,3.0,81.3,14.6,0.0,72.6,56.8,168.2,,False,False,False,True,False,False
"Sep 20, 2023, 2:18:03 AM",Le finale,5.85,46.47,7.94,146.4,171,6.22,46.47,7.47,146.0,171.0,0.0,390.0,5.85,46.47,7.94,146.4,171,133,0.0,0.0,71.1,28.0,0.9,0,0,185.6,,False,True,False,False,False,False
"Sep 19, 2023, 2:04:52 AM",Drills with coach Kitty,1.15,54.63,47.37,117.3,156,1.15,17.3,15.04,119.0,156.0,2.0,277.0,1.15,54.63,47.37,117.3,156,69,39.6,44.2,15.2,1.0,0.0,37.8,42.8,167.9,,False,False,False,True,False,False
"Sep 18, 2023, 2:56:11 AM",Morning Run,1.27,11.9,9.41,152.1,164,1.26,10.23,8.12,152.0,164.0,0.0,106.0,1.27,11.9,9.41,152.1,164,82,2.6,7.5,20.4,69.5,0.0,6.6,7.4,180.6,,False,False,False,True,False,False
"Sep 18, 2023, 2:19:33 AM",Morning Run,3.11,24.43,7.85,160.4,169,3.11,24.43,7.86,160.0,169.0,1.0,267.0,3.11,24.43,7.85,160.4,169,79,2.2,0.1,5.6,92.1,0.0,14.4,20.4,179.1,,False,True,False,False,False,False
"Sep 17, 2023, 2:09:54 AM",Morning Run,6.48,55.07,8.5,150.9,178,6.48,50.5,7.79,151.0,178.0,2.0,519.0,6.48,55.07,8.5,150.9,178,101,0.5,0.8,51.7,44.8,2.1,36.4,52.4,179.1,,False,False,False,False,False,False
"Sep 16, 2023, 1:59:09 AM",Morning Run,11.5,97.07,8.44,169.0,192,11.5,90.87,7.9,169.0,192.0,15.0,1041.0,11.5,97.07,8.44,169.0,192,102,0.2,0.6,2.7,56.8,39.7,89.0,87.4,178.3,,False,False,False,False,False,False
"Sep 15, 2023, 2:13:29 AM",Morning Run,6.07,46.43,7.65,160.9,172,6.28,46.43,7.39,161.0,172.0,0.0,475.0,6.07,46.43,7.65,160.9,172,138,0.0,0.0,8.5,85.3,6.3,0,0,186.8,,False,True,False,False,False,False
"Sep 13, 2023, 2:06:09 AM",Track,5.01,67.42,13.46,152.6,183,5.01,41.22,8.23,154.0,183.0,12.0,411.0,5.01,67.42,13.46,152.6,183,95,5.5,8.5,21.8,53.5,10.6,38.4,38.0,176.0,,False,False,False,True,False,False
"Sep 12, 2023, 3:22:05 PM",AR Tuesday,2.43,32.82,13.48,135.0,151,2.43,23.0,9.47,135.0,151.0,7.0,210.0,2.43,32.82,13.48,135.0,151,74,11.3,19.9,68.8,0.0,0.0,27.8,20.2,168.2,,False,False,False,True,False,False
"Sep 12, 2023, 1:59:09 AM","Drills, new drills & thrills",1.38,62.18,44.96,103.7,144,1.38,17.68,12.81,111.0,144.0,5.0,256.0,1.38,62.18,44.96,103.7,144,63,72.6,18.9,8.5,0.0,0.0,50.0,55.2,164.6,,False,False,False,True,False,False
"Sep 11, 2023, 2:19:19 AM",Morning Run,4.35,34.18,7.85,146.8,163,4.35,34.18,7.86,147.0,163.0,1.0,335.0,4.35,34.18,7.85,146.8,163,135,0.0,0.0,69.4,30.6,0.0,27.2,34.6,179.1,,False,True,False,False,False,False
"Sep 10, 2023, 2:10:26 AM",Morning Run,6.65,59.57,8.96,150.8,161,6.65,55.28,8.31,151.0,161.0,2.0,556.0,6.65,59.57,8.96,150.8,161,71,2.1,5.1,20.7,72.0,0.0,40.4,51.6,178.9,,False,False,False,False,False,False
"Sep 9, 2023, 1:06:43 AM",Morning Run,13.26,107.62,8.11,154.3,169,13.26,105.27,7.94,154.0,169.0,12.0,1100.0,13.26,107.62,8.11,154.3,169,75,1.0,3.8,16.1,79.1,0.0,80.0,88.0,179.0,,False,False,False,False,False,False
"Sep 8, 2023, 4:08:52 AM",Morning Run,7.53,55.63,7.39,156.2,172,7.53,55.63,7.39,156.0,172.0,0.0,550.0,7.53,55.63,7.39,156.2,172,125,0.0,1.5,9.8,88.1,0.7,0,0,187.3,,False,True,False,False,False,False
"Sep 7, 2023, 4:12:11 AM",Incline & Speed Play,8.36,61.43,7.34,153.3,171,7.86,60.58,7.71,153.0,171.0,0.0,568.0,8.36,61.43,7.34,153.3,171,60,1.7,4.1,21.0,72.7,0.5,0,0,184.8,,False,True,False,False,False,False
"Sep 6, 2023, 2:15:01 AM",Morning Run,4.98,64.48,12.95,145.0,180,4.98,49.57,9.95,149.0,180.0,3.0,453.0,4.98,64.48,12.95,145.0,180,90,10.0,15.0,23.4,49.4,2.1,33.2,37.8,167.6,,False,False,False,True,False,False
"Sep 5, 2023, 4:14:45 AM",Morning Run,7.88,57.65,7.32,165.0,173,7.67,56.67,7.39,165.0,173.0,0.0,582.0,7.88,57.65,7.32,165.0,173,143,0.0,0.0,2.1,88.9,9.0,0,0,187.6,,False,True,False,False,False,False
"Sep 4, 2023, 2:19:05 AM",Morning Run,4.42,34.62,7.82,161.1,172,4.42,34.62,7.83,161.0,172.0,0.0,375.0,4.42,34.62,7.82,161.1,172,97,1.4,2.1,6.6,88.5,1.3,19.4,33.8,179.1,,False,True,False,False,False,False
"Sep 3, 2023, 2:07:01 AM",LK Sunday Run,7.14,59.35,8.31,155.2,164,7.14,59.35,8.31,155.0,164.0,5.0,610.0,7.14,59.35,8.31,155.2,164,73,1.0,1.9,6.7,90.4,0.0,51.8,57.4,178.6,,False,False,False,False,False,False
"Sep 2, 2023, 1:51:36 AM",Morning Run,14.52,128.5,8.85,159.3,182,14.52,120.33,8.29,160.0,182.0,22.0,1264.0,14.52,128.5,8.85,159.3,182,88,0.4,0.5,13.5,75.1,10.5,121.6,123.6,177.7,,False,False,False,False,False,False
"Sep 1, 2023, 3:02:20 PM",AR MENA run,2.49,26.02,10.45,143.0,153,2.49,24.68,9.91,143.0,153.0,0.0,228.0,2.49,26.02,10.45,143.0,153,79,2.6,6.7,84.6,6.1,0.0,23.0,24.6,168.1,,False,False,False,True,False,False
"Aug 31, 2023, 8:35:55 AM",Incline Play,7.29,60.1,8.24,159.7,173,7.61,60.1,7.9,160.0,173.0,0.0,606.0,7.29,60.1,8.24,159.7,173,77,0.8,2.0,11.6,81.9,3.7,0,0,185.7,,False,False,False,False,False,False
"Aug 30, 2023, 8:30:13 AM",Lunch Run,3.11,25.62,8.24,144.5,163,3.18,25.62,8.06,145.0,163.0,0.0,227.0,3.11,25.62,8.24,144.5,163,80,2.8,19.0,42.5,35.8,0.0,0,0,182.6,,False,False,False,False,False,False
"Aug 30, 2023, 2:02:41 AM",Speed Track,3.15,64.4,20.45,117.2,153,3.15,48.67,15.45,119.0,153.0,7.0,249.0,3.15,64.4,20.45,117.2,153,88,41.2,46.3,11.0,1.4,0.0,41.6,40.0,149.7,,False,False,False,True,False,False
"Aug 29, 2023, 1:59:38 AM",Drills & Strides,1.31,56.47,43.09,117.7,179,1.31,15.58,11.89,129.0,179.0,2.0,286.0,1.31,56.47,43.09,117.7,179,60,40.1,37.7,17.5,1.4,3.4,26.6,32.2,154.0,,False,False,False,True,False,False
"Aug 28, 2023, 2:22:22 AM",Cadence Run,4.43,34.78,7.85,165.1,174,4.43,34.78,7.85,165.0,174.0,3.0,382.0,4.43,34.78,7.85,165.1,174,106,0.7,0.8,3.2,77.4,17.9,24.6,30.0,179.3,,False,True,False,False,False,False
"Aug 27, 2023, 2:11:07 AM",Recovery Run,7.0,58.47,8.36,151.2,161,7.0,58.47,8.35,151.0,161.0,9.0,580.0,7.0,58.47,8.36,151.2,161,72,1.0,0.7,45.5,52.8,0.0,41.4,40.4,179.0,,False,False,False,False,False,False
"Aug 26, 2023, 1:55:02 AM",1:45 run,13.19,119.2,9.04,157.6,196,13.19,105.32,7.98,158.0,196.0,23.0,1122.0,13.19,119.2,9.04,157.6,196,78,0.7,1.8,31.3,51.2,15.0,97.2,96.4,179.2,,False,False,False,True,False,False
"Aug 25, 2023, 8:18:41 AM",Incline repeats,6.48,50.02,7.72,150.7,167,6.26,50.02,7.99,151.0,167.0,0.0,456.0,6.48,50.02,7.72,150.7,167,81,0.6,3.3,42.1,54.0,0.0,0,0,184.5,,False,True,False,False,False,False
"Aug 23, 2023, 2:05:53 AM",Died on the track,4.37,67.78,15.51,159.6,206,4.37,44.08,10.09,162.0,206.0,1.0,435.0,4.37,67.78,15.51,159.6,206,105,3.4,6.1,24.2,37.6,28.7,35.8,33.4,167.9,,False,False,False,True,False,False
"Aug 22, 2023, 2:09:09 AM",Drills strides,1.87,60.5,32.42,105.6,146,1.87,59.2,31.66,113.0,146.0,0.0,263.0,1.87,60.5,32.42,105.6,146,65,71.9,24.4,3.7,0.0,0.0,34.6,38.2,169.9,,False,False,False,True,False,False
"Aug 21, 2023, 4:41:58 AM",Morning Run,0.4,37.03,,116.2,172,0.4,4.92,,118.0,143.0,0.0,32.0,0.4,37.03,,116.2,172,55,43.3,30.3,20.6,5.5,0.2,0,0,154.7,,False,False,False,False,False,False
"Aug 21, 2023, 2:16:36 AM",Cadence,4.43,34.38,7.77,131.9,145,4.42,34.38,7.78,132.0,145.0,0.0,303.0,4.43,34.38,7.77,131.9,145,80,4.7,46.6,48.6,0.0,0.0,36.6,43.0,179.5,,False,True,False,False,False,False
"Aug 20, 2023, 2:09:09 AM",Morning Run,6.45,60.78,9.42,154.1,168,6.45,52.87,8.2,154.0,168.0,2.0,558.0,6.45,60.78,9.42,154.1,168,98,0.7,1.0,27.2,71.0,0.0,52.2,60.4,179.2,,False,False,False,True,False,False
"Aug 19, 2023, 1:53:29 AM",Morning Run,11.28,100.13,8.88,165.7,179,11.28,90.53,8.03,166.0,179.0,23.0,988.0,11.28,100.13,8.88,165.7,179,120,0.0,1.0,5.5,64.6,29.0,100.8,106.4,178.8,,False,False,False,False,False,False
"Aug 17, 2023, 4:54:56 AM",Morning Run,7.74,60.07,7.76,149.2,164,7.57,60.07,7.94,149.0,164.0,0.0,548.0,7.74,60.07,7.76,149.2,164,78,1.0,5.9,35.0,58.1,0.0,0,0,178.9,,False,True,False,False,False,False
"Aug 16, 2023, 4:36:47 AM",Morning Run,1.87,47.38,25.33,134.9,178,1.87,15.88,8.49,148.0,157.0,0.0,150.0,1.87,47.38,25.33,134.9,178,77,16.7,21.8,38.1,22.9,0.5,0,0,173.7,,False,False,False,True,False,False
"Aug 16, 2023, 2:08:10 AM",Morning Run,3.82,65.57,17.16,139.4,186,3.82,44.88,11.75,142.0,186.0,2.0,315.0,3.82,65.57,17.16,139.4,186,104,5.7,40.4,27.9,19.0,7.0,32.4,33.0,161.7,,False,False,False,True,False,False
"Aug 15, 2023, 3:27:44 PM",AR Tuesday,3.76,36.02,9.57,146.5,160,3.76,34.27,9.11,148.0,160.0,1.0,340.0,3.76,36.02,9.57,146.5,160,88,0.9,11.6,44.3,43.2,0.0,31.2,29.0,168.1,,False,False,False,True,False,False
"Aug 14, 2023, 4:34:36 AM",Morning Run,1.87,44.87,24.0,137.5,178,1.87,15.15,8.1,155.0,163.0,0.0,154.0,1.87,44.87,24.0,137.5,178,83,16.6,22.8,15.5,44.5,0.7,0,0,174.1,,False,False,False,True,False,False
"Aug 14, 2023, 2:16:49 AM",Morning Run,4.42,34.3,7.76,150.2,161,4.42,34.3,7.76,150.0,161.0,0.0,350.0,4.42,34.3,7.76,150.2,161,81,2.1,2.6,38.0,57.3,0.0,24.6,38.0,179.2,,False,True,False,False,False,False
"Aug 13, 2023, 4:20:47 AM",Morning Run,0.34,3.3,,133.7,150,0.34,3.3,,134.0,150.0,0.0,29.0,0.34,3.3,,133.7,150,83,18.7,14.1,67.2,0.0,0.0,2.8,3.2,171.1,,False,False,False,False,False,False
"Aug 13, 2023, 2:27:38 AM",Run for Pakistan,6.37,50.3,7.9,150.1,161,6.37,50.3,7.9,150.0,161.0,6.0,496.0,6.37,50.3,7.9,150.1,161,97,0.5,0.5,63.8,35.2,0.0,58.4,58.4,173.8,,False,True,False,False,False,False
"Aug 12, 2023, 1:11:24 AM",Morning Run,10.63,96.77,9.1,144.2,182,10.63,90.23,8.49,144.0,182.0,27.0,906.0,10.63,96.77,9.1,144.2,182,104,0.3,20.8,51.0,26.6,1.4,82.4,82.8,172.9,,False,False,False,True,False,False
"Aug 11, 2023, 7:28:09 AM",Lunch Run,5.22,40.77,7.81,143.1,155,4.99,40.77,8.17,143.0,155.0,0.0,335.0,5.22,40.77,7.81,143.1,155,71,0.9,6.6,81.1,11.4,0.0,0,0,175.5,,False,True,False,False,False,False
"Aug 9, 2023, 2:05:32 AM",Morning Run,5.03,67.8,13.48,145.8,180,5.03,50.13,9.97,147.0,180.0,3.0,437.0,5.03,67.8,13.48,145.8,180,80,4.9,23.6,18.2,49.2,4.2,32.6,33.8,163.9,,False,False,False,True,False,False
"Aug 8, 2023, 3:40:05 PM",AR run,3.45,32.0,9.29,144.1,168,3.45,30.7,8.9,144.0,168.0,1.0,286.0,3.45,32.0,9.29,144.1,168,75,1.8,15.6,45.0,37.6,0.0,30.0,31.4,164.4,,False,False,False,True,False,False
"Aug 8, 2023, 2:03:44 AM",Drills ,1.58,65.5,41.38,116.7,156,1.58,45.73,28.94,122.0,156.0,0.0,237.0,1.58,65.5,41.38,116.7,156,78,44.5,34.2,19.3,2.1,0.0,27.2,33.2,161.4,,False,False,False,True,False,False
"Aug 7, 2023, 2:19:50 AM",Morning Run,4.45,35.15,7.9,157.0,165,4.45,35.15,7.9,157.0,165.0,0.0,366.0,4.45,35.15,7.9,157.0,165,111,0.2,1.2,8.1,90.5,0.0,20.6,57.4,179.1,,False,True,False,False,False,False
"Aug 6, 2023, 3:20:10 PM",Evening Run,0.2,2.0,,125.2,152,0.2,2.0,,125.0,152.0,0.0,14.0,0.2,2.0,,125.2,152,100,39.7,16.5,40.5,3.3,0.0,0,0,173.4,,False,False,False,False,False,False
"Aug 6, 2023, 2:26:08 PM",Evening Run,6.65,50.03,7.53,153.0,162,6.4,50.03,7.82,153.0,162.0,0.0,475.0,6.65,50.03,7.53,153.0,162,89,2.2,3.9,10.8,83.1,0.0,0,0,176.7,,False,True,False,False,False,False
"Aug 5, 2023, 1:28:36 AM",Shoe bite run,10.86,97.08,8.94,162.4,185,10.86,90.03,8.29,162.0,185.0,7.0,937.0,10.86,97.08,8.94,162.4,185,79,0.7,4.8,24.7,17.8,52.0,84.2,88.4,170.0,,False,False,False,False,False,False
"Aug 3, 2023, 2:10:45 AM",Solo Track,4.86,49.72,10.23,159.3,202,4.86,48.08,9.89,162.0,202.0,1.0,466.0,4.86,49.72,10.23,159.3,202,108,0.8,4.8,24.5,50.1,19.8,42.6,45.8,165.5,,False,False,False,True,False,False
"Aug 2, 2023, 11:29:22 AM",TM Incline,7.8,59.93,7.68,135.4,195,7.46,59.93,8.03,135.0,195.0,0.0,455.0,7.8,59.93,7.68,135.4,195,55,42.1,6.4,6.7,29.5,15.3,0,0,174.2,,False,True,False,False,False,False
"Aug 1, 2023, 1:59:52 AM",Drills,1.43,66.12,46.21,105.1,165,1.43,64.72,45.26,120.0,165.0,1.0,275.0,1.43,66.12,46.21,105.1,165,56,67.8,22.5,6.7,3.0,0.0,39.8,43.4,160.2,,False,False,False,True,False,False
"Jul 30, 2023, 1:48:10 AM",Morning Run,11.16,92.48,8.29,152.6,187,11.16,90.17,8.08,152.0,187.0,9.0,913.0,11.16,92.48,8.29,152.6,187,63,2.9,5.5,42.2,28.4,21.0,73.4,77.2,171.5,,False,False,False,False,False,False
"Jul 29, 2023, 2:49:02 AM",Morning Run,3.19,28.2,8.84,149.3,166,3.19,26.47,8.3,149.0,166.0,4.0,270.0,3.19,28.2,8.84,149.3,166,64,2.5,12.5,26.3,58.7,0.0,22.4,24.2,172.8,,False,False,False,False,False,False
"Jul 28, 2023, 4:07:19 AM",Dreadmill,7.49,59.97,8.01,161.3,202,7.17,59.97,8.36,161.0,202.0,0.0,625.0,7.49,59.97,8.01,161.3,202,73,1.6,4.0,34.4,24.0,35.9,0,0,175.3,,False,False,False,False,False,False
"Jul 27, 2023, 2:53:57 AM",Morning Run,3.77,58.62,15.54,129.5,163,3.77,47.03,12.47,135.0,163.0,6.0,310.0,3.77,58.62,15.54,129.5,163,87,15.9,48.2,15.9,20.0,0.0,9.4,7.4,153.0,0.273,False,False,False,True,False,False
"Jul 26, 2023, 10:50:36 AM",100m strides,0.34,5.68,,152.3,173,0.34,5.68,,152.0,173.0,0.0,56.0,0.34,5.68,,152.3,173,116,0.0,17.0,17.3,61.1,4.7,0,0,170.9,,False,False,False,False,False,False
"Jul 26, 2023, 9:48:06 AM",Spicy 12k,7.06,60.33,8.54,141.7,156,7.53,60.1,7.98,142.0,156.0,0.0,501.0,7.06,60.33,8.54,141.7,156,78,2.9,2.9,92.2,2.0,0.0,0,0,171.8,,False,False,False,False,False,False
"Jul 25, 2023, 3:16:51 PM",Evening Run,1.23,35.28,28.63,103.8,144,1.23,21.35,17.36,111.0,144.0,1.0,118.0,1.23,35.28,28.63,103.8,144,67,67.4,28.5,4.1,0.0,0.0,17.8,18.0,161.3,,False,False,False,True,False,False
"Jul 25, 2023, 1:58:31 AM",LK Drills,2.16,69.37,32.14,126.3,174,2.16,67.82,31.4,134.0,174.0,1.0,407.0,2.16,69.37,32.14,126.3,174,84,21.6,44.8,27.4,4.9,1.3,46.0,48.4,165.2,,False,False,False,True,False,False
"Jul 24, 2023, 2:19:33 AM",Morning Run,4.43,34.83,7.86,159.5,172,4.43,34.83,7.86,160.0,172.0,2.0,374.0,4.43,34.83,7.86,159.5,172,106,1.1,0.9,2.4,93.1,2.5,39.0,49.4,179.1,,False,True,False,False,False,False
"Jul 23, 2023, 9:20:10 AM",Afternoon Run,7.82,64.95,8.31,143.8,157,8.2,64.48,7.86,144.0,157.0,0.0,545.0,7.82,64.95,8.31,143.8,157,96,0.7,7.0,81.9,10.3,0.0,0,0,175.4,,False,False,False,False,False,False
"Jul 22, 2023, 7:50:47 AM",Lunch Run,10.64,91.98,8.64,152.0,175,11.63,90.48,7.78,152.0,175.0,0.0,838.0,10.64,91.98,8.64,152.0,175,68,1.4,2.4,53.9,32.0,10.3,0,0,177.0,,False,False,False,False,False,False
"Jul 19, 2023, 9:36:38 AM",Afternoon Run,10.42,90.03,8.64,160.2,183,10.54,90.03,8.54,160.0,183.0,0.0,922.0,10.42,90.03,8.64,160.2,183,52,3.3,0.8,19.0,48.6,28.2,0,0,177.7,,False,False,False,False,False,False
"Jul 18, 2023, 1:57:25 AM",Lk drills,1.74,63.77,36.62,115.2,160,1.74,61.12,35.13,128.0,160.0,0.0,333.0,1.74,63.77,36.62,115.2,160,75,45.6,22.0,28.8,3.6,0.0,41.2,48.6,159.4,,False,False,False,True,False,False
"Jul 17, 2023, 10:28:08 AM",Afternoon Run,6.31,48.67,7.72,138.3,155,6.22,48.67,7.82,138.0,155.0,0.0,378.0,6.31,48.67,7.72,138.3,155,61,2.4,20.8,73.5,3.4,0.0,0,0,177.7,,False,True,False,False,False,False
"Jul 15, 2023, 1:40:57 PM",Afternoon Run,9.13,76.52,8.38,138.2,171,9.57,75.18,7.86,138.0,171.0,0.0,593.0,9.13,76.52,8.38,138.2,171,104,1.3,30.0,52.4,16.2,0.2,0,0,173.2,,False,False,False,False,False,False
"Jul 12, 2023, 7:19:27 AM",Lunch Run,9.35,90.77,9.7,140.0,170,9.35,90.77,9.71,140.0,170.0,0.0,707.0,9.35,90.77,9.7,140.0,170,56,8.4,23.1,33.6,35.0,0.0,0,0,161.8,,False,False,False,True,False,False
"Jul 10, 2023, 7:29:14 AM",Lunch Run,1.87,14.63,7.81,119.7,136,1.87,14.0,7.49,119.0,136.0,0.0,93.0,1.87,14.63,7.81,119.7,136,81,10.7,81.7,7.6,0.0,0.0,0,0,170.6,,False,True,False,False,False,False
"Jul 10, 2023, 2:20:38 AM",Morning Run,3.12,28.05,9.0,148.7,161,3.12,24.92,7.99,149.0,161.0,0.0,254.0,3.12,28.05,9.0,148.7,161,93,2.6,3.0,45.8,48.6,0.0,19.4,24.0,177.7,,False,False,False,True,False,False
"Jul 9, 2023, 2:07:53 AM",What the Sauna run,5.35,52.77,9.85,163.6,193,5.35,44.77,8.37,164.0,193.0,1.0,488.0,5.35,52.77,9.85,163.6,193,105,0.7,1.4,5.0,75.1,17.8,29.2,43.4,173.2,,False,False,False,True,False,False
"Jul 8, 2023, 1:52:27 AM",Morning Run,7.48,65.72,8.79,166.4,191,7.47,60.0,8.03,166.0,191.0,2.0,675.0,7.48,65.72,8.79,166.4,191,121,0.0,0.6,19.4,34.1,45.9,66.2,79.0,170.2,,False,False,False,False,False,False
"Jul 7, 2023, 4:37:23 AM",Morning Run,1.9,15.22,8.01,141.8,150,1.6,15.22,9.51,142.0,150.0,0.0,143.0,1.9,15.22,8.01,141.8,150,87,3.1,4.4,92.6,0.0,0.0,0,0,169.2,,False,False,False,False,False,False
"Jul 5, 2023, 2:01:35 AM",Morning Run,2.89,53.83,18.62,120.1,153,2.89,38.45,13.3,122.0,153.0,2.0,218.0,2.89,53.83,18.62,120.1,153,96,33.3,49.0,17.1,0.6,0.0,31.0,29.8,145.5,,False,False,False,True,False,False
"Jul 4, 2023, 12:38:55 PM",Afternoon Run,6.79,64.8,9.55,135.1,151,7.94,64.8,8.16,135.0,151.0,0.0,470.0,6.79,64.8,9.55,135.1,151,76,2.9,22.1,75.0,0.0,0.0,0,0,167.8,,False,False,False,True,False,False
"Jun 27, 2023, 12:46:39 AM",Morning Run,4.36,41.53,9.53,149.7,159,4.36,41.48,9.51,150.0,159.0,1.0,411.0,4.36,41.53,9.53,149.7,159,70,0.6,2.0,42.1,55.3,0.0,34.0,38.2,171.5,,False,False,False,True,False,False
"Jun 26, 2023, 1:32:57 PM",Evening Run,4.17,51.85,12.44,139.5,155,4.17,47.15,11.31,139.0,155.0,12.0,396.0,4.17,51.85,12.44,139.5,155,92,1.0,20.5,73.9,4.7,0.0,54.0,56.4,166.3,,False,False,False,True,False,False
"Jun 26, 2023, 1:01:56 AM",Morning Run,6.23,58.13,9.33,134.7,158,6.23,58.13,9.33,135.0,158.0,1.0,536.0,6.23,58.13,9.33,134.7,158,66,2.2,39.9,49.1,8.8,0.0,63.0,68.0,170.9,,False,False,False,True,False,False
"Jun 25, 2023, 12:54:30 AM",B2R social run,5.89,70.85,12.03,135.0,153,5.89,70.85,12.03,135.0,153.0,7.0,534.0,5.89,70.85,12.03,135.0,153,108,1.9,35.0,62.7,0.4,0.0,79.6,79.0,164.7,,False,False,False,True,False,False
"Jun 24, 2023, 12:46:06 AM",Morning Run,6.0,51.0,8.5,155.6,175,6.0,48.97,8.16,156.0,175.0,4.0,518.0,6.0,51.0,8.5,155.6,175,104,0.4,0.7,21.0,76.0,1.9,50.0,53.0,170.2,,False,False,False,False,False,False
"Jun 22, 2023, 1:00:04 AM",Morning Run,7.46,71.25,9.55,144.9,156,7.46,71.07,9.53,145.0,156.0,5.0,691.0,7.46,71.25,9.55,144.9,156,84,0.6,4.1,85.4,9.9,0.0,71.4,72.6,171.0,,False,False,False,True,False,False
"Jun 21, 2023, 2:25:45 PM",Evening Run,2.61,19.63,7.51,142.8,151,2.61,19.63,7.52,143.0,151.0,4.0,196.0,2.61,19.63,7.51,142.8,151,67,3.6,7.4,89.1,0.0,0.0,22.8,25.6,168.0,,False,True,False,False,False,False
"Jun 19, 2023, 2:20:44 AM",Morning Run,4.44,42.87,9.65,159.2,166,4.44,38.83,8.75,159.0,166.0,0.0,406.0,4.44,42.87,9.65,159.2,166,109,0.0,2.3,3.8,93.9,0.0,20.2,31.6,179.1,,False,False,False,True,False,False
"Jun 17, 2023, 1:59:28 AM",Morning Run,4.11,33.3,8.11,168.2,178,4.11,33.3,8.1,168.0,178.0,2.0,373.0,4.11,33.3,8.11,168.2,178,117,0.0,1.1,2.2,53.8,42.9,26.4,38.6,173.2,,False,False,False,False,False,False
"Jun 17, 2023, 1:29:57 AM",Morning Run,2.24,17.32,7.74,148.2,160,2.24,17.32,7.73,148.0,160.0,0.0,179.0,2.24,17.32,7.74,148.2,160,95,1.6,5.0,48.8,44.6,0.0,14.0,17.4,172.9,,False,True,False,False,False,False
"Jun 12, 2023, 2:18:33 AM",Morning Run,3.12,23.85,7.64,155.5,163,3.12,23.85,7.64,155.0,163.0,0.0,252.0,3.12,23.85,7.64,155.5,163,97,2.6,1.7,11.5,84.1,0.0,13.2,19.6,179.1,,False,True,False,False,False,False
"Jun 11, 2023, 2:00:02 AM",Morning Run,6.18,46.62,7.54,151.2,160,6.18,44.7,7.23,151.0,160.0,24.0,456.0,6.18,46.62,7.54,151.2,160,108,0.3,0.4,50.4,48.9,0.0,43.6,44.0,172.4,,False,True,False,False,False,False
"Jun 10, 2023, 3:41:54 AM",Morning Run,1.47,13.82,9.41,160.5,167,1.47,12.82,8.72,161.0,167.0,0.0,137.0,1.47,13.82,9.41,160.5,167,120,0.0,0.9,6.9,92.2,0.0,7.4,16.6,173.4,,False,False,False,True,False,False
"Jun 10, 2023, 3:26:10 AM",Morning Run,1.56,11.07,7.08,152.6,160,1.56,11.07,7.1,153.0,160.0,6.0,114.0,1.56,11.07,7.08,152.6,160,93,1.8,2.4,11.9,83.9,0.0,5.2,10.4,172.3,,False,True,False,False,False,False
"Jun 9, 2023, 3:03:44 PM",Evening run,3.13,35.08,11.21,136.7,148,3.13,32.12,10.26,137.0,148.0,0.0,284.0,3.13,35.08,11.21,136.7,148,70,2.1,13.9,83.9,0.0,0.0,17.2,21.0,167.4,,False,False,False,True,False,False
"Jun 7, 2023, 2:12:29 AM",Morning Run,3.04,66.65,21.91,139.9,191,3.04,38.15,12.55,142.0,191.0,4.0,291.0,3.04,66.65,21.91,139.9,191,100,8.9,31.4,40.5,5.6,13.6,32.2,85.2,145.6,,False,False,False,True,False,False
"Jun 6, 2023, 2:12:34 AM",Drills,1.19,45.62,38.2,117.4,163,1.19,12.32,10.35,124.0,163.0,0.0,256.0,1.19,45.62,38.2,117.4,163,67,44.7,31.5,22.1,1.8,0.0,26.6,40.8,166.3,,False,False,False,True,False,False
"Jun 5, 2023, 2:20:13 AM",Morning Run,4.43,33.83,7.64,154.2,164,4.43,33.83,7.64,154.0,164.0,0.0,352.0,4.43,33.83,7.64,154.2,164,100,0.8,0.9,16.1,82.2,0.0,21.4,30.8,179.1,,False,True,False,False,False,False
"Jun 1, 2023, 3:51:46 PM",Weird Hill Reps,3.12,30.43,9.75,146.3,177,3.12,28.47,9.12,147.0,177.0,70.0,274.0,3.12,30.43,9.75,146.3,177,116,0.0,11.5,60.1,28.0,0.4,90.6,93.0,166.2,,False,False,False,True,False,False
"May 30, 2023, 2:08:57 AM",Morning Run,5.34,50.7,9.49,149.4,158,5.34,50.6,9.48,150.0,158.0,3.0,503.0,5.34,50.7,9.49,149.4,158,95,0.5,0.6,70.2,28.7,0.0,32.0,38.0,170.9,,False,False,False,True,False,False
"May 29, 2023, 2:19:31 AM",Morning Run,4.43,34.4,7.76,156.1,167,4.43,34.4,7.77,156.0,167.0,0.0,363.0,4.43,34.4,7.76,156.1,167,101,1.5,0.6,3.8,94.1,0.0,29.0,34.4,178.9,,False,True,False,False,False,False
"May 28, 2023, 1:51:43 AM",Desert Run - Loops around Fossil Rock,5.76,143.73,24.95,145.9,172,5.76,113.57,19.72,146.0,172.0,419.0,919.0,5.76,143.73,24.95,145.9,172,61,2.9,13.9,44.3,38.4,0.5,485.2,480.8,147.5,,False,False,False,True,False,False
"May 27, 2023, 1:38:56 AM",AR social run,9.38,105.48,11.24,153.5,178,9.38,95.78,10.21,155.0,178.0,31.0,925.0,9.38,105.48,11.24,153.5,178,92,4.1,5.4,16.2,70.9,3.5,75.4,75.8,171.6,,False,False,False,True,False,False
"May 25, 2023, 2:11:24 AM","Hill Reps
400 X 4
400 X 5",3.31,40.08,12.1,156.1,175,3.31,27.43,8.29,157.0,175.0,92.0,284.0,3.31,40.08,12.1,156.1,175,92,2.1,4.9,14.1,67.3,11.6,115.0,113.6,177.2,,False,False,False,True,False,False
"May 24, 2023, 7:15:29 AM","30’ @13 kph
5’ @14-16 kph",6.34,34.82,5.49,158.8,179,4.64,34.82,7.5,159.0,179.0,0.0,364.0,6.34,34.82,5.49,158.8,179,80,1.3,1.3,7.6,78.1,11.7,0,0,174.8,,False,False,True,False,False,False
"May 23, 2023, 1:59:58 AM",Drills,1.68,58.37,34.74,112.2,154,1.68,56.45,33.6,118.0,154.0,13.0,302.0,1.68,58.37,34.74,112.2,154,77,51.3,32.5,15.6,0.6,0.0,84.4,86.8,169.7,,False,False,False,True,False,False
"May 22, 2023, 2:19:18 AM",Morning Run,3.11,23.85,7.68,152.5,162,3.11,23.8,7.65,153.0,162.0,0.0,245.0,3.11,23.85,7.68,152.5,162,108,0.5,1.7,32.4,65.5,0.0,55.0,60.8,179.2,,False,True,False,False,False,False
"May 21, 2023, 2:05:44 AM",Morning Run,6.53,57.57,8.82,152.5,164,6.53,50.0,7.66,153.0,164.0,9.0,502.0,6.53,57.57,8.82,152.5,164,86,1.4,1.0,23.9,73.6,0.0,41.0,40.6,178.0,,False,False,False,False,False,False
"May 20, 2023, 1:37:42 AM",Morning Run,6.22,62.25,10.01,149.4,173,6.22,59.22,9.52,149.0,173.0,2.0,575.0,6.22,62.25,10.01,149.4,173,88,0.4,2.5,59.7,36.9,0.4,39.4,39.4,172.8,,False,False,False,True,False,False
"May 17, 2023, 2:12:02 AM",Morning Run,3.57,57.37,16.06,137.2,195,3.57,44.52,12.47,142.0,195.0,11.0,332.0,3.57,57.37,16.06,137.2,195,95,12.5,29.3,38.1,9.7,10.5,68.8,75.2,150.9,0.702,False,False,False,True,False,False
"May 16, 2023, 2:01:31 AM",LK drills,2.04,66.58,32.66,110.9,168,2.04,24.02,11.77,123.0,168.0,13.0,334.0,2.04,66.58,32.66,110.9,168,60,57.4,21.8,14.2,6.6,0.0,96.4,96.2,163.1,,False,False,False,True,False,False
"May 15, 2023, 5:35:04 AM",Morning Run,1.69,42.45,25.14,131.8,174,1.69,12.68,7.5,136.0,158.0,0.0,107.0,1.69,42.45,25.14,131.8,174,67,16.8,29.2,42.1,11.3,0.6,0,0,161.7,,False,False,False,True,False,False
"May 15, 2023, 2:21:45 AM",Morning Run,3.12,24.08,7.72,147.9,158,3.12,24.08,7.72,148.0,158.0,4.0,224.0,3.12,24.08,7.72,147.9,158,93,1.9,3.0,61.3,33.7,0.0,17.8,16.6,179.1,,False,True,False,False,False,False
"May 14, 2023, 2:29:37 AM",Morning Run,5.82,73.35,12.6,126.4,160,5.82,67.47,11.59,127.0,160.0,16.0,531.0,5.82,73.35,12.6,126.4,160,59,18.9,44.7,29.9,6.5,0.0,58.2,63.8,159.2,,False,False,False,True,False,False
"May 13, 2023, 2:03:17 AM",Morning Trail Run,11.0,148.75,13.52,152.7,186,11.0,144.3,13.12,153.0,186.0,453.0,1085.0,11.0,148.75,13.52,152.7,186,115,0.0,4.2,46.3,43.0,6.5,513.0,560.0,154.5,,False,False,False,True,False,False
"May 8, 2023, 5:37:36 AM",Morning Run,1.62,14.8,9.11,169.6,193,1.62,14.1,8.7,169.0,193.0,0.0,139.0,1.62,14.8,9.11,169.6,193,135,0.0,0.0,8.8,42.4,48.7,0,0,160.5,,False,False,False,True,False,False
"May 8, 2023, 2:16:16 AM",Morning Run,4.45,33.83,7.61,180.2,200,4.45,33.73,7.58,181.0,200.0,56.0,346.0,4.45,33.83,7.61,180.2,200,79,1.0,0.9,0.7,5.4,92.0,95.8,98.0,179.9,,False,True,False,False,False,False
"May 7, 2023, 2:09:07 AM",Morning Run,6.51,57.45,8.83,166.6,202,6.51,50.08,7.69,166.0,202.0,73.0,463.0,6.51,57.45,8.83,166.6,202,83,0.7,1.8,5.7,61.7,30.2,168.4,157.0,170.4,0.263,False,False,False,False,False,False
"May 6, 2023, 2:12:05 AM",DCS Peacock 🦚 Recce,7.59,65.32,8.6,181.1,210,7.59,60.13,7.92,181.0,210.0,215.0,609.0,7.59,65.32,8.6,181.1,210,120,0.0,0.5,1.0,19.3,79.1,306.4,324.0,169.3,,False,False,False,False,False,False
"May 4, 2023, 2:14:44 AM",Morning Run,4.79,49.47,10.33,168.3,194,4.79,37.97,7.93,168.0,194.0,209.0,398.0,4.79,49.47,10.33,168.3,194,75,3.1,3.2,4.1,29.2,60.4,247.2,249.0,175.8,,False,False,False,True,False,False
"May 2, 2023, 1:59:33 AM",LK Drills,1.35,53.83,39.89,131.5,195,1.35,17.93,13.28,140.0,195.0,165.0,279.0,1.35,53.83,39.89,131.5,195,86,17.7,35.3,32.8,10.6,3.6,246.0,267.2,144.4,,False,False,False,True,False,False
"May 1, 2023, 5:46:28 AM",Morning Run,1.05,8.92,8.46,173.5,200,1.05,8.92,8.5,174.0,200.0,0.0,87.0,1.05,8.92,8.46,173.5,200,133,0.0,0.0,7.8,25.3,66.9,0,0,162.0,,False,False,False,False,False,False
"May 1, 2023, 2:22:34 AM",Morning Run,4.47,33.97,7.6,194.7,210,4.47,33.97,7.6,194.0,210.0,28.0,400.0,4.47,33.97,7.6,194.7,210,105,0.3,0.3,0.3,1.8,97.2,79.2,81.2,179.9,,False,True,False,False,False,False
"Apr 30, 2023, 2:08:16 AM",Morning Run,6.63,54.65,8.24,184.4,207,6.63,49.87,7.52,184.0,207.0,60.0,538.0,6.63,54.65,8.24,184.4,207,113,0.2,0.5,0.7,7.7,91.0,140.6,166.2,179.6,,False,False,False,False,False,False
"Apr 29, 2023, 2:09:14 AM",Morning Run,8.7,82.93,9.53,176.9,202,8.7,73.08,8.4,177.0,202.0,93.0,733.0,8.7,82.93,9.53,176.9,202,102,0.5,1.4,2.4,20.5,75.2,232.4,224.4,172.8,,False,False,False,True,False,False
"Apr 27, 2023, 2:16:57 AM",Hills,3.4,37.97,11.15,168.0,199,3.4,27.07,7.96,167.0,199.0,122.0,292.0,3.4,37.97,11.15,168.0,199,96,3.1,5.0,5.4,31.5,55.0,152.0,164.4,173.6,,False,False,False,True,False,False
"Apr 26, 2023, 4:36:23 AM",Morning Run,1.27,14.83,11.64,160.1,195,1.27,14.83,11.68,159.0,195.0,0.0,126.0,1.27,14.83,11.64,160.1,195,80,2.7,1.0,24.5,44.2,27.5,0,0,157.4,,False,False,False,True,False,False
"Apr 25, 2023, 2:04:35 AM",Morning Run,1.55,54.7,35.28,138.4,185,1.55,18.0,11.61,148.0,185.0,118.0,330.0,1.55,54.7,35.28,138.4,185,89,9.3,28.8,37.3,19.0,5.6,206.6,214.4,149.0,,False,False,False,True,False,False
"Apr 24, 2023, 5:39:20 AM",Morning Run,1.73,14.9,8.62,164.2,197,1.73,14.9,8.61,164.0,197.0,0.0,133.0,1.73,14.9,8.62,164.2,197,82,3.3,3.0,13.1,38.2,42.4,0,0,163.5,,False,False,False,False,False,False
"Apr 24, 2023, 2:20:44 AM",Morning Run,3.12,24.05,7.7,188.4,210,3.12,23.95,7.68,188.0,210.0,12.0,269.0,3.12,24.05,7.7,188.4,210,112,0.3,0.9,0.7,1.8,96.3,50.6,98.4,179.6,,False,True,False,False,False,False
"Apr 22, 2023, 4:05:11 AM",Morning Run,2.91,30.23,10.4,164.4,207,2.91,30.23,10.39,165.0,207.0,0.0,260.0,2.91,30.23,10.4,164.4,207,102,1.8,5.8,11.5,42.8,38.0,0,0,158.8,,False,False,False,True,False,False
"Apr 19, 2023, 7:14:56 AM",Lunch Run,4.95,46.28,9.35,166.4,192,4.95,46.28,9.35,166.0,192.0,0.0,400.0,4.95,46.28,9.35,166.4,192,83,1.0,0.8,4.9,58.8,34.4,0,0,162.8,,False,False,False,True,False,False
"Apr 17, 2023, 10:50:04 AM",Afternoon Run,5.21,51.53,9.9,168.1,204,5.21,50.78,9.75,167.0,204.0,0.0,437.0,5.21,51.53,9.9,168.1,204,91,1.9,6.3,5.5,30.4,56.0,0,0,162.6,,False,False,False,True,False,False
"Apr 16, 2023, 12:29:03 PM",Afternoon Run,9.33,85.68,9.18,179.9,210,9.33,79.13,8.48,180.0,210.0,129.0,787.0,9.33,85.68,9.18,179.9,210,92,0.5,1.0,1.0,12.1,85.4,332.8,337.6,167.5,0.501,False,False,False,True,False,False
"Apr 15, 2023, 5:33:19 AM",Morning Run,2.12,17.52,8.27,166.9,194,2.12,17.22,8.12,167.0,194.0,0.0,160.0,2.12,17.52,8.27,166.9,194,96,2.1,2.2,9.0,40.5,46.2,0,0,160.9,,False,False,False,False,False,False
"Apr 13, 2023, 1:49:56 PM",Afternoon Run,2.79,39.35,14.09,174.8,210,2.79,22.58,8.09,174.0,210.0,130.0,287.0,2.79,39.35,14.09,174.8,210,99,4.5,6.0,5.9,24.1,59.6,150.6,146.8,175.8,,False,False,False,True,False,False
"Apr 12, 2023, 2:00:51 AM",Morning Run,4.69,70.47,15.02,171.6,210,4.69,40.32,8.6,173.0,210.0,99.0,479.0,4.69,70.47,15.02,171.6,210,99,1.0,5.0,9.6,21.0,63.4,174.2,171.6,167.3,0.57,False,False,False,True,False,False
"Apr 11, 2023, 1:57:35 AM",Morning Run,1.43,59.72,41.69,146.3,210,1.43,19.05,13.32,150.0,210.0,121.0,393.0,1.43,59.72,41.69,146.3,210,81,8.9,20.1,30.7,25.2,15.1,221.6,237.2,141.5,,False,False,False,True,False,False
"Apr 10, 2023, 7:16:21 AM",Lunch Run,5.86,44.97,7.67,173.2,208,5.86,44.97,7.67,173.0,208.0,0.0,407.0,5.86,44.97,7.67,173.2,208,87,1.8,0.6,6.2,32.7,58.7,0,0,162.3,0.143,False,True,False,False,False,False
"Apr 8, 2023, 2:39:25 AM",Morning Run,6.56,74.68,11.38,172.7,193,6.56,62.27,9.49,173.0,193.0,26.0,603.0,6.56,74.68,11.38,172.7,193,99,0.4,0.4,1.0,35.8,62.4,63.6,46.6,169.5,0.077,False,False,False,True,False,False
"Apr 7, 2023, 4:52:24 AM",Morning Run,3.11,31.92,10.26,169.8,197,3.11,28.6,9.2,165.0,197.0,0.0,282.0,3.11,31.92,10.26,169.8,197,125,0.0,0.5,4.7,46.2,48.7,0,0,166.8,,False,False,False,True,False,False
"Apr 6, 2023, 2:44:42 AM",Morning Run,3.87,40.2,10.39,167.2,193,3.87,36.87,9.53,167.0,193.0,39.0,346.0,3.87,40.2,10.39,167.2,193,76,1.2,1.4,4.5,51.4,41.6,104.4,135.8,165.4,,False,False,False,True,False,False
"Apr 5, 2023, 7:27:26 AM",Lunch Run,6.22,67.03,10.78,167.5,194,6.22,61.67,9.91,167.0,194.0,0.0,555.0,6.22,67.03,10.78,167.5,194,83,1.1,1.1,3.8,51.9,42.1,0,0,169.0,,False,False,False,True,False,False
"Apr 3, 2023, 7:16:11 AM",Lunch Run,1.25,10.85,8.69,156.2,181,1.25,10.85,8.68,157.0,181.0,0.0,91.0,1.25,10.85,8.69,156.2,181,93,4.9,2.6,5.9,82.4,4.2,0,0,172.4,,False,False,False,False,False,False
"Apr 3, 2023, 6:32:35 AM",Morning Run,3.2,31.38,9.8,163.6,181,3.2,30.67,9.58,162.0,181.0,0.0,266.0,3.2,31.38,9.8,163.6,181,117,0.0,1.6,5.6,70.9,21.9,0,0,170.0,,False,False,False,True,False,False
"Apr 2, 2023, 9:40:11 AM",Afternoon Run,3.11,31.8,10.21,168.1,191,3.11,31.8,10.23,168.0,191.0,0.0,287.0,3.11,31.8,10.21,168.1,191,83,1.2,1.6,1.6,48.8,46.7,0,0,169.5,,False,False,False,True,False,False
"Apr 2, 2023, 8:42:11 AM",Lunch Run,3.1,35.95,11.58,169.9,190,3.1,35.95,11.6,170.0,190.0,0.0,328.0,3.1,35.95,11.58,169.9,190,111,0.4,1.6,2.2,37.7,58.1,0,0,171.0,,False,False,False,True,False,False
"Mar 30, 2023, 2:27:11 AM",Morning Run,1.75,26.95,15.36,165.2,192,1.75,15.25,8.71,166.0,192.0,82.0,199.0,1.75,26.95,15.36,165.2,192,103,5.8,4.8,7.4,31.8,50.1,97.2,88.8,177.2,,False,False,False,True,False,False
"Mar 30, 2023, 1:52:41 AM",Morning Run,1.04,28.1,26.95,128.0,179,1.04,12.87,12.37,142.0,179.0,82.0,140.0,1.04,28.1,26.95,128.0,179,74,30.8,31.8,14.3,17.7,5.4,115.6,102.2,131.4,,False,False,False,True,False,False
"Mar 29, 2023, 1:11:13 PM",Afternoon Run,0.68,7.73,11.42,156.5,172,0.68,7.5,11.03,156.0,172.0,36.0,129.0,0.68,7.73,11.42,156.5,172,100,3.6,7.4,13.8,72.1,3.1,53.4,49.0,164.4,,False,False,False,True,False,False
"Mar 26, 2023, 1:22:29 PM",Afternoon Run,8.3,89.23,10.75,165.8,196,8.3,75.67,9.12,166.0,196.0,123.0,682.0,8.3,89.23,10.75,165.8,196,74,1.5,2.4,4.9,53.6,37.7,268.8,271.0,168.9,0.108,False,False,False,True,False,False
"Mar 25, 2023, 1:51:39 PM",Afternoon Run,4.35,48.38,11.12,166.0,192,4.35,39.48,9.08,166.0,192.0,34.0,368.0,4.35,48.38,11.12,166.0,192,81,2.2,1.7,5.0,45.2,45.9,167.8,158.0,169.2,,False,False,False,True,False,False
"Mar 24, 2023, 6:20:45 AM",Morning Run,0.55,7.13,12.9,155.8,173,0.55,7.13,12.96,156.0,173.0,0.0,64.0,0.55,7.13,12.9,155.8,173,105,4.2,2.6,10.5,79.8,2.9,0,0,168.7,,False,False,False,True,False,False
"Mar 23, 2023, 5:34:17 AM",Morning Run,6.22,87.27,14.04,160.5,188,6.22,81.18,13.05,158.0,188.0,0.0,647.0,6.22,87.27,14.04,160.5,188,78,2.6,3.5,12.6,52.5,28.9,0,0,165.0,,False,False,False,True,False,False
"Mar 21, 2023, 4:26:06 AM",Morning Run,2.04,26.63,13.05,157.2,179,2.04,26.63,13.05,157.0,179.0,0.0,213.0,2.04,26.63,13.05,157.2,179,85,4.8,7.8,9.6,62.7,15.1,0,0,160.0,,False,False,False,True,False,False
"Mar 20, 2023, 2:15:47 AM",Morning Run,2.01,15.22,7.55,169.7,187,2.01,15.22,7.57,170.0,187.0,13.0,142.0,2.01,15.22,7.55,169.7,187,96,1.4,1.7,2.2,36.7,57.9,29.2,47.4,179.9,,False,True,False,False,False,False
"Mar 18, 2023, 2:07:03 AM",Morning Run,9.41,114.78,12.2,172.1,210,9.41,82.98,8.82,172.0,210.0,237.0,910.0,9.41,114.78,12.2,172.1,210,93,0.9,1.6,2.7,34.9,59.9,339.8,346.8,171.3,0.781,False,False,False,True,False,False
"Mar 14, 2023, 5:35:13 AM",Morning Run,1.45,17.2,11.9,159.3,188,1.45,17.2,11.86,159.0,188.0,0.0,147.0,1.45,17.2,11.9,159.3,188,74,10.2,1.7,3.8,51.3,33.0,0,0,158.8,,False,False,False,True,False,False
"Mar 13, 2023, 5:36:40 AM",Morning Run,0.91,16.05,17.62,143.3,173,0.91,16.05,17.64,143.0,173.0,0.0,113.0,0.91,16.05,17.62,143.3,173,90,4.0,28.4,20.7,45.5,1.4,0,0,148.5,,False,False,False,True,False,False
"Mar 13, 2023, 2:18:21 AM",Morning Run,0.06,1.22,,125.8,155,0.06,1.02,,122.0,155.0,3.0,8.0,0.06,1.22,,125.8,155,75,37.3,6.8,37.3,18.6,0.0,6.4,2.6,179.7,,False,False,False,False,False,False
"Mar 10, 2023, 4:35:07 AM",Morning Run,0.36,15.6,,127.9,148,0.36,15.6,,127.0,148.0,0.0,91.0,0.36,15.6,,127.9,148,85,2.4,80.1,17.5,0.0,0.0,0,0,127.8,,False,False,False,False,False,False
"Mar 5, 2023, 12:24:34 AM",Tokyo Marathon 🇯🇵 🌟 ,27.78,217.38,7.83,167.4,197,27.78,216.87,7.81,167.0,197.0,580.0,1716.0,27.78,217.38,7.83,167.4,197,141,0.0,0.0,2.8,62.7,34.5,994.2,1008.4,171.8,0.292,True,True,False,False,False,False
"Mar 4, 2023, 2:33:40 AM",Lunch Run,0.05,0.45,,115.4,129,0.05,0.45,,113.0,129.0,5.0,1.0,0.05,0.45,,115.4,129,100,45.0,55.0,0.0,0.0,0.0,8.4,1.0,176.0,,False,False,False,False,False,False
"Mar 4, 2023, 1:56:11 AM",Morning Run,2.19,27.27,12.42,156.2,179,2.19,20.0,9.13,149.0,179.0,204.0,195.0,2.19,27.27,12.42,156.2,179,86,3.7,4.5,23.5,55.1,13.2,240.0,201.0,167.7,0.327,False,False,False,True,False,False
"Feb 27, 2023, 2:19:10 AM",Morning Run,4.49,33.97,7.56,169.9,187,4.49,33.97,7.57,170.0,187.0,15.0,313.0,4.49,33.97,7.56,169.9,187,104,0.7,1.0,3.5,38.7,56.1,98.8,85.6,179.7,,False,True,False,False,False,False
"Feb 26, 2023, 2:18:08 AM",Morning Run,6.31,57.13,9.06,187.5,210,6.31,47.25,7.49,187.0,210.0,78.0,550.0,6.31,57.13,9.06,187.5,210,84,1.1,1.4,3.1,3.6,90.7,145.2,114.8,171.7,0.121,False,False,False,True,False,False
"Feb 25, 2023, 2:15:31 AM",Morning Run,3.15,31.9,10.11,171.2,189,3.15,29.65,9.41,171.0,189.0,13.0,289.0,3.15,31.9,10.11,171.2,189,91,0.8,1.9,2.8,26.7,67.8,71.2,91.8,170.3,,False,False,False,True,False,False
"Feb 24, 2023, 7:28:20 AM",Lunch Run,3.89,34.88,8.96,167.3,189,3.89,34.88,8.97,167.0,189.0,0.0,308.0,3.89,34.88,8.96,167.3,189,69,1.1,0.8,5.3,50.1,42.8,0,0,163.1,,False,False,False,False,False,False
"Feb 20, 2023, 2:13:44 AM",Morning Run,3.14,24.1,7.67,180.8,204,3.14,24.1,7.68,180.0,204.0,17.0,247.0,3.14,24.1,7.67,180.8,204,83,0.6,0.6,3.4,15.5,79.8,75.6,110.2,179.8,0.369,False,True,False,False,False,False
"Feb 19, 2023, 3:07:31 AM",Morning Run,1.98,15.12,7.65,167.6,185,1.98,15.12,7.64,167.0,185.0,38.0,140.0,1.98,15.12,7.65,167.6,185,88,1.4,1.6,3.3,49.2,44.5,62.6,50.8,172.3,,False,True,False,False,False,False
"Feb 19, 2023, 2:28:22 AM",Morning Run,3.96,30.65,7.75,171.1,195,3.96,29.63,7.48,171.0,195.0,54.0,277.0,3.96,30.65,7.75,171.1,195,124,0.0,0.1,5.7,37.3,56.9,108.6,93.8,170.7,,False,True,False,False,False,False
"Feb 17, 2023, 2:45:34 AM",Morning Run,3.58,29.97,8.38,160.6,192,3.58,29.97,8.37,160.0,192.0,14.0,242.0,3.58,29.97,8.38,160.6,192,86,0.7,1.0,21.5,56.6,20.2,70.6,76.8,175.2,,False,False,False,False,False,False
"Feb 16, 2023, 2:27:43 AM",Morning Run,6.22,56.18,9.03,164.1,183,6.22,51.33,8.25,164.0,183.0,59.0,454.0,6.22,56.18,9.03,164.1,183,81,1.9,2.1,3.2,68.2,24.7,217.6,224.8,170.3,0.4,False,False,False,True,False,False
"Feb 12, 2023, 2:00:30 AM",Dubai Marathon,26.63,209.72,7.87,172.2,205,26.63,209.67,7.87,172.0,205.0,360.0,1751.0,26.63,209.72,7.87,172.2,205,128,0.0,0.1,0.4,41.8,57.7,1036.4,1025.4,170.4,0.197,True,True,False,False,True,False
"Feb 11, 2023, 4:34:10 AM",Morning Run,2.9,30.77,10.61,170.1,196,2.9,26.1,9.0,170.0,196.0,149.0,261.0,2.9,30.77,10.61,170.1,196,84,2.2,1.9,2.6,31.0,62.3,174.2,179.4,170.8,0.574,False,False,False,True,False,False
"Feb 8, 2023, 6:50:23 AM",Morning Run,1.29,17.23,13.37,147.8,183,1.29,17.23,13.36,147.0,183.0,0.0,124.0,1.29,17.23,13.37,147.8,183,84,4.8,13.6,37.4,35.5,8.7,0,0,145.1,,False,False,False,True,False,False
"Feb 8, 2023, 2:06:49 AM",Morning Run,3.46,30.38,8.77,167.4,188,3.46,30.3,8.76,167.0,188.0,48.0,269.0,3.46,30.38,8.77,167.4,188,127,0.0,0.2,2.3,62.3,35.3,110.4,118.4,172.8,,False,False,False,False,False,False
"Feb 6, 2023, 6:57:58 AM",Morning Run,3.67,46.92,12.77,164.9,186,3.67,45.17,12.31,163.0,186.0,0.0,387.0,3.67,46.92,12.77,164.9,186,109,0.2,1.5,4.1,67.6,26.7,0,0,163.2,,False,False,False,True,False,False
"Feb 4, 2023, 2:10:54 AM",Morning Run,12.43,108.85,8.76,172.3,199,12.43,100.22,8.06,172.0,199.0,152.0,899.0,12.43,108.85,8.76,172.3,199,85,0.7,1.0,1.4,37.9,59.1,353.0,331.2,175.5,,False,False,False,False,False,False
"Feb 3, 2023, 7:12:19 AM",Lunch Run,2.47,30.12,12.18,,,2.47,30.12,12.19,,,0.0,31.0,2.47,30.12,12.18,,,,,,,,,0,0,166.0,,False,False,False,True,False,False
"Jan 31, 2023, 1:58:49 AM",Morning Run,7.57,68.4,9.03,169.1,206,7.57,67.67,8.94,170.0,206.0,20.0,595.0,7.57,68.4,9.03,169.1,206,104,0.3,1.2,2.2,52.7,43.6,271.6,268.0,170.7,,False,False,False,True,False,False
"Jan 31, 2023, 1:36:06 AM",Morning Run,1.64,15.47,9.43,177.1,201,1.64,15.47,9.43,177.0,201.0,22.0,156.0,1.64,15.47,9.43,177.1,201,127,0.0,0.6,1.1,16.5,81.7,57.0,38.0,173.5,,False,False,False,True,False,False
"Jan 28, 2023, 2:32:46 AM",Morning Run,13.98,121.95,8.73,169.6,198,13.98,107.78,7.71,170.0,198.0,156.0,956.0,13.98,121.95,8.73,169.6,198,72,0.3,1.1,2.2,50.6,45.8,357.2,369.0,173.4,,False,False,False,False,False,False
"Jan 28, 2023, 2:02:05 AM",Morning Run,3.31,29.78,8.99,171.5,197,3.31,22.88,6.91,158.0,197.0,59.0,232.0,3.31,29.78,8.99,171.5,197,105,0.9,2.1,4.9,28.4,63.6,91.6,93.6,171.8,,False,False,False,False,False,False
"Jan 27, 2023, 2:11:26 AM",Morning Run,4.33,39.17,9.04,166.2,202,4.33,38.85,8.97,163.0,202.0,95.0,322.0,4.33,39.17,9.04,166.2,202,84,1.8,1.3,5.4,55.4,36.0,179.6,156.6,171.5,,False,False,False,True,False,False
"Jan 25, 2023, 1:35:54 AM",Morning Run,10.11,97.97,9.69,163.0,194,10.11,91.23,9.02,166.0,194.0,227.0,725.0,10.11,97.97,9.69,163.0,194,94,1.9,5.2,5.8,54.4,32.6,398.6,383.8,167.7,,False,False,False,True,False,False
"Jan 24, 2023, 5:34:45 AM",Morning Run,3.78,40.38,10.67,163.7,194,3.78,40.38,10.68,164.0,194.0,0.0,342.0,3.78,40.38,10.67,163.7,194,71,6.3,5.5,2.4,37.1,48.7,0,0,161.6,,False,False,False,True,False,False
"Jan 22, 2023, 2:06:24 AM",Dcs Half chiptime 1:38:38 pace 4:40 m/km,13.38,98.63,7.37,174.3,210,13.38,98.58,7.37,174.0,210.0,279.0,895.0,13.38,98.63,7.37,174.3,210,91,0.4,0.2,1.1,35.4,63.0,487.0,495.0,174.3,0.578,False,True,False,False,False,False
"Jan 21, 2023, 2:27:05 AM",Morning Run,3.14,25.7,8.18,170.4,194,3.14,25.7,8.18,170.0,194.0,31.0,233.0,3.14,25.7,8.18,170.4,194,111,0.2,0.5,0.6,53.8,44.9,84.0,105.0,179.9,,False,False,False,False,False,False
"Jan 19, 2023, 2:41:43 PM",Evening Run,4.97,44.43,8.94,168.0,193,4.97,43.78,8.81,168.0,193.0,66.0,394.0,4.97,44.43,8.94,168.0,193,81,0.5,0.4,5.2,50.5,43.4,181.2,185.2,167.2,,False,False,False,False,False,False
"Jan 18, 2023, 2:36:32 AM",Morning Run,0.93,8.6,9.26,159.1,178,0.93,8.33,8.96,159.0,178.0,17.0,75.0,0.93,8.6,9.26,159.1,178,85,3.9,3.0,7.5,66.8,18.9,39.8,30.0,169.8,,False,False,False,True,False,False
"Jan 18, 2023, 1:52:59 AM",Morning Run,4.41,36.53,8.29,168.0,203,4.41,35.75,8.11,170.0,203.0,45.0,326.0,4.41,36.53,8.29,168.0,203,97,1.4,1.5,5.8,47.3,44.0,188.0,194.6,167.4,,False,False,False,False,False,False
"Jan 18, 2023, 1:40:41 AM",Morning Run,1.12,10.53,9.4,168.0,188,1.12,10.0,8.93,166.0,188.0,18.0,96.0,1.12,10.53,9.4,168.0,188,89,2.6,1.8,1.6,42.2,51.9,53.4,40.8,170.5,,False,False,False,True,False,False
"Jan 17, 2023, 5:11:57 AM",Morning Run,4.32,35.25,8.16,174.1,204,4.32,33.3,7.71,174.0,204.0,139.0,314.0,4.32,35.25,8.16,174.1,204,104,1.0,2.2,5.2,25.7,65.9,221.8,233.4,170.7,,False,False,False,False,False,False
"Jan 16, 2023, 2:21:51 AM",Morning Run,3.16,24.35,7.7,174.8,197,3.16,24.35,7.71,174.0,197.0,14.0,237.0,3.16,24.35,7.7,174.8,197,105,0.5,1.1,2.5,31.5,64.4,56.6,88.0,180.0,,False,True,False,False,False,False
"Jan 15, 2023, 3:34:25 AM",Easy Coffee Run,3.23,61.52,19.04,169.8,190,3.23,30.67,9.5,170.0,190.0,76.0,415.0,3.23,61.52,19.04,169.8,190,104,0.2,0.9,1.0,50.9,46.9,135.6,117.4,172.6,,False,False,False,True,False,False
"Jan 14, 2023, 2:04:46 AM",Morning Run,18.64,165.68,8.89,168.6,202,18.64,152.38,8.17,169.0,202.0,295.0,1280.0,18.64,165.68,8.89,168.6,202,82,0.5,0.8,2.1,57.8,38.8,612.8,601.0,174.4,,True,False,False,False,False,False
"Jan 11, 2023, 1:51:18 AM",Morning Run,6.24,54.6,8.74,166.8,186,6.24,54.6,8.75,167.0,186.0,72.0,463.0,6.24,54.6,8.74,166.8,186,116,0.0,0.7,3.8,61.7,33.8,241.8,240.2,171.4,0.484,False,False,False,False,False,False
"Jan 10, 2023, 1:31:10 AM",Morning Run,10.45,94.08,9.0,168.6,191,10.45,83.85,8.02,170.0,191.0,135.0,746.0,10.45,94.08,9.0,168.6,191,98,1.3,2.0,3.5,42.9,50.3,323.4,330.8,171.8,,False,False,False,True,False,False
"Jan 9, 2023, 2:20:04 AM",Morning Run,4.45,34.03,7.65,181.3,202,4.45,33.98,7.64,181.0,202.0,22.0,353.0,4.45,34.03,7.65,181.3,202,82,1.0,1.2,0.8,13.2,83.9,74.8,83.8,180.0,,False,True,False,False,False,False
"Jan 8, 2023, 3:17:34 AM",Morning Run,3.66,46.12,12.6,160.5,181,3.66,46.12,12.6,161.0,181.0,0.0,372.0,3.66,46.12,12.6,160.5,181,133,0.0,0.0,15.2,71.8,13.0,0,0,163.6,,False,False,False,True,False,False
"Jan 7, 2023, 1:41:51 AM",Morning Run,19.08,165.02,8.65,172.3,196,19.08,150.47,7.89,172.0,196.0,218.0,1341.0,19.08,165.02,8.65,172.3,196,115,0.0,0.4,0.7,40.4,58.4,530.6,537.4,172.8,,True,False,False,False,False,False
"Jan 6, 2023, 4:34:49 AM",Morning Run,2.04,18.65,9.13,164.8,196,2.04,18.65,9.14,164.0,196.0,0.0,164.0,2.04,18.65,9.13,164.8,196,95,2.2,0.8,7.5,51.4,38.0,0,0,167.4,,False,False,False,True,False,False
"Jan 5, 2023, 4:01:21 AM",Morning Run,6.22,61.8,9.94,166.9,189,6.22,49.4,7.94,167.0,189.0,182.0,485.0,6.22,61.8,9.94,166.9,189,92,1.8,2.8,6.1,42.1,47.3,297.8,289.4,170.9,0.362,False,False,False,True,False,False
"Jan 5, 2023, 2:14:12 AM",Morning Run,5.18,48.55,9.37,169.9,196,5.18,45.13,8.71,170.0,196.0,85.0,429.0,5.18,48.55,9.37,169.9,196,79,1.8,1.8,2.2,36.0,58.2,189.0,173.4,171.5,,False,False,False,True,False,False
"Jan 3, 2023, 1:51:21 PM",Afternoon Run,3.84,48.55,12.65,162.4,189,3.84,38.83,10.11,162.0,189.0,32.0,362.0,3.84,48.55,12.65,162.4,189,74,2.3,1.7,7.2,65.0,23.8,132.6,132.0,167.9,0.417,False,False,False,True,False,False
"Jan 3, 2023, 5:30:55 AM",Morning Run,1.33,20.78,15.66,168.5,187,1.33,12.32,9.26,169.0,187.0,71.0,179.0,1.33,20.78,15.66,168.5,187,80,2.4,3.8,5.4,24.7,63.7,96.2,99.0,170.2,,False,False,False,True,False,False
"Dec 31, 2022, 1:46:57 AM",Morning Run,18.37,153.77,8.37,168.6,198,18.37,141.4,7.7,169.0,198.0,176.0,1218.0,18.37,153.77,8.37,168.6,198,103,0.3,0.7,6.6,47.2,45.2,483.8,474.4,175.1,0.074,True,False,False,False,False,False
"Dec 29, 2022, 2:29:20 AM",Easy Morning Run,12.64,147.65,11.68,163.5,193,12.64,110.43,8.74,164.0,193.0,199.0,1001.0,12.64,147.65,11.68,163.5,193,96,0.8,1.5,12.1,52.9,32.7,461.4,467.6,165.1,0.36,False,False,False,True,False,False
"Dec 27, 2022, 1:35:09 AM",Tempo,11.63,108.82,9.36,170.8,196,11.63,95.23,8.19,171.0,196.0,51.0,876.0,11.63,108.82,9.36,170.8,196,88,0.6,0.4,2.7,39.4,56.9,358.8,381.6,173.0,0.229,False,False,False,True,False,False
"Dec 26, 2022, 2:17:48 AM",Cadence,3.11,25.43,8.17,178.1,199,3.11,24.93,8.02,178.0,199.0,18.0,256.0,3.11,25.43,8.17,178.1,199,140,0.0,0.0,0.6,20.1,79.3,62.4,75.8,179.8,,False,False,False,False,False,False
"Dec 24, 2022, 1:35:52 AM",Morning Run,18.01,143.42,7.96,169.8,198,18.01,140.4,7.8,170.0,198.0,148.0,1188.0,18.01,143.42,7.96,169.8,198,88,0.4,0.3,3.7,48.3,47.3,531.4,551.2,172.4,,True,True,False,False,False,False
"Dec 23, 2022, 5:04:21 AM",Morning Run,0.86,8.73,10.11,156.9,189,0.86,8.73,10.15,157.0,189.0,0.0,71.0,0.86,8.73,10.11,156.9,189,116,0.0,16.4,11.1,45.5,27.1,0,0,146.6,0.362,False,False,False,True,False,False
"Dec 23, 2022, 4:36:38 AM",Morning Run,1.57,19.25,12.24,138.3,193,1.57,19.25,12.26,138.0,193.0,0.0,120.0,1.57,19.25,12.24,138.3,193,81,33.2,11.6,6.6,33.3,15.3,0,0,129.4,,False,False,False,True,False,False
"Dec 22, 2022, 5:13:27 AM",Morning Run,5.12,45.55,8.9,165.0,197,5.12,45.55,8.9,164.0,197.0,0.0,393.0,5.12,45.55,8.9,165.0,197,79,3.8,6.6,1.0,41.1,47.4,0,0,159.5,,False,False,False,False,False,False
"Dec 21, 2022, 2:58:09 AM",Morning Easy Run,8.86,84.95,9.59,149.1,176,8.86,76.6,8.65,154.0,176.0,194.0,355.0,8.86,84.95,9.59,149.1,176,96,7.4,10.0,25.2,49.4,7.9,358.6,357.8,168.7,,False,False,False,True,False,False
"Dec 20, 2022, 1:33:35 AM",Morning Run,11.06,103.62,9.37,172.4,197,11.06,89.82,8.12,173.0,197.0,219.0,836.0,11.06,103.62,9.37,172.4,197,112,0.1,0.8,5.0,27.7,66.3,404.8,387.6,170.5,0.267,False,False,False,True,False,False
"Dec 19, 2022, 4:39:33 AM",Morning Run,1.59,11.57,7.28,166.4,185,1.59,11.57,7.28,166.0,185.0,0.0,107.0,1.59,11.57,7.28,166.4,185,93,3.1,4.7,6.3,24.2,61.7,0,0,150.9,,False,True,False,False,False,False
"Dec 17, 2022, 1:45:00 AM",Morning Run,16.03,144.38,9.01,166.0,192,16.03,125.45,7.83,166.0,192.0,272.0,1045.0,16.03,144.38,9.01,166.0,192,85,1.1,1.2,5.3,52.7,39.7,561.2,574.0,167.6,0.62,True,False,False,True,False,False
"Dec 16, 2022, 5:37:03 AM",Morning Run,2.58,25.82,9.99,161.6,187,2.58,25.82,10.01,161.0,187.0,0.0,222.0,2.58,25.82,9.99,161.6,187,85,2.8,5.9,6.8,53.4,31.0,0,0,156.5,,False,False,False,True,False,False
"Dec 15, 2022, 12:31:16 PM",Sunset D3 Run,8.84,78.3,8.86,166.6,194,8.84,76.53,8.66,167.0,194.0,173.0,639.0,8.84,78.3,8.86,166.6,194,119,0.0,0.5,4.5,58.6,36.4,349.2,345.4,164.4,0.804,False,False,False,False,False,False
"Dec 14, 2022, 4:32:58 AM",Morning Run,1.78,17.95,10.07,146.8,177,1.78,17.95,10.08,147.0,177.0,0.0,134.0,1.78,17.95,10.07,146.8,177,74,8.2,18.5,14.8,48.1,10.3,0,0,151.2,,False,False,False,True,False,False
"Dec 14, 2022, 3:02:21 AM",Home to Salt,6.07,54.02,8.89,168.6,199,6.07,51.67,8.51,169.0,199.0,67.0,473.0,6.07,54.02,8.89,168.6,199,83,1.1,1.9,1.2,50.7,45.0,174.4,179.0,165.4,,False,False,False,False,False,False
"Dec 13, 2022, 1:36:11 AM",Tempo,9.98,93.67,9.38,170.6,199,9.98,82.42,8.26,170.0,199.0,190.0,759.0,9.98,93.67,9.38,170.6,199,122,0.0,0.2,1.8,47.4,50.5,366.6,347.6,167.7,0.227,False,False,False,True,False,False
"Dec 12, 2022, 8:18:46 AM",Lunch Run,2.48,41.72,16.81,129.8,195,2.48,41.72,16.82,130.0,195.0,0.0,214.0,2.48,41.72,16.81,129.8,195,76,32.6,24.0,18.5,13.0,11.9,0,0,122.8,,False,False,False,True,False,False
"Dec 12, 2022, 8:17:35 AM",Lunch Run,0.04,0.43,,139.6,145,0.04,0.43,,137.0,145.0,0.0,,0.04,0.43,,139.6,145,134,0.0,0.0,100.0,0.0,0.0,2.8,2.8,156.0,,False,False,False,False,False,False
"Dec 12, 2022, 2:15:47 AM",Morning Run,4.44,36.08,8.13,178.5,201,4.44,35.03,7.89,178.0,201.0,23.0,364.0,4.44,36.08,8.13,178.5,201,110,0.2,0.5,1.6,17.3,80.4,90.2,96.0,179.8,,False,False,False,False,False,False
"Dec 11, 2022, 2:07:40 AM",Morning Run,3.47,64.1,18.47,126.7,176,3.47,61.9,17.84,128.0,176.0,50.0,380.0,3.47,64.1,18.47,126.7,176,80,4.1,77.3,10.8,6.6,1.2,273.6,277.2,124.4,,False,False,False,True,False,False
"Dec 10, 2022, 1:41:49 AM",Morning Run,14.01,114.03,8.14,168.4,189,14.01,112.4,8.02,168.0,189.0,152.0,962.0,14.01,114.03,8.14,168.4,189,81,0.3,0.6,1.2,59.0,39.0,437.0,448.6,170.8,,False,False,False,False,False,False
"Dec 9, 2022, 4:08:40 AM",Morning Run,3.76,72.22,19.22,132.7,170,3.76,66.98,17.81,127.0,170.0,475.0,319.0,3.76,72.22,19.22,132.7,170,78,28.4,19.9,15.0,36.7,0.0,583.8,649.2,131.6,,False,False,False,True,False,False
"Dec 7, 2022, 1:55:12 AM",Easy 60 min,7.24,61.52,8.49,170.2,190,7.24,60.07,8.3,170.0,190.0,46.0,546.0,7.24,61.52,8.49,170.2,190,86,0.8,1.1,1.5,42.5,54.1,223.6,220.4,170.6,,False,False,False,False,False,False
"Dec 6, 2022, 2:53:57 AM",Morning Run,2.07,25.88,12.5,168.9,191,2.07,21.78,10.52,169.0,191.0,39.0,224.0,2.07,25.88,12.5,168.9,191,71,2.6,2.9,2.8,37.3,54.3,77.8,70.6,170.9,,False,False,False,True,False,False
"Dec 6, 2022, 2:22:12 AM",Morning Run,3.8,31.03,8.16,164.5,193,3.8,30.68,8.07,165.0,193.0,71.0,266.0,3.8,31.03,8.16,164.5,193,118,0.0,0.9,7.7,66.6,24.8,161.0,152.4,168.3,,False,False,False,False,False,False
"Dec 6, 2022, 1:57:02 AM",Morning Run,3.12,23.53,7.53,168.9,188,3.12,23.53,7.54,168.0,188.0,38.0,218.0,3.12,23.53,7.53,168.9,188,93,0.6,0.7,1.4,51.8,45.4,95.8,100.6,171.9,,False,True,False,False,False,False
"Dec 6, 2022, 1:33:49 AM",Morning Run,2.13,21.48,10.09,167.7,187,2.13,21.1,9.91,169.0,187.0,11.0,199.0,2.13,21.48,10.09,167.7,187,119,0.0,2.7,4.6,46.8,45.9,62.6,82.6,163.3,,False,False,False,True,False,False
"Dec 5, 2022, 2:21:55 AM",Morning Run,4.45,42.18,9.47,176.5,195,4.45,37.42,8.41,176.0,195.0,32.0,390.0,4.45,42.18,9.47,176.5,195,108,0.6,0.8,2.1,13.2,83.3,105.0,102.0,179.7,,False,False,False,True,False,False
"Dec 5, 2022, 1:56:58 AM",Morning Run,0.4,19.62,,129.5,183,0.4,5.95,,134.0,183.0,68.0,110.0,0.4,19.62,,129.5,183,83,19.7,32.6,37.1,7.9,2.7,92.2,72.8,134.0,,False,False,False,False,False,False
"Dec 3, 2022, 6:00:01 AM",Morning Run,0.45,492.1,,123.1,192,0.45,4.73,,155.0,176.0,86.4,42.0,0.45,492.1,,123.1,192,61,45.1,17.9,14.2,14.4,8.4,89.2,50.2,163.9,,False,False,False,False,False,False
"Dec 1, 2022, 2:55:44 AM",Morning Run,7.33,62.18,8.48,162.4,193,7.33,60.0,8.19,161.0,193.0,31.0,413.0,7.33,62.18,8.48,162.4,193,91,5.2,8.6,10.5,33.1,42.5,191.4,197.4,171.0,,False,False,False,False,False,False
"Nov 29, 2022, 2:29:18 AM",Lost in Meydan,2.78,30.4,10.92,161.1,191,2.78,26.13,9.4,163.0,191.0,20.0,258.0,2.78,30.4,10.92,161.1,191,85,2.4,5.6,11.2,49.7,31.1,71.4,64.4,165.5,,False,False,False,True,False,False
"Nov 29, 2022, 1:29:52 AM",Morning Run,6.83,57.28,8.39,170.2,196,6.83,56.73,8.31,171.0,196.0,31.0,514.0,6.83,57.28,8.39,170.2,196,86,1.3,0.3,1.1,44.8,52.4,211.6,202.4,169.4,0.116,False,False,False,False,False,False
"Nov 29, 2022, 1:16:36 AM",Morning Run,1.22,10.55,8.63,172.4,191,1.22,10.55,8.65,172.0,191.0,10.0,104.0,1.22,10.55,8.63,172.4,191,79,4.6,2.2,1.4,8.6,83.1,31.4,33.0,170.8,,False,False,False,False,False,False
"Nov 28, 2022, 2:15:55 AM",Lk cadence run,4.44,36.23,8.16,180.2,201,4.44,35.4,7.97,180.0,201.0,0.0,367.0,4.44,36.23,8.16,180.2,201,97,0.3,0.4,2.1,11.3,86.0,79.2,81.4,179.6,,False,False,False,False,False,False
"Nov 27, 2022, 2:14:16 AM",Morning Run,5.4,52.35,9.7,175.8,208,5.4,45.6,8.44,176.0,208.0,10.0,457.0,5.4,52.35,9.7,175.8,208,93,1.3,0.8,1.7,21.5,74.7,139.8,133.2,170.7,0.357,False,False,False,True,False,False
"Nov 26, 2022, 2:06:37 AM",Morning Run,11.11,91.23,8.21,182.1,207,11.11,90.18,8.12,182.0,207.0,16.0,910.0,11.11,91.23,8.21,182.1,207,107,0.2,0.5,0.9,7.0,91.4,267.8,270.0,169.5,,False,False,False,False,False,False
"Nov 25, 2022, 2:08:53 AM",Morning Run,0.53,5.38,10.17,155.3,183,0.53,4.9,9.25,158.0,183.0,8.0,45.0,0.53,5.38,10.17,155.3,183,68,12.7,5.4,8.5,35.5,37.8,24.4,15.6,163.6,,False,False,False,True,False,False
"Nov 25, 2022, 1:31:23 AM",Morning Run,4.06,34.13,8.41,179.7,202,4.06,33.13,8.16,180.0,202.0,8.0,357.0,4.06,34.13,8.41,179.7,202,116,0.0,1.5,3.8,11.7,83.0,91.8,92.2,172.3,0.143,False,False,False,False,False,False
"Nov 24, 2022, 4:16:47 AM",Morning Run,4.6,41.32,8.97,171.6,190,4.6,38.72,8.42,172.0,190.0,126.0,380.0,4.6,41.32,8.97,171.6,190,113,0.1,2.5,2.3,30.0,65.2,186.0,181.4,167.8,,False,False,False,False,False,False
"Nov 24, 2022, 2:07:37 AM",Morning Run,6.83,56.93,8.33,169.5,195,6.83,53.9,7.89,170.0,195.0,70.0,500.0,6.83,56.93,8.33,169.5,195,111,0.1,1.6,1.5,49.3,47.5,205.0,190.2,168.6,,False,False,False,False,False,False
"Nov 23, 2022, 2:30:57 PM",Evening Run,4.3,39.7,9.23,165.7,190,4.3,39.42,9.17,165.0,190.0,18.0,343.0,4.3,39.7,9.23,165.7,190,76,0.8,0.6,1.8,66.0,30.9,118.2,118.4,163.4,,False,False,False,True,False,False
"Nov 23, 2022, 6:34:54 AM",Morning Run,2.51,23.95,9.53,118.3,151,2.51,23.95,9.54,150.0,151.0,0.0,191.0,2.51,23.95,9.53,118.3,151,104,54.3,26.1,19.6,0.0,0.0,0,0,158.5,,False,False,False,True,False,False
"Nov 22, 2022, 1:30:00 AM",Morning Run,3.13,22.28,7.12,164.7,186,3.13,22.23,7.1,165.0,186.0,9.0,200.0,3.13,22.28,7.12,164.7,186,82,1.4,0.4,3.2,67.0,28.0,78.4,82.8,168.0,,False,True,False,False,False,False
"Nov 22, 2022, 1:27:01 AM",Morning Run,0.17,1.67,,163.0,174,0.17,1.07,,162.0,174.0,3.0,14.0,0.17,1.67,,163.0,174,151,0.0,0.0,2.6,77.9,19.5,8.8,7.2,156.4,,False,False,False,False,False,False
"Nov 21, 2022, 2:17:51 AM",Morning Run,4.52,43.82,9.7,175.5,197,4.52,37.45,8.29,176.0,197.0,33.0,406.0,4.52,43.82,9.7,175.5,197,80,1.6,1.8,2.5,19.2,74.9,108.0,103.6,179.7,0.397,False,False,False,True,False,False
"Nov 20, 2022, 2:27:30 AM",Sunday Social Run,3.77,30.9,8.2,176.4,210,3.77,30.22,8.02,175.0,210.0,8.0,308.0,3.77,30.9,8.2,176.4,210,97,1.0,4.3,2.8,10.6,81.3,29.0,35.4,170.2,2.537,False,False,False,False,False,False
"Nov 19, 2022, 1:25:08 AM",Morning Run,10.09,83.25,8.25,171.2,195,10.09,77.9,7.72,171.0,195.0,35.0,700.0,10.09,83.25,8.25,171.2,195,74,0.5,1.0,1.4,37.7,59.4,223.2,213.8,167.9,0.253,False,False,False,False,False,False
"Nov 17, 2022, 2:52:35 AM",Morning Run,0.44,3.93,,126.8,164,0.44,3.93,,126.0,164.0,7.0,25.0,0.44,3.93,,126.8,164,56,26.6,20.2,42.0,11.2,0.0,10.8,14.6,168.4,,False,False,False,False,False,False
"Nov 17, 2022, 2:27:28 AM",Morning Run,2.11,23.58,11.2,159.8,207,2.11,15.57,7.38,175.0,207.0,58.0,187.0,2.11,23.58,11.2,159.8,207,80,8.3,21.3,7.7,8.4,54.3,99.2,97.6,161.0,,False,False,False,True,False,False
"Nov 16, 2022, 6:34:28 AM",Morning Run,2.46,27.0,10.95,148.3,182,2.46,27.0,10.98,147.0,182.0,0.0,194.0,2.46,27.0,10.95,148.3,182,91,7.4,10.1,27.9,49.6,5.0,0,0,142.7,0.62,False,False,False,True,False,False
"Nov 16, 2022, 2:47:27 AM",Morning Run,3.11,30.08,9.67,158.7,194,3.11,24.88,8.0,140.0,194.0,26.0,140.0,3.11,30.08,9.67,158.7,194,92,1.5,13.6,17.5,33.7,33.7,83.4,75.6,170.0,,False,False,False,True,False,False
"Nov 15, 2022, 1:14:03 AM",Morning Run,6.24,49.38,7.91,175.2,201,6.24,47.33,7.58,175.0,201.0,12.0,456.0,6.24,49.38,7.91,175.2,201,120,0.0,1.0,1.0,28.4,69.7,145.4,134.4,172.3,,False,True,False,False,False,False
"Nov 14, 2022, 2:19:33 AM",Morning Run,3.13,30.4,9.73,175.3,201,3.13,27.2,8.69,176.0,201.0,29.0,280.0,3.13,30.4,9.73,175.3,201,88,2.2,1.7,3.6,18.6,73.8,67.8,62.6,180.0,,False,False,False,True,False,False
"Nov 13, 2022, 6:55:27 AM",Morning Run,1.93,18.7,9.7,169.1,186,1.93,18.7,9.69,169.0,186.0,0.0,175.0,1.93,18.7,9.7,169.1,186,138,0.0,0.0,2.4,50.9,46.7,0,0,159.5,,False,False,False,True,False,False
"Nov 12, 2022, 1:16:39 AM",Morning Run,12.47,107.52,8.62,173.9,210,12.47,97.93,7.85,174.0,210.0,32.0,906.0,12.47,107.52,8.62,173.9,210,72,1.0,1.0,3.5,27.1,67.4,274.0,278.8,171.1,0.484,False,False,False,False,False,False
"Nov 9, 2022, 2:54:46 AM",Morning Run,0.73,5.68,7.79,173.8,197,0.73,5.68,7.78,174.0,197.0,0.0,57.0,0.73,5.68,7.79,173.8,197,146,0.0,0.0,4.1,31.8,64.0,19.2,15.0,167.0,,False,True,False,False,False,False
"Nov 9, 2022, 2:41:34 AM",Morning Run,0.85,8.47,9.94,157.3,184,0.85,7.72,9.08,161.0,184.0,0.0,74.0,0.85,8.47,9.94,157.3,184,80,5.7,1.2,11.9,59.7,21.5,33.8,29.8,155.2,,False,False,False,True,False,False
"Nov 9, 2022, 2:24:50 AM",Morning Run,1.29,11.4,8.85,180.4,199,1.29,10.15,7.87,180.0,199.0,0.0,121.0,1.29,11.4,8.85,180.4,199,152,0.0,0.0,0.0,8.3,91.7,28.0,26.8,170.7,,False,False,False,False,False,False
"Nov 8, 2022, 1:27:18 AM",Morning Run,3.11,27.42,8.82,177.2,203,3.11,23.2,7.46,178.0,203.0,11.0,266.0,3.11,27.42,8.82,177.2,203,76,3.2,2.2,6.4,8.2,80.0,61.4,57.0,174.8,,False,False,False,False,False,False
"Nov 7, 2022, 2:18:37 AM",Morning Run,3.13,30.75,9.81,175.8,197,3.13,27.82,8.89,176.0,197.0,51.0,293.0,3.13,30.75,9.81,175.8,197,78,2.9,3.3,5.5,8.4,79.9,91.4,73.2,179.9,0.437,False,False,False,True,False,False
"Nov 6, 2022, 3:10:08 AM",Morning Run,3.15,22.15,7.03,170.9,188,3.15,22.15,7.03,172.0,188.0,20.0,170.0,3.15,22.15,7.03,170.9,188,121,0.0,3.0,5.7,28.5,62.9,87.8,92.4,167.9,0.134,False,True,False,False,False,False
"Nov 4, 2022, 1:17:57 AM",Morning Run,0.01,0.2,,104.5,107,0.01,0.2,,104.0,107.0,0.0,,0.01,0.2,,104.5,107,101,100.0,0.0,0.0,0.0,0.0,1.0,0,102.8,,False,False,False,False,False,False
"Nov 2, 2022, 1:00:42 AM",Morning Run,6.17,53.27,8.63,175.7,210,6.17,46.52,7.54,175.0,210.0,6.0,461.0,6.17,53.27,8.63,175.7,210,72,1.3,2.2,2.4,26.8,67.3,109.8,135.6,172.0,,False,False,False,False,False,False
"Nov 1, 2022, 4:31:04 AM",Morning Run,3.73,32.97,8.84,172.5,202,3.73,28.47,7.63,172.0,202.0,32.0,292.0,3.73,32.97,8.84,172.5,202,100,1.1,4.0,4.3,34.8,55.9,89.2,97.8,173.9,,False,False,False,False,False,False
"Nov 1, 2022, 3:48:59 AM",Morning Run,4.06,32.98,8.12,166.3,199,4.06,31.72,7.81,167.0,199.0,26.0,286.0,4.06,32.98,8.12,166.3,199,60,4.9,4.3,12.3,18.5,59.9,102.4,96.0,170.5,0.307,False,False,False,False,False,False
"Oct 31, 2022, 2:24:51 AM",Morning Run,3.13,30.97,9.89,181.1,210,3.13,27.33,8.73,181.0,210.0,5.0,310.0,3.13,30.97,9.89,181.1,210,86,1.1,2.2,3.5,8.1,85.0,50.8,53.0,179.8,,False,False,False,True,False,False
"Oct 31, 2022, 1:54:31 AM",Morning Run,0.34,27.72,,136.5,180,0.34,5.33,,137.0,180.0,4.0,158.0,0.34,27.72,,136.5,180,84,14.9,22.3,37.5,22.2,3.0,66.0,66.6,132.7,,False,False,False,False,False,False
"Oct 29, 2022, 2:00:37 AM",Morning Run,13.49,141.43,10.48,158.9,199,13.49,141.13,10.46,159.0,199.0,646.0,921.0,13.49,141.43,10.48,158.9,199,70,11.4,6.0,6.3,31.7,44.7,896.4,892.0,160.5,,False,False,False,True,False,False
"Oct 27, 2022, 2:15:53 AM",Hill Reps,3.68,43.37,11.8,164.7,197,3.68,29.78,8.09,165.0,197.0,100.0,357.0,3.68,43.37,11.8,164.7,197,80,1.9,7.5,10.2,34.5,46.0,136.0,141.2,171.3,,False,False,False,True,False,False
"Oct 26, 2022, 3:02:22 AM",Morning Run,0.73,5.87,8.05,173.0,190,0.73,5.87,8.04,173.0,190.0,0.0,57.0,0.73,5.87,8.05,173.0,190,150,0.0,0.0,0.4,36.1,63.5,14.6,13.0,174.7,,False,False,False,False,False,False
"Oct 26, 2022, 2:42:07 AM",Morning Run,2.06,17.75,8.64,165.2,193,2.06,17.27,8.38,166.0,193.0,6.0,163.0,2.06,17.75,8.64,165.2,193,121,0.0,2.7,10.4,51.5,35.4,43.4,45.4,168.9,,False,False,False,False,False,False
"Oct 26, 2022, 2:22:45 AM",Morning Run,1.56,13.03,8.37,170.0,187,1.56,13.03,8.35,170.0,187.0,6.0,125.0,1.56,13.03,8.37,170.0,187,103,1.5,2.4,3.2,26.6,66.3,34.2,30.6,174.0,,False,False,False,False,False,False
"Oct 26, 2022, 2:09:24 AM",Morning Run,0.52,9.47,18.14,135.3,168,0.52,5.1,9.81,141.0,168.0,3.0,59.0,0.52,9.47,18.14,135.3,168,95,19.0,15.6,45.4,20.1,0.0,28.6,28.8,142.8,,False,False,False,True,False,False
"Oct 26, 2022, 1:59:13 AM",Morning Run,0.63,8.52,13.48,151.3,173,0.63,6.38,10.13,154.0,173.0,3.0,67.0,0.63,8.52,13.48,151.3,173,108,3.0,7.0,26.8,62.7,0.5,23.8,25.2,146.4,,False,False,False,True,False,False
"Oct 24, 2022, 2:17:37 AM","LK Cadence Run
",3.14,30.8,9.82,176.0,200,3.14,28.0,8.92,176.0,200.0,7.0,351.0,3.14,30.8,9.82,176.0,200,81,2.2,1.0,1.5,17.3,78.1,58.0,57.4,178.8,,False,False,False,True,False,False
"Oct 24, 2022, 2:01:57 AM",Morning Run,0.4,14.62,,138.0,194,0.4,14.23,,149.0,194.0,4.0,100.0,0.4,14.62,,138.0,194,104,5.8,41.7,28.2,15.6,8.7,36.4,40.0,123.1,,False,False,False,False,False,False
"Oct 22, 2022, 1:54:05 AM",Morning Run,3.85,30.72,7.97,171.1,193,3.85,30.62,7.95,171.0,193.0,5.0,348.0,3.85,30.72,7.97,171.1,193,101,0.9,1.0,0.4,32.1,65.6,86.2,87.6,162.1,,False,True,False,False,False,False
"Oct 19, 2022, 5:37:38 PM",Evening Run,3.59,29.8,8.29,158.0,192,3.59,25.38,7.07,155.0,192.0,14.0,234.0,3.59,29.8,8.29,158.0,192,106,2.3,4.5,10.3,73.0,10.0,79.8,77.6,162.4,0.524,False,False,False,False,False,False
"Oct 19, 2022, 6:26:57 AM",City tour run,5.15,155.52,30.19,146.3,186,5.15,78.48,15.24,150.0,186.0,103.0,973.0,5.15,155.52,30.19,146.3,186,89,6.0,19.0,28.1,41.5,5.4,171.8,188.4,158.6,3.948,False,False,False,True,False,False
"Oct 12, 2022, 8:52:08 AM",Morning Run,2.23,39.47,17.73,152.5,181,2.23,26.3,11.79,151.0,181.0,32.0,308.0,2.23,39.47,17.73,152.5,181,91,1.3,7.9,31.3,55.4,4.2,87.6,88.4,158.6,,False,False,False,True,False,False
"Oct 9, 2022, 7:10:04 AM",Generali Munchen Marathon,26.79,209.92,7.83,173.6,208,26.79,209.67,7.83,172.0,208.0,108.0,2125.0,26.79,209.92,7.83,173.6,208,94,0.0,0.2,0.7,35.7,63.4,738.2,744.4,169.9,0.293,True,True,False,False,True,False
"Oct 8, 2022, 3:20:02 PM",Afternoon Run,0.8,7.25,9.02,151.3,174,0.8,7.03,8.79,153.0,174.0,0.0,69.0,0.8,7.25,9.02,151.3,174,108,4.5,16.5,14.3,54.9,9.8,15.8,25.6,168.5,,False,False,False,True,False,False
"Oct 5, 2022, 1:27:17 AM",Morning Run,6.24,46.68,7.48,174.6,210,6.24,46.68,7.48,175.0,210.0,0.0,508.0,6.24,46.68,7.48,174.6,210,89,1.2,1.0,2.0,25.0,70.8,147.2,147.4,169.6,,False,True,False,False,False,False
"Oct 4, 2022, 1:14:43 AM",Morning Run,4.35,38.68,8.9,176.0,202,4.35,31.9,7.33,177.0,202.0,42.0,419.0,4.35,38.68,8.9,176.0,202,84,3.2,1.7,1.4,19.9,73.9,124.0,113.8,170.7,,False,False,False,False,False,False
"Oct 2, 2022, 1:43:18 AM",Morning Run,6.24,51.57,8.26,171.2,197,6.24,51.43,8.24,171.0,197.0,0.0,544.0,6.24,51.57,8.26,171.2,197,123,0.0,0.3,2.5,40.2,57.1,166.4,167.2,167.6,,False,False,False,False,False,False
"Sep 29, 2022, 1:59:45 AM",Morning Run,3.76,28.33,7.53,178.2,202,3.76,27.87,7.41,179.0,202.0,0.0,337.0,3.76,28.33,7.53,178.2,202,110,0.3,0.0,0.5,19.8,79.3,80.2,82.8,170.0,,False,True,False,False,False,False
"Sep 28, 2022, 6:32:19 AM",Morning Run,3.17,27.58,8.71,164.1,206,3.17,27.58,8.7,165.0,206.0,0.0,270.0,3.17,27.58,8.71,164.1,206,91,1.5,0.8,9.3,59.6,28.8,0,0,155.7,0.798,False,False,False,False,False,False
"Sep 27, 2022, 12:57:29 AM",Morning Run,6.24,47.83,7.67,172.5,194,6.24,47.83,7.67,173.0,194.0,0.0,530.0,6.24,47.83,7.67,172.5,194,92,0.9,0.9,2.9,31.5,63.8,161.4,153.8,168.6,,False,True,False,False,False,False
"Sep 25, 2022, 6:33:18 AM",Morning Run,3.47,30.27,8.73,158.4,195,3.47,30.27,8.72,159.0,195.0,0.0,283.0,3.47,30.27,8.73,158.4,195,87,3.3,9.7,19.9,30.8,36.3,0,0,149.3,0.083,False,False,False,False,False,False
"Sep 24, 2022, 1:33:48 AM",Morning Run,13.18,115.25,8.74,180.0,210,13.18,113.43,8.61,180.0,210.0,81.0,1284.0,13.18,115.25,8.74,180.0,210,126,0.0,0.2,0.5,15.8,83.4,346.8,352.8,166.8,,False,False,False,False,False,False
